unit1_txt	unit2_txt	dir	rel_type	orig_label	label
We propose a neural network approach	to benefit from the non-linearity of corpus-wide statistics for part-of-speech ( POS ) tagging .	1<2	unknown	enablement	purpose
We propose a neural network approach	We investigated several types of corpus-wide information for the words , such as word embeddings and POS tag distributions .	1<2	unknown	elab-aspect	elaboration
Since these statistics are encoded as dense continuous features ,	it is not trivial to combine these features	1>2	unknown	cause	causal
We investigated several types of corpus-wide information for the words , such as word embeddings and POS tag distributions .	it is not trivial to combine these features	1<2	unknown	elab-addition	elaboration
it is not trivial to combine these features	comparing with sparse discrete features .	1<2	unknown	comparison	concession
We propose a neural network approach	Our tagger is designed as a combination of a linear model for discrete features and a feed-forward neural network	1<2	unknown	elab-aspect	elaboration
Our tagger is designed as a combination of a linear model for discrete features and a feed-forward neural network	that captures the non-linear interactions among the continuous features .	1<2	unknown	elab-addition	elaboration
By using several recent advances in the activation functions for neural networks ,	the proposed method marks new state-of-the-art accuracies for English POS tagging tasks .	1>2	unknown	manner-means	mode
We propose a neural network approach	the proposed method marks new state-of-the-art accuracies for English POS tagging tasks .	1<2	unknown	evaluation	comment
Different approaches to high-quality grammatical error correction have been proposed recently ,	In this paper , we propose to combine the output from a classification-based system and an SMT-based system	1>2	unknown	bg-compare	frame
Different approaches to high-quality grammatical error correction have been proposed recently ,	many of which have their own strengths and weaknesses .	1<2	unknown	elab-example	elaboration
Different approaches to high-quality grammatical error correction have been proposed recently ,	Most of these approaches are based on classification or statistical machine translation ( SMT ) .	1<2	unknown	elab-addition	elaboration
In this paper , we propose to combine the output from a classification-based system and an SMT-based system	to improve the correction quality .	1<2	unknown	evaluation	comment
In this paper , we propose to combine the output from a classification-based system and an SMT-based system	We adopt the system combination technique of Heafield and Lavie ( 2010 ) .	1<2	unknown	elab-aspect	elaboration
In this paper , we propose to combine the output from a classification-based system and an SMT-based system	We achieve an F0.5 score of 39.39 % on the test set of the CoNLL-2014 shared task ,	1<2	unknown	evaluation	comment
We achieve an F0.5 score of 39.39 % on the test set of the CoNLL-2014 shared task ,	outperforming the best system in the shared task .	1<2	unknown	comparison	concession
In this paper we propose a method	to increase dependency parser performance	1<2	unknown	enablement	purpose
to increase dependency parser performance	without using additional labeled or unlabeled data	1<2	unknown	elab-addition	elaboration
In this paper we propose a method	by refining the layer of predicted part-of-speech ( POS ) tags .	1<2	unknown	manner-means	mode
In this paper we propose a method	We perform experiments on English and German	1<2	unknown	evaluation	comment
We perform experiments on English and German	and show significant improvements for both languages .	1<2	unknown	joint	conjunction
by refining the layer of predicted part-of-speech ( POS ) tags .	The refinement is based on generative split-merge training for Hidden Markov models ( HMMs ) .	1<2	unknown	elab-addition	elaboration
Importance weighting is a generalization of various statistical bias correction techniques .	This paper presents a negative result on unsupervised domain adaptation for POS tagging .	1>2	unknown	bg-goal	frame
While our labeled data in NLP is heavily biased ,	importance weighting has seen only few applications in NLP ,	1>2	unknown	contrast	contrast
Importance weighting is a generalization of various statistical bias correction techniques .	importance weighting has seen only few applications in NLP ,	1<2	unknown	elab-addition	elaboration
importance weighting has seen only few applications in NLP ,	most of them relying on a small amount of labeled target data .	1<2	unknown	elab-addition	elaboration
While our labeled data in NLP is heavily biased ,	The publication bias <*> makes it hard to say whether researchers have tried .	1<2	unknown	elab-addition	elaboration
The publication bias <*> makes it hard to say whether researchers have tried .	toward reporting positive results	1<2	unknown	elab-addition	elaboration
This paper presents a negative result on unsupervised domain adaptation for POS tagging .	In this setup , we only have unlabeled data	1<2	unknown	elab-aspect	elaboration
In this setup , we only have unlabeled data	and thus only indirect access to the bias in emission and transition probabilities .	1<2	unknown	joint	conjunction
In this setup , we only have unlabeled data	Moreover , most errors in POS tagging are due to unseen words ,	1<2	unknown	progression	organization
Moreover , most errors in POS tagging are due to unseen words ,	and there , importance weighting cannot help .	1<2	unknown	joint	conjunction
This paper presents a negative result on unsupervised domain adaptation for POS tagging .	We present experiments with a wide variety of weight functions , quantilizations , as well as with randomly generated weights ,	1<2	unknown	evaluation	comment
We present experiments with a wide variety of weight functions , quantilizations , as well as with randomly generated weights ,	to support these claims .	1<2	unknown	enablement	purpose
Code-mixing is frequently observed in user generated content on social media , especially from multilingual users .	We describe our initial efforts	1>2	unknown	bg-goal	frame
Code-mixing is frequently observed in user generated content on social media , especially from multilingual users .	The linguistic complexity of such content is compounded by presence of spelling variations , transliteration and non-adherance to formal grammar .	1<2	unknown	elab-addition	elaboration
We describe our initial efforts	to create a multi-level annotated corpus of Hindi-English code-mixed text	1<2	unknown	enablement	purpose
to create a multi-level annotated corpus of Hindi-English code-mixed text	collated from Facebook forums ,	1<2	unknown	elab-addition	elaboration
to create a multi-level annotated corpus of Hindi-English code-mixed text	and explore language identification , back-transliteration , normalization and POS tagging of this data .	1<2	unknown	joint	conjunction
We describe our initial efforts	Our results show	1<2	unknown	evaluation	comment
Our results show	that language identification and transliteration for Hindi are two major challenges	1<2	unknown	attribution	attribution
that language identification and transliteration for Hindi are two major challenges	that impact POS tagging accuracy .	1<2	unknown	elab-addition	elaboration
We investigate grammatical error detection in spoken language ,	and present a data-driven method	1<2	unknown	joint	conjunction
and present a data-driven method	to train a dependency parser	1<2	unknown	enablement	purpose
to train a dependency parser	to automatically identify and label grammatical errors .	1<2	unknown	enablement	purpose
and present a data-driven method	This method is agnostic to the label set used ,	1<2	unknown	elab-addition	elaboration
This method is agnostic to the label set used ,	and the only manual annotations <*> are grammatical error labels .	1<2	unknown	joint	conjunction
and the only manual annotations <*> are grammatical error labels .	needed for training	1<2	unknown	elab-addition	elaboration
We investigate grammatical error detection in spoken language ,	We find	1<2	unknown	elab-aspect	elaboration
We find	that the proposed system is robust to disfluencies ,	1<2	unknown	attribution	attribution
that the proposed system is robust to disfluencies ,	so that a separate stage to elide disfluencies is not required .	1<2	unknown	result	causal
We investigate grammatical error detection in spoken language ,	The proposed system outperforms two baseline systems on two different corpora	1<2	unknown	evaluation	comment
The proposed system outperforms two baseline systems on two different corpora	that use different sets of error tags .	1<2	unknown	elab-addition	elaboration
The proposed system outperforms two baseline systems on two different corpora	It is able to identify utterances with grammatical errors with an F1-score as high as 0.623 ,	1<2	unknown	elab-addition	elaboration
It is able to identify utterances with grammatical errors with an F1-score as high as 0.623 ,	as compared to a baseline F1 of 0.350 on the same data .	1<2	unknown	comparison	concession
We introduce a new CCG parsing model	which is factored on lexical category assignments .	1<2	unknown	elab-addition	elaboration
We introduce a new CCG parsing model	Parsing is then simply a deterministic search for the most probable category sequence	1<2	unknown	elab-addition	elaboration
Parsing is then simply a deterministic search for the most probable category sequence	that supports a CCG derivation .	1<2	unknown	elab-addition	elaboration
We introduce a new CCG parsing model	The parser is extremely simple , with a tiny feature set , no POS tagger , and no statistical model of the derivation or dependencies .	1<2	unknown	elab-addition	elaboration
We introduce a new CCG parsing model	Formulating the model in this way allows a highly effective heuristic for A∗parsing ,	1<2	unknown	elab-addition	elaboration
Formulating the model in this way allows a highly effective heuristic for A∗parsing ,	which makes parsing extremely fast .	1<2	unknown	elab-addition	elaboration
Compared to the standard C&C CCG parser ,	our model is more accurate out-of-domain ,	1>2	unknown	comparison	concession
We introduce a new CCG parsing model	our model is more accurate out-of-domain ,	1<2	unknown	evaluation	comment
our model is more accurate out-of-domain ,	is four times faster ,	1<2	unknown	joint	conjunction
is four times faster ,	has higher coverage ,	1<2	unknown	joint	conjunction
has higher coverage ,	and is greatly simplified .	1<2	unknown	joint	conjunction
We introduce a new CCG parsing model	We also show	1<2	unknown	evaluation	comment
We also show	that using our parser improves the performance of a state-of-the-art question answering system .	1<2	unknown	attribution	attribution
We describe a new dependency parser for English tweets , TWEEBOPARSER .	The parser builds on several contributions :	1<2	unknown	elab-addition	elaboration
The parser builds on several contributions :	new syntactic annotations for a corpus of tweets ( TWEEBANK ) , with conventions	1<2	unknown	elab-enumember	elaboration
new syntactic annotations for a corpus of tweets ( TWEEBANK ) , with conventions	informed by the domain ;	1<2	unknown	elab-addition	elaboration
The parser builds on several contributions :	adaptations to a statistical parsing algorithm ;	1<2	unknown	elab-enumember	elaboration
adaptations to a statistical parsing algorithm ;	and a new approach to exploiting out-of-domain Penn Treebank data .	1<2	unknown	joint	conjunction
We describe a new dependency parser for English tweets , TWEEBOPARSER .	Our experiments show	1<2	unknown	evaluation	comment
Our experiments show	that the parser achieves over 80 % unlabeled attachment accuracy on our new , high-quality test set	1<2	unknown	attribution	attribution
Our experiments show	and measure the benefit of our contributions .	1<2	unknown	joint	conjunction
We describe a new dependency parser for English tweets , TWEEBOPARSER .	Our dataset and parser can be found at http : //www.ark.cs.cmu.edu/TweetNLP .	1<2	unknown	elab-addition	elaboration
Dependency parsing with high-order features results in a provably hard decoding problem .	In contrast , we explore , analyze , and demonstrate	1>2	unknown	bg-compare	frame
Dependency parsing with high-order features results in a provably hard decoding problem .	A lot of work has gone into developing powerful optimization methods	1<2	unknown	elab-addition	elaboration
A lot of work has gone into developing powerful optimization methods	for solving these combinatorial problems .	1<2	unknown	elab-addition	elaboration
In contrast , we explore , analyze , and demonstrate	that a substantially simpler randomized greedy inference algorithm already suffices for near optimal parsing :	1<2	unknown	attribution	attribution
In contrast , we explore , analyze , and demonstrate	a) we analytically quantify the number of local optima	1<2	unknown	elab-aspect	elaboration
a) we analytically quantify the number of local optima	that the greedy method has to overcome in the context of first-order parsing ;	1<2	unknown	elab-addition	elaboration
In contrast , we explore , analyze , and demonstrate	b) we show	1<2	unknown	elab-aspect	elaboration
b) we show	that , as a decoding algorithm , the greedy method surpasses dual decomposition in second-order parsing ;	1<2	unknown	attribution	attribution
In contrast , we explore , analyze , and demonstrate	c) we empirically demonstrate	1<2	unknown	evaluation	comment
c) we empirically demonstrate	that our approach with up to third-order and global features outperforms the state-of-the-art dual decomposition and MCMC sampling methods	1<2	unknown	attribution	attribution
that our approach with up to third-order and global features outperforms the state-of-the-art dual decomposition and MCMC sampling methods	when evaluated on 14 languages of non-projective CoNLL datasets .	1<2	unknown	temporal	temporal
Most word representation methods assume	In this paper , we present a unified model for joint word sense representation and disambiguation ,	1>2	unknown	bg-compare	frame
Most word representation methods assume	that each word owns a single semantic vector .	1<2	unknown	attribution	attribution
Most word representation methods assume	This is usually problematic	1<2	unknown	elab-addition	elaboration
This is usually problematic	because lexical ambiguity is ubiquitous ,	1<2	unknown	cause	causal
because lexical ambiguity is ubiquitous ,	which is also the problem	1<2	unknown	elab-addition	elaboration
which is also the problem	to be resolved by word sense disambiguation .	1<2	unknown	elab-addition	elaboration
In this paper , we present a unified model for joint word sense representation and disambiguation ,	which will assign distinct representations for each word sense .	1<2	unknown	elab-addition	elaboration
In this paper , we present a unified model for joint word sense representation and disambiguation ,	The basic idea is that both word sense representation ( WSR ) and word sense disambiguation ( WSD ) will benefit from each other :	1<2	unknown	elab-addition	elaboration
The basic idea is that both word sense representation ( WSR ) and word sense disambiguation ( WSD ) will benefit from each other :	( 1 ) high-quality WSR will capture rich information about words and senses ,	1<2	unknown	elab-enumember	elaboration
( 1 ) high-quality WSR will capture rich information about words and senses ,	which should be helpful for WSD ,	1<2	unknown	elab-addition	elaboration
( 1 ) high-quality WSR will capture rich information about words and senses ,	and ( 2 ) high-quality WSD will provide reliable disambiguated corpora	1<2	unknown	joint	conjunction
and ( 2 ) high-quality WSD will provide reliable disambiguated corpora	for learning better sense representations .	1<2	unknown	elab-addition	elaboration
In this paper , we present a unified model for joint word sense representation and disambiguation ,	Experimental results show	1<2	unknown	evaluation	comment
Experimental results show	that , our model improves the performance of contextual word similarity	1<2	unknown	attribution	attribution
that , our model improves the performance of contextual word similarity	compared to existing WSR methods ,	1<2	unknown	comparison	concession
that , our model improves the performance of contextual word similarity	outperforms state-of-the-art supervised methods on domain-specific WSD ,	1<2	unknown	elab-addition	elaboration
outperforms state-of-the-art supervised methods on domain-specific WSD ,	and achieves competitive performance on coarse-grained all-words WSD .	1<2	unknown	joint	conjunction
Compositional distributional semantics is a subfield of Computational Linguistics	In this paper , we explore implementations of a framework	1>2	unknown	bg-general	frame
Compositional distributional semantics is a subfield of Computational Linguistics	which investigates methods	1<2	unknown	elab-addition	elaboration
which investigates methods	for representing the meanings of phrases and sentences .	1<2	unknown	elab-addition	elaboration
In this paper , we explore implementations of a framework	based on Combinatory Categorial Grammar ( CCG ) ,	1<2	unknown	bg-general	frame
based on Combinatory Categorial Grammar ( CCG ) ,	in which words with certain grammatical types have meanings	1<2	unknown	elab-addition	elaboration
in which words with certain grammatical types have meanings	represented by multi-linear maps	1<2	unknown	elab-addition	elaboration
represented by multi-linear maps	( i.e. multi-dimensional arrays , or tensors ) .	1<2	unknown	elab-addition	elaboration
In this paper , we explore implementations of a framework	An obstacle to full implemen-tation of the framework is the size of these tensors .	1<2	unknown	elab-addition	elaboration
In this paper , we explore implementations of a framework	We examine the performance of lower dimensional approximations of transitive verb tensors on a sentence plausibility/selectional preference task .	1<2	unknown	elab-aspect	elaboration
In this paper , we explore implementations of a framework	We find	1<2	unknown	evaluation	comment
We find	that the matrices perform as well as , and sometimes even better than , full tensors ,	1<2	unknown	attribution	attribution
that the matrices perform as well as , and sometimes even better than , full tensors ,	allowing a reduction in the number of parameters	1<2	unknown	elab-addition	elaboration
allowing a reduction in the number of parameters	needed to model the framework .	1<2	unknown	elab-addition	elaboration
In this paper we propose a computational method	for determining the orthographic similarity between Romanian and related languages .	1<2	unknown	elab-addition	elaboration
In this paper we propose a computational method	We account for etymons and cognates	1<2	unknown	elab-aspect	elaboration
We account for etymons and cognates	and we investigate not only the number of related words , but also their forms ,	1<2	unknown	joint	conjunction
and we investigate not only the number of related words , but also their forms ,	quantifying orthographic similarities .	1<2	unknown	elab-addition	elaboration
In this paper we propose a computational method	The method we propose is adaptable to any language ,	1<2	unknown	evaluation	comment
The method we propose is adaptable to any language ,	as far as resources are available .	1<2	unknown	condition	condition
There is rising interest in vector-space word embeddings and their use in NLP ,	We present an extension to the Skip-gram model	1>2	unknown	bg-compare	frame
There is rising interest in vector-space word embeddings and their use in NLP ,	especially given recent methods for their fast estimation at very large scale .	1<2	unknown	condition	condition
There is rising interest in vector-space word embeddings and their use in NLP ,	Nearly all this work , however , assumes a single vector per word type—ignoring polysemy	1<2	unknown	contrast	contrast
Nearly all this work , however , assumes a single vector per word type—ignoring polysemy	and thus jeopardizing their useful-ness for downstream tasks .	1<2	unknown	joint	conjunction
We present an extension to the Skip-gram model	that efficiently learns multiple embeddings per word type .	1<2	unknown	elab-addition	elaboration
We present an extension to the Skip-gram model	It differs from recent related work	1<2	unknown	elab-addition	elaboration
It differs from recent related work	by jointly performing word sense discrimination and embedding learning ,	1<2	unknown	manner-means	mode
by jointly performing word sense discrimination and embedding learning ,	by non-parametrically estimating the number of senses per word type , and by its efficiency and scalability .	1<2	unknown	joint	conjunction
We present an extension to the Skip-gram model	We present new state-of-the-art results in the word similarity in context task	1<2	unknown	evaluation	comment
We present new state-of-the-art results in the word similarity in context task	and demonstrate its scalability	1<2	unknown	joint	conjunction
and demonstrate its scalability	by training with one machine on a corpus of nearly 1 billion tokens in less than 6 hours .	1<2	unknown	manner-means	mode
Knowledge graphs are recently used	In this paper , we tackle the problem of intent understanding with	1>2	unknown	bg-goal	frame
Knowledge graphs are recently used	for enriching query representations in an entity-aware way for the rich facts	1<2	unknown	elab-addition	elaboration
for enriching query representations in an entity-aware way for the rich facts	organized around entities in it .	1<2	unknown	elab-addition	elaboration
Knowledge graphs are recently used	However , few of the methods pay attention to non-entity words	1<2	unknown	contrast	contrast
However , few of the methods pay attention to non-entity words	and clicked websites in queries ,	1<2	unknown	joint	conjunction
and clicked websites in queries ,	which also help conveying user intent .	1<2	unknown	elab-addition	elaboration
In this paper , we tackle the problem of intent understanding with	innovatively representing entity words , refiners and clicked urls as intent topics in a unified knowledge graph based framework , in a way	1<2	unknown	manner-means	mode
innovatively representing entity words , refiners and clicked urls as intent topics in a unified knowledge graph based framework , in a way	to exploit and expand knowledge graph	1<2	unknown	enablement	purpose
innovatively representing entity words , refiners and clicked urls as intent topics in a unified knowledge graph based framework , in a way	"which we call ""tailor"" ."	1<2	unknown	elab-addition	elaboration
In this paper , we tackle the problem of intent understanding with	We collaboratively exploit global knowledge in knowledge graphs and local contexts in query log	1<2	unknown	elab-process_step	elaboration
We collaboratively exploit global knowledge in knowledge graphs and local contexts in query log	to initialize intent representation ,	1<2	unknown	enablement	purpose
In this paper , we tackle the problem of intent understanding with	then propagate the enriched features in a graph	1<2	unknown	elab-process_step	elaboration
then propagate the enriched features in a graph	consisting of intent topics	1<2	unknown	elab-addition	elaboration
then propagate the enriched features in a graph	using an unsupervised algorithm .	1<2	unknown	manner-means	mode
In this paper , we tackle the problem of intent understanding with	The experiments prove intent topics with knowledge graph enriched features significantly enhance intent understanding .	1<2	unknown	evaluation	comment
The role of Web search queries has been demonstrated in the extraction of attributes of instances and classes , or of sets of related instances and their class labels .	This paper explores the acquisition of open-domain commonsense knowledge , usually available as factual knowledge , from Web search queries .	1>2	unknown	bg-general	frame
Similarly to previous work in open-domain information extraction ,	knowledge extracted from text - in this case , from queries - takes the form of lexicalized assertions	1>2	unknown	comparison	concession
This paper explores the acquisition of open-domain commonsense knowledge , usually available as factual knowledge , from Web search queries .	knowledge extracted from text - in this case , from queries - takes the form of lexicalized assertions	1<2	unknown	elab-addition	elaboration
knowledge extracted from text - in this case , from queries - takes the form of lexicalized assertions	associated with open-domain classes .	1<2	unknown	elab-addition	elaboration
This paper explores the acquisition of open-domain commonsense knowledge , usually available as factual knowledge , from Web search queries .	Experimental results indicate	1<2	unknown	evaluation	comment
Experimental results indicate	that facts	1<2	unknown	attribution	attribution
that facts	extracted from queries complement ,	1<2	unknown	elab-addition	elaboration
extracted from queries complement ,	and have competitive accuracy levels relative to , facts	1<2	unknown	joint	conjunction
and have competitive accuracy levels relative to , facts	extracted from Web documents by previous methods .	1<2	unknown	elab-addition	elaboration
Question Answering over Linked Data ( QALD ) aims to evaluate a question answering system over structured data ,	To this end , we propose a novel method	1>2	unknown	bg-compare	frame
Question Answering over Linked Data ( QALD ) aims to evaluate a question answering system over structured data ,	the key objective of which is to translate questions <*> into structured queries .	1<2	unknown	elab-addition	elaboration
the key objective of which is to translate questions <*> into structured queries .	posed using natural language	1<2	unknown	elab-addition	elaboration
Question Answering over Linked Data ( QALD ) aims to evaluate a question answering system over structured data ,	This technique can help common users to directly access open-structured knowledge on the Web	1<2	unknown	elab-addition	elaboration
This technique can help common users to directly access open-structured knowledge on the Web	and , accordingly , has attracted much attention .	1<2	unknown	joint	conjunction
To this end , we propose a novel method	using first-order logic .	1<2	unknown	manner-means	mode
To this end , we propose a novel method	We formulate the knowledge <*> as first-order logic clauses in a Markov Logic Network .	1<2	unknown	elab-aspect	elaboration
We formulate the knowledge <*> as first-order logic clauses in a Markov Logic Network .	for resolving the ambiguities in the main three steps of QALD	1<2	unknown	elab-addition	elaboration
for resolving the ambiguities in the main three steps of QALD	( phrase detection , phrase-to-semantic-item mapping and semantic item grouping )	1<2	unknown	elab-enumember	elaboration
We formulate the knowledge <*> as first-order logic clauses in a Markov Logic Network .	All clauses can then produce interacted effects in a unified framework	1<2	unknown	elab-addition	elaboration
All clauses can then produce interacted effects in a unified framework	and can jointly resolve all ambiguities .	1<2	unknown	joint	conjunction
All clauses can then produce interacted effects in a unified framework	Moreover , our method adopts a pattern-learning strategy for semantic item grouping .	1<2	unknown	progression	organization
Moreover , our method adopts a pattern-learning strategy for semantic item grouping .	In this way , our method can cover more text expressions	1<2	unknown	elab-addition	elaboration
In this way , our method can cover more text expressions	and answer more questions than previous methods	1<2	unknown	joint	conjunction
and answer more questions than previous methods	using manually designed patterns .	1<2	unknown	manner-means	mode
To this end , we propose a novel method	The experimental results <*> demonstrate the effectiveness of the proposed method .	1<2	unknown	evaluation	comment
The experimental results <*> demonstrate the effectiveness of the proposed method .	using open benchmarks	1<2	unknown	manner-means	mode
Much recent work focuses on formal interpretation of natural question utterances ,	Here we address two limitations of this approach	1>2	unknown	bg-compare	frame
Much recent work focuses on formal interpretation of natural question utterances ,	with the goal of executing the resulting structured queries on knowledge graphs ( KGs ) such as Freebase .	1<2	unknown	elab-addition	elaboration
Here we address two limitations of this approach	when applied to open-domain , entity-oriented Web queries .	1<2	unknown	temporal	temporal
Here we address two limitations of this approach	First , Web queries are rarely well-formed questions .	1<2	unknown	elab-enumember	elaboration
First , Web queries are rarely well-formed questions .	"They are ""telegraphic"" , with missing verbs , prepositions , clauses , case and phrase clues ."	1<2	unknown	elab-addition	elaboration
Here we address two limitations of this approach	Second , the KG is always incomplete ,	1<2	unknown	elab-enumember	elaboration
Second , the KG is always incomplete ,	unable to directly answer many queries .	1<2	unknown	elab-addition	elaboration
Here we address two limitations of this approach	We propose a novel technique	1<2	unknown	elab-aspect	elaboration
We propose a novel technique	to segment a telegraphic query	1<2	unknown	enablement	purpose
to segment a telegraphic query	and assign a coarse-grained purpose to each segment :	1<2	unknown	joint	conjunction
and assign a coarse-grained purpose to each segment :	a base entity e1 , a relation type r , a target entity type t2 , and contextual words s .	1<2	unknown	elab-enumember	elaboration
a base entity e1 , a relation type r , a target entity type t2 , and contextual words s .	The query seeks entity e2 ∈ t2	1<2	unknown	elab-addition	elaboration
The query seeks entity e2 ∈ t2	where r ( e1 , e2 ) holds ,	1<2	unknown	elab-addition	elaboration
The query seeks entity e2 ∈ t2	further evidenced by schema-agnostic words s .	1<2	unknown	elab-addition	elaboration
We propose a novel technique	Query segmentation is integrated with the KG and an unstructured corpus	1<2	unknown	elab-addition	elaboration
Query segmentation is integrated with the KG and an unstructured corpus	where mentions of entities have been linked to the KG .	1<2	unknown	elab-addition	elaboration
Here we address two limitations of this approach	We do not trust the best or any specific query segmentation .	1<2	unknown	elab-aspect	elaboration
We do not trust the best or any specific query segmentation .	Instead , evidence in favor of candidate e2s are aggregated across several segmentations .	1<2	unknown	contrast	contrast
Here we address two limitations of this approach	Extensive experiments on the ClueWeb corpus and parts of Freebase as our KG , <*> show the efficacy of our approach .	1<2	unknown	evaluation	comment
Extensive experiments on the ClueWeb corpus and parts of Freebase as our KG , <*> show the efficacy of our approach .	using over a thousand telegraphic queries	1<2	unknown	manner-means	mode
using over a thousand telegraphic queries	adapted from TREC , INEX , and WebQuestions ,	1<2	unknown	elab-addition	elaboration
Extensive experiments on the ClueWeb corpus and parts of Freebase as our KG , <*> show the efficacy of our approach .	For one benchmark , MAP improves from 0.2-0.29 ( competitive baselines ) to 0.42 ( our system ) .	1<2	unknown	exp-evidence	explanation
For one benchmark , MAP improves from 0.2-0.29 ( competitive baselines ) to 0.42 ( our system ) .	NDCG @ 10 improves from 0.29-0.36 to 0.54 .	1<2	unknown	contrast	contrast
Estimating questions' difficulty levels is an important task in community question answering ( CQA ) services .	In this paper , we propose a novel question difficulty estimation approach	1>2	unknown	bg-compare	frame
Estimating questions' difficulty levels is an important task in community question answering ( CQA ) services .	Previous studies propose to solve this problem based on the question-user comparisons	1<2	unknown	elab-addition	elaboration
Previous studies propose to solve this problem based on the question-user comparisons	extracted from the question answering threads .	1<2	unknown	elab-addition	elaboration
Previous studies propose to solve this problem based on the question-user comparisons	However , they suffer from data sparseness problem	1<2	unknown	contrast	contrast
However , they suffer from data sparseness problem	as each question only gets a limited number of comparisons .	1<2	unknown	cause	causal
However , they suffer from data sparseness problem	Moreover , they cannot handle newly posted questions	1<2	unknown	progression	organization
Moreover , they cannot handle newly posted questions	which get no comparisons .	1<2	unknown	elab-addition	elaboration
In this paper , we propose a novel question difficulty estimation approach	called Regularized Competition Model ( RCM ) ,	1<2	unknown	elab-addition	elaboration
called Regularized Competition Model ( RCM ) ,	which naturally combines question-user comparisons and questions' textual descriptions into a unified framework .	1<2	unknown	elab-addition	elaboration
By incorporating textual information ,	RCM can effectively deal with data sparseness problem .	1>2	unknown	manner-means	mode
called Regularized Competition Model ( RCM ) ,	RCM can effectively deal with data sparseness problem .	1<2	unknown	elab-addition	elaboration
In this paper , we propose a novel question difficulty estimation approach	We further employ a K-Nearest Neighbor approach	1<2	unknown	elab-aspect	elaboration
We further employ a K-Nearest Neighbor approach	to estimate difficulty levels of newly posted questions ,	1<2	unknown	enablement	purpose
to estimate difficulty levels of newly posted questions ,	again by leveraging textual similarities .	1<2	unknown	manner-means	mode
In this paper , we propose a novel question difficulty estimation approach	Experiments on two publicly available data sets show	1<2	unknown	evaluation	comment
Experiments on two publicly available data sets show	that for both well-resolved and newly-posted questions , RCM performs the estimation task significantly better than existing methods ,	1<2	unknown	attribution	attribution
that for both well-resolved and newly-posted questions , RCM performs the estimation task significantly better than existing methods ,	demonstrating the advantage of incorporating textual information .	1<2	unknown	elab-addition	elaboration
Experiments on two publicly available data sets show	More interestingly , we observe	1<2	unknown	progression	organization
More interestingly , we observe	that RCM might provide an automatic way	1<2	unknown	attribution	attribution
that RCM might provide an automatic way	to quantitatively measure the knowledge levels of words .	1<2	unknown	enablement	purpose
A poll consists of a question and a set of predefined answers	We present the new problem of vote prediction on comments ,	1>2	unknown	bg-general	frame
A poll consists of a question and a set of predefined answers	from which voters can select .	1<2	unknown	elab-addition	elaboration
We present the new problem of vote prediction on comments ,	which involves determining which of these answers a voter selected	1<2	unknown	elab-addition	elaboration
which involves determining which of these answers a voter selected	given a comment	1<2	unknown	condition	condition
given a comment	she wrote	1<2	unknown	elab-addition	elaboration
she wrote	after voting .	1<2	unknown	temporal	temporal
To address this task ,	we exploit not only the information	1>2	unknown	enablement	purpose
We present the new problem of vote prediction on comments ,	we exploit not only the information	1<2	unknown	elab-aspect	elaboration
we exploit not only the information	extracted from the comments	1<2	unknown	elab-addition	elaboration
we exploit not only the information	but also extra-textual information such as user demographic information and inter-comment constraints .	1<2	unknown	progression	organization
In an evaluation	we show	1>2	unknown	condition	condition
In an evaluation	involving nearly one million comments	1<2	unknown	elab-addition	elaboration
involving nearly one million comments	collected from the popular SodaHead social polling website ,	1<2	unknown	elab-addition	elaboration
We present the new problem of vote prediction on comments ,	we show	1<2	unknown	evaluation	comment
we show	that a vote prediction system <*> can be improved significantly	1<2	unknown	attribution	attribution
that a vote prediction system <*> can be improved significantly	that exploits only textual information	1<2	unknown	elab-addition	elaboration
can be improved significantly	when extended with extra-textual information .	1<2	unknown	temporal	temporal
"In this paper we first exploit cash-tags ( "" $ """	followed by stocks' ticker symbols )	1<2	unknown	elab-addition	elaboration
"In this paper we first exploit cash-tags ( "" $ """	in Twitter	1<2	unknown	elab-addition	elaboration
"In this paper we first exploit cash-tags ( "" $ """	to build a stock network ,	1<2	unknown	enablement	purpose
to build a stock network ,	where nodes are stocks	1<2	unknown	elab-addition	elaboration
where nodes are stocks	connected by edges	1<2	unknown	elab-addition	elaboration
connected by edges	when two stocks co-occur frequently in tweets .	1<2	unknown	temporal	temporal
"In this paper we first exploit cash-tags ( "" $ """	We then employ a labeled topic model	1<2	unknown	elab-process_step	elaboration
We then employ a labeled topic model	to jointly model both the tweets and the network structure	1<2	unknown	enablement	purpose
to jointly model both the tweets and the network structure	to assign each node and each edge a topic respectively .	1<2	unknown	enablement	purpose
We then employ a labeled topic model	This Semantic Stock Network ( SSN ) summarizes discussion topics about stocks and stock relations .	1<2	unknown	elab-addition	elaboration
"In this paper we first exploit cash-tags ( "" $ """	We further show	1<2	unknown	evaluation	comment
We further show	that social sentiment about stock ( node ) topics and stock relationship ( edge ) topics are predictive of each stock's market .	1<2	unknown	attribution	attribution
We further show	For prediction , we propose to regress the topic-sentiment time-series and the stock's price time series .	1<2	unknown	elab-addition	elaboration
"In this paper we first exploit cash-tags ( "" $ """	Experimental results demonstrate	1<2	unknown	evaluation	comment
Experimental results demonstrate	that topic sentiments from close neighbors are able to help improve the prediction of a stock markedly .	1<2	unknown	attribution	attribution
Demographic lexica have potential for widespread use in social science , economic , and business applications .	We derive predictive lexica	1>2	unknown	bg-goal	frame
We derive predictive lexica	( words and weights )	1<2	unknown	elab-addition	elaboration
We derive predictive lexica	for age and gender	1<2	unknown	elab-addition	elaboration
We derive predictive lexica	using regression and classification models from word usage in Facebook , blog , and Twitter data with associated demographic labels .	1<2	unknown	manner-means	mode
We derive predictive lexica	The lexica , <*> achieved state-of-the-art accuracy in language based age and gender prediction over Facebook and Twitter ,	1<2	unknown	elab-addition	elaboration
The lexica , <*> achieved state-of-the-art accuracy in language based age and gender prediction over Facebook and Twitter ,	made publicly available,	1<2	unknown	elab-addition	elaboration
achieved state-of-the-art accuracy in language based age and gender prediction over Facebook and Twitter ,	and were evaluated for generalization across social media genres as well as in limited message situations .	1<2	unknown	joint	conjunction
Dependency parsing is a core task in NLP ,	We present a new GFL/FUDG-annotated Chinese treebank with more than 18K tokens from Sina Weibo	1>2	unknown	bg-compare	frame
Dependency parsing is a core task in NLP ,	and it is widely used by many applications such as information extraction , ques-tion answering , and machine translation .	1<2	unknown	joint	conjunction
Dependency parsing is a core task in NLP ,	In the era of social media , a big challenge is that parsers <*> typically suffer from the domain mismatch issue ,	1<2	unknown	elab-addition	elaboration
In the era of social media , a big challenge is that parsers <*> typically suffer from the domain mismatch issue ,	trained on traditional newswire corpora	1<2	unknown	elab-addition	elaboration
typically suffer from the domain mismatch issue ,	and thus perform poorly on social media data .	1<2	unknown	result	causal
We present a new GFL/FUDG-annotated Chinese treebank with more than 18K tokens from Sina Weibo	( the Chinese equivalent of Twitter ) .	1<2	unknown	elab-addition	elaboration
We present a new GFL/FUDG-annotated Chinese treebank with more than 18K tokens from Sina Weibo	We formulate the dependency parsing problem as many small and parallelizable arc prediction tasks :	1<2	unknown	elab-aspect	elaboration
We formulate the dependency parsing problem as many small and parallelizable arc prediction tasks :	for each task , we use a programmable probabilistic first-order logic	1<2	unknown	elab-addition	elaboration
for each task , we use a programmable probabilistic first-order logic	to infer the dependency arc of a token in the sentence .	1<2	unknown	enablement	purpose
We present a new GFL/FUDG-annotated Chinese treebank with more than 18K tokens from Sina Weibo	In experiments , we show	1<2	unknown	evaluation	comment
In experiments , we show	that the proposed model outperforms an off-the-shelf Stanford Chinese parser , as well as a strong MaltParser baseline	1<2	unknown	attribution	attribution
that the proposed model outperforms an off-the-shelf Stanford Chinese parser , as well as a strong MaltParser baseline	that is trained on the same in-domain data .	1<2	unknown	elab-addition	elaboration
Microblog has become a major platform for information about real-world events .	In this study , we focus on the problem of community-related event detection by community emotions .	1>2	unknown	bg-compare	frame
Microblog has become a major platform for information about real-world events .	Automatically discovering real-world events from microblog has attracted the attention of many researchers .	1<2	unknown	elab-addition	elaboration
Microblog has become a major platform for information about real-world events .	However , most of existing work ignore the importance of emotion information for event detection .	1<2	unknown	contrast	contrast
Microblog has become a major platform for information about real-world events .	We argue	1<2	unknown	elab-addition	elaboration
We argue	that people's emotional reactions immediately reflect the occurring of real-world events	1<2	unknown	attribution	attribution
that people's emotional reactions immediately reflect the occurring of real-world events	and should be important for event detection .	1<2	unknown	joint	conjunction
To address the problem ,	we propose a novel framework	1>2	unknown	enablement	purpose
In this study , we focus on the problem of community-related event detection by community emotions .	we propose a novel framework	1<2	unknown	elab-aspect	elaboration
we propose a novel framework	which include the following three key components :	1<2	unknown	elab-addition	elaboration
which include the following three key components :	microblog emotion classification , community emotion aggregation and community emotion burst detection .	1<2	unknown	elab-enumember	elaboration
In this study , we focus on the problem of community-related event detection by community emotions .	We evaluate our approach on real microblog data sets .	1<2	unknown	evaluation	comment
We evaluate our approach on real microblog data sets .	Experimental results demonstrate the effectiveness of the proposed framework .	1<2	unknown	exp-evidence	explanation
Casual online forums such as Reddit , Slashdot and Digg , are continuing to increase in popularity as a means of communication .	In this analysis we present a crowd-sourced annotated corpus for topic level disagreement detection in Slashdot ,	1>2	unknown	bg-goal	frame
Casual online forums such as Reddit , Slashdot and Digg , are continuing to increase in popularity as a means of communication .	Detecting disagreement in this domain is a considerable challenge .	1<2	unknown	elab-addition	elaboration
Casual online forums such as Reddit , Slashdot and Digg , are continuing to increase in popularity as a means of communication .	Many topics are unique to the conversation on the forum ,	1<2	unknown	elab-addition	elaboration
Many topics are unique to the conversation on the forum ,	and the appearance of disagreement may be much more subtle than on political blogs or social media sites such as twitter .	1<2	unknown	joint	conjunction
In this analysis we present a crowd-sourced annotated corpus for topic level disagreement detection in Slashdot ,	showing	1<2	unknown	elab-addition	elaboration
showing	that disagreement detection in this domain is difficult even for humans .	1<2	unknown	attribution	attribution
In this analysis we present a crowd-sourced annotated corpus for topic level disagreement detection in Slashdot ,	We then proceed to show	1<2	unknown	elab-process_step	elaboration
We then proceed to show	that a new set of features <*> significantly improves the performance on disagreement detection over a baseline	1<2	unknown	attribution	attribution
that a new set of features <*> significantly improves the performance on disagreement detection over a baseline	determined from the rhetorical structure of the conversation	1<2	unknown	elab-addition	elaboration
significantly improves the performance on disagreement detection over a baseline	consisting of unigram/bigram features , discourse markers , structural features and meta-post features .	1<2	unknown	elab-addition	elaboration
Recently , work in NLP was initiated on a type of opinion inference	This paper addresses methods	1>2	unknown	bg-goal	frame
Recently , work in NLP was initiated on a type of opinion inference	that arises	1<2	unknown	elab-addition	elaboration
that arises	when opinions are expressed toward events	1<2	unknown	temporal	temporal
when opinions are expressed toward events	which have positive or negative effects on entities	1<2	unknown	elab-addition	elaboration
which have positive or negative effects on entities	( +/-effect events ) .	1<2	unknown	elab-addition	elaboration
This paper addresses methods	for creating a lexicon of such events ,	1<2	unknown	elab-addition	elaboration
This paper addresses methods	to support such work on opinion inference .	1<2	unknown	enablement	purpose
This paper addresses methods	Due to significant sense ambiguity ,	1<2	unknown	elab-aspect	elaboration
Due to significant sense ambiguity ,	our goal is to develop a sense-level rather than word-level lexicon .	1<2	unknown	result	causal
To maximize the effectiveness of different types of information ,	we combine a graph-based method	1>2	unknown	enablement	purpose
This paper addresses methods	we combine a graph-based method	1<2	unknown	elab-aspect	elaboration
we combine a graph-based method	using WordNet1 relations	1<2	unknown	manner-means	mode
using WordNet1 relations	and a standard classifier	1<2	unknown	joint	conjunction
and a standard classifier	using gloss information .	1<2	unknown	manner-means	mode
This paper addresses methods	A hybrid between the two gives the best results .	1<2	unknown	evaluation	comment
A hybrid between the two gives the best results .	Further , we provide evidence	1<2	unknown	progression	organization
Further , we provide evidence	that the model is an effective way	1<2	unknown	elab-addition	elaboration
that the model is an effective way	to guide manual annotation	1<2	unknown	enablement	purpose
to guide manual annotation	to find +/-effect senses	1<2	unknown	enablement	purpose
to find +/-effect senses	that are not in the seed set .	1<2	unknown	elab-addition	elaboration
Aspect-based opinion mining has attracted lots of attention today .	In this paper , we address the problem of product aspect rating prediction ,	1>2	unknown	elab-addition	elaboration
In this paper , we address the problem of product aspect rating prediction ,	we propose a sentiment-aligned topic model ( SATM ) ,	1>2	unknown	bg-goal	frame
In this paper , we address the problem of product aspect rating prediction ,	where we would like to extract the product aspects ,	1<2	unknown	elab-addition	elaboration
where we would like to extract the product aspects ,	and predict aspect ratings simultaneously .	1<2	unknown	joint	conjunction
In this paper , we address the problem of product aspect rating prediction ,	Topic models have been widely adapted	1<2	unknown	elab-addition	elaboration
Topic models have been widely adapted	to jointly model aspects and sentiments ,	1<2	unknown	enablement	purpose
Topic models have been widely adapted	but existing models may not do the prediction task well	1<2	unknown	comparison	concession
but existing models may not do the prediction task well	due to their weakness in sentiment extraction .	1<2	unknown	cause	causal
due to their weakness in sentiment extraction .	The sentiment topics usually do not have clear correspondence to commonly used ratings ,	1<2	unknown	elab-addition	elaboration
The sentiment topics usually do not have clear correspondence to commonly used ratings ,	and the model may fail to extract certain kinds of sentiments	1<2	unknown	joint	conjunction
and the model may fail to extract certain kinds of sentiments	due to skewed data .	1<2	unknown	cause	causal
To tackle this problem ,	we propose a sentiment-aligned topic model ( SATM ) ,	1>2	unknown	enablement	purpose
we propose a sentiment-aligned topic model ( SATM ) ,	where we incorporate two types of external knowledge :	1<2	unknown	elab-addition	elaboration
where we incorporate two types of external knowledge :	product-level overall rating distribution and word-level sentiment lexicon .	1<2	unknown	elab-enumember	elaboration
we propose a sentiment-aligned topic model ( SATM ) ,	Experiments on real dataset demonstrate	1<2	unknown	evaluation	comment
Experiments on real dataset demonstrate	that SATM is effective on product aspect rating prediction ,	1<2	unknown	attribution	attribution
that SATM is effective on product aspect rating prediction ,	and it achieves better performance	1<2	unknown	joint	conjunction
and it achieves better performance	compared to the existing approaches .	1<2	unknown	comparison	concession
We present a weakly supervised approach	for learning hashtags , hashtag patterns , and phrases	1<2	unknown	elab-addition	elaboration
for learning hashtags , hashtag patterns , and phrases	associated with five emotions :	1<2	unknown	elab-addition	elaboration
associated with five emotions :	AFFECTION , ANGER/RAGE , FEAR/ANXIETY , JOY , and SADNESS/DISAPPOINTMENT .	1<2	unknown	elab-enumember	elaboration
Starting with seed hashtags	we train emotion classifiers	1>2	unknown	elab-addition	elaboration
Starting with seed hashtags	to label an initial set of tweets ,	1<2	unknown	enablement	purpose
We present a weakly supervised approach	we train emotion classifiers	1<2	unknown	elab-process_step	elaboration
we train emotion classifiers	and use them	1<2	unknown	joint	conjunction
and use them	to learn new emotion hashtags and hashtag patterns .	1<2	unknown	enablement	purpose
We present a weakly supervised approach	This process then repeats in a bootstrapping framework .	1<2	unknown	elab-process_step	elaboration
we train emotion classifiers	Emotion phrases are also extracted from the learned hashtags	1<2	unknown	elab-addition	elaboration
Emotion phrases are also extracted from the learned hashtags	and used to create phrase-based emotion classifiers .	1<2	unknown	joint	conjunction
We present a weakly supervised approach	We show	1<2	unknown	evaluation	comment
We show	that the learned set of emotion indicators yields a substantial improve-ment in F-scores ,	1<2	unknown	attribution	attribution
that the learned set of emotion indicators yields a substantial improve-ment in F-scores ,	ranging from + % 5 to + % 18 over baseline classifiers .	1<2	unknown	elab-example	elaboration
We put forward the hypothesis	that high-accuracy sentiment analysis is only possible	1<2	unknown	elab-addition	elaboration
that high-accuracy sentiment analysis is only possible	if word senses with different polarity are accurately recognized .	1<2	unknown	condition	condition
We put forward the hypothesis	"We provide evidence for this hypothesis in a case study for the adjective ""hard"""	1<2	unknown	elab-aspect	elaboration
"We provide evidence for this hypothesis in a case study for the adjective ""hard"""	and propose contextually enhanced sentiment lexicons	1<2	unknown	joint	conjunction
and propose contextually enhanced sentiment lexicons	that contain the information necessary for sentiment-relevant sense disambiguation .	1<2	unknown	elab-addition	elaboration
We put forward the hypothesis	An experimental evaluation demonstrates	1<2	unknown	evaluation	comment
An experimental evaluation demonstrates	that senses with different polarity can be distinguished well	1<2	unknown	attribution	attribution
that senses with different polarity can be distinguished well	using a combination of standard and novel features .	1<2	unknown	manner-means	mode
Identifying parallel web pages from bilingual web sites is a crucial step of bilingual resource construction for cross-lingual information processing .	In this paper , we propose a link-based approach	1>2	unknown	bg-general	frame
In this paper , we propose a link-based approach	to distinguish parallel web pages from bilingual web sites .	1<2	unknown	enablement	purpose
Compared with the existing methods ,	we hypothesize	1>2	unknown	comparison	concession
Compared with the existing methods ,	which only employ the internal translation similarity	1<2	unknown	elab-addition	elaboration
which only employ the internal translation similarity	( such as content-based similarity and page structural similarity ) ,	1<2	unknown	elab-example	elaboration
In this paper , we propose a link-based approach	we hypothesize	1<2	unknown	elab-aspect	elaboration
we hypothesize	that the external translation similarity is an effective feature	1<2	unknown	attribution	attribution
that the external translation similarity is an effective feature	to identify parallel web pages .	1<2	unknown	enablement	purpose
Within a bilingual web site , web pages are interconnected by hyperlinks .	The basic idea of our method is that the translation similarity of two pages can be inferred from their neighbor pages ,	1>2	unknown	elab-addition	elaboration
we hypothesize	The basic idea of our method is that the translation similarity of two pages can be inferred from their neighbor pages ,	1<2	unknown	elab-addition	elaboration
The basic idea of our method is that the translation similarity of two pages can be inferred from their neighbor pages ,	which can be adopted as an important source of external similarity .	1<2	unknown	elab-addition	elaboration
The basic idea of our method is that the translation similarity of two pages can be inferred from their neighbor pages ,	Thus , the translation similarity of page pairs will influence each other .	1<2	unknown	result	causal
In this paper , we propose a link-based approach	An iterative algorithm is developed	1<2	unknown	elab-aspect	elaboration
An iterative algorithm is developed	to estimate the external translation similarity and the final translation similarity .	1<2	unknown	enablement	purpose
An iterative algorithm is developed	Both internal and external similarity measures are combined in the iterative algorithm .	1<2	unknown	elab-addition	elaboration
In this paper , we propose a link-based approach	Experiments on six bilingual websites demonstrate	1<2	unknown	evaluation	comment
Experiments on six bilingual websites demonstrate	that our method is effective	1<2	unknown	attribution	attribution
that our method is effective	and obtains significant improvement ( 6.2 % F-Score ) over the baseline	1<2	unknown	joint	conjunction
and obtains significant improvement ( 6.2 % F-Score ) over the baseline	which only utilizes internal translation similarity .	1<2	unknown	elab-addition	elaboration
Analyses of computer aided translation typically focus on either frontend interfaces and human effort , or backend translation and machine learnability of corrections .	We present the first holistic , quantitative evaluation of these issues	1>2	unknown	bg-goal	frame
Analyses of computer aided translation typically focus on either frontend interfaces and human effort , or backend translation and machine learnability of corrections .	However , this distinction is artificial in practice	1<2	unknown	contrast	contrast
However , this distinction is artificial in practice	since the frontend and backend must work in concert .	1<2	unknown	cause	causal
We present the first holistic , quantitative evaluation of these issues	by contrasting two assistive modes :	1<2	unknown	manner-means	mode
by contrasting two assistive modes :	post-editing and interactive machine translation ( MT ) .	1<2	unknown	elab-enumember	elaboration
We present the first holistic , quantitative evaluation of these issues	We describe a new translator interface , extensive modifications to a phrase-based MT system , and a novel objective function	1<2	unknown	elab-aspect	elaboration
We describe a new translator interface , extensive modifications to a phrase-based MT system , and a novel objective function	for re-tuning to human corrections .	1<2	unknown	elab-addition	elaboration
We present the first holistic , quantitative evaluation of these issues	Evaluation with professional bilingual translators shows	1<2	unknown	evaluation	comment
Evaluation with professional bilingual translators shows	that post-edit is faster than interactive at the cost of translation quality for French-English and English-German .	1<2	unknown	attribution	attribution
Evaluation with professional bilingual translators shows	However , re-tuning the MT system to interactive output leads to larger , statistically significant reductions in HTER	1<2	unknown	contrast	contrast
However , re-tuning the MT system to interactive output leads to larger , statistically significant reductions in HTER	versus re-tuning to post-edit .	1<2	unknown	contrast	contrast
We present the first holistic , quantitative evaluation of these issues	Analysis shows	1<2	unknown	evaluation	comment
Analysis shows	that tuning directly to HTER results in fine-grained corrections to subsequent machine output .	1<2	unknown	attribution	attribution
The combinatorial space of translation derivations in phrase-based statistical machine translation is given by the intersection between a translation lattice and a target language model .	We replace this in-tractable intersection by a tractable relaxation	1>2	unknown	bg-general	frame
We replace this in-tractable intersection by a tractable relaxation	which incorporates a low-order upperbound on the language model .	1<2	unknown	elab-addition	elaboration
Exact optimisation is achieved through a coarse-to-fine strategy with connections to adaptive rejection sampling .	We perform exact optimisation with unpruned language models of order 3 to 5	1>2	unknown	elab-addition	elaboration
We replace this in-tractable intersection by a tractable relaxation	We perform exact optimisation with unpruned language models of order 3 to 5	1<2	unknown	elab-aspect	elaboration
We perform exact optimisation with unpruned language models of order 3 to 5	and show search-error curves for beam search and cube pruning on standard test sets .	1<2	unknown	joint	conjunction
We replace this in-tractable intersection by a tractable relaxation	This is the first work	1<2	unknown	evaluation	comment
This is the first work	to tractably tackle exact optimisation with language models of orders higher than 3 .	1<2	unknown	elab-addition	elaboration
Recent work by Cherry ( 2013 ) has shown	We show	1>2	unknown	bg-compare	frame
Recent work by Cherry ( 2013 ) has shown	that directly optimizing phrase-based reordering models towards BLEU can lead to significant gains .	1<2	unknown	attribution	attribution
Recent work by Cherry ( 2013 ) has shown	Their approach is limited to small training sets of a few thousand sentences and a similar number of sparse features .	1<2	unknown	elab-addition	elaboration
We show	how the expected BLEU objective allows us to train a simple linear discriminative reordering model with millions of sparse features on hundreds of thousands of sentences	1<2	unknown	attribution	attribution
how the expected BLEU objective allows us to train a simple linear discriminative reordering model with millions of sparse features on hundreds of thousands of sentences	resulting in significant improvements .	1<2	unknown	result	causal
We show	A comparison to likelihood training demonstrates	1<2	unknown	evaluation	comment
A comparison to likelihood training demonstrates	that expected BLEU is vastly more effective .	1<2	unknown	attribution	attribution
A comparison to likelihood training demonstrates	Our best results improve a hierarchical lexicalized reordering baseline by up to 2.0 BLEU in a single-reference setting on a French-English WMT 2012 setup .	1<2	unknown	exp-evidence	explanation
Numerous works in Statistical Machine Translation ( SMT ) have attempted to identify better translation hypotheses	In this work , we introduce an approach	1>2	unknown	bg-compare	frame
Numerous works in Statistical Machine Translation ( SMT ) have attempted to identify better translation hypotheses	obtained by an initial decoding	1<2	unknown	elab-addition	elaboration
obtained by an initial decoding	using an improved , but more costly scoring function .	1<2	unknown	manner-means	mode
In this work , we introduce an approach	that takes the hypotheses	1<2	unknown	elab-addition	elaboration
that takes the hypotheses	produced by a state-of-the-art , reranked phrase-based SMT system ,	1<2	unknown	elab-addition	elaboration
In this work , we introduce an approach	and explores new parts of the search space	1<2	unknown	joint	conjunction
and explores new parts of the search space	by applying rewriting rules	1<2	unknown	manner-means	mode
by applying rewriting rules	selected on the basis of posterior phrase-level confidence .	1<2	unknown	elab-addition	elaboration
In this work , we introduce an approach	In the medical domain , we obtain a 1.9 BLEU improvement over a reranked baseline	1<2	unknown	elab-addition	elaboration
In the medical domain , we obtain a 1.9 BLEU improvement over a reranked baseline	exploiting the same scoring function ,	1<2	unknown	elab-addition	elaboration
exploiting the same scoring function ,	corresponding to a 5.4 BLEU improvement over the original Moses baseline .	1<2	unknown	elab-addition	elaboration
In this work , we introduce an approach	We show	1<2	unknown	evaluation	comment
We show	that if an indication of which phrases require rewriting is provided ,	1<2	unknown	attribution	attribution
that if an indication of which phrases require rewriting is provided ,	our automatic rewriting procedure yields an additional improvement of 1.5 BLEU .	1<2	unknown	result	causal
In this work , we introduce an approach	Various analyses , <*> further illustrate the good performance and potential for improvement of our approach in spite of its simplicity .	1<2	unknown	evaluation	comment
Various analyses , <*> further illustrate the good performance and potential for improvement of our approach in spite of its simplicity .	including a manual error analysis ,	1<2	unknown	elab-aspect	elaboration
We present methods	We propose using corpus-level statistics for lexicon learning decisions .	1>2	unknown	bg-compare	frame
We present methods	to control the lexicon size	1<2	unknown	enablement	purpose
to control the lexicon size	when learning a Combinatory Categorial Grammar semantic parser .	1<2	unknown	temporal	temporal
We present methods	Existing methods incrementally expand the lexicon	1<2	unknown	contrast	contrast
Existing methods incrementally expand the lexicon	by greedily adding entries ,	1<2	unknown	manner-means	mode
by greedily adding entries ,	considering a single training datapoint at a time .	1<2	unknown	elab-addition	elaboration
We propose using corpus-level statistics for lexicon learning decisions .	We introduce voting	1<2	unknown	elab-aspect	elaboration
We introduce voting	to globally consider adding entries to the lexicon ,	1<2	unknown	enablement	purpose
We introduce voting	and pruning	1<2	unknown	joint	conjunction
and pruning	to remove entries	1<2	unknown	enablement	purpose
to remove entries	no longer required to explain the training data .	1<2	unknown	elab-addition	elaboration
We propose using corpus-level statistics for lexicon learning decisions .	Our methods result in state-of-the-art performance on the task of executing sequences of natural language instructions ,	1<2	unknown	evaluation	comment
Our methods result in state-of-the-art performance on the task of executing sequences of natural language instructions ,	achieving up to 25 % error reduction ,	1<2	unknown	exp-evidence	explanation
achieving up to 25 % error reduction ,	with lexicons	1<2	unknown	elab-addition	elaboration
with lexicons	that are up to 70 % smaller	1<2	unknown	elab-addition	elaboration
that are up to 70 % smaller	and are qualitatively less noisy .	1<2	unknown	joint	conjunction
In this paper , we demonstrate	that significant performance gains can be achieved in CCG semantic parsing	1<2	unknown	attribution	attribution
that significant performance gains can be achieved in CCG semantic parsing	by introducing a linguistically motivated grammar induction scheme .	1<2	unknown	manner-means	mode
In this paper , we demonstrate	We present a new morpho-syntactic factored lexicon	1<2	unknown	elab-aspect	elaboration
We present a new morpho-syntactic factored lexicon	that models systematic variations in morphology , syntax , and semantics across word classes .	1<2	unknown	elab-addition	elaboration
We present a new morpho-syntactic factored lexicon	The grammar uses domain-independent facts about the English language	1<2	unknown	elab-addition	elaboration
The grammar uses domain-independent facts about the English language	to restrict the number of incorrect parses	1<2	unknown	enablement	purpose
to restrict the number of incorrect parses	that must be considered ,	1<2	unknown	elab-addition	elaboration
The grammar uses domain-independent facts about the English language	thereby enabling effective learning from less data .	1<2	unknown	result	causal
In this paper , we demonstrate	Experiments in benchmark domains match previous models with one quarter of the data	1<2	unknown	evaluation	comment
Experiments in benchmark domains match previous models with one quarter of the data	and provide new state-of-the-art results with all available data ,	1<2	unknown	joint	conjunction
and provide new state-of-the-art results with all available data ,	including up to 45 % relative test-error reduction .	1<2	unknown	exp-evidence	explanation
We present a model for the automatic semantic analysis of requirements elicitation documents .	Our target semantic representation employs live sequence charts , a multi-modal visual language for scenario-based programming ,	1<2	unknown	elab-addition	elaboration
Our target semantic representation employs live sequence charts , a multi-modal visual language for scenario-based programming ,	which can be directly translated into executable code .	1<2	unknown	elab-addition	elaboration
We present a model for the automatic semantic analysis of requirements elicitation documents .	The architecture we propose integrates sentence-level and discourse-level processing in a generative probabilistic framework for the analysis and disambiguation of individual sentences in context .	1<2	unknown	elab-aspect	elaboration
We present a model for the automatic semantic analysis of requirements elicitation documents .	We show empirically	1<2	unknown	evaluation	comment
We show empirically	that the discourse-based model consistently outperforms the sentence-based model	1<2	unknown	attribution	attribution
that the discourse-based model consistently outperforms the sentence-based model	when constructing a system	1<2	unknown	temporal	temporal
when constructing a system	that reflects all the static ( entities , properties ) and dynamic ( behavioral scenarios ) requirements in the document .	1<2	unknown	elab-addition	elaboration
We propose a novel model	for parsing natural language sentences into their formal semantic representations .	1<2	unknown	elab-addition	elaboration
We propose a novel model	The model is able to perform integrated lexicon acquisition and semantic parsing ,	1<2	unknown	elab-addition	elaboration
The model is able to perform integrated lexicon acquisition and semantic parsing ,	mapping each atomic element in a complete semantic representation to a contiguous word sequence in the input sentence in a recursive manner ,	1<2	unknown	elab-addition	elaboration
mapping each atomic element in a complete semantic representation to a contiguous word sequence in the input sentence in a recursive manner ,	where certain overlappings amongst such word sequences are allowed .	1<2	unknown	elab-addition	elaboration
We propose a novel model	It defines distributions over the novel relaxed hybrid tree structures	1<2	unknown	elab-addition	elaboration
It defines distributions over the novel relaxed hybrid tree structures	which jointly represent both sentences and semantics .	1<2	unknown	elab-addition	elaboration
It defines distributions over the novel relaxed hybrid tree structures	Such structures allow tractable dynamic programming algorithms to be developed for efficient learning and decoding .	1<2	unknown	elab-addition	elaboration
Trained under a discriminative setting ,	our model is able to incorporate a rich set of features	1>2	unknown	elab-addition	elaboration
We propose a novel model	our model is able to incorporate a rich set of features	1<2	unknown	evaluation	comment
our model is able to incorporate a rich set of features	where certain unbounded long-distance dependencies can be captured in a principled manner .	1<2	unknown	elab-addition	elaboration
our model is able to incorporate a rich set of features	We demonstrate through experiments	1<2	unknown	exp-evidence	explanation
that by exploiting a large collection of simple features ,	our model is shown to be competitive to previous works	1>2	unknown	manner-means	mode
We demonstrate through experiments	our model is shown to be competitive to previous works	1<2	unknown	attribution	attribution
our model is shown to be competitive to previous works	and achieves state-of-the-art performance on standard benchmark data across four different languages .	1<2	unknown	joint	conjunction
We demonstrate through experiments	The system and code can be downloaded from http ://statnlp.org/research/sp/ .	1<2	unknown	elab-addition	elaboration
The anchor words algorithm performs provably efficient topic model inference	we propose to find an exact convex hull in a visualizable 2- or 3-dimensional space .	1>2	unknown	bg-compare	frame
The anchor words algorithm performs provably efficient topic model inference	by finding an approximate convex hull in a high-dimensional word co-occurrence space .	1<2	unknown	manner-means	mode
The anchor words algorithm performs provably efficient topic model inference	However , the existing greedy algorithm often selects poor anchor words ,	1<2	unknown	contrast	contrast
However , the existing greedy algorithm often selects poor anchor words ,	reducing topic quality and interpretability .	1<2	unknown	result	causal
Rather than finding an approximate convex hull in a high-dimensional space ,	we propose to find an exact convex hull in a visualizable 2- or 3-dimensional space .	1>2	unknown	contrast	contrast
we propose to find an exact convex hull in a visualizable 2- or 3-dimensional space .	Such low-dimensional embeddings both improve topics	1<2	unknown	evaluation	comment
Such low-dimensional embeddings both improve topics	and clearly show users why the algorithm selects certain words .	1<2	unknown	joint	conjunction
We generalize contrastive estimation in two ways	that permit adding more knowledge to unsupervised learning .	1<2	unknown	elab-addition	elaboration
We generalize contrastive estimation in two ways	The first allows the modeler to specify not only the set of corrupted inputs for each observation , but also how bad each one is .	1<2	unknown	elab-enumember	elaboration
We generalize contrastive estimation in two ways	The second allows specifying structural preferences on the latent variable	1<2	unknown	elab-enumember	elaboration
The second allows specifying structural preferences on the latent variable	used to explain the observations .	1<2	unknown	elab-addition	elaboration
We generalize contrastive estimation in two ways	They require setting additional hyperparameters ,	1<2	unknown	elab-addition	elaboration
They require setting additional hyperparameters ,	which can be problematic in unsupervised learning ,	1<2	unknown	elab-addition	elaboration
They require setting additional hyperparameters ,	so we investigate new methods for unsupervised model selection and system combination .	1<2	unknown	result	causal
We generalize contrastive estimation in two ways	We instantiate these ideas for part-of-speech induction	1<2	unknown	evaluation	comment
We instantiate these ideas for part-of-speech induction	without tag dictionaries ,	1<2	unknown	elab-addition	elaboration
We instantiate these ideas for part-of-speech induction	improving over contrastive estimation as well as strong benchmarks from the PASCAL 2012 shared task .	1<2	unknown	elab-addition	elaboration
We introduce a reinforcement learning-based approach to simultaneous machine translation—producing a translation	while receiving input words— between languages with drastically different word orders :	1<2	unknown	temporal	temporal
while receiving input words— between languages with drastically different word orders :	from verb-final languages ( e.g. , German ) to verb-medial languages ( English ) .	1<2	unknown	elab-enumember	elaboration
We introduce a reinforcement learning-based approach to simultaneous machine translation—producing a translation	"In traditional machine translation , a translator must ""wait"" for source material to appear"	1<2	unknown	bg-compare	frame
"In traditional machine translation , a translator must ""wait"" for source material to appear"	before translation begins .	1<2	unknown	temporal	temporal
"In traditional machine translation , a translator must ""wait"" for source material to appear"	We remove this bottleneck	1<2	unknown	elab-addition	elaboration
We remove this bottleneck	by predicting the final verb in advance .	1<2	unknown	manner-means	mode
We introduce a reinforcement learning-based approach to simultaneous machine translation—producing a translation	We use reinforcement learning	1<2	unknown	elab-aspect	elaboration
We use reinforcement learning	to learn when to trust predictions about unseen , future portions of the sentence .	1<2	unknown	enablement	purpose
We introduce a reinforcement learning-based approach to simultaneous machine translation—producing a translation	We also introduce an evaluation metric to measure expeditiousness and quality .	1<2	unknown	elab-aspect	elaboration
We introduce a reinforcement learning-based approach to simultaneous machine translation—producing a translation	We show	1<2	unknown	evaluation	comment
We show	that our new translation model outperforms batch and monotone translation strategies .	1<2	unknown	attribution	attribution
The task of unsupervised induction of probabilistic context-free grammars ( PCFGs ) has attracted a lot of attention in the field of computational linguistics .	In this work , we describe a new algorithm for PCFG induction	1>2	unknown	bg-goal	frame
Although it is a difficult task ,	work in this area is still very much in demand	1>2	unknown	contrast	contrast
The task of unsupervised induction of probabilistic context-free grammars ( PCFGs ) has attracted a lot of attention in the field of computational linguistics .	work in this area is still very much in demand	1<2	unknown	elab-addition	elaboration
work in this area is still very much in demand	since it can contribute to the advancement of language parsing and modelling .	1<2	unknown	cause	causal
In this work , we describe a new algorithm for PCFG induction	based on a principled approach	1<2	unknown	bg-general	frame
based on a principled approach	and capable of inducing accurate yet compact artificial natural language grammars and typical context-free grammars .	1<2	unknown	joint	conjunction
In this work , we describe a new algorithm for PCFG induction	Moreover , this algorithm can work on large grammars and datasets	1<2	unknown	progression	organization
Moreover , this algorithm can work on large grammars and datasets	and infers correctly even from small samples .	1<2	unknown	joint	conjunction
In this work , we describe a new algorithm for PCFG induction	Our analysis shows	1<2	unknown	evaluation	comment
Our analysis shows	that the type of grammars <*> are , in theory , capable of modelling natural language .	1<2	unknown	attribution	attribution
that the type of grammars <*> are , in theory , capable of modelling natural language .	induced by our algorithm	1<2	unknown	elab-addition	elaboration
Our analysis shows	One of our experiments shows	1<2	unknown	exp-evidence	explanation
One of our experiments shows	that our algorithm can potentially outperform the state-of-the-art in unsupervised parsing on the WSJ10 corpus .	1<2	unknown	attribution	attribution
A common approach in text mining tasks such as text categorization , authorship identification or plagiarism detection is to rely on features like words , part-of-speech tags , stems , or some other high-level linguistic features .	In this work , an approach <*> is proposed for the task of native language identification .	1>2	unknown	bg-compare	frame
In this work , an approach <*> is proposed for the task of native language identification .	that uses character n-grams as features	1<2	unknown	elab-addition	elaboration
Instead of doing standard feature selection ,	the proposed approach combines several string kernels	1>2	unknown	contrast	contrast
In this work , an approach <*> is proposed for the task of native language identification .	the proposed approach combines several string kernels	1<2	unknown	elab-addition	elaboration
the proposed approach combines several string kernels	using multiple kernel learning .	1<2	unknown	manner-means	mode
using multiple kernel learning .	Kernel Ridge Regression and Kernel Discriminant Analysis are independently used in the learning stage .	1<2	unknown	elab-addition	elaboration
In this work , an approach <*> is proposed for the task of native language identification .	The empirical results <*> indicate	1<2	unknown	evaluation	comment
The empirical results <*> indicate	obtained in all the experiments	1<2	unknown	elab-addition	elaboration
obtained in all the experiments	conducted in this work	1<2	unknown	elab-addition	elaboration
indicate	that the proposed approach achieves state of the art performance in native language identification ,	1<2	unknown	attribution	attribution
that the proposed approach achieves state of the art performance in native language identification ,	reaching an accuracy	1<2	unknown	elab-addition	elaboration
reaching an accuracy	that is 1.7 % above the top scoring system of the 2013 NLI Shared Task .	1<2	unknown	elab-addition	elaboration
The empirical results <*> indicate	Furthermore , the proposed approach has an important advantage	1<2	unknown	progression	organization
Furthermore , the proposed approach has an important advantage	in that it is language independent and linguistic theory neutral.	1<2	unknown	elab-addition	elaboration
Furthermore , the proposed approach has an important advantage	In the cross-corpus experiment , the proposed approach shows	1<2	unknown	elab-addition	elaboration
In the cross-corpus experiment , the proposed approach shows	that it can also be topic independent ,	1<2	unknown	attribution	attribution
that it can also be topic independent ,	improving the state of the art system by 32.3 % .	1<2	unknown	elab-addition	elaboration
Predicting vocabulary of second language learners is essential to support their language learning ;	In this study , we propose a novel framework for this sampling method .	1>2	unknown	bg-goal	frame
Predicting vocabulary of second language learners is essential to support their language learning ;	however , because of the large size of language vocabularies ,	1<2	unknown	contrast	contrast
however , because of the large size of language vocabularies ,	we cannot collect information on the entire vocabulary .	1<2	unknown	result	causal
Predicting vocabulary of second language learners is essential to support their language learning ;	For practical measurements , we need to sample a small portion of words from the entire vocabulary	1<2	unknown	elab-addition	elaboration
For practical measurements , we need to sample a small portion of words from the entire vocabulary	and predict the rest of the words .	1<2	unknown	joint	conjunction
In this study , we propose a novel framework for this sampling method .	Current methods rely on simple heuristic techniques	1<2	unknown	contrast	contrast
Current methods rely on simple heuristic techniques	involving inflexible manual tuning by educational experts .	1<2	unknown	elab-addition	elaboration
Current methods rely on simple heuristic techniques	We formalize these heuristic techniques as a graph-based non-interactive active learning method	1<2	unknown	elab-addition	elaboration
We formalize these heuristic techniques as a graph-based non-interactive active learning method	as applied to a special graph .	1<2	unknown	elab-addition	elaboration
In this study , we propose a novel framework for this sampling method .	We show	1<2	unknown	evaluation	comment
that by extending the graph ,	we can support additional functionality	1>2	unknown	manner-means	mode
We show	we can support additional functionality	1<2	unknown	attribution	attribution
we can support additional functionality	such as incorporating domain specificity	1<2	unknown	elab-example	elaboration
such as incorporating domain specificity	and sampling from multiple corpora .	1<2	unknown	joint	conjunction
In this study , we propose a novel framework for this sampling method .	In our experiments , we show	1<2	unknown	evaluation	comment
In our experiments , we show	that our extended methods outperform other methods in terms of vocabulary prediction accuracy	1<2	unknown	attribution	attribution
that our extended methods outperform other methods in terms of vocabulary prediction accuracy	when the number of samples is small .	1<2	unknown	temporal	temporal
Language transfer , the characteristic second language usage patterns <*> is investigated by Second Language Acquisition ( SLA ) researchers	In this paper we develop and present a methodology	1>2	unknown	bg-goal	frame
Language transfer , the characteristic second language usage patterns <*> is investigated by Second Language Acquisition ( SLA ) researchers	caused by native language interference ,	1<2	unknown	cause	causal
is investigated by Second Language Acquisition ( SLA ) researchers	seeking to find overused and underused linguistic features .	1<2	unknown	elab-addition	elaboration
In this paper we develop and present a methodology	for deriving ranked lists of such features .	1<2	unknown	elab-addition	elaboration
Using very large learner data ,	we show our method's ability to find relevant candidates	1>2	unknown	manner-means	mode
In this paper we develop and present a methodology	we show our method's ability to find relevant candidates	1<2	unknown	elab-aspect	elaboration
we show our method's ability to find relevant candidates	using sophisticated linguistic features .	1<2	unknown	manner-means	mode
To illustrate its applicability to SLA research ,	we formulate plausible language transfer hypotheses	1>2	unknown	enablement	purpose
In this paper we develop and present a methodology	we formulate plausible language transfer hypotheses	1<2	unknown	elab-aspect	elaboration
we formulate plausible language transfer hypotheses	supported by current evidence .	1<2	unknown	elab-addition	elaboration
In this paper we develop and present a methodology	This is the first work	1<2	unknown	evaluation	comment
This is the first work	to extend Native Language Identification to a broader linguistic interpretation of learner data	1<2	unknown	enablement	purpose
to extend Native Language Identification to a broader linguistic interpretation of learner data	and address the automatic extraction of underused features on a pernative language basis .	1<2	unknown	joint	conjunction
Languages spoken by immigrants change	In this study , we distinguish between the immigrant and the standard dialect of Turkish	1>2	unknown	bg-goal	frame
Languages spoken by immigrants change	due to contact with the local languages .	1<2	unknown	cause	causal
Languages spoken by immigrants change	Capturing these changes is problematic for current language technologies ,	1<2	unknown	elab-addition	elaboration
Capturing these changes is problematic for current language technologies ,	which are typically developed for speakers of the standard dialect only .	1<2	unknown	elab-addition	elaboration
Even when dialectal variants are available for such technologies ,	we still need to predict	1>2	unknown	condition	condition
Languages spoken by immigrants change	we still need to predict	1<2	unknown	elab-addition	elaboration
we still need to predict	which dialect is being used .	1<2	unknown	attribution	attribution
In this study , we distinguish between the immigrant and the standard dialect of Turkish	by focusing on Light Verb Constructions .	1<2	unknown	manner-means	mode
In this study , we distinguish between the immigrant and the standard dialect of Turkish	We experiment with a number of grammatical and contextual features ,	1<2	unknown	evaluation	comment
We experiment with a number of grammatical and contextual features ,	achieving over 84 % accuracy ( 56 % baseline ) .	1<2	unknown	elab-example	elaboration
Readability is used to provide users with high-quality service in text recommendation or text visualization .	Therefore , this paper investigates the relationship between readability and reading devices such as a smart phone , a tablet , and paper .	1>2	unknown	bg-goal	frame
Readability is used to provide users with high-quality service in text recommendation or text visualization .	With the increasing use of hand-held devices , reading device is regarded as an important factor for readability .	1<2	unknown	elab-addition	elaboration
With the increasing use of hand-held devices , reading device is regarded as an important factor for readability .	We suggest readability factors	1<2	unknown	elab-addition	elaboration
We suggest readability factors	that are strongly related with the readability of a specific device	1<2	unknown	elab-addition	elaboration
We suggest readability factors	by showing the correlations between various factors in each device and human-rated readability .	1<2	unknown	manner-means	mode
Therefore , this paper investigates the relationship between readability and reading devices such as a smart phone , a tablet , and paper .	Our experimental results show	1<2	unknown	evaluation	comment
Our experimental results show	that each device has its own readability characteristics ,	1<2	unknown	attribution	attribution
that each device has its own readability characteristics ,	and thus different weights should be imposed on readability factors	1<2	unknown	joint	conjunction
and thus different weights should be imposed on readability factors	according to the device type .	1<2	unknown	cause	causal
In order to prove the usefulness of the results ,	we apply the device-dependent readability to news article recommendation .	1>2	unknown	enablement	purpose
Our experimental results show	we apply the device-dependent readability to news article recommendation .	1<2	unknown	elab-addition	elaboration
We propose a new Chinese abbreviation prediction method	which can incorporate rich local information	1<2	unknown	elab-addition	elaboration
which can incorporate rich local information	while generating the abbreviation globally .	1<2	unknown	temporal	temporal
Different to previous character tagging methods ,	we introduce the minimum semantic unit ,	1>2	unknown	contrast	contrast
We propose a new Chinese abbreviation prediction method	we introduce the minimum semantic unit ,	1<2	unknown	elab-aspect	elaboration
we introduce the minimum semantic unit ,	which is more fine-grained than character but more coarse-grained than word ,	1<2	unknown	elab-addition	elaboration
we introduce the minimum semantic unit ,	to capture word level information in the sequence labeling framework .	1<2	unknown	enablement	purpose
"To solve the ""character duplication"" problem in Chinese abbreviation prediction ,"	we also use a substring tagging strategy to generate local substring tagging candidates .	1>2	unknown	enablement	purpose
we introduce the minimum semantic unit ,	we also use a substring tagging strategy to generate local substring tagging candidates .	1<2	unknown	joint	conjunction
We propose a new Chinese abbreviation prediction method	We use an integer linear programming ( ILP ) formulation with various constraints	1<2	unknown	elab-aspect	elaboration
We use an integer linear programming ( ILP ) formulation with various constraints	to globally decode the final abbreviation from the generated candidates .	1<2	unknown	enablement	purpose
We propose a new Chinese abbreviation prediction method	Experiments show	1<2	unknown	evaluation	comment
Experiments show	that our method outperforms the state-of-the-art systems ,	1<2	unknown	attribution	attribution
that our method outperforms the state-of-the-art systems ,	without using any extra resource .	1<2	unknown	elab-addition	elaboration
It has been shown	We propose to adapt Open IE technology for event-based stock price movement prediction ,	1>2	unknown	bg-compare	frame
It has been shown	that news events influence the trends of stock price movements .	1<2	unknown	attribution	attribution
It has been shown	However , previous work on news-driven stock market prediction rely on shallow features	1<2	unknown	contrast	contrast
However , previous work on news-driven stock market prediction rely on shallow features	( such as bags-of-words , named entities and noun phrases ) ,	1<2	unknown	elab-example	elaboration
However , previous work on news-driven stock market prediction rely on shallow features	which do not capture structured entity-relation information ,	1<2	unknown	elab-addition	elaboration
However , previous work on news-driven stock market prediction rely on shallow features	and hence cannot represent complete and exact events .	1<2	unknown	joint	conjunction
It has been shown	Recent advances in Open Information Extraction ( Open IE ) techniques enable the extraction of structured events from web-scale data .	1<2	unknown	elab-addition	elaboration
We propose to adapt Open IE technology for event-based stock price movement prediction ,	extracting structured events from large-scale public news	1<2	unknown	elab-addition	elaboration
extracting structured events from large-scale public news	without manual efforts .	1<2	unknown	elab-addition	elaboration
We propose to adapt Open IE technology for event-based stock price movement prediction ,	Both linear and nonlinear models are employed to empirically investigate the hidden and complex relationships between events and the stock market .	1<2	unknown	elab-addition	elaboration
We propose to adapt Open IE technology for event-based stock price movement prediction ,	Largescale experiments show	1<2	unknown	evaluation	comment
Largescale experiments show	that the accuracy of S&P 500 index prediction is 60 % ,	1<2	unknown	attribution	attribution
that the accuracy of S&P 500 index prediction is 60 % ,	and that of individual stock prediction can be over 70 % .	1<2	unknown	joint	conjunction
We propose to adapt Open IE technology for event-based stock price movement prediction ,	Our event-based system outperforms bags-of-words-based baselines , and previously reported systems	1<2	unknown	evaluation	comment
Our event-based system outperforms bags-of-words-based baselines , and previously reported systems	trained on S&P 500 stock historical data .	1<2	unknown	elab-addition	elaboration
Automatically identifying related specialist terms is a difficult and important task	This paper develops a corpus-based method of extracting coherent clusters of satellite terminology— terms on the edge of the lexicon —	1>2	unknown	bg-general	frame
Automatically identifying related specialist terms is a difficult and important task	required to understand the lexical structure of language .	1<2	unknown	elab-addition	elaboration
This paper develops a corpus-based method of extracting coherent clusters of satellite terminology— terms on the edge of the lexicon —	using co-occurrence networks of unstructured text .	1<2	unknown	manner-means	mode
This paper develops a corpus-based method of extracting coherent clusters of satellite terminology— terms on the edge of the lexicon —	Term clusters are identified	1<2	unknown	elab-addition	elaboration
Term clusters are identified	by extracting communities in the co-occurrence graph ,	1<2	unknown	manner-means	mode
by extracting communities in the co-occurrence graph ,	after which the largest is discarded	1<2	unknown	temporal	temporal
after which the largest is discarded	and the remaining words are ranked by centrality within a community .	1<2	unknown	joint	conjunction
Term clusters are identified	The method is tractable on large corpora ,	1<2	unknown	elab-addition	elaboration
The method is tractable on large corpora ,	requires no document structure and minimal normalization .	1<2	unknown	elab-addition	elaboration
This paper develops a corpus-based method of extracting coherent clusters of satellite terminology— terms on the edge of the lexicon —	The results suggest	1<2	unknown	evaluation	comment
The results suggest	that the model is able to extract coherent groups of satellite terms in corpora with varying size , content and structure .	1<2	unknown	attribution	attribution
The results suggest	The findings also confirm	1<2	unknown	joint	conjunction
The findings also confirm	that language consists of a densely connected core	1<2	unknown	attribution	attribution
that language consists of a densely connected core	( observed in dictionaries ) and systematic , semantically coherent groups of terms at the edges of the lexicon .	1<2	unknown	joint	conjunction
Given the large amounts of online textual documents available these days , e.g. , news articles , weblogs , and scientific papers ,	effective methods for extracting keyphrases , <*> are greatly needed .	1>2	unknown	condition	condition
effective methods for extracting keyphrases , <*> are greatly needed .	In this paper , we propose a supervised model for keyphrase extraction from research papers ,	1>2	unknown	bg-goal	frame
effective methods for extracting keyphrases , <*> are greatly needed .	which provide a high-level topic description of a document ,	1<2	unknown	elab-addition	elaboration
In this paper , we propose a supervised model for keyphrase extraction from research papers ,	which are embedded in citation networks .	1<2	unknown	elab-addition	elaboration
In this paper , we propose a supervised model for keyphrase extraction from research papers ,	To this end , we design novel features	1<2	unknown	elab-addition	elaboration
To this end , we design novel features	based on citation network information	1<2	unknown	bg-general	frame
To this end , we design novel features	and use them in conjunction with traditional features for keyphrase extraction	1<2	unknown	joint	conjunction
and use them in conjunction with traditional features for keyphrase extraction	to obtain remarkable improvements in performance over strong baselines .	1<2	unknown	enablement	purpose
We propose to use coreference chains	extracted from a large corpus as a resource for semantic tasks .	1<2	unknown	elab-addition	elaboration
We propose to use coreference chains	We extract three million coreference chains and train word embeddings on them .	1<2	unknown	elab-addition	elaboration
We propose to use coreference chains	Then , we compare these embeddings to word vectors	1<2	unknown	evaluation	comment
Then , we compare these embeddings to word vectors	derived from raw text data	1<2	unknown	elab-addition	elaboration
and show	that coreference-based word embeddings improve F1 on the task of antonym classification by up to .09 .	1>2	unknown	attribution	attribution
Then , we compare these embeddings to word vectors	that coreference-based word embeddings improve F1 on the task of antonym classification by up to .09 .	1<2	unknown	progression	organization
This paper proposes to apply the continuous vector representations of words	for discovering keywords from a financial sentiment lexicon .	1<2	unknown	enablement	purpose
In order to capture more keywords ,	we also incorporate syntactic information into the Continuous Bag-of-Words ( CBOW ) model .	1>2	unknown	enablement	purpose
This paper proposes to apply the continuous vector representations of words	we also incorporate syntactic information into the Continuous Bag-of-Words ( CBOW ) model .	1<2	unknown	elab-addition	elaboration
This paper proposes to apply the continuous vector representations of words	Experimental results on a task of financial risk prediction <*> that the proposed approach is good at predicting financial risk .	1<2	unknown	evaluation	comment
using the discovered keywords demonstrate	that the proposed approach is good at predicting financial risk .	1>2	unknown	attribution	attribution
When it is not possible to compare the suspicious document to the source document ( s )	the evidence of plagiarism has to be looked for intrinsically in the document itself .	1>2	unknown	condition	condition
When it is not possible to compare the suspicious document to the source document ( s )	plagiarism has been committed from ,	1<2	unknown	elab-addition	elaboration
the evidence of plagiarism has to be looked for intrinsically in the document itself .	In this paper , we introduce a novel languageindependent intrinsic plagiarism detection method	1>2	unknown	bg-goal	frame
In this paper , we introduce a novel languageindependent intrinsic plagiarism detection method	which is based on a new text representation	1<2	unknown	elab-addition	elaboration
which is based on a new text representation	that we called n-gram classes .	1<2	unknown	elab-addition	elaboration
In this paper , we introduce a novel languageindependent intrinsic plagiarism detection method	The proposed method was evaluated on three publicly available standard corpora .	1<2	unknown	evaluation	comment
The proposed method was evaluated on three publicly available standard corpora .	The obtained results are comparable to the ones	1<2	unknown	elab-addition	elaboration
The obtained results are comparable to the ones	obtained by the best state-of-the-art methods .	1<2	unknown	elab-addition	elaboration
Several recent papers on Arabic dialect identification have hinted	that using a word unigram model is sufficient and effective for the task .	1>2	unknown	attribution	attribution
that using a word unigram model is sufficient and effective for the task .	However , most previous work was done on a standard fairly homogeneous dataset of dialectal user comments .	1>2	unknown	contrast	contrast
However , most previous work was done on a standard fairly homogeneous dataset of dialectal user comments .	that training on the standard dataset does not generalize ,	1>2	unknown	bg-compare	frame
In this paper , we show	that training on the standard dataset does not generalize ,	1>2	unknown	attribution	attribution
that training on the standard dataset does not generalize ,	because a unigram model may be tuned to topics in the comments	1<2	unknown	cause	causal
because a unigram model may be tuned to topics in the comments	and does not capture the distinguishing features of dialects .	1<2	unknown	joint	conjunction
We show	that effective dialect identification requires	1>2	unknown	attribution	attribution
that effective dialect identification requires	that we account for the distinguishing lexical , morphological , and phonological phenomena of dialects .	1>2	unknown	attribution	attribution
that training on the standard dataset does not generalize ,	that we account for the distinguishing lexical , morphological , and phonological phenomena of dialects .	1<2	unknown	elab-addition	elaboration
We show	that accounting for such can improve dialect detection accuracy by nearly 10 % absolute .	1>2	unknown	attribution	attribution
that training on the standard dataset does not generalize ,	that accounting for such can improve dialect detection accuracy by nearly 10 % absolute .	1<2	unknown	evaluation	comment
In this paper , we explore the use of keyboard strokes as a means	to access the real-time writing process of online authors , analogously to prosody in speech analysis , in the context of deception detection .	1<2	unknown	elab-addition	elaboration
We show	that differences in keystroke patterns like editing maneuvers and duration of pauses can help distinguish between truthful and deceptive writing .	1>2	unknown	attribution	attribution
In this paper , we explore the use of keyboard strokes as a means	that differences in keystroke patterns like editing maneuvers and duration of pauses can help distinguish between truthful and deceptive writing .	1<2	unknown	elab-addition	elaboration
Empirical results show	that incorporating keystroke-based features lead to improved performance in deception detection in two different domains :	1>2	unknown	attribution	attribution
In this paper , we explore the use of keyboard strokes as a means	that incorporating keystroke-based features lead to improved performance in deception detection in two different domains :	1<2	unknown	evaluation	comment
that incorporating keystroke-based features lead to improved performance in deception detection in two different domains :	online reviews and essays .	1<2	unknown	elab-enumember	elaboration
Statistical language modeling ( LM ) <*> has long been an interesting yet challenging research area .	This paper presents a continuation of such a general line of research	1>2	unknown	bg-goal	frame
Statistical language modeling ( LM ) <*> has long been an interesting yet challenging research area .	that purports to quantify the acceptability of a given piece of text	1<2	unknown	elab-addition	elaboration
Statistical language modeling ( LM ) <*> has long been an interesting yet challenging research area .	In particular , language modeling for information retrieval ( IR ) has enjoyed remarkable empirical success ;	1<2	unknown	elab-addition	elaboration
In particular , language modeling for information retrieval ( IR ) has enjoyed remarkable empirical success ;	one emerging stream of the LM approach for IR is to employ the pseudo-relevance feedback process	1<2	unknown	elab-addition	elaboration
one emerging stream of the LM approach for IR is to employ the pseudo-relevance feedback process	to enhance the representation of an input query	1<2	unknown	enablement	purpose
to enhance the representation of an input query	so as to improve retrieval effectiveness .	1<2	unknown	enablement	purpose
This paper presents a continuation of such a general line of research	and the main contribution is threefold .	1<2	unknown	joint	conjunction
and the main contribution is threefold .	First , we propose a principled framework	1<2	unknown	elab-process_step	elaboration
First , we propose a principled framework	which can unify the relationships among several widely-used query modeling formulations .	1<2	unknown	elab-addition	elaboration
and the main contribution is threefold .	Second , on top of the successfully developed framework , we propose an extended query modeling formulation	1<2	unknown	elab-process_step	elaboration
Second , on top of the successfully developed framework , we propose an extended query modeling formulation	by incorporating critical query-specific information cues	1<2	unknown	manner-means	mode
Second , on top of the successfully developed framework , we propose an extended query modeling formulation	to guide the model estimation .	1<2	unknown	enablement	purpose
and the main contribution is threefold .	Third , we further adopt and formalize such a framework to the speech recognition and summarization tasks .	1<2	unknown	elab-process_step	elaboration
This paper presents a continuation of such a general line of research	A series of empirical experiments reveal the feasibility of such an LM framework and the performance merits of the deduced models on these two tasks .	1<2	unknown	evaluation	comment
We study the topic dynamics of interactions in political debates	using the 2012 Republican presidential primary debates as data .	1<2	unknown	manner-means	mode
We show	that the tendency of candidates to shift topics changes over the course of the election campaign ,	1>2	unknown	attribution	attribution
We study the topic dynamics of interactions in political debates	that the tendency of candidates to shift topics changes over the course of the election campaign ,	1<2	unknown	elab-addition	elaboration
that the tendency of candidates to shift topics changes over the course of the election campaign ,	and that it is correlated with their relative power .	1<2	unknown	joint	conjunction
We also show	that our topic shift features help predict candidates' relative rankings .	1>2	unknown	attribution	attribution
We study the topic dynamics of interactions in political debates	that our topic shift features help predict candidates' relative rankings .	1<2	unknown	evaluation	comment
We present power low rank ensembles ( PLRE ) , a flexible framework for n-gram language modeling	where ensembles of low rank matrices and tensors are used	1<2	unknown	elab-addition	elaboration
where ensembles of low rank matrices and tensors are used	to obtain smoothed probability estimates of words in context .	1<2	unknown	enablement	purpose
We present power low rank ensembles ( PLRE ) , a flexible framework for n-gram language modeling	Our method can be understood as a generalization of n-gram modeling to non-integer n ,	1<2	unknown	elab-addition	elaboration
Our method can be understood as a generalization of n-gram modeling to non-integer n ,	and includes standard techniques such as absolute discounting and Kneser-Ney smoothing as special cases .	1<2	unknown	joint	conjunction
We present power low rank ensembles ( PLRE ) , a flexible framework for n-gram language modeling	PLRE training is efficient	1<2	unknown	evaluation	comment
PLRE training is efficient	and our approach outperforms state-of-the-art modified Kneser Ney baselines in terms of perplexity on large corpora as well as on BLEU score in a downstream machine translation task .	1<2	unknown	joint	conjunction
Machine reading calls for programs	but most current work only attempts to extract facts from redundant web-scale corpora .	1>2	unknown	contrast	contrast
Machine reading calls for programs	that read and understand text ,	1<2	unknown	elab-addition	elaboration
but most current work only attempts to extract facts from redundant web-scale corpora .	In this paper , we focus on a new reading comprehension task	1>2	unknown	bg-compare	frame
In this paper , we focus on a new reading comprehension task	that requires complex reasoning over a single document .	1<2	unknown	elab-addition	elaboration
In this paper , we focus on a new reading comprehension task	The input is a paragraph	1<2	unknown	elab-addition	elaboration
The input is a paragraph	describing a biological process ,	1<2	unknown	elab-addition	elaboration
The input is a paragraph	and the goal is to answer questions	1<2	unknown	progression	organization
and the goal is to answer questions	that require an understanding of the relations between entities and events in the process .	1<2	unknown	elab-addition	elaboration
To answer the questions ,	we first predict a rich structure	1>2	unknown	enablement	purpose
and the goal is to answer questions	we first predict a rich structure	1<2	unknown	elab-process_step	elaboration
we first predict a rich structure	representing the process in the paragraph .	1<2	unknown	elab-addition	elaboration
and the goal is to answer questions	Then , we map the question to a formal query ,	1<2	unknown	elab-process_step	elaboration
Then , we map the question to a formal query ,	which is executed against the predicted structure .	1<2	unknown	elab-addition	elaboration
We demonstrate	that answering questions via predicted structures substantially improves accuracy over baselines	1>2	unknown	attribution	attribution
In this paper , we focus on a new reading comprehension task	that answering questions via predicted structures substantially improves accuracy over baselines	1<2	unknown	evaluation	comment
that answering questions via predicted structures substantially improves accuracy over baselines	that use shallower representations .	1<2	unknown	elab-addition	elaboration
Connecting words with senses , namely , sight , hearing , taste , smell and touch , <*> is a straightforward task for humans	However , to the best of our knowledge , there is no systematic attempt in the literature	1>2	unknown	contrast	contrast
Connecting words with senses , namely , sight , hearing , taste , smell and touch , <*> is a straightforward task for humans	to comprehend the sensorial information in language	1<2	unknown	enablement	purpose
Connecting words with senses , namely , sight , hearing , taste , smell and touch , <*> is a straightforward task for humans	by using commonsense knowledge .	1<2	unknown	manner-means	mode
Connecting words with senses , namely , sight , hearing , taste , smell and touch , <*> is a straightforward task for humans	With this in mind , a lexicon <*> would be crucial for the computational tasks	1<2	unknown	elab-addition	elaboration
With this in mind , a lexicon <*> would be crucial for the computational tasks	associating words with senses	1<2	unknown	elab-addition	elaboration
would be crucial for the computational tasks	aiming at interpretation of language .	1<2	unknown	elab-addition	elaboration
However , to the best of our knowledge , there is no systematic attempt in the literature	In this paper , we present a sensorial lexicon	1>2	unknown	bg-goal	frame
However , to the best of our knowledge , there is no systematic attempt in the literature	to build such a resource .	1<2	unknown	elab-addition	elaboration
In this paper , we present a sensorial lexicon	that associates English words with senses .	1<2	unknown	elab-addition	elaboration
To obtain this resource ,	we apply a computational method	1>2	unknown	enablement	purpose
In this paper , we present a sensorial lexicon	we apply a computational method	1<2	unknown	elab-addition	elaboration
we apply a computational method	based on bootstrapping and corpus statistics .	1<2	unknown	bg-general	frame
In this paper , we present a sensorial lexicon	The quality of the resulting lexicon is evaluated with a gold standard	1<2	unknown	evaluation	comment
The quality of the resulting lexicon is evaluated with a gold standard	created via crowdsourcing .	1<2	unknown	elab-addition	elaboration
The results show	that a simple classifier <*> outperforms two baselines on a sensory classification task , both at word and sentence level ,	1>2	unknown	attribution	attribution
The quality of the resulting lexicon is evaluated with a gold standard	that a simple classifier <*> outperforms two baselines on a sensory classification task , both at word and sentence level ,	1<2	unknown	elab-addition	elaboration
that a simple classifier <*> outperforms two baselines on a sensory classification task , both at word and sentence level ,	relying on the lexicon	1<2	unknown	elab-addition	elaboration
The results show	and confirm the soundness of the proposed approach for the construction of the lexicon and the usefulness of the resource for computational applications .	1<2	unknown	joint	conjunction
Statistical machine translation is quite robust	It only requires consistency between training and testing .	1>2	unknown	contrast	contrast
Statistical machine translation is quite robust	when it comes to the choice of input representation .	1<2	unknown	temporal	temporal
It only requires consistency between training and testing .	As a result , there is a wide range of possible preprocessing choices for data	1>2	unknown	result	causal
As a result , there is a wide range of possible preprocessing choices for data	In this paper , we study the effect of different word-level preprocessing schemes for Arabic on the quality of phrase-based statistical machine translation .	1>2	unknown	bg-goal	frame
As a result , there is a wide range of possible preprocessing choices for data	used in statistical machine translation .	1<2	unknown	elab-addition	elaboration
As a result , there is a wide range of possible preprocessing choices for data	This is even more so for morphologically rich languages	1<2	unknown	elab-addition	elaboration
This is even more so for morphologically rich languages	such as Arabic .	1<2	unknown	elab-example	elaboration
In this paper , we study the effect of different word-level preprocessing schemes for Arabic on the quality of phrase-based statistical machine translation .	We also present and evaluate different methods	1<2	unknown	elab-addition	elaboration
We also present and evaluate different methods	for combining preprocessing schemes	1<2	unknown	elab-addition	elaboration
for combining preprocessing schemes	resulting in improved translation quality .	1<2	unknown	cause	causal
This paper presents an extensive evaluation of five different alignments	and investigates their impact on the corresponding MT system output .	1<2	unknown	joint	conjunction
This paper presents an extensive evaluation of five different alignments	We introduce new measures for intrinsic evaluations	1<2	unknown	elab-addition	elaboration
We introduce new measures for intrinsic evaluations	and examine the distribution of phrases and untranslated words	1<2	unknown	progression	organization
and examine the distribution of phrases and untranslated words	during decoding	1<2	unknown	temporal	temporal
and examine the distribution of phrases and untranslated words	to identify which characteristics of different alignments affect translation .	1<2	unknown	enablement	purpose
We show	that precision-oriented alignments yield better MT output	1>2	unknown	attribution	attribution
This paper presents an extensive evaluation of five different alignments	that precision-oriented alignments yield better MT output	1<2	unknown	evaluation	comment
that precision-oriented alignments yield better MT output	( translating more words	1<2	unknown	elab-definition	elaboration
( translating more words	and using longer phrases )	1<2	unknown	joint	conjunction
that precision-oriented alignments yield better MT output	than recalloriented alignments .	1<2	unknown	comparison	concession
We present a method for unsupervised topic modelling	which adapts methods	1<2	unknown	elab-addition	elaboration
which adapts methods	used in document classification ( Blei et al. , 2003 ; Griffiths and Steyvers , 2004 )	1<2	unknown	elab-addition	elaboration
which adapts methods	to unsegmented multi-party discourse transcripts .	1<2	unknown	enablement	purpose
We show	how Bayesian inference in this generative model can be used	1>2	unknown	attribution	attribution
We present a method for unsupervised topic modelling	how Bayesian inference in this generative model can be used	1<2	unknown	elab-addition	elaboration
how Bayesian inference in this generative model can be used	to simultaneously address the problems of topic segmentation and topic identification :	1<2	unknown	enablement	purpose
to simultaneously address the problems of topic segmentation and topic identification :	automatically segmenting multi-party meetings into topically coherent segments with performance	1<2	unknown	elab-definition	elaboration
automatically segmenting multi-party meetings into topically coherent segments with performance	which compares well with previous unsupervised segmentation-only methods ( Galley et al. , 2003 )	1<2	unknown	comparison	concession
automatically segmenting multi-party meetings into topically coherent segments with performance	while simultaneously extracting topics	1<2	unknown	joint	conjunction
while simultaneously extracting topics	which rate highly	1<2	unknown	elab-addition	elaboration
which rate highly	when assessed for coherence by human judges .	1<2	unknown	condition	condition
We also show	that this method appears robust in the face of off-topic dialogue and speech recognition errors .	1>2	unknown	attribution	attribution
We present a method for unsupervised topic modelling	that this method appears robust in the face of off-topic dialogue and speech recognition errors .	1<2	unknown	evaluation	comment
We consider the task of unsupervised lecture segmentation .	We formalize segmentation as a graph-partitioning task	1>2	unknown	bg-goal	frame
We formalize segmentation as a graph-partitioning task	that optimizes the normalized cut criterion .	1<2	unknown	elab-addition	elaboration
We formalize segmentation as a graph-partitioning task	Our approach moves beyond localized comparisons	1<2	unknown	elab-addition	elaboration
Our approach moves beyond localized comparisons	and takes into account longrange cohesion dependencies .	1<2	unknown	joint	conjunction
Our results demonstrate	that global analysis improves the segmentation accuracy	1>2	unknown	attribution	attribution
We formalize segmentation as a graph-partitioning task	that global analysis improves the segmentation accuracy	1<2	unknown	evaluation	comment
that global analysis improves the segmentation accuracy	and is robust in the presence of speech recognition errors .	1<2	unknown	joint	conjunction
We present an approach to pronoun resolution	based on syntactic paths .	1<2	unknown	bg-general	frame
Through a simple bootstrapping procedure ,	we learn the likelihood of coreference between a pronoun and a candidate noun	1>2	unknown	manner-means	mode
We present an approach to pronoun resolution	we learn the likelihood of coreference between a pronoun and a candidate noun	1<2	unknown	elab-addition	elaboration
we learn the likelihood of coreference between a pronoun and a candidate noun	based on the path in the parse tree between the two entities .	1<2	unknown	bg-general	frame
based on the path in the parse tree between the two entities .	This path information enables us to handle previously challenging resolution instances ,	1<2	unknown	elab-addition	elaboration
This path information enables us to handle previously challenging resolution instances ,	and also robustly addresses traditional syntactic coreference constraints .	1<2	unknown	joint	conjunction
This path information enables us to handle previously challenging resolution instances ,	Highly coreferent paths also allow mining of precise probabilistic gender/number information .	1<2	unknown	elab-addition	elaboration
We combine statistical knowledge with well known features in a Support Vector Machine pronoun resolution classifier .	Significant gains in performance are observed on several datasets .	1>2	unknown	result	causal
We present an approach to pronoun resolution	Significant gains in performance are observed on several datasets .	1<2	unknown	evaluation	comment
Syntactic knowledge is important for pronoun resolution .	In the paper , we propose a kernel-based method	1>2	unknown	bg-goal	frame
Traditionally , the syntactic information for pronoun resolution is represented in terms of features	In the paper , we propose a kernel-based method	1>2	unknown	bg-compare	frame
Traditionally , the syntactic information for pronoun resolution is represented in terms of features	that have to be selected and defined heuristically .	1<2	unknown	elab-addition	elaboration
In the paper , we propose a kernel-based method	that can automatically mine the syntactic information from the parse trees for pronoun resolution .	1<2	unknown	elab-addition	elaboration
Specifically , we utilize the parse trees directly as a structured feature	and apply kernel functions to this feature , as well as other normal features ,	1>2	unknown	progression	organization
In the paper , we propose a kernel-based method	and apply kernel functions to this feature , as well as other normal features ,	1<2	unknown	elab-addition	elaboration
and apply kernel functions to this feature , as well as other normal features ,	to learn the resolution classifier .	1<2	unknown	enablement	purpose
and apply kernel functions to this feature , as well as other normal features ,	In this way , our approach avoids the efforts	1<2	unknown	elab-addition	elaboration
In this way , our approach avoids the efforts	of decoding the parse trees into the set of flat syntactic features .	1<2	unknown	elab-addition	elaboration
The experimental results show	that our approach can bring significant performance improvement	1>2	unknown	attribution	attribution
In the paper , we propose a kernel-based method	that our approach can bring significant performance improvement	1<2	unknown	evaluation	comment
that our approach can bring significant performance improvement	and is reliably effective for the pronoun resolution task .	1<2	unknown	joint	conjunction
It has previously been assumed in the psycholinguistic literature	that a simple computational model ( a bigram part-of-speech tagger <*> makes correct predictions on processing difficulty	1>2	unknown	bg-goal	frame
It has previously been assumed in the psycholinguistic literature	that finite-state models of language are crucially limited in their explanatory power by the locality of the probability distribution and the narrow scope of information	1<2	unknown	elab-addition	elaboration
that finite-state models of language are crucially limited in their explanatory power by the locality of the probability distribution and the narrow scope of information	used by the model .	1<2	unknown	elab-addition	elaboration
We show	that a simple computational model ( a bigram part-of-speech tagger <*> makes correct predictions on processing difficulty	1>2	unknown	attribution	attribution
that a simple computational model ( a bigram part-of-speech tagger <*> makes correct predictions on processing difficulty	based on the design	1<2	unknown	bg-general	frame
based on the design	used by Corley and Crocker ( 2000 ) )	1<2	unknown	elab-addition	elaboration
makes correct predictions on processing difficulty	observed in a wide range of empirical sentence processing data .	1<2	unknown	elab-addition	elaboration
that a simple computational model ( a bigram part-of-speech tagger <*> makes correct predictions on processing difficulty	We use two modes of evaluation :	1<2	unknown	elab-addition	elaboration
We use two modes of evaluation :	one	1<2	unknown	elab-enumember	elaboration
one	that relies on comparison with a control sentence ,	1<2	unknown	elab-addition	elaboration
that relies on comparison with a control sentence ,	paralleling practice in human studies ;	1<2	unknown	comparison	concession
We use two modes of evaluation :	another	1<2	unknown	elab-enumember	elaboration
another	that measures probability drop in the disambiguating region of the sentence .	1<2	unknown	elab-addition	elaboration
We use two modes of evaluation :	Both are surprisingly good indicators of the processing difficulty of garden-path sentences .	1<2	unknown	summary	organization
that a simple computational model ( a bigram part-of-speech tagger <*> makes correct predictions on processing difficulty	The sentences tested are drawn from published sources	1<2	unknown	elab-addition	elaboration
The sentences tested are drawn from published sources	and systematically explore five different types of ambiguity :	1<2	unknown	joint	conjunction
The sentences tested are drawn from published sources	previous studies have been narrower in scope	1<2	unknown	comparison	concession
previous studies have been narrower in scope	and smaller in scale .	1<2	unknown	joint	conjunction
We do not deny the limitations of finite-state models ,	that their usefulness has been underestimated .	1>2	unknown	contrast	contrast
but argue	that our results show	1>2	unknown	attribution	attribution
that our results show	that their usefulness has been underestimated .	1>2	unknown	attribution	attribution
that a simple computational model ( a bigram part-of-speech tagger <*> makes correct predictions on processing difficulty	that their usefulness has been underestimated .	1<2	unknown	evaluation	comment
We propose in this paper a method	for quantifying sentence grammaticality .	1<2	unknown	elab-addition	elaboration
We propose in this paper a method	The approach <*> makes it possible to evaluate a grammaticality index for any kind of sentence ,	1<2	unknown	elab-addition	elaboration
The approach <*> makes it possible to evaluate a grammaticality index for any kind of sentence ,	based on Property Grammars , a constraint-based syntactic formalism ,	1<2	unknown	bg-general	frame
makes it possible to evaluate a grammaticality index for any kind of sentence ,	including ill-formed ones .	1<2	unknown	elab-example	elaboration
We propose in this paper a method	We compare on a sample of sentences the grammaticality indices	1<2	unknown	elab-addition	elaboration
We compare on a sample of sentences the grammaticality indices	obtained from PG formalism	1<2	unknown	elab-addition	elaboration
We compare on a sample of sentences the grammaticality indices	and the acceptability judgements	1<2	unknown	joint	conjunction
and the acceptability judgements	measured by means of a psycholinguistic analysis .	1<2	unknown	elab-addition	elaboration
The results show	that the derived grammaticality index is a fairly good tracer of acceptability scores .	1>2	unknown	attribution	attribution
We propose in this paper a method	that the derived grammaticality index is a fairly good tracer of acceptability scores .	1<2	unknown	evaluation	comment
In this paper we present a novel approach	for inducing word alignments from sentence aligned data .	1<2	unknown	elab-addition	elaboration
In this paper we present a novel approach	We use a Conditional Random Field ( CRF ) , a discriminative model ,	1<2	unknown	elab-addition	elaboration
We use a Conditional Random Field ( CRF ) , a discriminative model ,	which is estimated on a small supervised training set .	1<2	unknown	elab-addition	elaboration
The CRF is conditioned on both the source and target texts ,	and thus allows for the use of arbitrary and overlapping features over these data .	1>2	unknown	progression	organization
We use a Conditional Random Field ( CRF ) , a discriminative model ,	and thus allows for the use of arbitrary and overlapping features over these data .	1<2	unknown	elab-addition	elaboration
We use a Conditional Random Field ( CRF ) , a discriminative model ,	Moreover , the CRF has efficient training and decoding processes	1<2	unknown	elab-addition	elaboration
Moreover , the CRF has efficient training and decoding processes	which both find globally optimal solutions .	1<2	unknown	elab-addition	elaboration
We apply this alignment model to both French-English and Romanian-English language pairs .	how a large number of highly predictive features can be easily incorporated into the CRF ,	1>2	unknown	result	causal
We show	how a large number of highly predictive features can be easily incorporated into the CRF ,	1>2	unknown	attribution	attribution
We use a Conditional Random Field ( CRF ) , a discriminative model ,	how a large number of highly predictive features can be easily incorporated into the CRF ,	1<2	unknown	evaluation	comment
and demonstrate	that even with only a few hundred word-aligned training sentences , our model improves over the current state-ofthe-art with alignment error rates of 5.29 and 25.8 for the two tasks respectively .	1>2	unknown	attribution	attribution
how a large number of highly predictive features can be easily incorporated into the CRF ,	that even with only a few hundred word-aligned training sentences , our model improves over the current state-ofthe-art with alignment error rates of 5.29 and 25.8 for the two tasks respectively .	1<2	unknown	joint	conjunction
In this paper we investigate ChineseEnglish name transliteration	using comparable corpora , corpora	1<2	unknown	manner-means	mode
using comparable corpora , corpora	where texts in the two languages deal in some of the same topics —	1<2	unknown	elab-addition	elaboration
where texts in the two languages deal in some of the same topics —	and therefore share references to named entities —	1<2	unknown	progression	organization
and therefore share references to named entities —	but are not translations of each other .	1<2	unknown	contrast	contrast
In this paper we investigate ChineseEnglish name transliteration	We present two distinct methods for transliteration ,	1<2	unknown	elab-addition	elaboration
We present two distinct methods for transliteration ,	one approach	1<2	unknown	elab-enumember	elaboration
one approach	using phonetic transliteration ,	1<2	unknown	manner-means	mode
We present two distinct methods for transliteration ,	and the second	1<2	unknown	elab-enumember	elaboration
and the second	using the temporal distribution of candidate pairs .	1<2	unknown	manner-means	mode
Each of these approaches works quite well ,	one can achieve even better results .	1>2	unknown	contrast	contrast
but by combining the approaches	one can achieve even better results .	1>2	unknown	manner-means	mode
We present two distinct methods for transliteration ,	one can achieve even better results .	1<2	unknown	summary	organization
We then propose a novel score propagation method	This propagation method achieves further improvement over the best results from the previous step .	1>2	unknown	result	causal
We then propose a novel score propagation method	that utilizes the co-occurrence of transliteration pairs within document pairs .	1<2	unknown	elab-addition	elaboration
In this paper we investigate ChineseEnglish name transliteration	This propagation method achieves further improvement over the best results from the previous step .	1<2	unknown	evaluation	comment
We present a novel method	for extracting parallel sub-sentential fragments from comparable , non-parallel bilingual corpora .	1<2	unknown	elab-addition	elaboration
By analyzing potentially similar sentence pairs	which segments of the source sentence are translated into segments in the target sentence ,	1>2	unknown	manner-means	mode
By analyzing potentially similar sentence pairs	using a signal processinginspired approach ,	1<2	unknown	manner-means	mode
we detect	which segments of the source sentence are translated into segments in the target sentence ,	1>2	unknown	attribution	attribution
We present a novel method	which segments of the source sentence are translated into segments in the target sentence ,	1<2	unknown	elab-addition	elaboration
which segments of the source sentence are translated into segments in the target sentence ,	and which are not .	1<2	unknown	joint	conjunction
We present a novel method	This method enables us to extract useful machine translation training data even from very non-parallel corpora ,	1<2	unknown	elab-addition	elaboration
This method enables us to extract useful machine translation training data even from very non-parallel corpora ,	which contain no parallel sentence pairs .	1<2	unknown	elab-addition	elaboration
We present a novel method	We evaluate the quality of the extracted data	1<2	unknown	evaluation	comment
by showing	that it improves the performance of a state-of-the-art statistical machine translation system .	1>2	unknown	attribution	attribution
We evaluate the quality of the extracted data	that it improves the performance of a state-of-the-art statistical machine translation system .	1<2	unknown	manner-means	mode
Instances of a word <*> may have different sense priors ( the proportions of the different senses of a word ) .	This paper presents a method	1>2	unknown	bg-goal	frame
Instances of a word <*> may have different sense priors ( the proportions of the different senses of a word ) .	drawn from different domains	1<2	unknown	elab-addition	elaboration
Instances of a word <*> may have different sense priors ( the proportions of the different senses of a word ) .	This in turn affects the accuracy of word sense disambiguation ( WSD ) systems	1<2	unknown	elab-addition	elaboration
This in turn affects the accuracy of word sense disambiguation ( WSD ) systems	trained and applied on different domains .	1<2	unknown	elab-addition	elaboration
This paper presents a method	to estimate the sense priors of words	1<2	unknown	elab-addition	elaboration
to estimate the sense priors of words	drawn from a new domain ,	1<2	unknown	elab-addition	elaboration
to estimate the sense priors of words	and highlights the importance	1<2	unknown	joint	conjunction
and highlights the importance	of using well calibrated probabilities	1<2	unknown	elab-addition	elaboration
and highlights the importance	when performing these estimations .	1<2	unknown	condition	condition
By using well calibrated probabilities ,	we are able to estimate the sense priors effectively	1>2	unknown	manner-means	mode
This paper presents a method	we are able to estimate the sense priors effectively	1<2	unknown	evaluation	comment
we are able to estimate the sense priors effectively	to achieve significant improvements in WSD accuracy .	1<2	unknown	enablement	purpose
Combination methods are an effective way	This paper examines the benefits of system combination for unsupervised WSD .	1>2	unknown	bg-goal	frame
Combination methods are an effective way	of improving system performance .	1<2	unknown	elab-addition	elaboration
This paper examines the benefits of system combination for unsupervised WSD .	We investigate several voting- and arbiterbased combination strategies over a diverse pool of unsupervised WSD systems .	1<2	unknown	elab-addition	elaboration
This paper examines the benefits of system combination for unsupervised WSD .	Our combination methods rely on predominant senses	1<2	unknown	elab-addition	elaboration
Our combination methods rely on predominant senses	which are derived automatically from raw text .	1<2	unknown	elab-addition	elaboration
This paper examines the benefits of system combination for unsupervised WSD .	Experiments <*> that our ensembles yield signifi-cantly better results	1<2	unknown	evaluation	comment
Experiments <*> that our ensembles yield signifi-cantly better results	using the SemCor and Senseval-3 data sets	1<2	unknown	elab-addition	elaboration
demonstrate	that our ensembles yield signifi-cantly better results	1>2	unknown	attribution	attribution
that our ensembles yield signifi-cantly better results	when compared with state-of-the-art .	1<2	unknown	comparison	concession
Fine-grained sense distinctions are one of the major obstacles to successful Word Sense Disambiguation .	In this paper , we present a method	1>2	unknown	bg-goal	frame
In this paper , we present a method	for reducing the granularity of the WordNet sense inventory	1<2	unknown	elab-addition	elaboration
In this paper , we present a method	based on the mapping to a manually crafted dictionary	1<2	unknown	bg-general	frame
based on the mapping to a manually crafted dictionary	encoding sense hierarchies ,	1<2	unknown	elab-addition	elaboration
based on the mapping to a manually crafted dictionary	namely the Oxford Dictionary of English .	1<2	unknown	elab-addition	elaboration
In this paper , we present a method	We assess the quality of the mapping and the induced clustering ,	1<2	unknown	evaluation	comment
We assess the quality of the mapping and the induced clustering ,	and evaluate the performance of coarse WSD systems in the Senseval-3 English all-words task .	1<2	unknown	joint	conjunction
In this paper , we present Espresso , a weakly-supervised , general-purpose , and accurate algorithm	for harvesting semantic relations .	1<2	unknown	enablement	purpose
In this paper , we present Espresso , a weakly-supervised , general-purpose , and accurate algorithm	The main contributions are :	1<2	unknown	elab-addition	elaboration
The main contributions are :	i ) a method for exploiting generic patterns	1<2	unknown	elab-enumember	elaboration
i ) a method for exploiting generic patterns	by filtering incorrect instances	1<2	unknown	manner-means	mode
by filtering incorrect instances	using the Web ;	1<2	unknown	manner-means	mode
The main contributions are :	and ii ) a principled measure of pattern and instance reliability	1<2	unknown	elab-enumember	elaboration
and ii ) a principled measure of pattern and instance reliability	enabling the filtering algorithm .	1<2	unknown	elab-addition	elaboration
In this paper , we present Espresso , a weakly-supervised , general-purpose , and accurate algorithm	We present an empirical comparison of Espresso with various state of the art systems , on different size and genre corpora ,	1<2	unknown	elab-addition	elaboration
We present an empirical comparison of Espresso with various state of the art systems , on different size and genre corpora ,	on extracting various general and specific relations .	1<2	unknown	elab-addition	elaboration
Experimental results show	that our exploitation of generic patterns substantially increases system recall with small effect on overall precision .	1>2	unknown	attribution	attribution
We present an empirical comparison of Espresso with various state of the art systems , on different size and genre corpora ,	that our exploitation of generic patterns substantially increases system recall with small effect on overall precision .	1<2	unknown	evaluation	comment
This paper proposes a novel hierarchical learning strategy	to deal with the data sparseness problem in relation extraction	1<2	unknown	enablement	purpose
to deal with the data sparseness problem in relation extraction	by modeling the commonality among related classes .	1<2	unknown	manner-means	mode
For each class in the hierarchy	a linear discriminative function is determined in a topdown way	1>2	unknown	bg-general	frame
For each class in the hierarchy	either manually predefined	1<2	unknown	elab-addition	elaboration
either manually predefined	or automatically clustered ,	1<2	unknown	joint	conjunction
This paper proposes a novel hierarchical learning strategy	a linear discriminative function is determined in a topdown way	1<2	unknown	elab-addition	elaboration
a linear discriminative function is determined in a topdown way	using a perceptron algorithm with the lower-level weight vector	1<2	unknown	manner-means	mode
using a perceptron algorithm with the lower-level weight vector	derived from the upper-level weight vector .	1<2	unknown	elab-addition	elaboration
As the upper-level class normally has much more positive training examples than the lower-level class ,	the corresponding linear discriminative function can be determined more reliably .	1>2	unknown	exp-reason	explanation
a linear discriminative function is determined in a topdown way	the corresponding linear discriminative function can be determined more reliably .	1<2	unknown	elab-addition	elaboration
a linear discriminative function is determined in a topdown way	The upperlevel discriminative function then can effectively guide the discriminative function learning in the lower-level ,	1<2	unknown	elab-addition	elaboration
The upperlevel discriminative function then can effectively guide the discriminative function learning in the lower-level ,	which otherwise might suffer from limited training data .	1<2	unknown	elab-addition	elaboration
Evaluation on the ACE RDC 2003 corpus shows	that the hierarchical strategy much improves the performance by 5.6 and 5.1 in F-measure on least- and medium- frequent relations respectively .	1>2	unknown	attribution	attribution
This paper proposes a novel hierarchical learning strategy	that the hierarchical strategy much improves the performance by 5.6 and 5.1 in F-measure on least- and medium- frequent relations respectively .	1<2	unknown	evaluation	comment
It also shows	that our system outperforms the previous best-reported system by 2.7 in F-measure on the 24 subtypes	1>2	unknown	attribution	attribution
This paper proposes a novel hierarchical learning strategy	that our system outperforms the previous best-reported system by 2.7 in F-measure on the 24 subtypes	1<2	unknown	evaluation	comment
that our system outperforms the previous best-reported system by 2.7 in F-measure on the 24 subtypes	using the same feature set .	1<2	unknown	manner-means	mode
Shortage of manually labeled data is an obstacle to supervised relation extraction methods .	In this paper we investigate a graph based semi-supervised learning algorithm , a label propagation ( LP ) algorithm , for relation extraction .	1>2	unknown	bg-goal	frame
In this paper we investigate a graph based semi-supervised learning algorithm , a label propagation ( LP ) algorithm , for relation extraction .	It represents labeled and unlabeled examples and their distances as the nodes and the weights of edges of a graph ,	1<2	unknown	elab-addition	elaboration
It represents labeled and unlabeled examples and their distances as the nodes and the weights of edges of a graph ,	and tries to obtain a labeling function	1<2	unknown	joint	conjunction
and tries to obtain a labeling function	to satisfy two constraints :	1<2	unknown	enablement	purpose
to satisfy two constraints :	1 ) it should be fixed on the labeled nodes ,	1<2	unknown	elab-enumember	elaboration
to satisfy two constraints :	2 ) it should be smooth on the whole graph .	1<2	unknown	elab-enumember	elaboration
Experiment results on the ACE corpus showed	that this LP algorithm achieves better performance than SVM	1>2	unknown	attribution	attribution
In this paper we investigate a graph based semi-supervised learning algorithm , a label propagation ( LP ) algorithm , for relation extraction .	that this LP algorithm achieves better performance than SVM	1<2	unknown	evaluation	comment
that this LP algorithm achieves better performance than SVM	when only very few labeled examples are available ,	1<2	unknown	condition	condition
that this LP algorithm achieves better performance than SVM	and it also performs better than bootstrapping for the relation extraction task .	1<2	unknown	joint	conjunction
This paper proposes a generic mathematical formalism for the combination of various structures :	strings , trees , dags , graphs and products of them .	1<2	unknown	elab-enumember	elaboration
This paper proposes a generic mathematical formalism for the combination of various structures :	The polarization of the objects of the elementary structures controls the saturation of the final structure .	1<2	unknown	elab-addition	elaboration
This paper proposes a generic mathematical formalism for the combination of various structures :	This formalism is both elementary and powerful enough	1<2	unknown	evaluation	comment
This formalism is both elementary and powerful enough	to strongly simulate many grammar formalisms ,	1<2	unknown	enablement	purpose
to strongly simulate many grammar formalisms ,	such as rewriting systems , dependency grammars , TAG , HPSG and LFG .	1<2	unknown	elab-example	elaboration
Much of the information in such grammars is encoded in the signature ,	and hence the key is facilitating a modularized development of type signatures .	1>2	unknown	progression	organization
This work provides the essential foundations for modular construction of ( typed ) unification grammars for natural languages .	and hence the key is facilitating a modularized development of type signatures .	1<2	unknown	elab-addition	elaboration
We introduce a definition of signature modules	how two modules combine .	1>2	unknown	progression	organization
and show	how two modules combine .	1>2	unknown	attribution	attribution
This work provides the essential foundations for modular construction of ( typed ) unification grammars for natural languages .	how two modules combine .	1<2	unknown	elab-addition	elaboration
This work provides the essential foundations for modular construction of ( typed ) unification grammars for natural languages .	Our definitions are motivated by the actual needs of grammar developers	1<2	unknown	elab-addition	elaboration
Our definitions are motivated by the actual needs of grammar developers	obtained through a careful examination of large scale grammars .	1<2	unknown	elab-addition	elaboration
We show	that our definitions meet these needs	1>2	unknown	attribution	attribution
This work provides the essential foundations for modular construction of ( typed ) unification grammars for natural languages .	that our definitions meet these needs	1<2	unknown	evaluation	comment
that our definitions meet these needs	by conforming to a detailed set of desiderata .	1<2	unknown	manner-means	mode
This paper investigates the use of sublexical units as a solution	to handling the complex morphology with productive derivational processes ,	1<2	unknown	elab-addition	elaboration
to handling the complex morphology with productive derivational processes ,	in the development of a lexical functional grammar for Turkish .	1<2	unknown	elab-addition	elaboration
This paper investigates the use of sublexical units as a solution	Such sublexical units make it possible to expose the internal structure of words with multiple derivations to the grammar rules in a uniform manner .	1<2	unknown	elab-addition	elaboration
Such sublexical units make it possible to expose the internal structure of words with multiple derivations to the grammar rules in a uniform manner .	This in turn leads to more succinct and manageable rules .	1<2	unknown	elab-addition	elaboration
Such sublexical units make it possible to expose the internal structure of words with multiple derivations to the grammar rules in a uniform manner .	Further , the semantics of the derivations can also be systematically reflected in a compositional way	1<2	unknown	elab-addition	elaboration
Further , the semantics of the derivations can also be systematically reflected in a compositional way	by constructing PRED values on the fly .	1<2	unknown	manner-means	mode
We illustrate	how we use sublexical units	1>2	unknown	attribution	attribution
This paper investigates the use of sublexical units as a solution	how we use sublexical units	1<2	unknown	elab-addition	elaboration
how we use sublexical units	for handling simple productive derivational morphology and more interesting cases	1<2	unknown	enablement	purpose
for handling simple productive derivational morphology and more interesting cases	such as causativization , etc. ,	1<2	unknown	elab-example	elaboration
for handling simple productive derivational morphology and more interesting cases	which change verb valency .	1<2	unknown	elab-addition	elaboration
This paper investigates the use of sublexical units as a solution	Our priority is to handle several linguistic phenomena	1<2	unknown	elab-addition	elaboration
Our priority is to handle several linguistic phenomena	in order to observe the effects of our approach on both the c-structure and the f-structure representation , and grammar writing ,	1<2	unknown	enablement	purpose
in order to observe the effects of our approach on both the c-structure and the f-structure representation , and grammar writing ,	leaving the coverage and evaluation issues aside for the moment .	1<2	unknown	elab-addition	elaboration
A grammatical method <*> is presented .	of combining two kinds of speech repair cues	1<2	unknown	elab-addition	elaboration
A grammatical method <*> is presented .	One cue , prosodic disjuncture , is detected by a decision tree-based ensemble classifier	1<2	unknown	elab-aspect	elaboration
One cue , prosodic disjuncture , is detected by a decision tree-based ensemble classifier	that uses acoustic cues	1<2	unknown	elab-addition	elaboration
to identify	where normal prosody seems to be interrupted ( Lickley , 1996 ) .	1>2	unknown	attribution	attribution
that uses acoustic cues	where normal prosody seems to be interrupted ( Lickley , 1996 ) .	1<2	unknown	enablement	purpose
A grammatical method <*> is presented .	The other cue , syntactic parallelism , codifies the expectation	1<2	unknown	elab-aspect	elaboration
The other cue , syntactic parallelism , codifies the expectation	that repairs continue a syntactic category	1<2	unknown	elab-addition	elaboration
that repairs continue a syntactic category	that was left unfinished in the reparandum ( Levelt , 1983 ) .	1<2	unknown	elab-addition	elaboration
A grammatical method <*> is presented .	The two cues are combined in a Treebank PCFG	1<2	unknown	elab-addition	elaboration
The two cues are combined in a Treebank PCFG	whose states are split	1<2	unknown	elab-addition	elaboration
whose states are split	using a few simple tree transformations .	1<2	unknown	manner-means	mode
Parsing performance on the Switchboard and Fisher corpora suggests	that these two cues help to locate speech repairs in a synergistic way .	1>2	unknown	attribution	attribution
A grammatical method <*> is presented .	that these two cues help to locate speech repairs in a synergistic way .	1<2	unknown	evaluation	comment
Spoken monologues feature greater sentence length and structural complexity	This paper proposes a method for dependency parsing of Japanese monologues	1>2	unknown	bg-goal	frame
Spoken monologues feature greater sentence length and structural complexity	than do spoken dialogues .	1<2	unknown	comparison	concession
To achieve high parsing performance for spoken monologues ,	it could prove effective to simplify the structure	1>2	unknown	enablement	purpose
Spoken monologues feature greater sentence length and structural complexity	it could prove effective to simplify the structure	1<2	unknown	elab-addition	elaboration
it could prove effective to simplify the structure	by dividing a sentence into suitable language units .	1<2	unknown	manner-means	mode
This paper proposes a method for dependency parsing of Japanese monologues	based on sentence segmentation .	1<2	unknown	bg-general	frame
This paper proposes a method for dependency parsing of Japanese monologues	In this method , the dependency parsing is executed in two stages : at the clause level and the sentence level .	1<2	unknown	elab-addition	elaboration
In this method , the dependency parsing is executed in two stages : at the clause level and the sentence level .	First , the dependencies within a clause are identified	1<2	unknown	elab-process_step	elaboration
First , the dependencies within a clause are identified	by dividing a sentence into clauses	1<2	unknown	manner-means	mode
by dividing a sentence into clauses	and executing stochastic dependency parsing for each clause .	1<2	unknown	joint	conjunction
In this method , the dependency parsing is executed in two stages : at the clause level and the sentence level .	Next , the dependencies over clause boundaries are identified stochastically ,	1<2	unknown	elab-process_step	elaboration
Next , the dependencies over clause boundaries are identified stochastically ,	and the dependency structure of the entire sentence is thus completed .	1<2	unknown	joint	conjunction
An experiment	shows this method to be effective for efficient dependency parsing of Japanese monologue sentences .	1>2	unknown	attribution	attribution
An experiment	using a spoken monologue corpus	1<2	unknown	manner-means	mode
This paper proposes a method for dependency parsing of Japanese monologues	shows this method to be effective for efficient dependency parsing of Japanese monologue sentences .	1<2	unknown	evaluation	comment
This paper describes a parser	which generates parse trees with empty elements	1<2	unknown	elab-addition	elaboration
which generates parse trees with empty elements	in which traces and fillers are co-indexed .	1<2	unknown	elab-addition	elaboration
This paper describes a parser	The parser is an unlexicalized PCFG parser	1<2	unknown	elab-addition	elaboration
The parser is an unlexicalized PCFG parser	which is guaranteed to return the most probable parse .	1<2	unknown	elab-addition	elaboration
This paper describes a parser	The grammar is extracted from a version of the PENN treebank	1<2	unknown	elab-addition	elaboration
The grammar is extracted from a version of the PENN treebank	which was automatically annotated with features in the style of Klein and Manning ( 2003 ) .	1<2	unknown	elab-addition	elaboration
This paper describes a parser	The annotation includes GPSG-style slash features	1<2	unknown	elab-addition	elaboration
The annotation includes GPSG-style slash features	which link traces and fillers , and other features	1<2	unknown	elab-addition	elaboration
which link traces and fillers , and other features	which improve the general parsing accuracy .	1<2	unknown	elab-addition	elaboration
In an evaluation on the PENN treebank ( Marcus et al. , 1993 ) , the parser outperformed other unlexicalized PCFG parsers in terms of labeled bracketing fscore .	Its results for the empty category prediction task and the trace-filler coindexation task exceed all previously reported results with 84.1 % and 77.4 % fscore , respectively	1>2	unknown	result	causal
This paper describes a parser	Its results for the empty category prediction task and the trace-filler coindexation task exceed all previously reported results with 84.1 % and 77.4 % fscore , respectively	1<2	unknown	evaluation	comment
We explore the use of restricted dialogue contexts in reinforcement learning ( RL ) of effective dialogue strategies for information seeking spoken dialogue systems ( e.g. COMMUNICATOR ( Walker et al. , 2001 ) ) .	The contexts <*> are richer than previous research in this area , e.g. ( Levin and Pieraccini , 1997 ; Scheffler and Young , 2001 ; Singh et al. , 2002 ; Pietquin , 2004 ) ,	1<2	unknown	elab-addition	elaboration
The contexts <*> are richer than previous research in this area , e.g. ( Levin and Pieraccini , 1997 ; Scheffler and Young , 2001 ; Singh et al. , 2002 ; Pietquin , 2004 ) ,	we use	1<2	unknown	elab-addition	elaboration
are richer than previous research in this area , e.g. ( Levin and Pieraccini , 1997 ; Scheffler and Young , 2001 ; Singh et al. , 2002 ; Pietquin , 2004 ) ,	which use only slot-based information ,	1<2	unknown	elab-addition	elaboration
which use only slot-based information ,	"but are much less complex than the full dialogue ""Information States"""	1<2	unknown	contrast	contrast
"but are much less complex than the full dialogue ""Information States"""	explored in ( Henderson et al. , 2005 ) ,	1<2	unknown	elab-addition	elaboration
"but are much less complex than the full dialogue ""Information States"""	for which tractabe learning is an issue .	1<2	unknown	elab-addition	elaboration
We explore	how incrementally adding richer features allows learning of more effective dialogue strategies .	1>2	unknown	attribution	attribution
We explore the use of restricted dialogue contexts in reinforcement learning ( RL ) of effective dialogue strategies for information seeking spoken dialogue systems ( e.g. COMMUNICATOR ( Walker et al. , 2001 ) ) .	how incrementally adding richer features allows learning of more effective dialogue strategies .	1<2	unknown	elab-addition	elaboration
We explore the use of restricted dialogue contexts in reinforcement learning ( RL ) of effective dialogue strategies for information seeking spoken dialogue systems ( e.g. COMMUNICATOR ( Walker et al. , 2001 ) ) .	We use 2 user simulations	1<2	unknown	elab-addition	elaboration
We use 2 user simulations	learned from COMMUNICATOR data ( Walker et al. , 2001 ; Georgila et al. , 2005b )	1<2	unknown	elab-addition	elaboration
We use 2 user simulations	to explore the effects of different features on learned dialogue strategies .	1<2	unknown	enablement	purpose
Our results show	that adding the dialogue moves of the last system and user turns increases the average reward of the automatically learned strategies by 65.9 % over the original ( hand-coded ) COMMUNICATOR systems , and by 7.8 % over a baseline RL policy	1>2	unknown	attribution	attribution
We explore the use of restricted dialogue contexts in reinforcement learning ( RL ) of effective dialogue strategies for information seeking spoken dialogue systems ( e.g. COMMUNICATOR ( Walker et al. , 2001 ) ) .	that adding the dialogue moves of the last system and user turns increases the average reward of the automatically learned strategies by 65.9 % over the original ( hand-coded ) COMMUNICATOR systems , and by 7.8 % over a baseline RL policy	1<2	unknown	evaluation	comment
that adding the dialogue moves of the last system and user turns increases the average reward of the automatically learned strategies by 65.9 % over the original ( hand-coded ) COMMUNICATOR systems , and by 7.8 % over a baseline RL policy	that uses only slot-status features .	1<2	unknown	elab-addition	elaboration
We show	"that the learned strategies exhibit an emergent ""focus switching"" strategy and effective use of the ""give help"" action ."	1>2	unknown	attribution	attribution
We explore the use of restricted dialogue contexts in reinforcement learning ( RL ) of effective dialogue strategies for information seeking spoken dialogue systems ( e.g. COMMUNICATOR ( Walker et al. , 2001 ) ) .	"that the learned strategies exhibit an emergent ""focus switching"" strategy and effective use of the ""give help"" action ."	1<2	unknown	evaluation	comment
Speech recognition problems are a reality in current spoken dialogue systems .	we study dependencies between speech recognition problems and several higher level dialogue factors	1>2	unknown	bg-goal	frame
In order to better understand these phenomena ,	we study dependencies between speech recognition problems and several higher level dialogue factors	1>2	unknown	elab-addition	elaboration
we study dependencies between speech recognition problems and several higher level dialogue factors	that define our notion of student state :	1<2	unknown	elab-addition	elaboration
that define our notion of student state :	frustration/anger , certainty and correctness .	1<2	unknown	elab-enumember	elaboration
we study dependencies between speech recognition problems and several higher level dialogue factors	We apply Chi Square ( χ2 ) analysis to a corpus of speech-based computer tutoring dialogues	1<2	unknown	elab-addition	elaboration
We apply Chi Square ( χ2 ) analysis to a corpus of speech-based computer tutoring dialogues	to discover these dependencies both within and across turns .	1<2	unknown	enablement	purpose
we study dependencies between speech recognition problems and several higher level dialogue factors	Significant dependencies are combined	1<2	unknown	elab-addition	elaboration
Significant dependencies are combined	to produce interesting insights regarding speech recognition problems	1<2	unknown	enablement	purpose
to produce interesting insights regarding speech recognition problems	and to propose new strategies	1<2	unknown	joint	conjunction
and to propose new strategies	for handling these problems .	1<2	unknown	enablement	purpose
We also find	that tutoring , as a new domain for speech applications , exhibits interesting tradeoffs and new factors	1>2	unknown	attribution	attribution
we study dependencies between speech recognition problems and several higher level dialogue factors	that tutoring , as a new domain for speech applications , exhibits interesting tradeoffs and new factors	1<2	unknown	evaluation	comment
that tutoring , as a new domain for speech applications , exhibits interesting tradeoffs and new factors	to consider for spoken dialogue design .	1<2	unknown	enablement	purpose
Data-driven techniques have been used for many computational linguistics tasks .	With the availability of large corpora of spoken dialog , dialog management is now reaping the benefits of data-driven techniques .	1>2	unknown	contrast	contrast
Data-driven techniques have been used for many computational linguistics tasks .	Models <*> are generally more robust than hand-crafted systems	1<2	unknown	elab-addition	elaboration
Models <*> are generally more robust than hand-crafted systems	derived from data	1<2	unknown	elab-addition	elaboration
Models <*> are generally more robust than hand-crafted systems	since they better reflect the distribution of the phenomena	1<2	unknown	exp-reason	explanation
since they better reflect the distribution of the phenomena	being modeled .	1<2	unknown	elab-addition	elaboration
With the availability of large corpora of spoken dialog , dialog management is now reaping the benefits of data-driven techniques .	In this paper , we compare two approaches	1>2	unknown	bg-goal	frame
In this paper , we compare two approaches	to modeling subtask structure in dialog :	1<2	unknown	enablement	purpose
to modeling subtask structure in dialog :	a chunk-based model of subdialog sequences , and a parse-based , or hierarchical , model .	1<2	unknown	elab-definition	elaboration
In this paper , we compare two approaches	We evaluate these models	1<2	unknown	evaluation	comment
We evaluate these models	using customer agent dialogs from a catalog service domain .	1<2	unknown	manner-means	mode
We present a new semi-supervised training procedure for conditional random fields ( CRFs )	that can be used	1<2	unknown	elab-addition	elaboration
that can be used	to train sequence segmentors and labelers from a combination of labeled and unlabeled training data .	1<2	unknown	enablement	purpose
We present a new semi-supervised training procedure for conditional random fields ( CRFs )	Our approach is based on extending the minimum entropy regularization framework to the structured prediction case ,	1<2	unknown	elab-addition	elaboration
Our approach is based on extending the minimum entropy regularization framework to the structured prediction case ,	yielding a training objective	1<2	unknown	elab-addition	elaboration
yielding a training objective	that combines unlabeled conditional entropy with labeled conditional likelihood .	1<2	unknown	elab-addition	elaboration
Although the training objective is no longer concave ,	it can still be used to improve an initial model	1>2	unknown	contrast	contrast
Our approach is based on extending the minimum entropy regularization framework to the structured prediction case ,	it can still be used to improve an initial model	1<2	unknown	elab-addition	elaboration
it can still be used to improve an initial model	( e.g. obtained from supervised training ) by iterative ascent .	1<2	unknown	manner-means	mode
We apply our new training algorithm to the problem	that incorporating unlabeled data improves the performance of the supervised CRF in this case .	1>2	unknown	joint	conjunction
We apply our new training algorithm to the problem	of identifying gene and protein mentions in biological texts ,	1<2	unknown	elab-addition	elaboration
and show	that incorporating unlabeled data improves the performance of the supervised CRF in this case .	1>2	unknown	attribution	attribution
We present a new semi-supervised training procedure for conditional random fields ( CRFs )	that incorporating unlabeled data improves the performance of the supervised CRF in this case .	1<2	unknown	evaluation	comment
This paper proposes a framework	for training Conditional Random Fields ( CRFs )	1<2	unknown	elab-addition	elaboration
for training Conditional Random Fields ( CRFs )	to optimize multivariate evaluation measures ,	1<2	unknown	enablement	purpose
to optimize multivariate evaluation measures ,	including non-linear measures	1<2	unknown	elab-addition	elaboration
including non-linear measures	such as F-score .	1<2	unknown	elab-example	elaboration
This paper proposes a framework	Our proposed framework is derived from an error minimization approach	1<2	unknown	elab-addition	elaboration
Our proposed framework is derived from an error minimization approach	that provides a simple solution	1<2	unknown	elab-addition	elaboration
that provides a simple solution	for directly optimizing any evaluation measure .	1<2	unknown	elab-addition	elaboration
Specifically focusing on sequential segmentation tasks , i.e. text chunking and named entity recognition ,	we introduce a loss function	1>2	unknown	elab-addition	elaboration
This paper proposes a framework	we introduce a loss function	1<2	unknown	elab-addition	elaboration
we introduce a loss function	that closely reflects the target evaluation measure for these tasks , namely , segmentation F-score .	1<2	unknown	elab-addition	elaboration
Our experiments show	that our method performs better than standard CRF training .	1>2	unknown	attribution	attribution
This paper proposes a framework	that our method performs better than standard CRF training .	1<2	unknown	evaluation	comment
Lasso is a regularization method for parameter estimation in linear models .	This paper explores the use of lasso for statistical language modeling for text input .	1>2	unknown	bg-goal	frame
Lasso is a regularization method for parameter estimation in linear models .	It optimizes the model parameters with respect to a loss function subject to model complexities .	1<2	unknown	elab-addition	elaboration
Owing to the very large number of parameters ,	directly optimizing the penalized lasso loss function is impossible .	1>2	unknown	exp-reason	explanation
directly optimizing the penalized lasso loss function is impossible .	Therefore , we investigate two approximation methods ,	1>2	unknown	result	causal
This paper explores the use of lasso for statistical language modeling for text input .	Therefore , we investigate two approximation methods ,	1<2	unknown	elab-addition	elaboration
Therefore , we investigate two approximation methods ,	the boosted lasso ( BLasso ) and the forward stagewise linear regression ( FSLR ) .	1<2	unknown	elab-enumember	elaboration
Therefore , we investigate two approximation methods ,	Both methods , <*> bear strong resemblance to the boosting algorithm	1<2	unknown	elab-addition	elaboration
Both methods , <*> bear strong resemblance to the boosting algorithm	when used with the exponential loss function ,	1<2	unknown	condition	condition
bear strong resemblance to the boosting algorithm	which has been used as a discriminative training method for language modeling .	1<2	unknown	elab-addition	elaboration
Evaluations on the task of Japanese text input show	that BLasso is able to produce the best approximation to the lasso solution ,	1>2	unknown	attribution	attribution
This paper explores the use of lasso for statistical language modeling for text input .	that BLasso is able to produce the best approximation to the lasso solution ,	1<2	unknown	evaluation	comment
that BLasso is able to produce the best approximation to the lasso solution ,	and leads to a significant improvement , in terms of character error rate , over boosting and the traditional maximum likelihood estimation .	1<2	unknown	joint	conjunction
We have developed an automated Japanese essay scoring system	called Jess .	1<2	unknown	elab-addition	elaboration
We have developed an automated Japanese essay scoring system	The system needs expert writings rather than expert raters	1<2	unknown	elab-addition	elaboration
The system needs expert writings rather than expert raters	to build the evaluation model .	1<2	unknown	enablement	purpose
By detecting statistical outliers of predetermined aimed essay features	our system can evaluate essays .	1>2	unknown	manner-means	mode
By detecting statistical outliers of predetermined aimed essay features	compared with many professional writings for each prompt ,	1<2	unknown	comparison	concession
We have developed an automated Japanese essay scoring system	our system can evaluate essays .	1<2	unknown	elab-addition	elaboration
We have developed an automated Japanese essay scoring system	The following three features are examined :	1<2	unknown	evaluation	comment
The following three features are examined :	( 1 ) rhetoric — syntactic variety , or the use of various structures in the arrangement of phases , clauses , and sentences ,	1<2	unknown	elab-enumember	elaboration
The following three features are examined :	( 2 ) organization — characteristics	1<2	unknown	elab-enumember	elaboration
( 2 ) organization — characteristics	associated with the orderly presentation of ideas ,	1<2	unknown	elab-addition	elaboration
( 2 ) organization — characteristics	such as rhetorical features and linguistic cues ,	1<2	unknown	elab-example	elaboration
The following three features are examined :	and ( 3 ) content — vocabulary	1<2	unknown	elab-enumember	elaboration
and ( 3 ) content — vocabulary	related to the topic ,	1<2	unknown	elab-addition	elaboration
and ( 3 ) content — vocabulary	such as relevant information and precise or specialized vocabulary .	1<2	unknown	elab-example	elaboration
We have developed an automated Japanese essay scoring system	The final evaluation score is calculated	1<2	unknown	evaluation	comment
The final evaluation score is calculated	by deducting from a perfect score	1<2	unknown	manner-means	mode
by deducting from a perfect score	assigned by a learning process	1<2	unknown	elab-addition	elaboration
by deducting from a perfect score	using editorials and columns from the Mainichi Daily News newspaper .	1<2	unknown	manner-means	mode
We have developed an automated Japanese essay scoring system	A diagnosis for the essay is also given .	1<2	unknown	elab-addition	elaboration
This paper proposes a method	for detecting errors in article usage and singular plural usage	1<2	unknown	elab-addition	elaboration
This paper proposes a method	based on the mass count distinction .	1<2	unknown	bg-general	frame
This paper proposes a method	First , it learns decision lists from training data	1<2	unknown	elab-process_step	elaboration
First , it learns decision lists from training data	generated automatically to distinguish mass and count nouns .	1<2	unknown	elab-addition	elaboration
Then , in order to improve its performance ,	it is augmented by feedback	1>2	unknown	enablement	purpose
This paper proposes a method	it is augmented by feedback	1<2	unknown	elab-process_step	elaboration
it is augmented by feedback	that is obtained from the writing of learners .	1<2	unknown	elab-addition	elaboration
This paper proposes a method	Finally , it detects errors	1<2	unknown	elab-process_step	elaboration
Finally , it detects errors	by applying rules to the mass count distinction .	1<2	unknown	manner-means	mode
Experiments show	that it achieves a recall of 0.71 and a precision of 0.72	1>2	unknown	attribution	attribution
This paper proposes a method	that it achieves a recall of 0.71 and a precision of 0.72	1<2	unknown	evaluation	comment
that it achieves a recall of 0.71 and a precision of 0.72	and outperforms other methods	1<2	unknown	joint	conjunction
and outperforms other methods	used for comparison	1<2	unknown	elab-addition	elaboration
and outperforms other methods	when augmented by feedback .	1<2	unknown	condition	condition
This paper presents a pilot study of the use of phrasal Statistical Machine Translation ( SMT ) techniques	to identify and correct writing errors	1<2	unknown	enablement	purpose
to identify and correct writing errors	made by learners of English as a Second Language ( ESL ) .	1<2	unknown	elab-addition	elaboration
Using examples of mass noun errors	that application of the SMT paradigm can capture errors	1>2	unknown	manner-means	mode
Using examples of mass noun errors	found in the Chinese Learner Error Corpus ( CLEC )	1<2	unknown	elab-addition	elaboration
Using examples of mass noun errors	to guide creation of an engineered training set ,	1<2	unknown	enablement	purpose
we show	that application of the SMT paradigm can capture errors	1>2	unknown	attribution	attribution
This paper presents a pilot study of the use of phrasal Statistical Machine Translation ( SMT ) techniques	that application of the SMT paradigm can capture errors	1<2	unknown	elab-addition	elaboration
that application of the SMT paradigm can capture errors	not well addressed by widely-used proofing tools	1<2	unknown	elab-addition	elaboration
not well addressed by widely-used proofing tools	designed for native speakers .	1<2	unknown	elab-addition	elaboration
This paper presents a pilot study of the use of phrasal Statistical Machine Translation ( SMT ) techniques	Our system was able to correct 61.81 % of mistakes in a set of naturally occurring examples of mass noun errors	1<2	unknown	evaluation	comment
Our system was able to correct 61.81 % of mistakes in a set of naturally occurring examples of mass noun errors	found on the World Wide Web ,	1<2	unknown	elab-addition	elaboration
suggesting	that efforts <*> can enable the development of SMT-based writing assistance tools	1>2	unknown	attribution	attribution
Our system was able to correct 61.81 % of mistakes in a set of naturally occurring examples of mass noun errors	that efforts <*> can enable the development of SMT-based writing assistance tools	1<2	unknown	elab-addition	elaboration
that efforts <*> can enable the development of SMT-based writing assistance tools	to collect alignable corpora of pre- and post-editing ESL writing samples offer	1<2	unknown	enablement	purpose
can enable the development of SMT-based writing assistance tools	capable of repairing many of the complex syntactic and lexical problems	1<2	unknown	elab-addition	elaboration
capable of repairing many of the complex syntactic and lexical problems	found in the writing of ESL learners .	1<2	unknown	elab-addition	elaboration
Transforming syntactic representations <*> has been exploited successfully in statistical parsing systems	that similar transformations can give substantial improvements also in data-driven dependency parsing .	1>2	unknown	bg-compare	frame
Transforming syntactic representations <*> has been exploited successfully in statistical parsing systems	in order to improve parsing accuracy	1<2	unknown	enablement	purpose
Transforming syntactic representations <*> has been exploited successfully in statistical parsing systems	using constituency-based representations .	1<2	unknown	manner-means	mode
In this paper , we show	that similar transformations can give substantial improvements also in data-driven dependency parsing .	1>2	unknown	attribution	attribution
Experiments on the Prague Dependency Treebank show	that systematic transformations of coordinate structures and verb groups result in a 10 % error reduction for a deterministic data-driven dependency parser .	1>2	unknown	attribution	attribution
that similar transformations can give substantial improvements also in data-driven dependency parsing .	that systematic transformations of coordinate structures and verb groups result in a 10 % error reduction for a deterministic data-driven dependency parser .	1<2	unknown	evaluation	comment
that similar transformations can give substantial improvements also in data-driven dependency parsing .	Combining these transformations with previously proposed techniques <*> leads to state-of-the-art accuracy for the given data set .	1<2	unknown	evaluation	comment
Combining these transformations with previously proposed techniques <*> leads to state-of-the-art accuracy for the given data set .	for recovering nonprojective dependencies	1<2	unknown	elab-addition	elaboration
Spoken language generation for dialogue systems requires a dictionary	We propose a novel unsupervised method	1>2	unknown	bg-goal	frame
Spoken language generation for dialogue systems requires a dictionary	of mappings between semantic representations of concepts	1<2	unknown	elab-addition	elaboration
of mappings between semantic representations of concepts	the system wants to express	1<2	unknown	elab-addition	elaboration
of mappings between semantic representations of concepts	and realizations of those concepts .	1<2	unknown	joint	conjunction
Spoken language generation for dialogue systems requires a dictionary	Dictionary creation is a costly process ;	1<2	unknown	elab-addition	elaboration
Dictionary creation is a costly process ;	it is currently done by hand for each dialogue domain .	1<2	unknown	elab-addition	elaboration
We propose a novel unsupervised method	for learning such mappings from user reviews in the target domain ,	1<2	unknown	elab-addition	elaboration
We propose a novel unsupervised method	and test it on restaurant reviews .	1<2	unknown	progression	organization
We propose a novel unsupervised method	We test the hypothesis	1<2	unknown	elab-addition	elaboration
We test the hypothesis	that user reviews <*> make it possible to map review sentences to their semantic representation with high precision .	1<2	unknown	elab-addition	elaboration
that user reviews <*> make it possible to map review sentences to their semantic representation with high precision .	that provide individual ratings for distinguished attributes of the domain entity	1<2	unknown	elab-addition	elaboration
Experimental analyses show	that the mappings learned cover most of the domain ontology ,	1>2	unknown	attribution	attribution
We propose a novel unsupervised method	that the mappings learned cover most of the domain ontology ,	1<2	unknown	evaluation	comment
that the mappings learned cover most of the domain ontology ,	and provide good linguistic variation .	1<2	unknown	joint	conjunction
A subjective user evaluation shows	that the consistency between the semantic representations and the learned realizations is high	1>2	unknown	attribution	attribution
We propose a novel unsupervised method	that the consistency between the semantic representations and the learned realizations is high	1<2	unknown	evaluation	comment
that the consistency between the semantic representations and the learned realizations is high	and that the naturalness of the realizations is higher than a hand-crafted baseline .	1<2	unknown	joint	conjunction
This paper presents a method	for building genetic language taxonomies	1<2	unknown	elab-addition	elaboration
This paper presents a method	based on a new approach to comparing lexical forms .	1<2	unknown	bg-general	frame
Instead of comparing forms cross-linguistically ,	a matrix of languageinternal similarities between forms is calculated .	1>2	unknown	contrast	contrast
This paper presents a method	a matrix of languageinternal similarities between forms is calculated .	1<2	unknown	elab-addition	elaboration
a matrix of languageinternal similarities between forms is calculated .	These matrices are then compared	1<2	unknown	elab-addition	elaboration
These matrices are then compared	to give distances between languages .	1<2	unknown	enablement	purpose
We argue	that this coheres better with current thinking in linguistics and psycholinguistics .	1>2	unknown	attribution	attribution
This paper presents a method	that this coheres better with current thinking in linguistics and psycholinguistics .	1<2	unknown	evaluation	comment
This paper presents a method	An implementation of this approach , <*> is described , along with its application to Dyen et al.'s ( 1992 ) ninety-five wordlists from Indo-European languages .	1<2	unknown	evaluation	comment
An implementation of this approach , <*> is described , along with its application to Dyen et al.'s ( 1992 ) ninety-five wordlists from Indo-European languages .	called PHILOLOGICON ,	1<2	unknown	elab-addition	elaboration
A good dictionary contains not only many entries and a lot of information	but also adequate means	1>2	unknown	progression	organization
A good dictionary contains not only many entries and a lot of information	concerning each one of them ,	1<2	unknown	elab-addition	elaboration
but also adequate means	We will present here some ideas	1>2	unknown	bg-compare	frame
but also adequate means	to reveal the stored information .	1<2	unknown	enablement	purpose
but also adequate means	Information access depends crucially on the quality of the index .	1<2	unknown	elab-addition	elaboration
We will present here some ideas	of how a dictionary could be enhanced	1<2	unknown	elab-addition	elaboration
of how a dictionary could be enhanced	to support a speaker/writer to find the word s/he is looking for .	1<2	unknown	enablement	purpose
We will present here some ideas	To this end we suggest to add to an existing electronic resource an index	1<2	unknown	elab-addition	elaboration
To this end we suggest to add to an existing electronic resource an index	based on the notion of association .	1<2	unknown	bg-general	frame
We will present here some ideas	We will also present preliminary work	1<2	unknown	elab-addition	elaboration
We will also present preliminary work	of how a subset of such associations , for example , topical associations , can be acquired by filtering a network of lexical co-occurrences	1<2	unknown	elab-addition	elaboration
of how a subset of such associations , for example , topical associations , can be acquired by filtering a network of lexical co-occurrences	extracted from a corpus .	1<2	unknown	elab-addition	elaboration
We investigate the utility of supertag information	for guiding an existing dependency parser of German .	1<2	unknown	elab-addition	elaboration
Using weighted constraints to integrate the additionally available information ,	the decision process of the parser is influenced	1>2	unknown	manner-means	mode
We investigate the utility of supertag information	the decision process of the parser is influenced	1<2	unknown	elab-addition	elaboration
the decision process of the parser is influenced	by changing its preferences ,	1<2	unknown	manner-means	mode
by changing its preferences ,	without excluding alternative structural interpretations from being considered .	1<2	unknown	condition	condition
We investigate the utility of supertag information	The paper reports on a series of experiments	1<2	unknown	evaluation	comment
The paper reports on a series of experiments	using varying models of supertags	1<2	unknown	manner-means	mode
using varying models of supertags	that significantly increase the parsing accuracy .	1<2	unknown	elab-addition	elaboration
We investigate the utility of supertag information	In addition , an upper bound on the accuracy <*> is estimated .	1<2	unknown	evaluation	comment
In addition , an upper bound on the accuracy <*> is estimated .	that can be achieved with perfect supertags	1<2	unknown	elab-addition	elaboration
We present a novel approach	for discovering word categories , sets of words	1<2	unknown	elab-addition	elaboration
for discovering word categories , sets of words	sharing a significant aspect of their meaning .	1<2	unknown	elab-addition	elaboration
We present a novel approach	We utilize meta-patterns of high frequency words and content words	1<2	unknown	elab-addition	elaboration
We utilize meta-patterns of high frequency words and content words	in order to discover pattern candidates .	1<2	unknown	enablement	purpose
We present a novel approach	Symmetric patterns are then identified	1<2	unknown	elab-addition	elaboration
Symmetric patterns are then identified	using graph-based measures ,	1<2	unknown	manner-means	mode
Symmetric patterns are then identified	and word categories are created	1<2	unknown	joint	conjunction
and word categories are created	based on graph clique sets .	1<2	unknown	bg-general	frame
We present a novel approach	Our method is the first pattern-based method	1<2	unknown	evaluation	comment
Our method is the first pattern-based method	that requires no corpus annotation or manually provided seed patterns or words .	1<2	unknown	elab-addition	elaboration
We evaluate our algorithm on very large corpora in two languages ,	Our fully unsupervised results are superior to previous work	1>2	unknown	result	causal
We evaluate our algorithm on very large corpora in two languages ,	using both human judgments and WordNet based evaluation .	1<2	unknown	manner-means	mode
We present a novel approach	Our fully unsupervised results are superior to previous work	1<2	unknown	evaluation	comment
Our fully unsupervised results are superior to previous work	that used a POS tagged corpus , and computation time for huge corpora are orders of magnitude faster	1<2	unknown	elab-addition	elaboration
that used a POS tagged corpus , and computation time for huge corpora are orders of magnitude faster	than previously reported .	1<2	unknown	comparison	concession
"We present BAYESUM ( for ""Bayesian summarization"" ) , a model for sentence extraction in query-focused summarization ."	BAYESUM leverages the common case	1<2	unknown	elab-addition	elaboration
BAYESUM leverages the common case	in which multiple documents are relevant to a single query .	1<2	unknown	elab-addition	elaboration
Using these documents as reinforcement for query terms ,	BAYESUM is not afflicted by the paucity of information in short queries .	1>2	unknown	manner-means	mode
"We present BAYESUM ( for ""Bayesian summarization"" ) , a model for sentence extraction in query-focused summarization ."	BAYESUM is not afflicted by the paucity of information in short queries .	1<2	unknown	elab-addition	elaboration
We show	that approximate inference in BAYESUM is possible on large data sets	1>2	unknown	attribution	attribution
"We present BAYESUM ( for ""Bayesian summarization"" ) , a model for sentence extraction in query-focused summarization ."	that approximate inference in BAYESUM is possible on large data sets	1<2	unknown	elab-addition	elaboration
that approximate inference in BAYESUM is possible on large data sets	and results in a state-of-the-art summarization system .	1<2	unknown	progression	organization
Furthermore , we show	how BAYESUM can be understood as a justified query expansion technique in the language modeling for IR framework .	1>2	unknown	attribution	attribution
"We present BAYESUM ( for ""Bayesian summarization"" ) , a model for sentence extraction in query-focused summarization ."	how BAYESUM can be understood as a justified query expansion technique in the language modeling for IR framework .	1<2	unknown	evaluation	comment
We present an unsupervised learning algorithm	that mines large text corpora for patterns	1<2	unknown	elab-addition	elaboration
that mines large text corpora for patterns	that express implicit semantic relations .	1<2	unknown	elab-addition	elaboration
We present an unsupervised learning algorithm	For a given input word pair X : Y with some unspecified semantic relations , the corresponding output list of patterns <P1 , ... , Pm> is ranked	1<2	unknown	elab-addition	elaboration
For a given input word pair X : Y with some unspecified semantic relations , the corresponding output list of patterns <P1 , ... , Pm> is ranked	according to how well each pattern Pi expresses the relations between X and Y .	1<2	unknown	bg-general	frame
For example , given X = ostrich and Y = bird ,	"the two highest ranking output patterns are ""X is the largest Y"" and ""Y such as the X"" ."	1>2	unknown	condition	condition
For a given input word pair X : Y with some unspecified semantic relations , the corresponding output list of patterns <P1 , ... , Pm> is ranked	"the two highest ranking output patterns are ""X is the largest Y"" and ""Y such as the X"" ."	1<2	unknown	elab-example	elaboration
We present an unsupervised learning algorithm	The output patterns are intended to be useful	1<2	unknown	elab-addition	elaboration
The output patterns are intended to be useful	for finding further pairs with the same relations ,	1<2	unknown	elab-addition	elaboration
for finding further pairs with the same relations ,	to support the construction of lexicons , ontologies , and semantic networks .	1<2	unknown	enablement	purpose
The output patterns are intended to be useful	The patterns are sorted by pertinence ,	1<2	unknown	elab-addition	elaboration
The patterns are sorted by pertinence ,	where the pertinence of a pattern Pi for a word pair X : Y is the expected relational similarity between the given pair and typical pairs for Pi .	1<2	unknown	elab-addition	elaboration
The algorithm is empirically evaluated on two tasks ,	On both tasks , the algorithm achieves state-of-the-art results ,	1>2	unknown	result	causal
The algorithm is empirically evaluated on two tasks ,	solving multiple-choice SAT word analogy questions and classifying semantic relations in noun-modifier pairs .	1<2	unknown	elab-addition	elaboration
We present an unsupervised learning algorithm	On both tasks , the algorithm achieves state-of-the-art results ,	1<2	unknown	evaluation	comment
On both tasks , the algorithm achieves state-of-the-art results ,	performing significantly better than several alternative pattern ranking algorithms ,	1<2	unknown	comparison	concession
performing significantly better than several alternative pattern ranking algorithms ,	based on tf-idf .	1<2	unknown	bg-general	frame
In this paper we investigate the benefit of stochastic predictor components for the parsing quality	which can be obtained with a rule-based dependency grammar .	1<2	unknown	elab-addition	elaboration
By including a chunker , a supertagger , a PP attacher , and a fast probabilistic parser	we were able to improve upon the baseline by 3.2 % ,	1>2	unknown	manner-means	mode
In this paper we investigate the benefit of stochastic predictor components for the parsing quality	we were able to improve upon the baseline by 3.2 % ,	1<2	unknown	evaluation	comment
we were able to improve upon the baseline by 3.2 % ,	bringing the overall labelled accuracy to 91.1 % on the German NEGRA corpus .	1<2	unknown	elab-addition	elaboration
we were able to improve upon the baseline by 3.2 % ,	We attribute the successful integration to the ability of the underlying grammar model	1<2	unknown	elab-addition	elaboration
We attribute the successful integration to the ability of the underlying grammar model	to combine uncertain evidence in a soft manner ,	1<2	unknown	enablement	purpose
to combine uncertain evidence in a soft manner ,	thus avoiding the problem of error propagation .	1<2	unknown	cause	causal
We introduce an error mining technique	for automatically detecting errors in resources	1<2	unknown	elab-addition	elaboration
for automatically detecting errors in resources	that are used in parsing systems .	1<2	unknown	elab-addition	elaboration
We introduce an error mining technique	We applied this technique on parsing results	1<2	unknown	elab-addition	elaboration
We applied this technique on parsing results	produced on several million words by two distinct parsing systems ,	1<2	unknown	elab-addition	elaboration
produced on several million words by two distinct parsing systems ,	which share the syntactic lexicon and the pre-parsing processing chain .	1<2	unknown	elab-addition	elaboration
We applied this technique on parsing results	We were thus able to identify missing and erroneous information in these resources .	1<2	unknown	cause	causal
Statistical parsers <*> have shown vast improvements over the last 10 years .	Much of this improvement , however , is based upon an ever-increasing number of features	1>2	unknown	elab-addition	elaboration
Statistical parsers <*> have shown vast improvements over the last 10 years .	trained and tested on the Penn Wall Street Journal ( WSJ ) treebank	1<2	unknown	elab-addition	elaboration
Much of this improvement , however , is based upon an ever-increasing number of features	This has led to concern	1>2	unknown	elab-addition	elaboration
Much of this improvement , however , is based upon an ever-increasing number of features	to be trained on ( typically ) the WSJ treebank data .	1<2	unknown	elab-addition	elaboration
This has led to concern	This paper should allay these fears .	1>2	unknown	bg-goal	frame
This has led to concern	that such parsers may be too finely tuned to this corpus at the expense of portability to other genres .	1<2	unknown	elab-addition	elaboration
This has led to concern	Such worries have merit .	1<2	unknown	elab-addition	elaboration
"The standard ""Charniak parser"" checks in at a labeled precisionrecall f-measure of 89.7 % on the Penn WSJ test set ,"	but only 82.9 % on the test set from the Brown treebank corpus .	1>2	unknown	contrast	contrast
Such worries have merit .	but only 82.9 % on the test set from the Brown treebank corpus .	1<2	unknown	exp-evidence	explanation
In particular , we show	that the reranking parser <*> improves performance of the parser on Brown to 85.2 % .	1>2	unknown	attribution	attribution
This paper should allay these fears .	that the reranking parser <*> improves performance of the parser on Brown to 85.2 % .	1<2	unknown	evaluation	comment
that the reranking parser <*> improves performance of the parser on Brown to 85.2 % .	described in Charniak and Johnson ( 2005 )	1<2	unknown	elab-addition	elaboration
This paper should allay these fears .	Furthermore , use of the self-training techniques described in ( McClosky et al. , 2006 ) raise this to 87.8 % ( an error reduction of 28 % ) again	1<2	unknown	evaluation	comment
Furthermore , use of the self-training techniques described in ( McClosky et al. , 2006 ) raise this to 87.8 % ( an error reduction of 28 % ) again	without any use of labeled Brown data .	1<2	unknown	condition	condition
Furthermore , use of the self-training techniques described in ( McClosky et al. , 2006 ) raise this to 87.8 % ( an error reduction of 28 % ) again	This is remarkable	1<2	unknown	elab-addition	elaboration
This is remarkable	since training the parser and reranker on labeled Brown data achieves only 88.4 % .	1<2	unknown	exp-reason	explanation
Lexical classes , <*> can provide an effective means	We report a novel experiment	1>2	unknown	bg-goal	frame
Lexical classes , <*> can provide an effective means	when tailored to the application and domain in question ,	1<2	unknown	condition	condition
can provide an effective means	to deal with a number of natural language processing ( NLP ) tasks .	1<2	unknown	enablement	purpose
While manual construction of such classes is difficult ,	that it is possible to automatically induce verb classes from cross-domain corpora with promising accuracy .	1>2	unknown	contrast	contrast
recent research shows	that it is possible to automatically induce verb classes from cross-domain corpora with promising accuracy .	1>2	unknown	attribution	attribution
Lexical classes , <*> can provide an effective means	that it is possible to automatically induce verb classes from cross-domain corpora with promising accuracy .	1<2	unknown	elab-addition	elaboration
We report a novel experiment	where similar technology is applied to the important , challenging domain of biomedicine .	1<2	unknown	elab-addition	elaboration
We show	that the resulting classification , <*> is highly accurate and strongly domainspecific .	1>2	unknown	attribution	attribution
We report a novel experiment	that the resulting classification , <*> is highly accurate and strongly domainspecific .	1<2	unknown	elab-addition	elaboration
that the resulting classification , <*> is highly accurate and strongly domainspecific .	acquired from a corpus of biomedical journal articles ,	1<2	unknown	elab-addition	elaboration
We report a novel experiment	It can be used	1<2	unknown	elab-addition	elaboration
It can be used	to aid BIO-NLP directly or as useful material	1<2	unknown	enablement	purpose
to aid BIO-NLP directly or as useful material	for investigating the syntax and semantics of verbs in biomedical texts .	1<2	unknown	elab-addition	elaboration
Various methods have been proposed for automatic synonym acquisition ,	little attention has been paid to what kind of categories of contextual information are useful for the purpose .	1>2	unknown	elab-addition	elaboration
Various methods have been proposed for automatic synonym acquisition ,	as synonyms are one of the most fundamental lexical knowledge .	1<2	unknown	exp-reason	explanation
Whereas many methods are based on contextual clues of words ,	little attention has been paid to what kind of categories of contextual information are useful for the purpose .	1>2	unknown	contrast	contrast
little attention has been paid to what kind of categories of contextual information are useful for the purpose .	This study has experimentally investigated the impact of contextual information selection ,	1>2	unknown	bg-compare	frame
This study has experimentally investigated the impact of contextual information selection ,	by extracting three kinds of word relationships from corpora :	1<2	unknown	manner-means	mode
by extracting three kinds of word relationships from corpora :	dependency , sentence co-occurrence , and proximity .	1<2	unknown	elab-enumember	elaboration
The evaluation result shows	combination of two or more kinds of contextual information gives more stable performance .	1>2	unknown	attribution	attribution
that while dependency and proximity perform relatively well by themselves ,	combination of two or more kinds of contextual information gives more stable performance .	1>2	unknown	progression	organization
This study has experimentally investigated the impact of contextual information selection ,	combination of two or more kinds of contextual information gives more stable performance .	1<2	unknown	evaluation	comment
We've further investigated useful selection of dependency relations and modification categories ,	that modification has the greatest contribution , even greater than the widely adopted subjectobject combination .	1>2	unknown	result	causal
and it is found	that modification has the greatest contribution , even greater than the widely adopted subjectobject combination .	1>2	unknown	attribution	attribution
This study has experimentally investigated the impact of contextual information selection ,	that modification has the greatest contribution , even greater than the widely adopted subjectobject combination .	1<2	unknown	evaluation	comment
Accurately representing synonymy <*> requires large volumes of data	However , the naive nearest neighbour approach <*> scales poorly ( O ( n2 ) in the vocabulary size ) .	1>2	unknown	contrast	contrast
Accurately representing synonymy <*> requires large volumes of data	using distributional similarity	1<2	unknown	manner-means	mode
requires large volumes of data	to reliably represent infrequent words .	1<2	unknown	enablement	purpose
However , the naive nearest neighbour approach <*> scales poorly ( O ( n2 ) in the vocabulary size ) .	In this paper , we compare several existing approaches	1>2	unknown	bg-compare	frame
However , the naive nearest neighbour approach <*> scales poorly ( O ( n2 ) in the vocabulary size ) .	to comparing context vectors	1<2	unknown	elab-addition	elaboration
to comparing context vectors	extracted from large corpora	1<2	unknown	elab-addition	elaboration
In this paper , we compare several existing approaches	to approximating the nearestneighbour search for distributional similarity .	1<2	unknown	elab-addition	elaboration
We investigate the trade-off between efficiency and accuracy ,	that SASH ( Houle and Sakuma , 2005 ) provides the best balance .	1>2	unknown	result	causal
and find	that SASH ( Houle and Sakuma , 2005 ) provides the best balance .	1>2	unknown	attribution	attribution
In this paper , we compare several existing approaches	that SASH ( Houle and Sakuma , 2005 ) provides the best balance .	1<2	unknown	evaluation	comment
Event-based summarization attempts to select and organize the sentences in a summary with respect to the events or the sub-events	In this paper , we define an event as one or more event terms along with the named entities associated ,	1>2	unknown	bg-compare	frame
Event-based summarization attempts to select and organize the sentences in a summary with respect to the events or the sub-events	that the sentences describe .	1<2	unknown	elab-addition	elaboration
Event-based summarization attempts to select and organize the sentences in a summary with respect to the events or the sub-events	Each event has its own internal structure ,	1<2	unknown	elab-addition	elaboration
Each event has its own internal structure ,	and meanwhile often relates to other events semantically , temporally , spatially , causally or conditionally .	1<2	unknown	joint	conjunction
In this paper , we define an event as one or more event terms along with the named entities associated ,	and present a novel approach	1<2	unknown	joint	conjunction
and present a novel approach	to derive intra- and inter- event relevance	1<2	unknown	enablement	purpose
to derive intra- and inter- event relevance	using the information of internal association , semantic relatedness , distributional similarity and named entity clustering .	1<2	unknown	manner-means	mode
In this paper , we define an event as one or more event terms along with the named entities associated ,	We then apply PageRank ranking algorithm	1<2	unknown	elab-addition	elaboration
We then apply PageRank ranking algorithm	to estimate the significance of an event for inclusion in a summary from the event relevance derived .	1<2	unknown	enablement	purpose
Experiments on the DUC 2001 test data shows	that the relevance of the named entities <*> achieves better result	1>2	unknown	attribution	attribution
In this paper , we define an event as one or more event terms along with the named entities associated ,	that the relevance of the named entities <*> achieves better result	1<2	unknown	evaluation	comment
that the relevance of the named entities <*> achieves better result	involved in events	1<2	unknown	elab-addition	elaboration
that the relevance of the named entities <*> achieves better result	when their relevance is derived from the event terms	1<2	unknown	condition	condition
when their relevance is derived from the event terms	they associate .	1<2	unknown	elab-addition	elaboration
It also reveals	that the topic-specific relevance from documents themselves outperforms the semantic relevance from a general purpose knowledge base like Word-Net .	1>2	unknown	attribution	attribution
that the relevance of the named entities <*> achieves better result	that the topic-specific relevance from documents themselves outperforms the semantic relevance from a general purpose knowledge base like Word-Net .	1<2	unknown	elab-addition	elaboration
Sentence compression is the task	This paper focuses on three aspects of this task	1>2	unknown	bg-goal	frame
Sentence compression is the task	of producing a summary at the sentence level .	1<2	unknown	elab-addition	elaboration
This paper focuses on three aspects of this task	which have not received detailed treatment in the literature :	1<2	unknown	elab-addition	elaboration
This paper focuses on three aspects of this task	training requirements , scalability , and automatic evaluation .	1<2	unknown	elab-enumember	elaboration
This paper focuses on three aspects of this task	We provide a novel comparison between a supervised constituentbased and an weakly supervised wordbased compression algorithm	1<2	unknown	elab-addition	elaboration
and examine	how these models port to different domains ( written vs. spoken text ) .	1>2	unknown	attribution	attribution
We provide a novel comparison between a supervised constituentbased and an weakly supervised wordbased compression algorithm	how these models port to different domains ( written vs. spoken text ) .	1<2	unknown	progression	organization
To achieve this ,	a human-authored compression corpus has been created	1>2	unknown	enablement	purpose
We provide a novel comparison between a supervised constituentbased and an weakly supervised wordbased compression algorithm	a human-authored compression corpus has been created	1<2	unknown	elab-addition	elaboration
a human-authored compression corpus has been created	and our study highlights potential problems with the automatically gathered compression corpora	1<2	unknown	joint	conjunction
and our study highlights potential problems with the automatically gathered compression corpora	currently used .	1<2	unknown	elab-addition	elaboration
Finally , we assess	whether automatic evaluation measures can be used	1>2	unknown	attribution	attribution
This paper focuses on three aspects of this task	whether automatic evaluation measures can be used	1<2	unknown	elab-addition	elaboration
whether automatic evaluation measures can be used	to determine compression quality .	1<2	unknown	enablement	purpose
Ordering information is a difficult but important task for applications	We present a bottom-up approach	1>2	unknown	bg-goal	frame
Ordering information is a difficult but important task for applications	generating natural-language text .	1<2	unknown	elab-addition	elaboration
We present a bottom-up approach	to arranging sentences	1<2	unknown	elab-addition	elaboration
to arranging sentences	extracted for multi-document summarization .	1<2	unknown	elab-addition	elaboration
To capture the association and order of two textual segments ( eg , sentences ) ,	we define four criteria , chronology , topical-closeness , precedence , and succession .	1>2	unknown	enablement	purpose
We present a bottom-up approach	we define four criteria , chronology , topical-closeness , precedence , and succession .	1<2	unknown	elab-addition	elaboration
we define four criteria , chronology , topical-closeness , precedence , and succession .	These criteria are integrated into a criterion by a supervised learning approach .	1<2	unknown	elab-addition	elaboration
We present a bottom-up approach	We repeatedly concatenate two textual segments into one segment	1<2	unknown	elab-addition	elaboration
We repeatedly concatenate two textual segments into one segment	based on the criterion	1<2	unknown	bg-general	frame
We repeatedly concatenate two textual segments into one segment	until we obtain the overall segment with all sentences arranged .	1<2	unknown	temporal	temporal
We present a bottom-up approach	Our experimental results show a significant improvement over existing sentence ordering strategies .	1<2	unknown	evaluation	comment
We have constructed a corpus of news articles	in which events are annotated for estimated bounds on their duration .	1<2	unknown	elab-addition	elaboration
We have constructed a corpus of news articles	Here we describe a method	1<2	unknown	elab-addition	elaboration
Here we describe a method	for measuring inter-annotator agreement for these event duration distributions .	1<2	unknown	elab-addition	elaboration
We then show	that machine learning techniques <*> yield coarse-grained event duration information ,	1>2	unknown	attribution	attribution
We have constructed a corpus of news articles	that machine learning techniques <*> yield coarse-grained event duration information ,	1<2	unknown	elab-addition	elaboration
that machine learning techniques <*> yield coarse-grained event duration information ,	applied to this data	1<2	unknown	elab-addition	elaboration
that machine learning techniques <*> yield coarse-grained event duration information ,	considerably outperforming a baseline	1<2	unknown	elab-addition	elaboration
considerably outperforming a baseline	and approaching human performance .	1<2	unknown	joint	conjunction
In this paper we define a novel similarity measure between examples of textual entailments	and we use it as a kernel function in Support Vector Machines ( SVMs ) .	1<2	unknown	joint	conjunction
In this paper we define a novel similarity measure between examples of textual entailments	This allows us to automatically learn the rewrite rules	1<2	unknown	elab-addition	elaboration
This allows us to automatically learn the rewrite rules	that describe a non trivial set of entailment cases .	1<2	unknown	elab-addition	elaboration
In this paper we define a novel similarity measure between examples of textual entailments	The experiments with the data sets of the RTE 2005 challenge show an improvement of 4.4 % over the state-of-the-art methods .	1<2	unknown	evaluation	comment
Given an underspecified semantic representation ( USR ) of a scope ambiguity ,	compute an USR with fewer mutually equivalent readings .	1>2	unknown	condition	condition
We present an efficient algorithm for the redundancy elimination problem :	compute an USR with fewer mutually equivalent readings .	1<2	unknown	elab-addition	elaboration
We present an efficient algorithm for the redundancy elimination problem :	The algorithm operates on underspecified chart representations	1<2	unknown	elab-addition	elaboration
The algorithm operates on underspecified chart representations	which are derived from dominance graphs ;	1<2	unknown	elab-addition	elaboration
The algorithm operates on underspecified chart representations	it can be applied to the USRs	1<2	unknown	elab-addition	elaboration
it can be applied to the USRs	computed by large-scale grammars .	1<2	unknown	elab-addition	elaboration
We evaluate the algorithm on a corpus ,	that it reduces the degree of ambiguity significantly	1>2	unknown	progression	organization
and show	that it reduces the degree of ambiguity significantly	1>2	unknown	attribution	attribution
We present an efficient algorithm for the redundancy elimination problem :	that it reduces the degree of ambiguity significantly	1<2	unknown	evaluation	comment
that it reduces the degree of ambiguity significantly	while taking negligible runtime .	1<2	unknown	joint	conjunction
The psycholinguistic literature provides evidence for syntactic priming , i.e. , the tendency	This paper describes a method	1>2	unknown	bg-goal	frame
The psycholinguistic literature provides evidence for syntactic priming , i.e. , the tendency	to repeat structures .	1<2	unknown	enablement	purpose
This paper describes a method	for incorporating priming into an incremental probabilistic parser .	1<2	unknown	elab-addition	elaboration
This paper describes a method	Three models are compared ,	1<2	unknown	elab-addition	elaboration
Three models are compared ,	which involve priming of rules between sentences , within sentences , and within coordinate structures .	1<2	unknown	elab-addition	elaboration
Three models are compared ,	These models simulate the reading time advantage for parallel structures	1<2	unknown	evaluation	comment
These models simulate the reading time advantage for parallel structures	found in human data ,	1<2	unknown	elab-addition	elaboration
These models simulate the reading time advantage for parallel structures	and also yield a small increase in overall parsing accuracy .	1<2	unknown	joint	conjunction
We present a novel classifier-based deterministic parser for Chinese constituency parsing .	Our parser computes parse trees from bottom up in one pass ,	1<2	unknown	elab-addition	elaboration
Our parser computes parse trees from bottom up in one pass ,	and uses classifiers	1<2	unknown	joint	conjunction
and uses classifiers	to make shift-reduce decisions .	1<2	unknown	enablement	purpose
Trained and evaluated on the standard training and test sets ,	our best model <*> runs in linear time	1>2	unknown	elab-addition	elaboration
We present a novel classifier-based deterministic parser for Chinese constituency parsing .	our best model <*> runs in linear time	1<2	unknown	evaluation	comment
our best model <*> runs in linear time	( using stacked classifiers )	1<2	unknown	manner-means	mode
runs in linear time	and has labeled precision and recall above 88 %	1<2	unknown	joint	conjunction
and has labeled precision and recall above 88 %	using gold-standard part-of-speech tags ,	1<2	unknown	manner-means	mode
and has labeled precision and recall above 88 %	surpassing the best published results .	1<2	unknown	elab-addition	elaboration
We present a novel classifier-based deterministic parser for Chinese constituency parsing .	Our SVM parser is 2-13 times faster than state-of-the-art parsers ,	1<2	unknown	evaluation	comment
Our SVM parser is 2-13 times faster than state-of-the-art parsers ,	while producing more accurate results .	1<2	unknown	joint	conjunction
We present a novel classifier-based deterministic parser for Chinese constituency parsing .	Our Maxent and DTree parsers run at speeds 40-270 times faster than state-of-the-art parsers , but with 5-6 % losses in accuracy .	1<2	unknown	evaluation	comment
We present an automatic approach to tree annotation	in which basic nonterminal symbols are alternately split and merged	1<2	unknown	elab-addition	elaboration
in which basic nonterminal symbols are alternately split and merged	to maximize the likelihood of a training treebank .	1<2	unknown	enablement	purpose
Starting with a simple Xbar grammar ,	we learn a new grammar	1>2	unknown	elab-addition	elaboration
We present an automatic approach to tree annotation	we learn a new grammar	1<2	unknown	elab-addition	elaboration
we learn a new grammar	whose nonterminals are subsymbols of the original nonterminals .	1<2	unknown	elab-addition	elaboration
In contrast with previous work ,	we are able to split various terminals to different degrees ,	1>2	unknown	contrast	contrast
We present an automatic approach to tree annotation	we are able to split various terminals to different degrees ,	1<2	unknown	elab-addition	elaboration
we are able to split various terminals to different degrees ,	as appropriate to the actual complexity in the data .	1<2	unknown	comparison	concession
We present an automatic approach to tree annotation	Our grammars automatically learn the kinds of linguistic distinctions	1<2	unknown	evaluation	comment
Our grammars automatically learn the kinds of linguistic distinctions	exhibited in previous work on manual tree annotation .	1<2	unknown	elab-addition	elaboration
We present an automatic approach to tree annotation	On the other hand , our grammars are much more compact and substantially more accurate than previous work on automatic annotation .	1<2	unknown	evaluation	comment
Despite its simplicity ,	our best grammar achieves an F1 of 90.2 % on the Penn Treebank ,	1>2	unknown	contrast	contrast
We present an automatic approach to tree annotation	our best grammar achieves an F1 of 90.2 % on the Penn Treebank ,	1<2	unknown	evaluation	comment
our best grammar achieves an F1 of 90.2 % on the Penn Treebank ,	higher than fully lexicalized systems .	1<2	unknown	comparison	concession
Partial cognates are pairs of words in two languages	Detecting the actual meaning of a partial cognate in context can be useful for Machine Translation tools and for Computer-Assisted Language Learning tools .	1>2	unknown	elab-addition	elaboration
Partial cognates are pairs of words in two languages	that have the same meaning in some , but not all contexts .	1<2	unknown	elab-addition	elaboration
Detecting the actual meaning of a partial cognate in context can be useful for Machine Translation tools and for Computer-Assisted Language Learning tools .	In this paper we propose a supervised and a semisupervised method	1>2	unknown	bg-goal	frame
In this paper we propose a supervised and a semisupervised method	to disambiguate partial cognates between two languages :	1<2	unknown	enablement	purpose
to disambiguate partial cognates between two languages :	French and English .	1<2	unknown	elab-enumember	elaboration
In this paper we propose a supervised and a semisupervised method	The methods use only automatically-labeled data ;	1<2	unknown	elab-addition	elaboration
The methods use only automatically-labeled data ;	therefore they can be applied for other pairs of languages as well .	1<2	unknown	cause	causal
We also show	that our methods perform well	1>2	unknown	attribution	attribution
In this paper we propose a supervised and a semisupervised method	that our methods perform well	1<2	unknown	evaluation	comment
that our methods perform well	when using corpora from different domains .	1<2	unknown	condition	condition
which requires to recognize	whether the senses of two synonymous words match in context .	1>2	unknown	attribution	attribution
This paper investigates conceptually and empirically the novel sense matching task ,	whether the senses of two synonymous words match in context .	1<2	unknown	elab-addition	elaboration
This paper investigates conceptually and empirically the novel sense matching task ,	We suggest direct approaches to the problem ,	1<2	unknown	evaluation	comment
We suggest direct approaches to the problem ,	which avoid the intermediate step of explicit word sense disambiguation ,	1<2	unknown	elab-addition	elaboration
We suggest direct approaches to the problem ,	and demonstrate their appealing advantages and stimulating potential for future research .	1<2	unknown	joint	conjunction
This paper presents a new approach	based on Equivalent Pseudowords ( EPs )	1<2	unknown	bg-general	frame
This paper presents a new approach	to tackle Word Sense Disambiguation ( WSD ) in Chinese language .	1<2	unknown	enablement	purpose
based on Equivalent Pseudowords ( EPs )	EPs are particular artificial ambiguous words ,	1<2	unknown	elab-addition	elaboration
EPs are particular artificial ambiguous words ,	which can be used	1<2	unknown	elab-addition	elaboration
which can be used	to realize unsupervised WSD .	1<2	unknown	enablement	purpose
EPs are particular artificial ambiguous words ,	A Bayesian classifier is implemented	1<2	unknown	elab-addition	elaboration
A Bayesian classifier is implemented	to test the efficacy of the EP solution on Senseval-3 Chinese test set .	1<2	unknown	enablement	purpose
This paper presents a new approach	The performance is better than state-of-the-art results with an average F-measure of 0.80 .	1<2	unknown	evaluation	comment
This paper presents a new approach	The experiment verifies the value of EP for unsupervised WSD .	1<2	unknown	evaluation	comment
This paper presents techniques	to apply semi-CRFs to Named Entity Recognition tasks with a tractable computational cost .	1<2	unknown	enablement	purpose
This paper presents techniques	Our framework can handle an NER task	1<2	unknown	elab-addition	elaboration
Our framework can handle an NER task	that has long named entities and many labels	1<2	unknown	elab-addition	elaboration
that has long named entities and many labels	which increase the computational cost .	1<2	unknown	elab-addition	elaboration
To reduce the computational cost ,	we propose two techniques :	1>2	unknown	enablement	purpose
This paper presents techniques	we propose two techniques :	1<2	unknown	elab-addition	elaboration
we propose two techniques :	the first is the use of feature forests ,	1<2	unknown	elab-enumember	elaboration
the first is the use of feature forests ,	which enables us to pack feature-equivalent states ,	1<2	unknown	elab-addition	elaboration
we propose two techniques :	and the second is the introduction of a filtering process	1<2	unknown	elab-enumember	elaboration
and the second is the introduction of a filtering process	which significantly reduces the number of candidate states .	1<2	unknown	elab-addition	elaboration
This paper presents techniques	This framework allows us to use a rich set of features	1<2	unknown	elab-addition	elaboration
This framework allows us to use a rich set of features	extracted from the chunk-based representation	1<2	unknown	elab-addition	elaboration
extracted from the chunk-based representation	that can capture informative characteristics of entities .	1<2	unknown	elab-addition	elaboration
This paper presents techniques	We also introduce a simple trick	1<2	unknown	elab-addition	elaboration
We also introduce a simple trick	to transfer information about distant entities	1<2	unknown	enablement	purpose
to transfer information about distant entities	by embedding label information into non-entity labels .	1<2	unknown	manner-means	mode
Experimental results show	that our model achieves an F-score of 71.48 % on the JNLPBA 2004 shared task	1>2	unknown	attribution	attribution
This paper presents techniques	that our model achieves an F-score of 71.48 % on the JNLPBA 2004 shared task	1<2	unknown	evaluation	comment
that our model achieves an F-score of 71.48 % on the JNLPBA 2004 shared task	without using any external resources or post-processing techniques .	1<2	unknown	condition	condition
As natural language understanding research advances towards deeper knowledge modeling ,	the tasks become more and more complex :	1>2	unknown	temporal	temporal
the tasks become more and more complex :	In this article , we investigate three methods	1>2	unknown	bg-goal	frame
the tasks become more and more complex :	we are interested in more nuanced word characteristics , more linguistic properties , deeper semantic and syntactic features .	1<2	unknown	elab-addition	elaboration
the tasks become more and more complex :	One such example , <*> is the mention detection and recognition task in the Automatic Content Extraction project ,	1<2	unknown	elab-example	elaboration
One such example , <*> is the mention detection and recognition task in the Automatic Content Extraction project ,	explored in this article ,	1<2	unknown	elab-addition	elaboration
is the mention detection and recognition task in the Automatic Content Extraction project ,	with the goal of identifying named , nominal or pronominal references to real-world entities—mentions—	1<2	unknown	elab-addition	elaboration
with the goal of identifying named , nominal or pronominal references to real-world entities—mentions—	and labeling them with three types of information :	1<2	unknown	joint	conjunction
and labeling them with three types of information :	entity type , entity subtype and mention type .	1<2	unknown	elab-enumember	elaboration
In this article , we investigate three methods	of assigning these related tags	1<2	unknown	elab-addition	elaboration
In this article , we investigate three methods	and compare them on several data sets .	1<2	unknown	joint	conjunction
In this article , we investigate three methods	A system <*> participated and ranked very competitively in the ACE'04 evaluation .	1<2	unknown	evaluation	comment
A system <*> participated and ranked very competitively in the ACE'04 evaluation .	based on the methods	1<2	unknown	bg-general	frame
based on the methods	presented in this article	1<2	unknown	elab-addition	elaboration
Hidden Markov models ( HMMs ) are powerful statistical models	an HMM is used	1>2	unknown	elab-addition	elaboration
Hidden Markov models ( HMMs ) are powerful statistical models	that have found successful applications in Information Extraction ( IE ) .	1<2	unknown	elab-addition	elaboration
In current approaches	an HMM is used	1>2	unknown	elab-addition	elaboration
In current approaches	to applying HMMs to IE ,	1<2	unknown	enablement	purpose
an HMM is used	We propose to use HMMs	1>2	unknown	bg-compare	frame
an HMM is used	to model text at the document level .	1<2	unknown	enablement	purpose
an HMM is used	This modelling might cause undesired redundancy in extraction in the sense	1<2	unknown	elab-addition	elaboration
This modelling might cause undesired redundancy in extraction in the sense	that more than one filler is identified and extracted .	1<2	unknown	elab-addition	elaboration
We propose to use HMMs	to model text at the segment level ,	1<2	unknown	enablement	purpose
to model text at the segment level ,	in which the extraction process consists of two steps :	1<2	unknown	elab-addition	elaboration
in which the extraction process consists of two steps :	a segment retrieval step	1<2	unknown	elab-enumember	elaboration
a segment retrieval step	followed by an extraction step .	1<2	unknown	elab-addition	elaboration
In order to retrieve extractionrelevant segments from documents ,	we introduce a method	1>2	unknown	enablement	purpose
We propose to use HMMs	we introduce a method	1<2	unknown	elab-addition	elaboration
we introduce a method	to use HMMs	1<2	unknown	enablement	purpose
to use HMMs	to model and retrieve segments .	1<2	unknown	enablement	purpose
Our experimental results show	but also has better overall extraction performance than traditional document HMM IE systems .	1>2	unknown	attribution	attribution
that the resulting segment HMM IE system not only achieves near zero extraction redundancy ,	but also has better overall extraction performance than traditional document HMM IE systems .	1>2	unknown	progression	organization
We propose to use HMMs	but also has better overall extraction performance than traditional document HMM IE systems .	1<2	unknown	evaluation	comment
Based on the Document Object Model ( DOM ) ,	a web page is represented as a DOM tree .	1>2	unknown	bg-general	frame
This paper presents a new web mining scheme for parallel data acquisition .	a web page is represented as a DOM tree .	1<2	unknown	elab-process_step	elaboration
This paper presents a new web mining scheme for parallel data acquisition .	Then a DOM tree alignment model is proposed	1<2	unknown	elab-process_step	elaboration
Then a DOM tree alignment model is proposed	to identify the translationally equivalent texts and hyperlinks between two parallel DOM trees .	1<2	unknown	enablement	purpose
By tracing the identified parallel hyperlinks ,	parallel web documents are recursively mined .	1>2	unknown	manner-means	mode
This paper presents a new web mining scheme for parallel data acquisition .	parallel web documents are recursively mined .	1<2	unknown	elab-process_step	elaboration
Compared with previous mining schemes ,	that this new mining scheme improves the mining coverage ,	1>2	unknown	comparison	concession
the benchmarks show	that this new mining scheme improves the mining coverage ,	1>2	unknown	attribution	attribution
This paper presents a new web mining scheme for parallel data acquisition .	that this new mining scheme improves the mining coverage ,	1<2	unknown	evaluation	comment
that this new mining scheme improves the mining coverage ,	reduces mining bandwidth ,	1<2	unknown	joint	conjunction
that this new mining scheme improves the mining coverage ,	and enhances the quality of mined parallel sentences .	1<2	unknown	joint	conjunction
This paper describes the development of QuestionBank , a corpus of 4000 parseannotated questions for	( i ) use in training parsers	1<2	unknown	elab-addition	elaboration
( i ) use in training parsers	employed in QA ,	1<2	unknown	elab-addition	elaboration
This paper describes the development of QuestionBank , a corpus of 4000 parseannotated questions for	and ( ii ) evaluation of question parsing .	1<2	unknown	elab-addition	elaboration
This paper describes the development of QuestionBank , a corpus of 4000 parseannotated questions for	We present a series of experiments	1<2	unknown	elab-addition	elaboration
We present a series of experiments	to investigate the effectiveness of QuestionBank as both an exclusive and supplementary training resource for a state-of-the-art parser	1<2	unknown	enablement	purpose
to investigate the effectiveness of QuestionBank as both an exclusive and supplementary training resource for a state-of-the-art parser	in parsing both question and non-question test sets .	1<2	unknown	elab-addition	elaboration
This paper describes the development of QuestionBank , a corpus of 4000 parseannotated questions for	We introduce a new method for recovering empty nodes and their antecedents	1<2	unknown	elab-addition	elaboration
We introduce a new method for recovering empty nodes and their antecedents	( capturing long distance dependencies )	1<2	unknown	elab-addition	elaboration
We introduce a new method for recovering empty nodes and their antecedents	from parser output in CFG trees	1<2	unknown	elab-addition	elaboration
We introduce a new method for recovering empty nodes and their antecedents	using LFG f-structure reentrancies .	1<2	unknown	manner-means	mode
We present an algorithm	which creates a German CCGbank	1<2	unknown	elab-addition	elaboration
which creates a German CCGbank	by translating the syntax graphs in the German Tiger corpus into CCG derivation trees .	1<2	unknown	manner-means	mode
We present an algorithm	The resulting corpus contains 46,628 derivations ,	1<2	unknown	evaluation	comment
The resulting corpus contains 46,628 derivations ,	covering 95 % of all complete sentences in Tiger .	1<2	unknown	elab-addition	elaboration
The resulting corpus contains 46,628 derivations ,	Lexicons <*> contain correct lexical entries for 94 % of all known tokens in unseen text .	1<2	unknown	elab-addition	elaboration
Lexicons <*> contain correct lexical entries for 94 % of all known tokens in unseen text .	extracted from this corpus	1<2	unknown	elab-addition	elaboration
For many years , statistical machine translation relied on generative models	that discriminative models could be used	1>2	unknown	elab-addition	elaboration
For many years , statistical machine translation relied on generative models	to provide bilingual word alignments .	1<2	unknown	enablement	purpose
In 2005 , several independent efforts showed	that discriminative models could be used	1>2	unknown	attribution	attribution
that discriminative models could be used	we demonstrate substantial improvement in word-alignment accuracy , partly though improved training methods ,	1>2	unknown	bg-goal	frame
that discriminative models could be used	to enhance or replace the standard generative approach .	1<2	unknown	enablement	purpose
Building on this work ,	we demonstrate substantial improvement in word-alignment accuracy , partly though improved training methods ,	1>2	unknown	bg-general	frame
we demonstrate substantial improvement in word-alignment accuracy , partly though improved training methods ,	but predominantly through selection of more and better features .	1<2	unknown	contrast	contrast
we demonstrate substantial improvement in word-alignment accuracy , partly though improved training methods ,	Our best model produces the lowest alignment error rate	1<2	unknown	evaluation	comment
Our best model produces the lowest alignment error rate	yet reported on Canadian Hansards bilingual data .	1<2	unknown	elab-addition	elaboration
We propose a novel reordering model for phrase-based statistical machine translation ( SMT )	that uses a maximum entropy ( MaxEnt ) model	1<2	unknown	elab-addition	elaboration
that uses a maximum entropy ( MaxEnt ) model	to predicate reorderings of neighbor blocks ( phrase pairs ) .	1<2	unknown	enablement	purpose
We propose a novel reordering model for phrase-based statistical machine translation ( SMT )	The model provides content-dependent , hierarchical phrasal reordering with generalization based on features	1<2	unknown	elab-addition	elaboration
The model provides content-dependent , hierarchical phrasal reordering with generalization based on features	automatically learned from a real-world bitext .	1<2	unknown	elab-addition	elaboration
We propose a novel reordering model for phrase-based statistical machine translation ( SMT )	We present an algorithm	1<2	unknown	elab-addition	elaboration
We present an algorithm	to extract all reordering events of neighbor blocks from bilingual data .	1<2	unknown	enablement	purpose
We propose a novel reordering model for phrase-based statistical machine translation ( SMT )	In our experiments on Chineseto-English translation , this MaxEnt-based reordering model obtains significant improvements in BLEU score on the NIST MT-05 and IWSLT-04 tasks .	1<2	unknown	evaluation	comment
In this paper , we argue	that n-gram language models are not sufficient	1>2	unknown	attribution	attribution
that n-gram language models are not sufficient	to address word reordering	1<2	unknown	enablement	purpose
to address word reordering	required for Machine Translation .	1<2	unknown	elab-addition	elaboration
that n-gram language models are not sufficient	We propose a new distortion model	1<2	unknown	elab-addition	elaboration
We propose a new distortion model	that can be used with existing phrase-based SMT decoders	1<2	unknown	elab-addition	elaboration
that can be used with existing phrase-based SMT decoders	to address those n-gram language model limitations .	1<2	unknown	enablement	purpose
We propose a new distortion model	We present empirical results in Arabic to English Machine Translation	1<2	unknown	evaluation	comment
We present empirical results in Arabic to English Machine Translation	that show statistically significant improvements	1<2	unknown	elab-addition	elaboration
that show statistically significant improvements	when our proposed model is used .	1<2	unknown	condition	condition
that n-gram language models are not sufficient	We also propose a novel metric	1<2	unknown	elab-addition	elaboration
We also propose a novel metric	to measure word order similarity ( or difference ) between any pair of languages	1<2	unknown	enablement	purpose
to measure word order similarity ( or difference ) between any pair of languages	based on word alignments .	1<2	unknown	bg-general	frame
This paper presents a study on	if and how automatically extracted keywords can be used	1<2	unknown	elab-addition	elaboration
if and how automatically extracted keywords can be used	to improve text categorization .	1<2	unknown	enablement	purpose
In summary we show	that a higher performance <*> is achieved	1>2	unknown	attribution	attribution
This paper presents a study on	that a higher performance <*> is achieved	1<2	unknown	summary	organization
that a higher performance <*> is achieved	— as measured by micro-averaged F-measure on a standard text categorization collection —	1<2	unknown	elab-addition	elaboration
that a higher performance <*> is achieved	when the full-text representation is combined with the automatically extracted keywords .	1<2	unknown	condition	condition
when the full-text representation is combined with the automatically extracted keywords .	The combination is obtained	1<2	unknown	elab-addition	elaboration
The combination is obtained	by giving higher weights to words in the full-texts	1<2	unknown	manner-means	mode
by giving higher weights to words in the full-texts	that are also extracted as keywords .	1<2	unknown	elab-addition	elaboration
We also present results for experiments	Of these two experiments , the unigrams have the best performance ,	1>2	unknown	result	causal
We also present results for experiments	in which the keywords are the only input to the categorizer ,	1<2	unknown	elab-addition	elaboration
in which the keywords are the only input to the categorizer ,	either represented as unigrams or intact .	1<2	unknown	elab-addition	elaboration
This paper presents a study on	Of these two experiments , the unigrams have the best performance ,	1<2	unknown	evaluation	comment
Of these two experiments , the unigrams have the best performance ,	although neither performs as well as headlines only .	1<2	unknown	contrast	contrast
Words and character-bigrams are both used as features in Chinese text processing tasks ,	but no systematic comparison or analysis of their values as features for Chinese text categorization has been reported heretofore .	1>2	unknown	contrast	contrast
but no systematic comparison or analysis of their values as features for Chinese text categorization has been reported heretofore .	We carry out here a full performance comparison between them by experiments on various document collections	1>2	unknown	bg-compare	frame
We carry out here a full performance comparison between them by experiments on various document collections	( including a manually word-segmented corpus as a golden standard ) ,	1<2	unknown	elab-example	elaboration
We carry out here a full performance comparison between them by experiments on various document collections	and a semi-quantitative analysis	1<2	unknown	joint	conjunction
We carry out here a full performance comparison between them by experiments on various document collections	to elucidate the characteristics of their behavior ;	1<2	unknown	enablement	purpose
We carry out here a full performance comparison between them by experiments on various document collections	and try to provide some preliminary clue for feature term choice	1<2	unknown	joint	conjunction
and try to provide some preliminary clue for feature term choice	( in most cases , character-bigrams are better than words )	1<2	unknown	elab-addition	elaboration
and try to provide some preliminary clue for feature term choice	and dimensionality setting in text categorization systems .	1<2	unknown	joint	conjunction
Cross-language Text Categorization is the task	In this work we present many solutions	1>2	unknown	bg-goal	frame
Cross-language Text Categorization is the task	of assigning semantic classes to documents	1<2	unknown	elab-addition	elaboration
of assigning semantic classes to documents	written in a target language ( e.g. English )	1<2	unknown	elab-addition	elaboration
of assigning semantic classes to documents	while the system is trained using labeled documents in a source language ( e.g. Italian ) .	1<2	unknown	temporal	temporal
In this work we present many solutions	according to the availability of bilingual resources ,	1<2	unknown	elab-addition	elaboration
and we show	that it is possible to deal with the problem	1>2	unknown	attribution	attribution
In this work we present many solutions	that it is possible to deal with the problem	1<2	unknown	joint	conjunction
that it is possible to deal with the problem	even when no such resources are accessible .	1<2	unknown	condition	condition
In this work we present many solutions	The core technique relies on the automatic acquisition of Multilingual Domain Models from comparable corpora .	1<2	unknown	elab-addition	elaboration
In this work we present many solutions	Experiments show the effectiveness of our approach ,	1<2	unknown	evaluation	comment
Experiments show the effectiveness of our approach ,	providing a low cost solution for the Cross Language Text Categorization task .	1<2	unknown	elab-addition	elaboration
In particular , when bilingual dictionaries are available	the performance of the categorization gets close to that of monolingual text categorization .	1>2	unknown	condition	condition
Experiments show the effectiveness of our approach ,	the performance of the categorization gets close to that of monolingual text categorization .	1<2	unknown	elab-addition	elaboration
Recent developments in statistical modeling of various linguistic phenomena have shown	that additional features give consistent performance improvements .	1>2	unknown	attribution	attribution
that additional features give consistent performance improvements .	Quite often , improvements are limited by the number of features	1>2	unknown	elab-addition	elaboration
Quite often , improvements are limited by the number of features	This paper describes a novel progressive training algorithm	1>2	unknown	bg-compare	frame
Quite often , improvements are limited by the number of features	a system is able to explore .	1<2	unknown	elab-addition	elaboration
This paper describes a novel progressive training algorithm	that selects features from virtually unlimited feature spaces for conditional maximum entropy ( CME ) modeling .	1<2	unknown	elab-addition	elaboration
This paper describes a novel progressive training algorithm	Experimental results in edit region identification demonstrate the benefits of the progressive feature selection ( PFS ) algorithm :	1<2	unknown	evaluation	comment
Experimental results in edit region identification demonstrate the benefits of the progressive feature selection ( PFS ) algorithm :	the PFS algorithm maintains the same accuracy performance as previous CME feature selection algorithms ( e.g. , Zhou et al. , 2003 )	1<2	unknown	elab-addition	elaboration
the PFS algorithm maintains the same accuracy performance as previous CME feature selection algorithms ( e.g. , Zhou et al. , 2003 )	when the same feature spaces are used .	1<2	unknown	condition	condition
When additional features and their combinations are used ,	the PFS gives 17.66 % relative improvement over the previously reported best result in edit region identification on Switchboard corpus ( Kahn et al. , 2005 ) ,	1>2	unknown	condition	condition
This paper describes a novel progressive training algorithm	the PFS gives 17.66 % relative improvement over the previously reported best result in edit region identification on Switchboard corpus ( Kahn et al. , 2005 ) ,	1<2	unknown	evaluation	comment
the PFS gives 17.66 % relative improvement over the previously reported best result in edit region identification on Switchboard corpus ( Kahn et al. , 2005 ) ,	which leads to a 20 % relative error reduction	1<2	unknown	elab-addition	elaboration
which leads to a 20 % relative error reduction	in parsing the Switchboard corpus	1<2	unknown	elab-addition	elaboration
in parsing the Switchboard corpus	when gold edits are used as the upper bound .	1<2	unknown	condition	condition
We first show	how a structural locality bias can improve the accuracy of state-of-the-art dependency grammar induction models	1>2	unknown	attribution	attribution
how a structural locality bias can improve the accuracy of state-of-the-art dependency grammar induction models	trained by EM from unannotated examples ( Klein and Manning , 2004 ) .	1<2	unknown	elab-addition	elaboration
Next , by annealing the free parameter	we achieve further improvements .	1>2	unknown	manner-means	mode
Next , by annealing the free parameter	that controls this bias ,	1<2	unknown	elab-addition	elaboration
how a structural locality bias can improve the accuracy of state-of-the-art dependency grammar induction models	we achieve further improvements .	1<2	unknown	elab-process_step	elaboration
we achieve further improvements .	"We then describe an alternative kind of structural bias , toward ""broken"" hypotheses"	1<2	unknown	elab-process_step	elaboration
"We then describe an alternative kind of structural bias , toward ""broken"" hypotheses"	consisting of partial structures over segmented sentences ,	1<2	unknown	elab-addition	elaboration
"We then describe an alternative kind of structural bias , toward ""broken"" hypotheses"	and show a similar pattern of improvement .	1<2	unknown	joint	conjunction
how a structural locality bias can improve the accuracy of state-of-the-art dependency grammar induction models	We relate this approach to contrastive estimation ( Smith and Eisner , 2005a ) ,	1<2	unknown	evaluation	comment
We relate this approach to contrastive estimation ( Smith and Eisner , 2005a ) ,	apply the latter to grammar induction in six languages ,	1<2	unknown	progression	organization
and show	that our new approach improves accuracy by 1-17 % ( absolute ) over CE ( and 8-30 % over EM ) ,	1>2	unknown	attribution	attribution
apply the latter to grammar induction in six languages ,	that our new approach improves accuracy by 1-17 % ( absolute ) over CE ( and 8-30 % over EM ) ,	1<2	unknown	progression	organization
that our new approach improves accuracy by 1-17 % ( absolute ) over CE ( and 8-30 % over EM ) ,	achieving to our knowledge the best results on this task to date .	1<2	unknown	elab-addition	elaboration
how a structural locality bias can improve the accuracy of state-of-the-art dependency grammar induction models	Our method , structural annealing , is a general technique with broad applicability to hidden-structure discovery problems .	1<2	unknown	evaluation	comment
Short vowels and other diacritics are not part of written Arabic scripts .	We propose in this paper a maximum entropy approach	1>2	unknown	bg-goal	frame
Short vowels and other diacritics are not part of written Arabic scripts .	Exceptions are made for important political and religious texts and in scripts for beginning students of Arabic .	1<2	unknown	elab-addition	elaboration
Short vowels and other diacritics are not part of written Arabic scripts .	Script without diacritics have considerable ambiguity	1<2	unknown	elab-addition	elaboration
Script without diacritics have considerable ambiguity	because many words with different diacritic patterns appear identical in a diacritic-less setting .	1<2	unknown	exp-reason	explanation
We propose in this paper a maximum entropy approach	for restoring diacritics in a document .	1<2	unknown	elab-addition	elaboration
We propose in this paper a maximum entropy approach	The approach can easily integrate and make effective use of diverse types of information ;	1<2	unknown	elab-addition	elaboration
The approach can easily integrate and make effective use of diverse types of information ;	the model we propose integrates a wide array of lexical , segmentbased and part-of-speech tag features .	1<2	unknown	elab-addition	elaboration
The approach can easily integrate and make effective use of diverse types of information ;	The combination of these feature types leads to a state-of-the-art diacritization model .	1<2	unknown	elab-addition	elaboration
Using a publicly available corpus ( LDC's Arabic Treebank Part 3 ) ,	we achieve a diacritic error rate of 5.1 % , a segment error rate 8.5 % , and a word error rate of 17.3 % .	1>2	unknown	manner-means	mode
We propose in this paper a maximum entropy approach	we achieve a diacritic error rate of 5.1 % , a segment error rate 8.5 % , and a word error rate of 17.3 % .	1<2	unknown	evaluation	comment
We propose in this paper a maximum entropy approach	In case-ending-less setting , we obtain a diacritic error rate of 2.2 % , a segment error rate 4.0 % , and a word error rate of 7.2 % .	1<2	unknown	evaluation	comment
General information retrieval systems are designed to serve all users	In this paper , we propose a novel approach to personalized search .	1>2	unknown	bg-compare	frame
General information retrieval systems are designed to serve all users	without considering individual needs .	1<2	unknown	condition	condition
In this paper , we propose a novel approach to personalized search .	It can , in a unified way , exploit and utilize implicit feedback information , such as query logs and immediately viewed documents .	1<2	unknown	elab-addition	elaboration
In this paper , we propose a novel approach to personalized search .	Moreover , our approach can implement result re-ranking and query expansion simultaneously and collaboratively .	1<2	unknown	elab-addition	elaboration
Based on this approach ,	we develop a client-side personalized web search agent PAIR ( Personalized Assistant for Information Retrieval ) ,	1>2	unknown	bg-general	frame
In this paper , we propose a novel approach to personalized search .	we develop a client-side personalized web search agent PAIR ( Personalized Assistant for Information Retrieval ) ,	1<2	unknown	elab-addition	elaboration
we develop a client-side personalized web search agent PAIR ( Personalized Assistant for Information Retrieval ) ,	which supports both English and Chinese .	1<2	unknown	elab-addition	elaboration
Our experiments on TREC and HTRDP collections clearly show	that the new approach is both effective and efficient .	1>2	unknown	attribution	attribution
In this paper , we propose a novel approach to personalized search .	that the new approach is both effective and efficient .	1<2	unknown	evaluation	comment
To obtain MT systems of different translation quality ,	we degrade a rule-based MT system	1>2	unknown	enablement	purpose
This paper explores the relationship between the translation quality and the retrieval effectiveness in Machine Translation ( MT ) based Cross-Language Information Retrieval ( CLIR ) .	we degrade a rule-based MT system	1<2	unknown	elab-addition	elaboration
we degrade a rule-based MT system	by decreasing the size of the rule base and the size of the dictionary .	1<2	unknown	manner-means	mode
we degrade a rule-based MT system	We use the degraded MT systems	1<2	unknown	elab-addition	elaboration
We use the degraded MT systems	to translate queries	1<2	unknown	enablement	purpose
to translate queries	and submit the translated queries	1<2	unknown	joint	conjunction
and submit the translated queries	of varying quality to the IR system .	1<2	unknown	elab-addition	elaboration
Retrieval effectiveness is found to correlate highly with the translation quality of the queries .	that affect the retrieval effectiveness .	1>2	unknown	elab-addition	elaboration
We further analyze the factors	Title queries are found to be preferred in MT-based CLIR .	1>2	unknown	result	causal
We further analyze the factors	that affect the retrieval effectiveness .	1<2	unknown	elab-addition	elaboration
This paper explores the relationship between the translation quality and the retrieval effectiveness in Machine Translation ( MT ) based Cross-Language Information Retrieval ( CLIR ) .	Title queries are found to be preferred in MT-based CLIR .	1<2	unknown	evaluation	comment
Title queries are found to be preferred in MT-based CLIR .	In addition , dictionary-based degradation is shown to have stronger impact than rule-based degradation in MT-based CLIR .	1<2	unknown	elab-addition	elaboration
The trend in information retrieval systems is from document to sub-document retrieval , such as sentences in a summarization system and words or phrases in question-answering system .	Despite this trend ,	1>2	unknown	elab-addition	elaboration
Despite this trend ,	systems continue to model language at a document level	1>2	unknown	contrast	contrast
systems continue to model language at a document level	In this paper , we compare and contrast IDF with inverse sentence frequency ( ISF ) and inverse term frequency ( ITF ) .	1>2	unknown	bg-goal	frame
systems continue to model language at a document level	using the inverse document frequency ( IDF ) .	1<2	unknown	manner-means	mode
A direct comparison reveals	that all language models are highly correlated ;	1>2	unknown	attribution	attribution
In this paper , we compare and contrast IDF with inverse sentence frequency ( ISF ) and inverse term frequency ( ITF ) .	that all language models are highly correlated ;	1<2	unknown	elab-addition	elaboration
that all language models are highly correlated ;	however , the average ISF and ITF values are 5.5 and 10.4 higher than IDF .	1<2	unknown	contrast	contrast
In this paper , we compare and contrast IDF with inverse sentence frequency ( ISF ) and inverse term frequency ( ITF ) .	All language models appeared to follow a power law distribution with a slope coefficient of 1.6 for documents and 1.7 for sentences and terms .	1<2	unknown	elab-addition	elaboration
In this paper , we compare and contrast IDF with inverse sentence frequency ( ISF ) and inverse term frequency ( ITF ) .	We conclude with an analysis of IDF stability with respect to random , journal , and section partitions of the 100,830 full-text scientific articles in our experimental corpus .	1<2	unknown	evaluation	comment
We present a novel translation model	based on tree-to-string alignment template ( TAT )	1<2	unknown	bg-general	frame
based on tree-to-string alignment template ( TAT )	which describes the alignment between a source parse tree and a target string .	1<2	unknown	elab-addition	elaboration
We present a novel translation model	A TAT is capable of generating both terminals and non-terminals	1<2	unknown	elab-aspect	elaboration
A TAT is capable of generating both terminals and non-terminals	and performing reordering at both low and high levels .	1<2	unknown	joint	conjunction
We present a novel translation model	The model is linguistically syntaxbased	1<2	unknown	elab-aspect	elaboration
The model is linguistically syntaxbased	because TATs are extracted automatically from word-aligned , source side parsed parallel texts .	1<2	unknown	exp-reason	explanation
To translate a source sentence ,	we first employ a parser	1>2	unknown	enablement	purpose
We present a novel translation model	we first employ a parser	1<2	unknown	elab-aspect	elaboration
we first employ a parser	to produce a source parse tree	1<2	unknown	enablement	purpose
we first employ a parser	and then apply TATs	1<2	unknown	progression	organization
and then apply TATs	to transform the tree into a target string .	1<2	unknown	enablement	purpose
Our experiments show	that the TAT-based model significantly outperforms Pharaoh , a state-of-the-art decoder for phrase-based models .	1>2	unknown	attribution	attribution
We present a novel translation model	that the TAT-based model significantly outperforms Pharaoh , a state-of-the-art decoder for phrase-based models .	1<2	unknown	evaluation	comment
This paper proposes a named entity recognition ( NER ) method for speech recognition results	that uses confidence on automatic speech recognition ( ASR ) as a feature .	1<2	unknown	elab-addition	elaboration
The ASR confidence feature indicates	whether each word has been correctly recognized .	1>2	unknown	attribution	attribution
This paper proposes a named entity recognition ( NER ) method for speech recognition results	whether each word has been correctly recognized .	1<2	unknown	elab-aspect	elaboration
This paper proposes a named entity recognition ( NER ) method for speech recognition results	The NER model is trained	1<2	unknown	elab-aspect	elaboration
The NER model is trained	using ASR results with named entity ( NE ) labels as well as the corresponding transcriptions with NE labels .	1<2	unknown	manner-means	mode
In experiments	the proposed method outperformed a simple application of textbased NER to ASR results in NER Fmeasure	1>2	unknown	elab-addition	elaboration
In experiments	using support vector machines ( SVMs ) and speech data from Japanese newspaper articles ,	1<2	unknown	elab-addition	elaboration
This paper proposes a named entity recognition ( NER ) method for speech recognition results	the proposed method outperformed a simple application of textbased NER to ASR results in NER Fmeasure	1<2	unknown	evaluation	comment
the proposed method outperformed a simple application of textbased NER to ASR results in NER Fmeasure	by improving precision .	1<2	unknown	manner-means	mode
These results show	that the proposed method is effective in NER for noisy inputs .	1>2	unknown	attribution	attribution
the proposed method outperformed a simple application of textbased NER to ASR results in NER Fmeasure	that the proposed method is effective in NER for noisy inputs .	1<2	unknown	summary	organization
We approach the zero-anaphora resolution problem	by decomposing it into intra-sentential and inter-sentential zeroanaphora resolution .	1<2	unknown	manner-means	mode
We approach the zero-anaphora resolution problem	For the former problem , syntactic patterns of the appearance of zero-pronouns and their antecedents are useful clues .	1<2	unknown	elab-addition	elaboration
Taking Japanese as a target language ,	that incorporating rich syntactic pattern features in a state-of-the-art learning-based anaphora resolution model dramatically improves the accuracy of intra-sentential zero-anaphora ,	1>2	unknown	elab-addition	elaboration
we empirically demonstrate	that incorporating rich syntactic pattern features in a state-of-the-art learning-based anaphora resolution model dramatically improves the accuracy of intra-sentential zero-anaphora ,	1>2	unknown	attribution	attribution
For the former problem , syntactic patterns of the appearance of zero-pronouns and their antecedents are useful clues .	that incorporating rich syntactic pattern features in a state-of-the-art learning-based anaphora resolution model dramatically improves the accuracy of intra-sentential zero-anaphora ,	1<2	unknown	elab-example	elaboration
that incorporating rich syntactic pattern features in a state-of-the-art learning-based anaphora resolution model dramatically improves the accuracy of intra-sentential zero-anaphora ,	which consequently improves the overall performance of zeroanaphora resolution .	1<2	unknown	elab-addition	elaboration
An automatic word spacing is one of the important tasks in Korean language processing and information retrieval.	Since there are a number of confusing cases in word spacing of Korean ,	1>2	unknown	elab-addition	elaboration
Since there are a number of confusing cases in word spacing of Korean ,	there are some mistakes in many texts	1>2	unknown	exp-reason	explanation
there are some mistakes in many texts	This paper presents a high-accurate method for automatic word spacing	1>2	unknown	bg-compare	frame
there are some mistakes in many texts	including news articles .	1<2	unknown	elab-example	elaboration
This paper presents a high-accurate method for automatic word spacing	based on self-organizing -gram model .	1<2	unknown	bg-general	frame
This paper presents a high-accurate method for automatic word spacing	This method is basically a variant of -gram model ,	1<2	unknown	elab-addition	elaboration
This method is basically a variant of -gram model ,	but achieves high accuracy	1<2	unknown	contrast	contrast
but achieves high accuracy	by automatically adapting context size .	1<2	unknown	manner-means	mode
In order to find the optimal context size ,	the proposed method automatically increases the context size	1>2	unknown	enablement	purpose
This paper presents a high-accurate method for automatic word spacing	the proposed method automatically increases the context size	1<2	unknown	manner-means	mode
the proposed method automatically increases the context size	when the contextual distribution after increasing	1<2	unknown	temporal	temporal
when the contextual distribution after increasing	it dose not agree with that of the current context .	1<2	unknown	elab-addition	elaboration
This paper presents a high-accurate method for automatic word spacing	It also decreases the context size	1<2	unknown	manner-means	mode
It also decreases the context size	when the distribution of reduced context is similar to that of the current context .	1<2	unknown	temporal	temporal
This paper presents a high-accurate method for automatic word spacing	This approach achieves high accuracy	1<2	unknown	manner-means	mode
This approach achieves high accuracy	by considering higher dimensional data in case of necessity ,	1<2	unknown	manner-means	mode
This approach achieves high accuracy	and the increased computational cost are compensated by the reduced context size .	1<2	unknown	manner-means	mode
The experimental results show	that the self-organizing structure of -gram model enhances the basic model .	1>2	unknown	attribution	attribution
This paper presents a high-accurate method for automatic word spacing	that the self-organizing structure of -gram model enhances the basic model .	1<2	unknown	evaluation	comment
Due to the historical and cultural reasons ,	English phases , especially the proper nouns and new words , frequently appear in Web pages	1>2	unknown	cause	causal
English phases , especially the proper nouns and new words , frequently appear in Web pages	they are erroneously treated as independent index units in traditional Information Retrieval ( IR ) .	1>2	unknown	elab-addition	elaboration
English phases , especially the proper nouns and new words , frequently appear in Web pages	written primarily in Asian languages such as Chinese and Korean .	1<2	unknown	elab-addition	elaboration
Although these English terms and their equivalences in the Asian languages refer to the same concept ,	they are erroneously treated as independent index units in traditional Information Retrieval ( IR ) .	1>2	unknown	contrast	contrast
they are erroneously treated as independent index units in traditional Information Retrieval ( IR ) .	This paper describes the degree	1>2	unknown	bg-compare	frame
This paper describes the degree	to which the problem arises in IR	1<2	unknown	elab-addition	elaboration
to which the problem arises in IR	and suggests a novel technique	1<2	unknown	joint	conjunction
and suggests a novel technique	to solve it .	1<2	unknown	enablement	purpose
This paper describes the degree	Our method firstly extracts an English phrase from Asian language Web pages ,	1<2	unknown	elab-addition	elaboration
Our method firstly extracts an English phrase from Asian language Web pages ,	and then unifies the extracted phrase and its equivalence ( s ) in the language as one index unit .	1<2	unknown	progression	organization
Experimental results show	that the high precision of our conceptual unification approach greatly improves the IR performance .	1>2	unknown	attribution	attribution
This paper describes the degree	that the high precision of our conceptual unification approach greatly improves the IR performance .	1<2	unknown	evaluation	comment
Word alignment <*> has recently become popular .	In this work we studied the performance of two very popular recency-vector based approaches ,	1>2	unknown	bg-goal	frame
Word alignment <*> has recently become popular .	using recency-vector based approach	1<2	unknown	elab-addition	elaboration
One major advantage of these techniques is that	they perform well	1>2	unknown	attribution	attribution
unlike other approaches	they perform well	1>2	unknown	contrast	contrast
Word alignment <*> has recently become popular .	they perform well	1<2	unknown	elab-addition	elaboration
they perform well	even if the size of the parallel corpora is small .	1<2	unknown	contrast	contrast
Word alignment <*> has recently become popular .	This makes these algorithms worth-studying for languages	1<2	unknown	progression	organization
This makes these algorithms worth-studying for languages	where resources are scarce .	1<2	unknown	elab-addition	elaboration
In this work we studied the performance of two very popular recency-vector based approaches ,	proposed in ( Fung and McKeown , 1994 ) and ( Somers , 1998 ) , respectively , for word alignment in English-Hindi parallel corpus .	1<2	unknown	elab-enumember	elaboration
proposed in ( Fung and McKeown , 1994 ) and ( Somers , 1998 ) , respectively , for word alignment in English-Hindi parallel corpus .	But performance of the above algorithms was not found to be satisfactory .	1<2	unknown	contrast	contrast
But performance of the above algorithms was not found to be satisfactory .	However , subsequent addition of some new constraints improved the performance of the recency-vector based alignment technique significantly for the said corpus .	1<2	unknown	contrast	contrast
In this work we studied the performance of two very popular recency-vector based approaches ,	The present paper discusses the new version of the algorithm and its performance in detail .	1<2	unknown	elab-addition	elaboration
This paper proposes methods	for extracting loanwords from Cyrillic Mongolian corpora	1<2	unknown	enablement	purpose
for extracting loanwords from Cyrillic Mongolian corpora	and producing a Japanese-Mongolian bilingual dictionary .	1<2	unknown	joint	conjunction
This paper proposes methods	We extract loanwords from Mongolian corpora	1<2	unknown	manner-means	mode
We extract loanwords from Mongolian corpora	using our own handcrafted rules .	1<2	unknown	manner-means	mode
To complement the rule-based extraction ,	we also extract words in Mongolian corpora	1>2	unknown	enablement	purpose
This paper proposes methods	we also extract words in Mongolian corpora	1<2	unknown	manner-means	mode
we also extract words in Mongolian corpora	that are phonetically similar to Japanese Katakana words as loanwords .	1<2	unknown	elab-addition	elaboration
This paper proposes methods	In addition , we correspond the extracted loanwords to Japanese words	1<2	unknown	progression	organization
In addition , we correspond the extracted loanwords to Japanese words	and produce a bilingual dictionary .	1<2	unknown	joint	conjunction
This paper proposes methods	We propose a stemming method for Mongolian	1<2	unknown	progression	organization
We propose a stemming method for Mongolian	to extract loanwords correctly .	1<2	unknown	enablement	purpose
This paper proposes methods	We verify the effectiveness of our methods experimentally .	1<2	unknown	evaluation	comment
Morphological disambiguation is the process	We present an unsupervised stochastic model -	1>2	unknown	elab-addition	elaboration
Morphological disambiguation is the process	of assigning one set of morphological features to each individual word in a text .	1<2	unknown	elab-addition	elaboration
When the word is ambiguous	a disambiguation procedure <*> must be applied .	1>2	unknown	temporal	temporal
When the word is ambiguous	( there are several possible analyses for the word ) ,	1<2	unknown	elab-definition	elaboration
Morphological disambiguation is the process	a disambiguation procedure <*> must be applied .	1<2	unknown	elab-addition	elaboration
a disambiguation procedure <*> must be applied .	based on the word context	1<2	unknown	bg-general	frame
This paper deals with morphological disambiguation of the Hebrew language ,	We present an unsupervised stochastic model -	1>2	unknown	bg-goal	frame
This paper deals with morphological disambiguation of the Hebrew language ,	which combines morphemes into a word in both agglutinative and fusional ways .	1<2	unknown	elab-addition	elaboration
We present an unsupervised stochastic model -	the only resource we use is a morphological analyzer -	1<2	unknown	elab-addition	elaboration
We present an unsupervised stochastic model -	which deals with the data sparseness problem	1<2	unknown	elab-addition	elaboration
which deals with the data sparseness problem	caused by the affixational morphology of the Hebrew language .	1<2	unknown	elab-addition	elaboration
We present an unsupervised stochastic model -	We present a text encoding method for languages with affixational morphology	1<2	unknown	elab-addition	elaboration
We present a text encoding method for languages with affixational morphology	in which the knowledge of word formation rules <*> helps in the disambiguation .	1<2	unknown	elab-addition	elaboration
in which the knowledge of word formation rules <*> helps in the disambiguation .	( which are quite restricted in Hebrew )	1<2	unknown	elab-addition	elaboration
We present an unsupervised stochastic model -	We adapt HMM algorithms	1<2	unknown	manner-means	mode
We adapt HMM algorithms	for learning and searching this text representation ,	1<2	unknown	enablement	purpose
We adapt HMM algorithms	in such a way that segmentation and tagging can be learned in parallel in one step .	1<2	unknown	elab-addition	elaboration
Results on a large scale evaluation indicate	that this learning improves disambiguation for complex tag sets .	1>2	unknown	attribution	attribution
that this learning improves disambiguation for complex tag sets .	Our method is applicable to other languages with affix morphology .	1>2	unknown	manner-means	mode
We present an unsupervised stochastic model -	Our method is applicable to other languages with affix morphology .	1<2	unknown	evaluation	comment
Developing better methods for segmenting continuous text into words is important	We propose two new Bayesian word segmentation methods	1>2	unknown	bg-goal	frame
Developing better methods for segmenting continuous text into words is important	for improving the processing of Asian languages ,	1<2	unknown	enablement	purpose
Developing better methods for segmenting continuous text into words is important	and may shed light on how humans learn to segment speech .	1<2	unknown	progression	organization
We propose two new Bayesian word segmentation methods	that assume unigram and bigram models of word dependencies respectively .	1<2	unknown	elab-addition	elaboration
We propose two new Bayesian word segmentation methods	The bigram model greatly outperforms the unigram model ( and previous probabilistic models ) ,	1<2	unknown	evaluation	comment
The bigram model greatly outperforms the unigram model ( and previous probabilistic models ) ,	demonstrating the importance of such dependencies for word segmentation .	1<2	unknown	elab-addition	elaboration
We also show	that previous probabilistic models rely crucially on suboptimal search procedures .	1>2	unknown	attribution	attribution
We propose two new Bayesian word segmentation methods	that previous probabilistic models rely crucially on suboptimal search procedures .	1<2	unknown	evaluation	comment
We present MAGEAD , a morphological analyzer and generator for the Arabic language family .	Our work is novel	1<2	unknown	elab-addition	elaboration
Our work is novel	in that it explicitly addresses the need	1<2	unknown	exp-reason	explanation
in that it explicitly addresses the need	for processing the morphology of the dialects .	1<2	unknown	elab-addition	elaboration
We present MAGEAD , a morphological analyzer and generator for the Arabic language family .	MAGEAD performs an on-line analysis to or generation from a root+pattern+features representation ,	1<2	unknown	elab-addition	elaboration
MAGEAD performs an on-line analysis to or generation from a root+pattern+features representation ,	it has separate phonological and orthographic representations ,	1<2	unknown	joint	conjunction
it has separate phonological and orthographic representations ,	and it allows for combining morphemes from different dialects .	1<2	unknown	joint	conjunction
We present MAGEAD , a morphological analyzer and generator for the Arabic language family .	We present a detailed evaluation of MAGEAD .	1<2	unknown	evaluation	comment
We show	that the traditional definition of base-NPs as nonrecursive noun phrases does not apply in Hebrew ,	1>2	unknown	attribution	attribution
We present a method for Noun Phrase chunking in Hebrew .	that the traditional definition of base-NPs as nonrecursive noun phrases does not apply in Hebrew ,	1<2	unknown	elab-process_step	elaboration
that the traditional definition of base-NPs as nonrecursive noun phrases does not apply in Hebrew ,	and propose an alternative definition of Simple NPs .	1<2	unknown	progression	organization
We present a method for Noun Phrase chunking in Hebrew .	We review syntactic properties of Hebrew	1<2	unknown	elab-process_step	elaboration
We review syntactic properties of Hebrew	related to noun phrases ,	1<2	unknown	elab-addition	elaboration
which indicate	that the task of Hebrew SimpleNP chunking is harder than base-NP chunking in English .	1>2	unknown	attribution	attribution
We review syntactic properties of Hebrew	that the task of Hebrew SimpleNP chunking is harder than base-NP chunking in English .	1<2	unknown	elab-addition	elaboration
As a confirmation , we apply methods	These methods give low results ( F from 76 to 86 ) in Hebrew .	1>2	unknown	manner-means	mode
As a confirmation , we apply methods	known to work well for English to Hebrew data .	1<2	unknown	elab-addition	elaboration
We review syntactic properties of Hebrew	These methods give low results ( F from 76 to 86 ) in Hebrew .	1<2	unknown	evaluation	comment
We present a method for Noun Phrase chunking in Hebrew .	We then discuss our method ,	1<2	unknown	elab-process_step	elaboration
We then discuss our method ,	which applies SVM induction over lexical and morphological features .	1<2	unknown	elab-addition	elaboration
We present a method for Noun Phrase chunking in Hebrew .	Morphological features improve the average precision by ~0.5 % , recall by ~1 % , and F-measure by ~0.75 ,	1<2	unknown	evaluation	comment
Morphological features improve the average precision by ~0.5 % , recall by ~1 % , and F-measure by ~0.75 ,	resulting in a system with average performance of 93 % precision , 93.4 % recall and 93.2 Fmeasure .	1<2	unknown	result	causal
With performance above 97 % accuracy for newspaper text ,	part of speech ( POS ) tagging might be considered a solved problem .	1>2	unknown	exp-evidence	explanation
part of speech ( POS ) tagging might be considered a solved problem .	tagging accuracy is much lower .	1>2	unknown	contrast	contrast
Previous studies have shown	that allowing the parser to resolve POS tag ambiguity does not improve performance .	1>2	unknown	attribution	attribution
part of speech ( POS ) tagging might be considered a solved problem .	that allowing the parser to resolve POS tag ambiguity does not improve performance .	1<2	unknown	elab-addition	elaboration
However , for grammar formalisms	tagging accuracy is much lower .	1>2	unknown	elab-addition	elaboration
However , for grammar formalisms	which use more fine-grained grammatical categories ,	1<2	unknown	elab-addition	elaboration
which use more fine-grained grammatical categories ,	for example TAG and CCG ,	1<2	unknown	elab-example	elaboration
tagging accuracy is much lower .	We describe a multi-tagging approach	1>2	unknown	bg-compare	frame
tagging accuracy is much lower .	In fact , for these formalisms , premature ambiguity resolution makes parsing infeasible .	1<2	unknown	elab-addition	elaboration
We describe a multi-tagging approach	which maintains a suitable level of lexical category ambiguity for accurate and efficient CCG parsing .	1<2	unknown	elab-addition	elaboration
We describe a multi-tagging approach	We extend this multitagging approach to the POS level	1<2	unknown	progression	organization
We extend this multitagging approach to the POS level	to overcome errors	1<2	unknown	enablement	purpose
to overcome errors	introduced by automatically assigned POS tags .	1<2	unknown	elab-addition	elaboration
Although POS tagging accuracy seems high ,	maintaining some POS tag ambiguity in the language processing pipeline results in more accurate CCG supertagging .	1>2	unknown	contrast	contrast
We describe a multi-tagging approach	maintaining some POS tag ambiguity in the language processing pipeline results in more accurate CCG supertagging .	1<2	unknown	evaluation	comment
In this paper , we present a method	for guessing POS tags of unknown words	1<2	unknown	enablement	purpose
for guessing POS tags of unknown words	using local and global information .	1<2	unknown	elab-addition	elaboration
Although many existing methods use only local information	global information ( extra-sentential features ) provides valuable clues	1>2	unknown	contrast	contrast
Although many existing methods use only local information	( i.e. limited window size or intra-sentential features ) ,	1<2	unknown	elab-example	elaboration
In this paper , we present a method	global information ( extra-sentential features ) provides valuable clues	1<2	unknown	exp-reason	explanation
global information ( extra-sentential features ) provides valuable clues	for predicting POS tags of unknown words .	1<2	unknown	enablement	purpose
In this paper , we present a method	We propose a probabilistic model for POS guessing of unknown words	1<2	unknown	manner-means	mode
We propose a probabilistic model for POS guessing of unknown words	using global information as well as local information ,	1<2	unknown	elab-addition	elaboration
We propose a probabilistic model for POS guessing of unknown words	and estimate its parameters	1<2	unknown	joint	conjunction
and estimate its parameters	using Gibbs sampling .	1<2	unknown	elab-addition	elaboration
In this paper , we present a method	We also attempt to apply the model to semisupervised learning ,	1<2	unknown	evaluation	comment
We also attempt to apply the model to semisupervised learning ,	and conduct experiments on multiple corpora .	1<2	unknown	joint	conjunction
In this paper , we present a novel global reordering model	that can be incorporated into standard phrase-based statistical machine translation .	1<2	unknown	elab-addition	elaboration
Unlike previous local reordering models	our model explicitly models the reordering of long distances	1>2	unknown	contrast	contrast
Unlike previous local reordering models	that emphasize the reordering of adjacent phrase pairs ( Tillmann and Zhang , 2005 ) ,	1<2	unknown	elab-addition	elaboration
In this paper , we present a novel global reordering model	our model explicitly models the reordering of long distances	1<2	unknown	elab-addition	elaboration
our model explicitly models the reordering of long distances	by directly estimating the parameters from the phrase alignments of bilingual training sentences .	1<2	unknown	manner-means	mode
our model explicitly models the reordering of long distances	In principle , the global phrase reordering model is conditioned on the source and target phrases	1<2	unknown	elab-addition	elaboration
In principle , the global phrase reordering model is conditioned on the source and target phrases	that are currently being translated ,	1<2	unknown	elab-addition	elaboration
In principle , the global phrase reordering model is conditioned on the source and target phrases	and the previously translated source and target phrases .	1<2	unknown	joint	conjunction
To cope with sparseness ,	we use N-best phrase alignments and bilingual phrase clustering ,	1>2	unknown	enablement	purpose
In this paper , we present a novel global reordering model	we use N-best phrase alignments and bilingual phrase clustering ,	1<2	unknown	manner-means	mode
we use N-best phrase alignments and bilingual phrase clustering ,	and investigate a variety of combinations of conditioning factors .	1<2	unknown	joint	conjunction
Through experiments ,	that the global reordering model significantly improves the translation accuracy of a standard Japanese-English translation task .	1>2	unknown	result	causal
we show ,	that the global reordering model significantly improves the translation accuracy of a standard Japanese-English translation task .	1>2	unknown	attribution	attribution
In this paper , we present a novel global reordering model	that the global reordering model significantly improves the translation accuracy of a standard Japanese-English translation task .	1<2	unknown	evaluation	comment
This paper presents a novel training algorithm for a linearly-scored block sequence translation model .	The key component is a new procedure	1<2	unknown	elab-addition	elaboration
The key component is a new procedure	to directly optimize the global scoring function	1<2	unknown	enablement	purpose
to directly optimize the global scoring function	used by a SMT decoder .	1<2	unknown	elab-addition	elaboration
No translation , language , or distortion model probabilities are used as in earlier work on SMT .	Therefore our method , <*> is both simpler and more extensible than previous approaches .	1>2	unknown	result	causal
This paper presents a novel training algorithm for a linearly-scored block sequence translation model .	Therefore our method , <*> is both simpler and more extensible than previous approaches .	1<2	unknown	elab-addition	elaboration
Therefore our method , <*> is both simpler and more extensible than previous approaches .	which employs less domain specific knowledge ,	1<2	unknown	elab-addition	elaboration
Therefore our method , <*> is both simpler and more extensible than previous approaches .	Moreover , the training procedure treats the decoder as a black-box ,	1<2	unknown	progression	organization
Moreover , the training procedure treats the decoder as a black-box ,	and thus can be used	1<2	unknown	result	causal
and thus can be used	to optimize any decoding scheme .	1<2	unknown	enablement	purpose
This paper presents a novel training algorithm for a linearly-scored block sequence translation model .	The training algorithm is evaluated on a standard Arabic-English translation task .	1<2	unknown	evaluation	comment
The noisy channel model approach is successfully applied to various natural language processing tasks .	As a solution we describe a method	1>2	unknown	bg-compare	frame
The noisy channel model approach is successfully applied to various natural language processing tasks .	Currently the main research focus of this approach is adaptation methods ,	1<2	unknown	elab-addition	elaboration
Currently the main research focus of this approach is adaptation methods ,	how to capture characteristics of words and expressions in a target domain	1<2	unknown	elab-definition	elaboration
how to capture characteristics of words and expressions in a target domain	given example sentences in that domain .	1<2	unknown	elab-addition	elaboration
As a solution we describe a method	enlarging the vocabulary of a language model to an almost infinite size	1<2	unknown	elab-addition	elaboration
enlarging the vocabulary of a language model to an almost infinite size	and capturing their context information .	1<2	unknown	joint	conjunction
As a solution we describe a method	Especially the new method is suitable for languages	1<2	unknown	progression	organization
Especially the new method is suitable for languages	in which words are not delimited by whitespace .	1<2	unknown	elab-addition	elaboration
We applied our method to a phoneme-to-text transcription task in Japanese	and reduced about 10 % of the errors in the results of an existing method .	1>2	unknown	progression	organization
As a solution we describe a method	and reduced about 10 % of the errors in the results of an existing method .	1<2	unknown	evaluation	comment
Call centers handle customer queries from various domains	Towards this ,	1>2	unknown	elab-addition	elaboration
Call centers handle customer queries from various domains	such as computer sales and support , mobile phones , car rental , etc. .	1<2	unknown	elab-example	elaboration
Call centers handle customer queries from various domains	Each such domain generally has a domain model	1<2	unknown	elab-addition	elaboration
Each such domain generally has a domain model	which is essential to handle customer complaints .	1<2	unknown	elab-addition	elaboration
Each such domain generally has a domain model	These models contain common problem categories , typical customer issues and their solutions , greeting styles .	1<2	unknown	elab-addition	elaboration
Each such domain generally has a domain model	Currently these models are manually created over time .	1<2	unknown	elab-addition	elaboration
Towards this ,	we propose an unsupervised technique	1>2	unknown	elab-addition	elaboration
we propose an unsupervised technique	to generate domain models automatically from call transcriptions .	1<2	unknown	enablement	purpose
we propose an unsupervised technique	We use a state of the art Automatic Speech Recognition system	1<2	unknown	manner-means	mode
We use a state of the art Automatic Speech Recognition system	to transcribe the calls between agents and customers ,	1<2	unknown	enablement	purpose
to transcribe the calls between agents and customers ,	which still results in high word error rates ( 40 % )	1<2	unknown	elab-addition	elaboration
and show	that even from these noisy transcriptions of calls we can automatically build a domain model .	1>2	unknown	attribution	attribution
We use a state of the art Automatic Speech Recognition system	that even from these noisy transcriptions of calls we can automatically build a domain model .	1<2	unknown	result	causal
we propose an unsupervised technique	The domain model is comprised of primarily a topic taxonomy	1<2	unknown	elab-addition	elaboration
The domain model is comprised of primarily a topic taxonomy	where every node is characterized by topic ( s ) , typical Questions-Answers ( Q&As ) , typical actions and call statistics .	1<2	unknown	elab-addition	elaboration
We show	how such a domain model can be used for topic identification of unseen calls .	1>2	unknown	attribution	attribution
we propose an unsupervised technique	how such a domain model can be used for topic identification of unseen calls .	1<2	unknown	elab-addition	elaboration
we propose an unsupervised technique	We also propose applications for aiding agents	1<2	unknown	progression	organization
We also propose applications for aiding agents	while handling calls	1<2	unknown	temporal	temporal
We also propose applications for aiding agents	and for agent monitoring	1<2	unknown	joint	conjunction
and for agent monitoring	based on the domain model .	1<2	unknown	bg-general	frame
The paper presents a new model for contextdependent interpretation of linguistic expressions about spatial proximity between objects in a natural scene .	The paper discusses novel psycholinguistic experimental data	1<2	unknown	elab-addition	elaboration
The paper discusses novel psycholinguistic experimental data	that tests and verifies the model .	1<2	unknown	elab-addition	elaboration
The paper discusses novel psycholinguistic experimental data	The model has been implemented ,	1<2	unknown	evaluation	comment
The model has been implemented ,	and enables a conversational robot	1<2	unknown	joint	conjunction
and enables a conversational robot	to identify objects in a scene through topological spatial relations	1<2	unknown	enablement	purpose
to identify objects in a scene through topological spatial relations	"( e.g. ""X near Y"" ) ."	1<2	unknown	elab-example	elaboration
The paper discusses novel psycholinguistic experimental data	The model can help motivate the choice between topological and projective prepositions .	1<2	unknown	evaluation	comment
To address data sparseness ,	we used temporal reasoning as an oversampling method	1>2	unknown	enablement	purpose
This paper investigates a machine learning approach for temporally ordering and anchoring events in natural language texts .	we used temporal reasoning as an oversampling method	1<2	unknown	manner-means	mode
we used temporal reasoning as an oversampling method	to dramatically expand the amount of training data ,	1<2	unknown	enablement	purpose
we used temporal reasoning as an oversampling method	resulting in predictive accuracy on link labeling as high as 93 %	1<2	unknown	result	causal
resulting in predictive accuracy on link labeling as high as 93 %	using a Maximum Entropy classifier on human annotated data .	1<2	unknown	manner-means	mode
This paper investigates a machine learning approach for temporally ordering and anchoring events in natural language texts .	This method compared favorably against a series of increasingly sophisticated baselines	1<2	unknown	evaluation	comment
This method compared favorably against a series of increasingly sophisticated baselines	involving expansion of rules	1<2	unknown	elab-addition	elaboration
involving expansion of rules	derived from human intuitions .	1<2	unknown	elab-addition	elaboration
We present a perceptron-style discriminative approach to machine translation	in which large feature sets can be exploited .	1<2	unknown	elab-addition	elaboration
Unlike discriminative reranking approaches ,	our system can take advantage of learned features in all stages of decoding .	1>2	unknown	contrast	contrast
We present a perceptron-style discriminative approach to machine translation	our system can take advantage of learned features in all stages of decoding .	1<2	unknown	elab-addition	elaboration
We present a perceptron-style discriminative approach to machine translation	We first discuss several challenges to error-driven discriminative approaches .	1<2	unknown	elab-process_step	elaboration
We first discuss several challenges to error-driven discriminative approaches .	In particular , we explore different ways of updating parameters	1<2	unknown	elab-addition	elaboration
In particular , we explore different ways of updating parameters	given a training example .	1<2	unknown	condition	condition
We find	that making frequent but smaller updates is preferable to making fewer but larger updates .	1>2	unknown	attribution	attribution
In particular , we explore different ways of updating parameters	that making frequent but smaller updates is preferable to making fewer but larger updates .	1<2	unknown	result	causal
We present a perceptron-style discriminative approach to machine translation	Then , we discuss an array of features	1<2	unknown	elab-process_step	elaboration
and show both	how they quantitatively increase BLEU score	1>2	unknown	attribution	attribution
Then , we discuss an array of features	how they quantitatively increase BLEU score	1<2	unknown	result	causal
how they quantitatively increase BLEU score	and how they qualitatively interact on specific examples .	1<2	unknown	joint	conjunction
Then , we discuss an array of features	One particular feature <*> is a novel way	1<2	unknown	elab-addition	elaboration
One particular feature <*> is a novel way	we investigate	1<2	unknown	elab-addition	elaboration
is a novel way	to introduce learning into the initial phrase extraction process ,	1<2	unknown	enablement	purpose
to introduce learning into the initial phrase extraction process ,	which has previously been entirely heuristic .	1<2	unknown	elab-addition	elaboration
We introduce a semi-supervised approach	to training for statistical machine translation	1<2	unknown	enablement	purpose
to training for statistical machine translation	that alternates the traditional Expectation Maximization step	1<2	unknown	elab-addition	elaboration
that alternates the traditional Expectation Maximization step	that is applied on a large training corpus with a discriminative step	1<2	unknown	elab-addition	elaboration
that is applied on a large training corpus with a discriminative step	aimed at increasing word-alignment quality on a small , manually word-aligned sub-corpus .	1<2	unknown	elab-addition	elaboration
We show	that our algorithm leads not only to improved alignments but also to machine translation outputs of higher quality .	1>2	unknown	attribution	attribution
We introduce a semi-supervised approach	that our algorithm leads not only to improved alignments but also to machine translation outputs of higher quality .	1<2	unknown	evaluation	comment
We present a hierarchical phrase-based statistical machine translation	in which a target sentence is efficiently generated in left-to-right order .	1<2	unknown	elab-addition	elaboration
We present a hierarchical phrase-based statistical machine translation	The model is a class of synchronous-CFG with a Greibach Normal Form-like structure for the projected production rule :	1<2	unknown	elab-aspect	elaboration
The model is a class of synchronous-CFG with a Greibach Normal Form-like structure for the projected production rule :	The paired target-side of a production rule takes a phrase prefixed form .	1<2	unknown	elab-addition	elaboration
We present a hierarchical phrase-based statistical machine translation	The decoder for the targetnormalized form is based on an Earlystyle top down parser on the source side .	1<2	unknown	elab-aspect	elaboration
We present a hierarchical phrase-based statistical machine translation	The target-normalized form <*> implies a left-toright generation of translations	1<2	unknown	elab-aspect	elaboration
The target-normalized form <*> implies a left-toright generation of translations	coupled with our top down parser	1<2	unknown	elab-addition	elaboration
implies a left-toright generation of translations	which enables us a straightforward integration with ngram language models .	1<2	unknown	elab-addition	elaboration
Our model was experimented on a Japanese-to-English newswire translation task ,	and showed statistically significant performance improvements against a phrase-based translation system .	1>2	unknown	result	causal
We present a hierarchical phrase-based statistical machine translation	and showed statistically significant performance improvements against a phrase-based translation system .	1<2	unknown	evaluation	comment
In the past years , a number of lexical association measures have been studied	We here explicitly test this assumption .	1>2	unknown	elab-addition	elaboration
In the past years , a number of lexical association measures have been studied	to help extract new scientific terminology or general-language collocations .	1<2	unknown	enablement	purpose
In the past years , a number of lexical association measures have been studied	The implicit assumption of this research was that newly designed term measures <*> would outperform simple counts of cooccurrence frequencies .	1<2	unknown	elab-addition	elaboration
The implicit assumption of this research was that newly designed term measures <*> would outperform simple counts of cooccurrence frequencies .	involving more sophisticated statistical criteria	1<2	unknown	elab-addition	elaboration
By way of four qualitative criteria ,	that purely statistics-based measures reveal virtually no difference	1>2	unknown	manner-means	mode
we show	that purely statistics-based measures reveal virtually no difference	1>2	unknown	attribution	attribution
We here explicitly test this assumption .	that purely statistics-based measures reveal virtually no difference	1<2	unknown	evaluation	comment
that purely statistics-based measures reveal virtually no difference	compared with frequency of occurrence counts ,	1<2	unknown	comparison	concession
that purely statistics-based measures reveal virtually no difference	while linguistically more informed metrics do reveal such a marked difference .	1<2	unknown	temporal	temporal
Many algorithms have been developed	In this paper , we propose two algorithms	1>2	unknown	elab-addition	elaboration
Many algorithms have been developed	to harvest lexical semantic resources ,	1<2	unknown	enablement	purpose
Many algorithms have been developed	however few have linked the mined knowledge into formal knowledge repositories .	1<2	unknown	contrast	contrast
In this paper , we propose two algorithms	for automatically ontologizing ( attaching ) semantic relations into WordNet .	1<2	unknown	enablement	purpose
We present an empirical evaluation on the task	showing an improvement on F-score over a baseline model .	1>2	unknown	result	causal
We present an empirical evaluation on the task	of attaching partof and causation relations ,	1<2	unknown	elab-addition	elaboration
In this paper , we propose two algorithms	showing an improvement on F-score over a baseline model .	1<2	unknown	evaluation	comment
We propose a novel algorithm	for inducing semantic taxonomies .	1<2	unknown	enablement	purpose
We propose a novel algorithm	Previous algorithms for taxonomy induction have typically focused on independent classifiers	1<2	unknown	bg-compare	frame
Previous algorithms for taxonomy induction have typically focused on independent classifiers	for discovering new single relationships	1<2	unknown	enablement	purpose
for discovering new single relationships	based on hand-constructed or automatically discovered textual patterns .	1<2	unknown	bg-general	frame
Previous algorithms for taxonomy induction have typically focused on independent classifiers	By contrast , our algorithm flexibly incorporates evidence from multiple classifiers over heterogenous relationships	1<2	unknown	contrast	contrast
By contrast , our algorithm flexibly incorporates evidence from multiple classifiers over heterogenous relationships	to optimize the entire structure of the taxonomy ,	1<2	unknown	enablement	purpose
to optimize the entire structure of the taxonomy ,	using knowledge of a word's coordinate terms	1<2	unknown	manner-means	mode
using knowledge of a word's coordinate terms	to help in determining its hypernyms , and vice versa .	1<2	unknown	enablement	purpose
We propose a novel algorithm	We apply our algorithm on the problem of sense-disambiguated noun hyponym acquisition ,	1<2	unknown	elab-addition	elaboration
We apply our algorithm on the problem of sense-disambiguated noun hyponym acquisition ,	where we combine the predictions of hypernym and coordinate term classifiers with the knowledge in a preexisting semantic taxonomy ( WordNet 2.1 ) .	1<2	unknown	elab-addition	elaboration
We add 10,000 novel synsets to WordNet 2.1 at 84 % precision , a relative error reduction of 70 % over a non-joint algorithm	that a taxonomy <*> shows a 23 % relative F-score improvement over WordNet 2.1 on an independent testset of hypernym pairs .	1>2	unknown	manner-means	mode
We add 10,000 novel synsets to WordNet 2.1 at 84 % precision , a relative error reduction of 70 % over a non-joint algorithm	using the same component classifiers .	1<2	unknown	manner-means	mode
Finally , we show	that a taxonomy <*> shows a 23 % relative F-score improvement over WordNet 2.1 on an independent testset of hypernym pairs .	1>2	unknown	attribution	attribution
We propose a novel algorithm	that a taxonomy <*> shows a 23 % relative F-score improvement over WordNet 2.1 on an independent testset of hypernym pairs .	1<2	unknown	evaluation	comment
that a taxonomy <*> shows a 23 % relative F-score improvement over WordNet 2.1 on an independent testset of hypernym pairs .	built using our algorithm	1<2	unknown	elab-addition	elaboration
In a new approach to large-scale extraction of facts from unstructured text , distributional similarities become an integral part of both the iterative acquisition of high-coverage contextual extraction patterns , and the validation and ranking of candidate facts .	The evaluation measures the quality and coverage of facts	1<2	unknown	evaluation	comment
The evaluation measures the quality and coverage of facts	extracted from one hundred million Web documents ,	1<2	unknown	elab-addition	elaboration
The evaluation measures the quality and coverage of facts	starting from ten seed facts	1<2	unknown	elab-addition	elaboration
starting from ten seed facts	and using no additional knowledge , lexicons or complex tools .	1<2	unknown	joint	conjunction
Named Entity recognition ( NER ) is an important part of many natural language processing tasks .	This paper presents an ( almost ) unsupervised learning algorithm for automatic discovery of Named Entities ( NEs ) in a resource free language ,	1>2	unknown	bg-compare	frame
Named Entity recognition ( NER ) is an important part of many natural language processing tasks .	Current approaches often employ machine learning techniques	1<2	unknown	elab-addition	elaboration
Current approaches often employ machine learning techniques	and require supervised data .	1<2	unknown	joint	conjunction
and require supervised data .	However , many languages lack such resources .	1<2	unknown	contrast	contrast
This paper presents an ( almost ) unsupervised learning algorithm for automatic discovery of Named Entities ( NEs ) in a resource free language ,	given a bilingual corpora	1<2	unknown	condition	condition
given a bilingual corpora	in which it is weakly temporally aligned with a resource rich language .	1<2	unknown	elab-addition	elaboration
This paper presents an ( almost ) unsupervised learning algorithm for automatic discovery of Named Entities ( NEs ) in a resource free language ,	NEs have similar time distributions across such corpora ,	1<2	unknown	elab-aspect	elaboration
NEs have similar time distributions across such corpora ,	and often some of the tokens in a multi-word NE are transliterated .	1<2	unknown	joint	conjunction
This paper presents an ( almost ) unsupervised learning algorithm for automatic discovery of Named Entities ( NEs ) in a resource free language ,	We develop an algorithm	1<2	unknown	manner-means	mode
We develop an algorithm	that exploits both observations iteratively .	1<2	unknown	elab-addition	elaboration
We develop an algorithm	The algorithm makes use of a new , frequency based , metric for time distributions and a resource free discriminative approach to transliteration .	1<2	unknown	elab-addition	elaboration
Seeded with a small number of transliteration pairs ,	our algorithm discovers multi-word NEs ,	1>2	unknown	elab-addition	elaboration
We develop an algorithm	our algorithm discovers multi-word NEs ,	1<2	unknown	elab-addition	elaboration
our algorithm discovers multi-word NEs ,	and takes advantage of a dictionary	1<2	unknown	joint	conjunction
and takes advantage of a dictionary	( if one exists )	1<2	unknown	elab-addition	elaboration
and takes advantage of a dictionary	to account for translated or partially translated NEs .	1<2	unknown	enablement	purpose
We evaluate the algorithm on an English-Russian corpus ,	and show high level of NEs discovery in Russian .	1>2	unknown	result	causal
This paper presents an ( almost ) unsupervised learning algorithm for automatic discovery of Named Entities ( NEs ) in a resource free language ,	and show high level of NEs discovery in Russian .	1<2	unknown	evaluation	comment
This paper proposes a novel composite kernel for relation extraction .	The composite kernel consists of two individual kernels :	1<2	unknown	elab-addition	elaboration
The composite kernel consists of two individual kernels :	an entity kernel	1<2	unknown	elab-enumember	elaboration
an entity kernel	that allows for entity-related features	1<2	unknown	elab-addition	elaboration
an entity kernel	and a convolution parse tree kernel	1<2	unknown	joint	conjunction
and a convolution parse tree kernel	that models syntactic information of relation examples .	1<2	unknown	elab-addition	elaboration
This paper proposes a novel composite kernel for relation extraction .	The motivation of our method is to fully utilize the nice properties of kernel methods	1<2	unknown	elab-addition	elaboration
The motivation of our method is to fully utilize the nice properties of kernel methods	to explore diverse knowledge for relation extraction .	1<2	unknown	enablement	purpose
Our study illustrates	that the composite kernel can effectively capture both flat and structured features	1>2	unknown	attribution	attribution
The motivation of our method is to fully utilize the nice properties of kernel methods	that the composite kernel can effectively capture both flat and structured features	1<2	unknown	result	causal
that the composite kernel can effectively capture both flat and structured features	without the need for extensive feature engineering ,	1<2	unknown	elab-addition	elaboration
that the composite kernel can effectively capture both flat and structured features	and can also easily scale to include more features .	1<2	unknown	joint	conjunction
Evaluation on the ACE corpus shows	that our method outperforms the previous best-reported methods	1>2	unknown	attribution	attribution
This paper proposes a novel composite kernel for relation extraction .	that our method outperforms the previous best-reported methods	1<2	unknown	evaluation	comment
that our method outperforms the previous best-reported methods	and significantly outperforms previous two dependency tree kernels for relation extraction .	1<2	unknown	joint	conjunction
In this paper , we present a method	that improves Japanese dependency parsing	1<2	unknown	elab-addition	elaboration
that improves Japanese dependency parsing	by using large-scale statistical information .	1<2	unknown	manner-means	mode
In this paper , we present a method	It takes into account two kinds of information	1<2	unknown	elab-addition	elaboration
It takes into account two kinds of information	not considered in previous statistical ( machine learning based ) parsing methods :	1<2	unknown	elab-addition	elaboration
not considered in previous statistical ( machine learning based ) parsing methods :	information about dependency relations among the case elements of a verb , and information about co-occurrence relations between a verb and its case element .	1<2	unknown	elab-enumember	elaboration
It takes into account two kinds of information	This information can be collected from the results of automatic dependency parsing of large-scale corpora .	1<2	unknown	elab-addition	elaboration
The results of an experiment <*> showed	that our method can improve the accuracy of the results	1>2	unknown	attribution	attribution
The results of an experiment <*> showed	in which our method was used	1<2	unknown	elab-addition	elaboration
in which our method was used	to rerank the results	1<2	unknown	enablement	purpose
to rerank the results	obtained using an existing machine learning based parsing method	1<2	unknown	elab-addition	elaboration
In this paper , we present a method	that our method can improve the accuracy of the results	1<2	unknown	evaluation	comment
that our method can improve the accuracy of the results	obtained using the existing method .	1<2	unknown	elab-addition	elaboration
This paper presents a hybrid approach to question answering in the clinical domain	that combines techniques from summarization and information retrieval.	1<2	unknown	elab-addition	elaboration
This paper presents a hybrid approach to question answering in the clinical domain	We tackle a frequently-occurring class of questions	1<2	unknown	elab-addition	elaboration
We tackle a frequently-occurring class of questions	"that takes the form ""What is the best drug treatment for X ? """	1<2	unknown	elab-addition	elaboration
Starting from an initial set of MEDLINE citations ,	our system first identifies the drugs under study .	1>2	unknown	elab-addition	elaboration
This paper presents a hybrid approach to question answering in the clinical domain	our system first identifies the drugs under study .	1<2	unknown	elab-process_step	elaboration
This paper presents a hybrid approach to question answering in the clinical domain	Abstracts are then clustered	1<2	unknown	elab-process_step	elaboration
Abstracts are then clustered	using semantic classes from the UMLS ontology .	1<2	unknown	manner-means	mode
This paper presents a hybrid approach to question answering in the clinical domain	Finally , a short extractive summary is generated for each abstract	1<2	unknown	elab-process_step	elaboration
Finally , a short extractive summary is generated for each abstract	to populate the clusters .	1<2	unknown	enablement	purpose
Two evaluations <*> demonstrate	that our system compares favorably to PubMed , the search system most widely used by physicians today .	1>2	unknown	attribution	attribution
Two evaluations <*> demonstrate	—a manual one	1<2	unknown	elab-enumember	elaboration
—a manual one	focused on short answers	1<2	unknown	elab-addition	elaboration
—a manual one	and an automatic one	1<2	unknown	joint	conjunction
and an automatic one	focused on the supporting abstracts—	1<2	unknown	elab-addition	elaboration
This paper presents a hybrid approach to question answering in the clinical domain	that our system compares favorably to PubMed , the search system most widely used by physicians today .	1<2	unknown	evaluation	comment
In this paper we investigate a novel method	to detect asymmetric entailment relations between verbs .	1<2	unknown	enablement	purpose
In this paper we investigate a novel method	Our starting point is the idea	1<2	unknown	elab-addition	elaboration
Our starting point is the idea	that some point-wise verb selectional preferences carry relevant semantic information .	1<2	unknown	elab-addition	elaboration
Experiments <*> show promising results .	our method , <*> significantly increases the performance of entailment detection .	1>2	unknown	manner-means	mode
Experiments <*> show promising results .	using WordNet as a gold standard	1<2	unknown	elab-addition	elaboration
Where applicable ,	our method , <*> significantly increases the performance of entailment detection .	1>2	unknown	elab-addition	elaboration
In this paper we investigate a novel method	our method , <*> significantly increases the performance of entailment detection .	1<2	unknown	evaluation	comment
our method , <*> significantly increases the performance of entailment detection .	used in combination with other approaches ,	1<2	unknown	elab-addition	elaboration
our method , <*> significantly increases the performance of entailment detection .	A combined approach <*> improves the AROC of 5 % absolute points with respect to standard models .	1<2	unknown	exp-evidence	explanation
A combined approach <*> improves the AROC of 5 % absolute points with respect to standard models .	including our model	1<2	unknown	elab-addition	elaboration
In this paper we present	how the automatic extraction of events from text can be used	1>2	unknown	attribution	attribution
how the automatic extraction of events from text can be used	to both classify narrative texts according to plot quality	1<2	unknown	enablement	purpose
to both classify narrative texts according to plot quality	and produce advice in an interactive learning environment	1<2	unknown	joint	conjunction
and produce advice in an interactive learning environment	intended to help students with story writing .	1<2	unknown	elab-addition	elaboration
how the automatic extraction of events from text can be used	We focus on the story rewriting task ,	1<2	unknown	elab-addition	elaboration
We focus on the story rewriting task ,	in which an exemplar story is read to the students	1<2	unknown	elab-addition	elaboration
in which an exemplar story is read to the students	and the students rewrite the story in their own words .	1<2	unknown	joint	conjunction
We focus on the story rewriting task ,	The system automatically extracts events from the raw text ,	1<2	unknown	elab-process_step	elaboration
The system automatically extracts events from the raw text ,	formalized as a sequence of temporally ordered predicate-arguments .	1<2	unknown	elab-addition	elaboration
We focus on the story rewriting task ,	These events are given to a machine-learner	1<2	unknown	elab-process_step	elaboration
These events are given to a machine-learner	that produces a coarse-grained rating of the story .	1<2	unknown	elab-addition	elaboration
We focus on the story rewriting task ,	The results of the machine-learner and the extracted events are then used	1<2	unknown	elab-process_step	elaboration
The results of the machine-learner and the extracted events are then used	to generate fine-grained advice for the students .	1<2	unknown	enablement	purpose
We investigate generalizations of the allsubtrees `` DOP '' approach to unsupervised parsing .	Unsupervised DOP models assign all possible binary trees to a set of sentences	1<2	unknown	elab-addition	elaboration
Unsupervised DOP models assign all possible binary trees to a set of sentences	and next use ( a large random subset of ) all subtrees from these binary trees	1<2	unknown	joint	conjunction
and next use ( a large random subset of ) all subtrees from these binary trees	to compute the most probable parse trees .	1<2	unknown	enablement	purpose
We investigate generalizations of the allsubtrees `` DOP '' approach to unsupervised parsing .	We will test both a relative frequency estimator for unsupervised DOP and a maximum likelihood estimator	1<2	unknown	manner-means	mode
We will test both a relative frequency estimator for unsupervised DOP and a maximum likelihood estimator	which is known to be statistically consistent .	1<2	unknown	elab-addition	elaboration
We will test both a relative frequency estimator for unsupervised DOP and a maximum likelihood estimator	We report state-ofthe-art results on English ( WSJ ) , German ( NEGRA ) and Chinese ( CTB ) data .	1<2	unknown	result	causal
We investigate generalizations of the allsubtrees `` DOP '' approach to unsupervised parsing .	To the best of our knowledge this is the first paper	1<2	unknown	evaluation	comment
To the best of our knowledge this is the first paper	which tests a maximum likelihood estimator for DOP on the Wall Street Journal ,	1<2	unknown	elab-addition	elaboration
To the best of our knowledge this is the first paper	leading to the surprising result	1<2	unknown	result	causal
leading to the surprising result	that an unsupervised parsing model beats a widely used supervised model ( a treebank PCFG ) .	1<2	unknown	elab-addition	elaboration
The present work advances the accuracy and training speed of discriminative parsing .	Our discriminative parsing method has no generative component ,	1<2	unknown	elab-aspect	elaboration
Our discriminative parsing method has no generative component ,	yet surpasses a generative baseline on constituent parsing ,	1<2	unknown	contrast	contrast
yet surpasses a generative baseline on constituent parsing ,	and does so with minimal linguistic cleverness .	1<2	unknown	joint	conjunction
The present work advances the accuracy and training speed of discriminative parsing .	Our model can incorporate arbitrary features of the input and parse state ,	1<2	unknown	elab-aspect	elaboration
Our model can incorporate arbitrary features of the input and parse state ,	and performs feature selection incrementally over an exponential feature space	1<2	unknown	joint	conjunction
and performs feature selection incrementally over an exponential feature space	during training .	1<2	unknown	temporal	temporal
The present work advances the accuracy and training speed of discriminative parsing .	We demonstrate the flexibility of our approach	1<2	unknown	evaluation	comment
We demonstrate the flexibility of our approach	by testing it with several parsing strategies and various feature sets .	1<2	unknown	manner-means	mode
We demonstrate the flexibility of our approach	Our implementation is freely available at : http : //nlp.cs.nyu.edu/parser/ .	1<2	unknown	result	causal
We investigate prototype-driven learning for primarily unsupervised grammar induction .	Prior knowledge is specified declaratively ,	1<2	unknown	elab-addition	elaboration
Prior knowledge is specified declaratively ,	by providing a few canonical examples of each target phrase type .	1<2	unknown	manner-means	mode
by providing a few canonical examples of each target phrase type .	This sparse prototype information is then propagated across a corpus	1<2	unknown	elab-addition	elaboration
This sparse prototype information is then propagated across a corpus	using distributional similarity features ,	1<2	unknown	manner-means	mode
using distributional similarity features ,	which augment an otherwise standard PCFG model .	1<2	unknown	elab-addition	elaboration
We show	that distributional features are effective at distinguishing bracket labels ,	1>2	unknown	attribution	attribution
We investigate prototype-driven learning for primarily unsupervised grammar induction .	that distributional features are effective at distinguishing bracket labels ,	1<2	unknown	elab-aspect	elaboration
that distributional features are effective at distinguishing bracket labels ,	but not determining bracket locations .	1<2	unknown	contrast	contrast
To improve the quality of the induced trees ,	we combine our PCFG induction with the CCM model of Klein and Manning ( 2002 ) ,	1>2	unknown	enablement	purpose
We investigate prototype-driven learning for primarily unsupervised grammar induction .	we combine our PCFG induction with the CCM model of Klein and Manning ( 2002 ) ,	1<2	unknown	elab-aspect	elaboration
we combine our PCFG induction with the CCM model of Klein and Manning ( 2002 ) ,	which has complementary stengths :	1<2	unknown	elab-addition	elaboration
which has complementary stengths :	it identifies brackets	1<2	unknown	elab-addition	elaboration
it identifies brackets	but does not label them .	1<2	unknown	contrast	contrast
Using only a handful of prototypes ,	we show substantial improvements over naive PCFG induction for English and Chinese grammar induction .	1>2	unknown	manner-means	mode
We investigate prototype-driven learning for primarily unsupervised grammar induction .	we show substantial improvements over naive PCFG induction for English and Chinese grammar induction .	1<2	unknown	evaluation	comment
In this paper , we explore correlation of dependency relation paths	to rank candidate answers in answer extraction .	1<2	unknown	enablement	purpose
Using the correlation measure ,	we compare dependency relations of a candidate answer and mapped question phrases in sentence with the corresponding relations in question .	1>2	unknown	manner-means	mode
In this paper , we explore correlation of dependency relation paths	we compare dependency relations of a candidate answer and mapped question phrases in sentence with the corresponding relations in question .	1<2	unknown	manner-means	mode
Different from previous studies ,	we propose an approximate phrase mapping algorithm	1>2	unknown	contrast	contrast
In this paper , we explore correlation of dependency relation paths	we propose an approximate phrase mapping algorithm	1<2	unknown	progression	organization
we propose an approximate phrase mapping algorithm	and incorporate the mapping score into the correlation measure .	1<2	unknown	joint	conjunction
we propose an approximate phrase mapping algorithm	The correlations are further incorporated into a Maximum Entropy-based ranking model	1<2	unknown	elab-addition	elaboration
The correlations are further incorporated into a Maximum Entropy-based ranking model	which estimates path weights from training .	1<2	unknown	elab-addition	elaboration
Experimental results show	that our method significantly outperforms state-of-the-art syntactic relation-based methods by up to 20 % in MRR .	1>2	unknown	attribution	attribution
In this paper , we explore correlation of dependency relation paths	that our method significantly outperforms state-of-the-art syntactic relation-based methods by up to 20 % in MRR .	1<2	unknown	evaluation	comment
This paper describes an algorithm	for propagating verb arguments along lexical chains	1<2	unknown	enablement	purpose
for propagating verb arguments along lexical chains	consisting of WordNet relations .	1<2	unknown	elab-addition	elaboration
This paper describes an algorithm	The algorithm creates verb argument structures	1<2	unknown	elab-addition	elaboration
The algorithm creates verb argument structures	using VerbNet syntactic patterns .	1<2	unknown	manner-means	mode
In order to increase the coverage ,	a larger set of verb senses were automatically associated with the existing patterns from VerbNet .	1>2	unknown	enablement	purpose
The algorithm creates verb argument structures	a larger set of verb senses were automatically associated with the existing patterns from VerbNet .	1<2	unknown	elab-addition	elaboration
The algorithm creates verb argument structures	The algorithm is used in an in-house Question Answering system	1<2	unknown	elab-addition	elaboration
The algorithm is used in an in-house Question Answering system	for re-ranking the set of candidate answers .	1<2	unknown	elab-addition	elaboration
Tests on factoid questions from TREC 2004 indicate	that the algorithm improved the system performance by 2.4 % .	1>2	unknown	attribution	attribution
This paper describes an algorithm	that the algorithm improved the system performance by 2.4 % .	1<2	unknown	evaluation	comment
Work on the semantics of questions has argued	that the relation between a question and its answer ( s ) can be cast in terms of logical entailment .	1>2	unknown	attribution	attribution
that the relation between a question and its answer ( s ) can be cast in terms of logical entailment .	how computational systems <*> can be used	1>2	unknown	bg-goal	frame
In this paper , we demonstrate	how computational systems <*> can be used	1>2	unknown	attribution	attribution
how computational systems <*> can be used	designed to recognize textual entailment	1<2	unknown	elab-addition	elaboration
can be used	to enhance the accuracy of current open-domain automatic question answering ( Q/A ) systems .	1<2	unknown	enablement	purpose
In our experiments , we show	accuracy can be increased by as much as 20 % overall .	1>2	unknown	attribution	attribution
that when textual entailment information is used to	accuracy can be increased by as much as 20 % overall .	1>2	unknown	temporal	temporal
that when textual entailment information is used to	either filter	1<2	unknown	enablement	purpose
either filter	or rank answers	1<2	unknown	joint	conjunction
or rank answers	returned by a Q/A system ,	1<2	unknown	elab-addition	elaboration
how computational systems <*> can be used	accuracy can be increased by as much as 20 % overall .	1<2	unknown	evaluation	comment
We present a new approach	for mapping natural language sentences to their formal meaning representations	1<2	unknown	enablement	purpose
for mapping natural language sentences to their formal meaning representations	using string kernel-based classifiers .	1<2	unknown	elab-addition	elaboration
We present a new approach	Our system learns these classifiers for every production in the formal language grammar .	1<2	unknown	elab-aspect	elaboration
We present a new approach	Meaning representations for novel natural language sentences are obtained	1<2	unknown	elab-aspect	elaboration
Meaning representations for novel natural language sentences are obtained	by finding the most probable semantic parse	1<2	unknown	manner-means	mode
by finding the most probable semantic parse	using these string classifiers .	1<2	unknown	elab-addition	elaboration
Our experiments on two realworld data sets show	that this approach compares favorably to other existing systems	1>2	unknown	attribution	attribution
We present a new approach	that this approach compares favorably to other existing systems	1<2	unknown	evaluation	comment
that this approach compares favorably to other existing systems	and is particularly robust to noise .	1<2	unknown	joint	conjunction
We investigate the unsupervised detection of semi-fixed cue phrases	"such as ""This paper proposes a novel approach ... "" from unseen text ,"	1<2	unknown	elab-example	elaboration
"such as ""This paper proposes a novel approach ... "" from unseen text ,"	on the basis of only a handful of seed cue phrases with the desired semantics .	1<2	unknown	bg-general	frame
We investigate the unsupervised detection of semi-fixed cue phrases	The problem , <*> is that it is hard to find a constraining context for occurrences of semi-fixed cue phrases .	1<2	unknown	elab-addition	elaboration
The problem , <*> is that it is hard to find a constraining context for occurrences of semi-fixed cue phrases .	in contrast to bootstrapping approaches for Question Answering and Information Extraction ,	1<2	unknown	contrast	contrast
We investigate the unsupervised detection of semi-fixed cue phrases	Our method uses components of the cue phrase itself , rather than external context ,	1<2	unknown	manner-means	mode
Our method uses components of the cue phrase itself , rather than external context ,	to bootstrap .	1<2	unknown	enablement	purpose
We investigate the unsupervised detection of semi-fixed cue phrases	It successfully excludes phrases	1<2	unknown	evaluation	comment
It successfully excludes phrases	which are different	1<2	unknown	elab-addition	elaboration
which are different	from the target semantics ,	1<2	unknown	elab-addition	elaboration
which are different	but which look superficially similar .	1<2	unknown	contrast	contrast
It successfully excludes phrases	The method achieves 88 % accuracy ,	1<2	unknown	exp-evidence	explanation
The method achieves 88 % accuracy ,	outperforming standard bootstrapping approaches .	1<2	unknown	elab-addition	elaboration
This article describes a robust semantic parser	that uses a broad knowledge base	1<2	unknown	elab-addition	elaboration
that uses a broad knowledge base	created by interconnecting three major resources :	1<2	unknown	elab-addition	elaboration
created by interconnecting three major resources :	FrameNet , VerbNet and PropBank .	1<2	unknown	elab-enumember	elaboration
This article describes a robust semantic parser	The FrameNet corpus contains the examples	1<2	unknown	elab-aspect	elaboration
The FrameNet corpus contains the examples	annotated with semantic roles	1<2	unknown	elab-addition	elaboration
The FrameNet corpus contains the examples	whereas the VerbNet lexicon provides the knowledge about the syntactic behavior of the verbs .	1<2	unknown	contrast	contrast
The FrameNet corpus contains the examples	We connect VerbNet and FrameNet	1<2	unknown	elab-addition	elaboration
We connect VerbNet and FrameNet	by mapping the FrameNet frames to the VerbNet Intersective Levin classes .	1<2	unknown	manner-means	mode
This article describes a robust semantic parser	The PropBank corpus , <*> is used	1<2	unknown	elab-aspect	elaboration
The PropBank corpus , <*> is used	which is tightly connected to the VerbNet lexicon ,	1<2	unknown	elab-addition	elaboration
is used	to increase the verb coverage	1<2	unknown	enablement	purpose
to increase the verb coverage	and also to test the effectiveness of our approach .	1<2	unknown	joint	conjunction
The results indicate	that our model is an interesting step towards the design of more robust semantic parsers .	1>2	unknown	attribution	attribution
This article describes a robust semantic parser	that our model is an interesting step towards the design of more robust semantic parsers .	1<2	unknown	evaluation	comment
"This paper presents the particular use of ""Jibiki"" ( Papillon's web server development platform ) for the LexALP1 project ."	LexALP's goal is to harmonise the terminology on spatial planning and sustainable development	1<2	unknown	elab-addition	elaboration
LexALP's goal is to harmonise the terminology on spatial planning and sustainable development	used within the Alpine Convention2 ,	1<2	unknown	elab-addition	elaboration
LexALP's goal is to harmonise the terminology on spatial planning and sustainable development	so that the member states are able to cooperate and communicate efficiently in the four official languages	1<2	unknown	result	causal
so that the member states are able to cooperate and communicate efficiently in the four official languages	( French , German , Italian and Slovene ) .	1<2	unknown	elab-enumember	elaboration
"This paper presents the particular use of ""Jibiki"" ( Papillon's web server development platform ) for the LexALP1 project ."	To this purpose , LexALP uses the Jibiki platform	1<2	unknown	elab-addition	elaboration
To this purpose , LexALP uses the Jibiki platform	to build a term bank for the contrastive analysis of the specialised terminology	1<2	unknown	enablement	purpose
to build a term bank for the contrastive analysis of the specialised terminology	used in six different national legal systems and four different languages .	1<2	unknown	elab-addition	elaboration
In this paper we present	how a generic platform like Jibiki can cope with a new kind of dictionary .	1>2	unknown	attribution	attribution
"This paper presents the particular use of ""Jibiki"" ( Papillon's web server development platform ) for the LexALP1 project ."	how a generic platform like Jibiki can cope with a new kind of dictionary .	1<2	unknown	progression	organization
Thesauri and ontologies provide important value	In this paper , we present an efficient process	1>2	unknown	bg-compare	frame
Thesauri and ontologies provide important value	in facilitating access to digital archives	1<2	unknown	elab-addition	elaboration
Thesauri and ontologies provide important value	by representing underlying principles of organization .	1<2	unknown	manner-means	mode
Thesauri and ontologies provide important value	Translation of such resources into multiple languages is an important component	1<2	unknown	elab-addition	elaboration
Translation of such resources into multiple languages is an important component	for providing multilingual access .	1<2	unknown	elab-addition	elaboration
Translation of such resources into multiple languages is an important component	However , the specificity of vocabulary terms in most ontologies precludes fully-automated machine translation	1<2	unknown	contrast	contrast
However , the specificity of vocabulary terms in most ontologies precludes fully-automated machine translation	using general-domain lexical resources .	1<2	unknown	elab-addition	elaboration
In this paper , we present an efficient process	for leveraging human translations	1<2	unknown	enablement	purpose
for leveraging human translations	when constructing domain-specific lexical resources .	1<2	unknown	temporal	temporal
We evaluate the effectiveness of this process	Our experiments demonstrate a cost-effective technique for accurate machine translation of large ontologies .	1>2	unknown	result	causal
We evaluate the effectiveness of this process	by producing a probabilistic phrase dictionary	1<2	unknown	manner-means	mode
by producing a probabilistic phrase dictionary	and translating a thesaurus of 56,000 concepts	1<2	unknown	joint	conjunction
and translating a thesaurus of 56,000 concepts	used to catalogue a large archive of oral histories .	1<2	unknown	elab-addition	elaboration
In this paper , we present an efficient process	Our experiments demonstrate a cost-effective technique for accurate machine translation of large ontologies .	1<2	unknown	evaluation	comment
This paper focuses on the use of advanced techniques of text analysis as support for collocation extraction .	A hybrid system is presented	1<2	unknown	manner-means	mode
A hybrid system is presented	that combines statistical methods and multilingual parsing	1<2	unknown	elab-addition	elaboration
that combines statistical methods and multilingual parsing	for detecting accurate collocational information from English , French , Spanish and Italian corpora .	1<2	unknown	enablement	purpose
This paper focuses on the use of advanced techniques of text analysis as support for collocation extraction .	The advantage of relying on full parsing over <*> is first theoretically motivated ,	1<2	unknown	elab-addition	elaboration
The advantage of relying on full parsing over <*> is first theoretically motivated ,	using a traditional window method	1<2	unknown	elab-addition	elaboration
using a traditional window method	( which ignores the syntactic information )	1<2	unknown	elab-addition	elaboration
is first theoretically motivated ,	then empirically validated by a comparative evaluation experiment .	1<2	unknown	progression	organization
Statistical MT has made great progress in the last few years ,	Syntactic approaches seek to remedy these problems .	1>2	unknown	elab-addition	elaboration
Statistical MT has made great progress in the last few years ,	but current translation models are weak on re-ordering and target language fluency .	1<2	unknown	contrast	contrast
Syntactic approaches seek to remedy these problems .	In this paper , we take the framework	1>2	unknown	bg-goal	frame
In this paper , we take the framework	for acquiring multi-level syntactic translation rules of ( Galley et al. , 2004 ) from aligned tree-string pairs ,	1<2	unknown	elab-addition	elaboration
for acquiring multi-level syntactic translation rules of ( Galley et al. , 2004 ) from aligned tree-string pairs ,	and present two main extensions of their approach :	1<2	unknown	joint	conjunction
first , instead of merely computing a single derivation	we construct a large number of derivations	1>2	unknown	contrast	contrast
first , instead of merely computing a single derivation	that minimally explains a sentence pair ,	1<2	unknown	elab-addition	elaboration
and present two main extensions of their approach :	we construct a large number of derivations	1<2	unknown	elab-addition	elaboration
we construct a large number of derivations	that include contextually richer rules ,	1<2	unknown	elab-addition	elaboration
that include contextually richer rules ,	and account for multiple interpretations of unaligned words .	1<2	unknown	joint	conjunction
and present two main extensions of their approach :	Second , we propose probability estimates and a training procedure	1<2	unknown	elab-addition	elaboration
Second , we propose probability estimates and a training procedure	for weighting these rules .	1<2	unknown	elab-addition	elaboration
We contrast different approaches on real examples ,	that our estimates	1>2	unknown	result	causal
show	that our estimates	1>2	unknown	attribution	attribution
In this paper , we take the framework	that our estimates	1<2	unknown	evaluation	comment
that our estimates	based on multiple derivations favor phrasal re-orderings	1<2	unknown	bg-general	frame
based on multiple derivations favor phrasal re-orderings	that are linguistically better motivated ,	1<2	unknown	elab-addition	elaboration
and establish	that our larger rules provide a 3.63 BLEU point increase over minimal rules .	1>2	unknown	attribution	attribution
that our estimates	that our larger rules provide a 3.63 BLEU point increase over minimal rules .	1<2	unknown	joint	conjunction
Certain distinctions <*> may be redundant	We quantify redundancy among source types by the similarity of their distributions over target types .	1>2	unknown	elab-addition	elaboration
Certain distinctions <*> may be redundant	made in the lexicon of one language	1<2	unknown	elab-addition	elaboration
Certain distinctions <*> may be redundant	when translating into another language .	1<2	unknown	temporal	temporal
We quantify redundancy among source types by the similarity of their distributions over target types .	We propose a language-independent framework	1>2	unknown	bg-goal	frame
We propose a language-independent framework	for minimising lexical redundancy	1<2	unknown	enablement	purpose
for minimising lexical redundancy	that can be optimised directly from parallel text .	1<2	unknown	elab-addition	elaboration
We propose a language-independent framework	Optimisation of the source lexicon for a given target language is viewed as model selection over a set of cluster-based translation models .	1<2	unknown	elab-addition	elaboration
We propose a language-independent framework	Redundant distinctions between types may exhibit monolingual regularities , for example , inflexion patterns .	1<2	unknown	elab-addition	elaboration
We propose a language-independent framework	We define a prior over model structure	1<2	unknown	manner-means	mode
We define a prior over model structure	using a Markov random field	1<2	unknown	elab-addition	elaboration
We define a prior over model structure	and learn features over sets of monolingual types	1<2	unknown	joint	conjunction
and learn features over sets of monolingual types	that are predictive of bilingual redundancy .	1<2	unknown	elab-addition	elaboration
We define a prior over model structure	The prior makes model selection more robust	1<2	unknown	elab-addition	elaboration
The prior makes model selection more robust	without the need for language-specific assumptions	1<2	unknown	elab-addition	elaboration
without the need for language-specific assumptions	regarding redundancy .	1<2	unknown	elab-addition	elaboration
Using these models in a phrase-based SMT system ,	we show significant improvements in translation quality for certain language pairs .	1>2	unknown	elab-addition	elaboration
We propose a language-independent framework	we show significant improvements in translation quality for certain language pairs .	1<2	unknown	evaluation	comment
This paper describes a study of the patterns of translational equivalence	exhibited by a variety of bitexts .	1<2	unknown	elab-addition	elaboration
The study found	that the complexity of these patterns in every bitext was higher	1>2	unknown	attribution	attribution
This paper describes a study of the patterns of translational equivalence	that the complexity of these patterns in every bitext was higher	1<2	unknown	elab-aspect	elaboration
that the complexity of these patterns in every bitext was higher	than suggested in the literature .	1<2	unknown	comparison	concession
This paper describes a study of the patterns of translational equivalence	"These findings shed new light on why "" syntactic "" constraints have not helped to improve statistical translation models ,"	1<2	unknown	elab-aspect	elaboration
"These findings shed new light on why "" syntactic "" constraints have not helped to improve statistical translation models ,"	including finitestate phrase-based models , tree-to-string models , and tree-to-tree models .	1<2	unknown	elab-example	elaboration
This paper describes a study of the patterns of translational equivalence	The paper also presents evidence	1<2	unknown	elab-aspect	elaboration
The paper also presents evidence	that inversion transduction grammars cannot generate some translational equivalence relations ,	1<2	unknown	elab-addition	elaboration
that inversion transduction grammars cannot generate some translational equivalence relations ,	even in relatively simple real bitexts in syntactically similar languages with rigid word order .	1<2	unknown	contrast	contrast
This paper describes a study of the patterns of translational equivalence	Instructions for replicating our experiments are at http : //nlp.cs.nyu.edu/GenPar/ACL06	1<2	unknown	elab-addition	elaboration
We propose a new hierarchical Bayesian n-gram model of natural languages .	Our model makes use of a generalization of the commonly used Dirichlet distributions	1<2	unknown	manner-means	mode
Our model makes use of a generalization of the commonly used Dirichlet distributions	called Pitman-Yor processes	1<2	unknown	elab-addition	elaboration
called Pitman-Yor processes	which produce power-law distributions	1<2	unknown	elab-addition	elaboration
which produce power-law distributions	more closely resembling those in natural languages .	1<2	unknown	elab-addition	elaboration
We show	that an approximation to the hierarchical Pitman-Yor language model recovers the exact formulation of interpolated Kneser-Ney , one of the best smoothing methods for n-gram language models .	1>2	unknown	attribution	attribution
We propose a new hierarchical Bayesian n-gram model of natural languages .	that an approximation to the hierarchical Pitman-Yor language model recovers the exact formulation of interpolated Kneser-Ney , one of the best smoothing methods for n-gram language models .	1<2	unknown	evaluation	comment
Experiments verify	that our model gives cross entropy results	1>2	unknown	attribution	attribution
that an approximation to the hierarchical Pitman-Yor language model recovers the exact formulation of interpolated Kneser-Ney , one of the best smoothing methods for n-gram language models .	that our model gives cross entropy results	1<2	unknown	exp-evidence	explanation
that our model gives cross entropy results	superior to interpolated Kneser-Ney	1<2	unknown	comparison	concession
superior to interpolated Kneser-Ney	and comparable to modified Kneser-Ney .	1<2	unknown	joint	conjunction
Chatting is a popular communication media on the Internet via ICQ , chat rooms , etc. .	Chat language is different from natural language	1>2	unknown	elab-addition	elaboration
Chat language is different from natural language	The dynamic problem is enormously troublesome	1>2	unknown	elab-addition	elaboration
Chat language is different from natural language	due to its anomalous and dynamic natures ,	1<2	unknown	exp-reason	explanation
due to its anomalous and dynamic natures ,	which renders conventional NLP tools inapplicable .	1<2	unknown	elab-addition	elaboration
The dynamic problem is enormously troublesome	To address the dynamic problem ,	1>2	unknown	elab-addition	elaboration
The dynamic problem is enormously troublesome	because it makes static chat language corpus outdated quickly	1<2	unknown	exp-reason	explanation
because it makes static chat language corpus outdated quickly	in representing contemporary chat language .	1<2	unknown	elab-addition	elaboration
To address the dynamic problem ,	we propose the phonetic mapping models	1>2	unknown	enablement	purpose
we propose the phonetic mapping models	to present mappings between chat terms and standard words via phonetic transcription , i.e. Chinese Pinyin in our case .	1<2	unknown	enablement	purpose
Different from character mappings ,	the phonetic mappings can be constructed from available standard Chinese corpus .	1>2	unknown	contrast	contrast
we propose the phonetic mapping models	the phonetic mappings can be constructed from available standard Chinese corpus .	1<2	unknown	elab-addition	elaboration
To perform the task of dynamic chat language term normalization ,	we extend the source channel model	1>2	unknown	enablement	purpose
we propose the phonetic mapping models	we extend the source channel model	1<2	unknown	elab-addition	elaboration
we extend the source channel model	by incorporating the phonetic mapping models .	1<2	unknown	manner-means	mode
Experimental results show	that this method is effective and stable	1>2	unknown	attribution	attribution
we propose the phonetic mapping models	that this method is effective and stable	1<2	unknown	evaluation	comment
that this method is effective and stable	in normalizing dynamic chat language terms .	1<2	unknown	elab-addition	elaboration
To reduce the size of the language model	importance of each bigram is computed in terms of discriminative pruning criterion	1>2	unknown	enablement	purpose
To reduce the size of the language model	that is used in a Chinese word segmentation system ,	1<2	unknown	elab-addition	elaboration
This paper presents a discriminative pruning method of n-gram language model for Chinese word segmentation .	importance of each bigram is computed in terms of discriminative pruning criterion	1<2	unknown	elab-process_step	elaboration
importance of each bigram is computed in terms of discriminative pruning criterion	that is related to the performance loss	1<2	unknown	elab-addition	elaboration
that is related to the performance loss	caused by pruning the bigram .	1<2	unknown	elab-addition	elaboration
This paper presents a discriminative pruning method of n-gram language model for Chinese word segmentation .	Then we propose a step-by-step growing algorithm	1<2	unknown	elab-process_step	elaboration
Then we propose a step-by-step growing algorithm	to build the language model of desired size .	1<2	unknown	enablement	purpose
Experimental results show	that the discriminative pruning method leads to a much smaller model	1>2	unknown	attribution	attribution
This paper presents a discriminative pruning method of n-gram language model for Chinese word segmentation .	that the discriminative pruning method leads to a much smaller model	1<2	unknown	evaluation	comment
that the discriminative pruning method leads to a much smaller model	compared with the model	1<2	unknown	comparison	concession
compared with the model	pruned using the state-of-the-art method .	1<2	unknown	elab-addition	elaboration
that the discriminative pruning method leads to a much smaller model	At the same Chinese word segmentation F-measure , the number of bigrams in the model can be reduced by up to 90 % .	1<2	unknown	exp-evidence	explanation
that the discriminative pruning method leads to a much smaller model	Correlation between language model perplexity and word segmentation performance is also discussed .	1<2	unknown	joint	conjunction
A web search with double checking model is proposed	to explore the web as a live corpus .	1<2	unknown	enablement	purpose
A web search with double checking model is proposed	Five association measures <*> are presented .	1<2	unknown	elab-addition	elaboration
Five association measures <*> are presented .	including variants of Dice , Overlap Ratio , Jaccard , and Cosine , as well as Co-Occurrence Double Check ( CODC ) ,	1<2	unknown	elab-enumember	elaboration
Five association measures <*> are presented .	In the experiments on Rubenstein-Goodenough's benchmark data set , the CODC measure achieves correlation coefficient 0.8492 ,	1<2	unknown	elab-aspect	elaboration
In the experiments on Rubenstein-Goodenough's benchmark data set , the CODC measure achieves correlation coefficient 0.8492 ,	which competes with the performance ( 0.8914 ) of the model	1<2	unknown	elab-addition	elaboration
which competes with the performance ( 0.8914 ) of the model	using WordNet .	1<2	unknown	elab-addition	elaboration
The experiments on link detection of named entities <*> verify	that the double-check frequencies are reliable .	1>2	unknown	attribution	attribution
The experiments on link detection of named entities <*> verify	using the strategies of direct association , association matrix and scalar association matrix	1<2	unknown	elab-addition	elaboration
Five association measures <*> are presented .	that the double-check frequencies are reliable .	1<2	unknown	elab-aspect	elaboration
Further study on named entity clustering shows	that the five measures are quite useful .	1>2	unknown	attribution	attribution
Five association measures <*> are presented .	that the five measures are quite useful .	1<2	unknown	elab-aspect	elaboration
that the five measures are quite useful .	In particular , CODC measure is very stable on wordword and name-name experiments .	1<2	unknown	elab-addition	elaboration
Five association measures <*> are presented .	The application of CODC measure <*> achieves 9.65 % and 14.22 % increase	1<2	unknown	elab-aspect	elaboration
The application of CODC measure <*> achieves 9.65 % and 14.22 % increase	to expand community chains for personal name disambiguation	1<2	unknown	elab-addition	elaboration
achieves 9.65 % and 14.22 % increase	compared to the system without community expansion .	1<2	unknown	comparison	concession
All the experiments illustrate	that the novel model of web search with double checking is feasible for mining associations from the web .	1>2	unknown	attribution	attribution
A web search with double checking model is proposed	that the novel model of web search with double checking is feasible for mining associations from the web .	1<2	unknown	summary	organization
Prior to retrieval ,	all sentences are annotated with predicate argument structures and ontological identifiers	1>2	unknown	temporal	temporal
This paper introduces a novel framework for the accurate retrieval of relational concepts from huge texts .	all sentences are annotated with predicate argument structures and ontological identifiers	1<2	unknown	elab-example	elaboration
all sentences are annotated with predicate argument structures and ontological identifiers	by applying a deep parser and a term recognizer .	1<2	unknown	manner-means	mode
During the run time ,	user requests are converted into queries of region algebra on these annotations .	1>2	unknown	temporal	temporal
This paper introduces a novel framework for the accurate retrieval of relational concepts from huge texts .	user requests are converted into queries of region algebra on these annotations .	1<2	unknown	elab-example	elaboration
This paper introduces a novel framework for the accurate retrieval of relational concepts from huge texts .	Structural matching with pre-computed semantic annotations establishes the accurate and efficient retrieval of relational concepts .	1<2	unknown	elab-addition	elaboration
This framework was applied to a text retrieval system for MEDLINE .	that the cost is sufficiently small for real-time applications	1>2	unknown	manner-means	mode
Experiments on the retrieval of biomedical correlations revealed	that the cost is sufficiently small for real-time applications	1>2	unknown	attribution	attribution
This paper introduces a novel framework for the accurate retrieval of relational concepts from huge texts .	that the cost is sufficiently small for real-time applications	1<2	unknown	evaluation	comment
that the cost is sufficiently small for real-time applications	and that the retrieval precision is significantly improved .	1<2	unknown	joint	conjunction
A query speller is crucial to search engine	This paper describes novel methods for use of distributional similarity	1>2	unknown	bg-goal	frame
A query speller is crucial to search engine	in improving web search relevance .	1<2	unknown	elab-addition	elaboration
This paper describes novel methods for use of distributional similarity	estimated from query logs	1<2	unknown	elab-addition	elaboration
estimated from query logs	in learning improved query spelling correction models .	1<2	unknown	elab-addition	elaboration
This paper describes novel methods for use of distributional similarity	The key to our methods is the property of distributional similarity between two terms :	1<2	unknown	elab-addition	elaboration
The key to our methods is the property of distributional similarity between two terms :	it is high between a frequently occurring misspelling and its correction , and low between two irrelevant terms only with similar spellings .	1<2	unknown	elab-enumember	elaboration
This paper describes novel methods for use of distributional similarity	We present two models	1<2	unknown	elab-addition	elaboration
We present two models	that are able to take advantage of this property .	1<2	unknown	elab-addition	elaboration
Experimental results demonstrate	that the distributional similarity based models can significantly outperform their baseline systems in the web query spelling correction task .	1>2	unknown	attribution	attribution
This paper describes novel methods for use of distributional similarity	that the distributional similarity based models can significantly outperform their baseline systems in the web query spelling correction task .	1<2	unknown	evaluation	comment
We present a novel PCFG-based architecture for robust probabilistic generation	based on wide-coverage LFG approximations ( Cahill et al. , 2004 )	1<2	unknown	bg-general	frame
based on wide-coverage LFG approximations ( Cahill et al. , 2004 )	automatically extracted from treebanks ,	1<2	unknown	elab-addition	elaboration
automatically extracted from treebanks ,	maximising the probability of a tree	1<2	unknown	elab-addition	elaboration
maximising the probability of a tree	given an f-structure .	1<2	unknown	condition	condition
We present a novel PCFG-based architecture for robust probabilistic generation	We evaluate our approach	1<2	unknown	evaluation	comment
We evaluate our approach	using stringbased evaluation .	1<2	unknown	elab-addition	elaboration
We evaluate our approach	We currently achieve coverage of 95.26 % , a BLEU score of 0.7227 and string accuracy of 0.7476 on the Penn-II WSJ Section 23 sentences of length ≤20 .	1<2	unknown	result	causal
This paper presents an approach	to incrementally generating locative expressions .	1<2	unknown	enablement	purpose
This paper presents an approach	It addresses the issue of combinatorial explosion inherent in the construction of relational context models	1<2	unknown	manner-means	mode
It addresses the issue of combinatorial explosion inherent in the construction of relational context models	by : ( a ) contextually defining the set of objects in the context	1<2	unknown	manner-means	mode
by : ( a ) contextually defining the set of objects in the context	that may function as a landmark ,	1<2	unknown	elab-addition	elaboration
by : ( a ) contextually defining the set of objects in the context	and ( b ) sequencing the order	1<2	unknown	joint	conjunction
and ( b ) sequencing the order	in which spatial relations are considered	1<2	unknown	elab-addition	elaboration
in which spatial relations are considered	using a cognitively motivated hierarchy of relations , and visual and discourse salience .	1<2	unknown	manner-means	mode
Japanese case markers , <*> often pose challenges to the generation of Japanese text ,	In this paper , we describe the task	1>2	unknown	bg-goal	frame
Japanese case markers , <*> often pose challenges to the generation of Japanese text ,	which indicate the grammatical relation of the complement NP to the predicate ,	1<2	unknown	elab-addition	elaboration
often pose challenges to the generation of Japanese text ,	be it done by a foreign language learner , or by a machine translation ( MT ) system .	1<2	unknown	elab-addition	elaboration
In this paper , we describe the task	of predicting Japanese case markers	1<2	unknown	elab-addition	elaboration
of predicting Japanese case markers	and propose machine learning methods	1<2	unknown	progression	organization
and propose machine learning methods	for solving it in two settings :	1<2	unknown	elab-addition	elaboration
for solving it in two settings :	( i ) monolingual , when given information only from the Japanese sentence ;	1<2	unknown	elab-addition	elaboration
for solving it in two settings :	and ( ii ) bilingual , when also given information from a corresponding English source sentence in an MT context .	1<2	unknown	elab-addition	elaboration
for solving it in two settings :	We formulate the task after the well-studied task of English semantic role labelling ,	1<2	unknown	elab-addition	elaboration
We formulate the task after the well-studied task of English semantic role labelling ,	and explore features from a syntactic dependency structure of the sentence .	1<2	unknown	joint	conjunction
for solving it in two settings :	For the monolingual task , we evaluated our models on the Kyoto Corpus	1<2	unknown	elab-addition	elaboration
For the monolingual task , we evaluated our models on the Kyoto Corpus	and achieved over 84 % accuracy	1<2	unknown	result	causal
and achieved over 84 % accuracy	in assigning correct case markers for each phrase .	1<2	unknown	elab-addition	elaboration
for solving it in two settings :	For the bilingual task , we achieved an accuracy of 92 % per phrase	1<2	unknown	elab-addition	elaboration
For the bilingual task , we achieved an accuracy of 92 % per phrase	using a bilingual dataset from a technical domain .	1<2	unknown	elab-addition	elaboration
We show	that in both settings , features <*> contribute significantly to the prediction of case markers .	1>2	unknown	attribution	attribution
In this paper , we describe the task	that in both settings , features <*> contribute significantly to the prediction of case markers .	1<2	unknown	evaluation	comment
that in both settings , features <*> contribute significantly to the prediction of case markers .	that exploit dependency information ,	1<2	unknown	elab-addition	elaboration
that exploit dependency information ,	whether derived from gold-standard annotations	1<2	unknown	elab-addition	elaboration
whether derived from gold-standard annotations	or automatically assigned ,	1<2	unknown	joint	conjunction
In this paper we investigate	how to automatically determine	1>2	unknown	attribution	attribution
how to automatically determine	if two document collections are written from different perspectives .	1>2	unknown	attribution	attribution
if two document collections are written from different perspectives .	By perspectives we mean a point of view , for example , from the perspective of Democrats or Republicans .	1<2	unknown	elab-addition	elaboration
if two document collections are written from different perspectives .	We propose a test of different perspectives	1<2	unknown	manner-means	mode
We propose a test of different perspectives	based on distribution divergence between the statistical models of two collections .	1<2	unknown	bg-general	frame
Experimental results show	that the test can successfully distinguish document collections of different perspectives from other types of collections .	1>2	unknown	attribution	attribution
if two document collections are written from different perspectives .	that the test can successfully distinguish document collections of different perspectives from other types of collections .	1<2	unknown	evaluation	comment
Subjectivity and meaning are both important properties of language .	This paper explores their interaction ,	1>2	unknown	elab-addition	elaboration
This paper explores their interaction ,	and brings empirical evidence in support of the hypotheses	1<2	unknown	progression	organization
and brings empirical evidence in support of the hypotheses	that ( 1 ) subjectivity is a property	1<2	unknown	elab-addition	elaboration
that ( 1 ) subjectivity is a property	that can be associated with word senses ,	1<2	unknown	elab-addition	elaboration
and brings empirical evidence in support of the hypotheses	and ( 2 ) word sense disambiguation can directly benefit from subjectivity annotations .	1<2	unknown	elab-addition	elaboration
This paper demonstrates a conceptually simple but effective method	of increasing the accuracy of QA systems on factoid-style questions .	1<2	unknown	elab-addition	elaboration
This paper demonstrates a conceptually simple but effective method	We define the notion of an inverted question ,	1<2	unknown	elab-addition	elaboration
and show	incorrect answers get demoted in confidence	1>2	unknown	attribution	attribution
that by requiring	that the answers to the original and inverted questions be mutually consistent ,	1>2	unknown	attribution	attribution
that the answers to the original and inverted questions be mutually consistent ,	incorrect answers get demoted in confidence	1>2	unknown	manner-means	mode
We define the notion of an inverted question ,	incorrect answers get demoted in confidence	1<2	unknown	progression	organization
incorrect answers get demoted in confidence	and correct ones promoted .	1<2	unknown	joint	conjunction
Additionally , we show	that lack of validation can be used	1>2	unknown	attribution	attribution
We define the notion of an inverted question ,	that lack of validation can be used	1<2	unknown	progression	organization
that lack of validation can be used	to assert no-answer ( nil ) conditions .	1<2	unknown	enablement	purpose
This paper demonstrates a conceptually simple but effective method	We demonstrate increases of performance on TREC and other question-sets ,	1<2	unknown	evaluation	comment
We demonstrate increases of performance on TREC and other question-sets ,	and discuss the kinds of future activities	1<2	unknown	progression	organization
and discuss the kinds of future activities	that can be particularly beneficial to approaches such as ours .	1<2	unknown	elab-addition	elaboration
Statistical ranking methods based on centroid vector ( profile ) <*> have become widely adopted in the top definitional QA systems in TREC 2003 and 2004 .	this paper proposes a novel language model-based answer reranking method	1>2	unknown	bg-compare	frame
Statistical ranking methods based on centroid vector ( profile ) <*> have become widely adopted in the top definitional QA systems in TREC 2003 and 2004 .	extracted from external knowledge	1<2	unknown	elab-addition	elaboration
Statistical ranking methods based on centroid vector ( profile ) <*> have become widely adopted in the top definitional QA systems in TREC 2003 and 2004 .	In these approaches , terms in the centroid vector are treated as a bag of words	1<2	unknown	elab-addition	elaboration
In these approaches , terms in the centroid vector are treated as a bag of words	based on the independent assumption .	1<2	unknown	bg-general	frame
To relax this assumption ,	this paper proposes a novel language model-based answer reranking method	1>2	unknown	enablement	purpose
this paper proposes a novel language model-based answer reranking method	to improve the existing bag-ofwords model approach	1<2	unknown	enablement	purpose
to improve the existing bag-ofwords model approach	by considering the dependence of the words in the centroid vector .	1<2	unknown	manner-means	mode
Experiments have been conducted	that the reranking approach with biterm language model , significantly outperforms the one with the bag-ofwords model and unigram language model by 14.9 % and 12.5 % respectively in F-Measure .	1>2	unknown	manner-means	mode
Experiments have been conducted	to evaluate the different dependence models .	1<2	unknown	enablement	purpose
The results on the TREC 2003 test set show	that the reranking approach with biterm language model , significantly outperforms the one with the bag-ofwords model and unigram language model by 14.9 % and 12.5 % respectively in F-Measure .	1>2	unknown	attribution	attribution
this paper proposes a novel language model-based answer reranking method	that the reranking approach with biterm language model , significantly outperforms the one with the bag-ofwords model and unigram language model by 14.9 % and 12.5 % respectively in F-Measure .	1<2	unknown	evaluation	comment
Unification grammars are widely accepted as an expressive means	We present two natural constraints on unification grammars	1>2	unknown	bg-goal	frame
Unification grammars are widely accepted as an expressive means	for describing the structure of natural languages .	1<2	unknown	enablement	purpose
Unification grammars are widely accepted as an expressive means	In general , the recognition problem is undecidable for unification grammars .	1<2	unknown	elab-addition	elaboration
Even with restricted variants of the formalism , offline parsable grammars ,	the problem is computationally hard .	1>2	unknown	contrast	contrast
In general , the recognition problem is undecidable for unification grammars .	the problem is computationally hard .	1<2	unknown	exp-reason	explanation
We present two natural constraints on unification grammars	which limit their expressivity .	1<2	unknown	elab-addition	elaboration
We first show	that non-reentrant unification grammars generate exactly the class of contextfree languages .	1>2	unknown	attribution	attribution
We present two natural constraints on unification grammars	that non-reentrant unification grammars generate exactly the class of contextfree languages .	1<2	unknown	elab-addition	elaboration
We present two natural constraints on unification grammars	We then relax the constraint	1<2	unknown	elab-addition	elaboration
and show	that one-reentrant unification grammars generate exactly the class of tree-adjoining languages .	1>2	unknown	attribution	attribution
We then relax the constraint	that one-reentrant unification grammars generate exactly the class of tree-adjoining languages .	1<2	unknown	result	causal
We present two natural constraints on unification grammars	We thus relate the commonly used and linguistically motivated formalism of unification grammars to more restricted , computationally tractable classes of languages .	1<2	unknown	progression	organization
This paper describes a minimal topology driven parsing algorithm for topological grammars	that synchronizes a rewriting grammar and a dependency grammar ,	1<2	unknown	elab-addition	elaboration
that synchronizes a rewriting grammar and a dependency grammar ,	obtaining two linguistically motivated syntactic structures .	1<2	unknown	elab-addition	elaboration
This paper describes a minimal topology driven parsing algorithm for topological grammars	The use of non-local slash and visitor features can be restricted	1<2	unknown	elab-aspect	elaboration
The use of non-local slash and visitor features can be restricted	to obtain a CKY type analysis in polynomial time .	1<2	unknown	enablement	purpose
This paper describes a minimal topology driven parsing algorithm for topological grammars	German long distance phenomena illustrate the algorithm ,	1<2	unknown	elab-aspect	elaboration
German long distance phenomena illustrate the algorithm ,	bringing to the fore the procedural needs of the analyses of syntax-topology mismatches in constraint based approaches like for example HPSG .	1<2	unknown	elab-addition	elaboration
We propose WIDL-expressions as a flexible formalism	that facilitates the integration of a generic sentence realization system within end-to-end language processing applications .	1<2	unknown	elab-addition	elaboration
We propose WIDL-expressions as a flexible formalism	WIDL-expressions represent compactly probability distributions over finite sets of candidate realizations ,	1<2	unknown	elab-addition	elaboration
WIDL-expressions represent compactly probability distributions over finite sets of candidate realizations ,	and have optimal algorithms for realization via interpolation with language model probability distributions .	1<2	unknown	joint	conjunction
We propose WIDL-expressions as a flexible formalism	We show the effectiveness of a WIDL-based NLG system in two sentence realization tasks :	1<2	unknown	evaluation	comment
We show the effectiveness of a WIDL-based NLG system in two sentence realization tasks :	automatic translation and headline generation .	1<2	unknown	elab-enumember	elaboration
This paper presents a method	for adapting a language generator to the strengths and weaknesses of a synthetic voice ,	1<2	unknown	elab-addition	elaboration
for adapting a language generator to the strengths and weaknesses of a synthetic voice ,	thereby improving the naturalness of synthetic speech in a spoken language dialogue system .	1<2	unknown	enablement	purpose
This paper presents a method	The method trains a discriminative reranker	1<2	unknown	manner-means	mode
The method trains a discriminative reranker	to select paraphrases	1<2	unknown	enablement	purpose
to select paraphrases	that are predicted to sound natural	1<2	unknown	elab-addition	elaboration
that are predicted to sound natural	when synthesized .	1<2	unknown	temporal	temporal
The method trains a discriminative reranker	The ranker is trained on realizer and synthesizer features in supervised fashion ,	1<2	unknown	elab-addition	elaboration
The ranker is trained on realizer and synthesizer features in supervised fashion ,	using human judgements of synthetic voice quality on a sample of the paraphrases representative of the generator's capability .	1<2	unknown	manner-means	mode
Results from a cross-validation study indicate	that discriminative paraphrase reranking can achieve substantial improvements in naturalness on average ,	1>2	unknown	attribution	attribution
This paper presents a method	that discriminative paraphrase reranking can achieve substantial improvements in naturalness on average ,	1<2	unknown	evaluation	comment
that discriminative paraphrase reranking can achieve substantial improvements in naturalness on average ,	ameliorating the problem of highly variable synthesis quality	1<2	unknown	enablement	purpose
ameliorating the problem of highly variable synthesis quality	typically encountered with today's unit selection synthesizers .	1<2	unknown	elab-addition	elaboration
This paper shows	that a simple two-stage approach <*> can outperform existing approaches	1>2	unknown	attribution	attribution
that a simple two-stage approach <*> can outperform existing approaches	to handle non-local dependencies in Named Entity Recognition ( NER )	1<2	unknown	elab-addition	elaboration
can outperform existing approaches	that handle non-local dependencies ,	1<2	unknown	elab-addition	elaboration
can outperform existing approaches	while being much more computationally efficient .	1<2	unknown	temporal	temporal
that a simple two-stage approach <*> can outperform existing approaches	NER systems typically use sequence models for tractable inference ,	1<2	unknown	bg-compare	frame
NER systems typically use sequence models for tractable inference ,	but this makes them unable to capture the long distance structure present in text .	1<2	unknown	contrast	contrast
that a simple two-stage approach <*> can outperform existing approaches	We use a Conditional Random Field ( CRF ) based NER system	1<2	unknown	elab-addition	elaboration
We use a Conditional Random Field ( CRF ) based NER system	using local features	1<2	unknown	elab-addition	elaboration
We use a Conditional Random Field ( CRF ) based NER system	to make predictions	1<2	unknown	enablement	purpose
We use a Conditional Random Field ( CRF ) based NER system	and then train another CRF	1<2	unknown	joint	conjunction
and then train another CRF	which uses both local information and features	1<2	unknown	elab-addition	elaboration
which uses both local information and features	extracted from the output of the first CRF .	1<2	unknown	elab-addition	elaboration
Using features	our approach yields a 12.6 % relative error reduction on the F1 score , over state-of-theart NER systems	1>2	unknown	manner-means	mode
Using features	capturing non-local dependencies from the same document ,	1<2	unknown	elab-addition	elaboration
that a simple two-stage approach <*> can outperform existing approaches	our approach yields a 12.6 % relative error reduction on the F1 score , over state-of-theart NER systems	1<2	unknown	evaluation	comment
our approach yields a 12.6 % relative error reduction on the F1 score , over state-of-theart NER systems	using local-information alone ,	1<2	unknown	elab-addition	elaboration
our approach yields a 12.6 % relative error reduction on the F1 score , over state-of-theart NER systems	when compared to the 9.3 % relative error reduction	1<2	unknown	comparison	concession
when compared to the 9.3 % relative error reduction	offered by the best systems	1<2	unknown	elab-addition	elaboration
offered by the best systems	that exploit non-local information .	1<2	unknown	elab-addition	elaboration
that a simple two-stage approach <*> can outperform existing approaches	Our approach also makes it easy to incorporate non-local information from other documents in the test corpus ,	1<2	unknown	evaluation	comment
Our approach also makes it easy to incorporate non-local information from other documents in the test corpus ,	and this gives us a 13.3 % error reduction over NER systems	1<2	unknown	exp-evidence	explanation
and this gives us a 13.3 % error reduction over NER systems	using local-information alone .	1<2	unknown	elab-addition	elaboration
that a simple two-stage approach <*> can outperform existing approaches	Additionally , our running time for inference is just the inference time of two sequential CRFs ,	1<2	unknown	evaluation	comment
Additionally , our running time for inference is just the inference time of two sequential CRFs ,	which is much less than that of other more complicated approaches	1<2	unknown	elab-addition	elaboration
which is much less than that of other more complicated approaches	that directly model the dependencies	1<2	unknown	elab-addition	elaboration
Additionally , our running time for inference is just the inference time of two sequential CRFs ,	and do approximate inference .	1<2	unknown	joint	conjunction
This paper presents an adaptive learning framework for Phonetic Similarity Modeling ( PSM )	that supports the automatic construction of transliteration lexicons .	1<2	unknown	elab-addition	elaboration
This paper presents an adaptive learning framework for Phonetic Similarity Modeling ( PSM )	The learning algorithm starts with minimum prior knowledge about machine transliteration ,	1<2	unknown	elab-addition	elaboration
The learning algorithm starts with minimum prior knowledge about machine transliteration ,	and acquires knowledge iteratively from the Web .	1<2	unknown	joint	conjunction
This paper presents an adaptive learning framework for Phonetic Similarity Modeling ( PSM )	We study the active learning and the unsupervised learning strategies	1<2	unknown	manner-means	mode
We study the active learning and the unsupervised learning strategies	that minimize human supervision in terms of data labeling .	1<2	unknown	elab-addition	elaboration
We study the active learning and the unsupervised learning strategies	The learning process refines the PSM	1<2	unknown	result	causal
The learning process refines the PSM	and constructs a transliteration lexicon at the same time .	1<2	unknown	joint	conjunction
This paper presents an adaptive learning framework for Phonetic Similarity Modeling ( PSM )	We evaluate the proposed PSM and its learning algorithm through a series of systematic experiments ,	1<2	unknown	evaluation	comment
which show	that the proposed framework is reliably effective on two independent databases .	1>2	unknown	attribution	attribution
We evaluate the proposed PSM and its learning algorithm through a series of systematic experiments ,	that the proposed framework is reliably effective on two independent databases .	1<2	unknown	elab-addition	elaboration
Machine Transliteration is to transcribe a word <*> with approximate phonetic equivalence in another language .	Punjabi Machine Transliteration ( PMT ) is a special case of machine transliteration	1>2	unknown	elab-addition	elaboration
Machine Transliteration is to transcribe a word <*> with approximate phonetic equivalence in another language .	written in a script	1<2	unknown	elab-addition	elaboration
Machine Transliteration is to transcribe a word <*> with approximate phonetic equivalence in another language .	It is useful for machine translation , cross-lingual information retrieval , multilingual text and speech processing .	1<2	unknown	elab-addition	elaboration
Punjabi Machine Transliteration ( PMT ) is a special case of machine transliteration	and is a process of converting a word from Shahmukhi <*> to Gurmukhi ( derivation of Landa , Shardha and Takri , old scripts of Indian subcontinent ) , two scripts of Punjabi , irrespective of the type of word .	1<2	unknown	progression	organization
and is a process of converting a word from Shahmukhi <*> to Gurmukhi ( derivation of Landa , Shardha and Takri , old scripts of Indian subcontinent ) , two scripts of Punjabi , irrespective of the type of word .	( based on Arabic script )	1<2	unknown	bg-general	frame
Punjabi Machine Transliteration ( PMT ) is a special case of machine transliteration	The Punjabi Machine Transliteration System uses transliteration rules ( character mappings and dependency rules ) for transliteration of Shahmukhi words into Gurmukhi .	1<2	unknown	manner-means	mode
The Punjabi Machine Transliteration System uses transliteration rules ( character mappings and dependency rules ) for transliteration of Shahmukhi words into Gurmukhi .	The PMT system can transliterate every word	1<2	unknown	elab-addition	elaboration
The PMT system can transliterate every word	written in Shahmukhi .	1<2	unknown	elab-addition	elaboration
This paper presents an approach for Multilingual Document Clustering in comparable corpora .	The algorithm is of heuristic nature	1<2	unknown	elab-addition	elaboration
The algorithm is of heuristic nature	and it uses as unique evidence	1<2	unknown	joint	conjunction
and it uses as unique evidence	for clustering the identification of cognate named entities between both sides of the comparable corpora .	1<2	unknown	enablement	purpose
This paper presents an approach for Multilingual Document Clustering in comparable corpora .	One of the main advantages of this approach is that it does not depend on bilingual or multilingual resources .	1<2	unknown	elab-addition	elaboration
One of the main advantages of this approach is that it does not depend on bilingual or multilingual resources .	However , it depends on the possibility	1<2	unknown	contrast	contrast
However , it depends on the possibility	of identifying cognate named entities between the languages	1<2	unknown	elab-addition	elaboration
of identifying cognate named entities between the languages	used in the corpus .	1<2	unknown	elab-addition	elaboration
One of the main advantages of this approach is that it does not depend on bilingual or multilingual resources .	An additional advantage of the approach is that it does not need any information about the right number of clusters ;	1<2	unknown	progression	organization
An additional advantage of the approach is that it does not need any information about the right number of clusters ;	the algorithm calculates it .	1<2	unknown	joint	conjunction
We have tested this approach with a comparable corpus of news	The obtained results are encouraging .	1>2	unknown	manner-means	mode
We have tested this approach with a comparable corpus of news	written in English and Spanish .	1<2	unknown	elab-addition	elaboration
In addition , we have compared the results with a system	The obtained results are encouraging .	1>2	unknown	manner-means	mode
In addition , we have compared the results with a system	which translates selected document features .	1<2	unknown	elab-addition	elaboration
This paper presents an approach for Multilingual Document Clustering in comparable corpora .	The obtained results are encouraging .	1<2	unknown	evaluation	comment
This study aims at identifying	when an event <*> occurs .	1>2	unknown	attribution	attribution
when an event <*> occurs .	written in text	1<2	unknown	elab-addition	elaboration
when an event <*> occurs .	In particular , we classify a sentence for an event into four time-slots ;	1<2	unknown	elab-addition	elaboration
In particular , we classify a sentence for an event into four time-slots ;	morning , daytime , evening , and night .	1<2	unknown	elab-enumember	elaboration
To realize our goal ,	we focus on expressions	1>2	unknown	enablement	purpose
when an event <*> occurs .	we focus on expressions	1<2	unknown	elab-addition	elaboration
we focus on expressions	associated with time-slot ( time-associated words ) .	1<2	unknown	elab-addition	elaboration
However , listing up all the time-associated words is impractical ,	We therefore use a semi-supervised learning method , the Naive Bayes classifier	1>2	unknown	cause	causal
However , listing up all the time-associated words is impractical ,	because there are numerous time-associated expressions .	1<2	unknown	exp-reason	explanation
we focus on expressions	We therefore use a semi-supervised learning method , the Naive Bayes classifier	1<2	unknown	manner-means	mode
We therefore use a semi-supervised learning method , the Naive Bayes classifier	backed up with the Expectation Maximization algorithm ,	1<2	unknown	elab-addition	elaboration
We therefore use a semi-supervised learning method , the Naive Bayes classifier	in order to iteratively extract time-associated words	1<2	unknown	enablement	purpose
in order to iteratively extract time-associated words	while improving the classifier .	1<2	unknown	temporal	temporal
we focus on expressions	We also propose to use Support Vector Machines	1<2	unknown	manner-means	mode
We also propose to use Support Vector Machines	to filter out noisy instances	1<2	unknown	enablement	purpose
to filter out noisy instances	that indicates no specific time period .	1<2	unknown	elab-addition	elaboration
when an event <*> occurs .	As a result of experiments , the proposed method achieved 0.864 of accuracy	1<2	unknown	evaluation	comment
As a result of experiments , the proposed method achieved 0.864 of accuracy	and outperformed other methods .	1<2	unknown	progression	organization
Given a parallel corpus ,	semantic projection attempts to transfer semantic role annotations from one language to another ,	1>2	unknown	condition	condition
semantic projection attempts to transfer semantic role annotations from one language to another ,	In this paper , we present an improved method	1>2	unknown	bg-goal	frame
semantic projection attempts to transfer semantic role annotations from one language to another ,	typically by exploiting word alignments .	1<2	unknown	elab-addition	elaboration
In this paper , we present an improved method	for obtaining constituent alignments between parallel sentences	1<2	unknown	elab-addition	elaboration
for obtaining constituent alignments between parallel sentences	to guide the role projection task .	1<2	unknown	enablement	purpose
In this paper , we present an improved method	Our extensions are twofold :	1<2	unknown	elab-addition	elaboration
Our extensions are twofold :	( a ) we model constituent alignment as minimum weight edge covers in a bipartite graph ,	1<2	unknown	elab-addition	elaboration
( a ) we model constituent alignment as minimum weight edge covers in a bipartite graph ,	which allows us to find a globally optimal solution efficiently ;	1<2	unknown	elab-addition	elaboration
Our extensions are twofold :	( b ) we propose tree pruning as a promising strategy	1<2	unknown	elab-addition	elaboration
( b ) we propose tree pruning as a promising strategy	for reducing alignment noise .	1<2	unknown	elab-addition	elaboration
In this paper , we present an improved method	Experimental results on an English-German parallel corpus demonstrate improvements over state-of-the-art models .	1<2	unknown	evaluation	comment
In this paper , we discuss	how to utilize the co-occurrence of answers	1>2	unknown	attribution	attribution
how to utilize the co-occurrence of answers	in building an automatic question answering system	1<2	unknown	elab-addition	elaboration
in building an automatic question answering system	that answers a series of questions on a specific topic in a batch mode .	1<2	unknown	elab-addition	elaboration
Experiments show	that the answers to the many of the questions in the series usually have a high degree of co-occurrence in relevant document passages .	1>2	unknown	attribution	attribution
how to utilize the co-occurrence of answers	that the answers to the many of the questions in the series usually have a high degree of co-occurrence in relevant document passages .	1<2	unknown	evaluation	comment
that the answers to the many of the questions in the series usually have a high degree of co-occurrence in relevant document passages .	This feature sometimes can't be easily utilized in an automatic QA system	1<2	unknown	elab-addition	elaboration
This feature sometimes can't be easily utilized in an automatic QA system	which processes questions independently .	1<2	unknown	elab-addition	elaboration
This feature sometimes can't be easily utilized in an automatic QA system	However it can be utilized in a QA system	1<2	unknown	contrast	contrast
However it can be utilized in a QA system	that processes questions in a batch mode .	1<2	unknown	elab-addition	elaboration
how to utilize the co-occurrence of answers	We have used our pervious TREC QA system as baseline	1<2	unknown	manner-means	mode
We have used our pervious TREC QA system as baseline	and augmented it with new answer clustering and co-occurrence maximization components	1<2	unknown	progression	organization
and augmented it with new answer clustering and co-occurrence maximization components	to build the batch QA system .	1<2	unknown	enablement	purpose
The experiment results show	that the QA system <*> get significant performance improvement over our baseline TREC QA system .	1>2	unknown	attribution	attribution
how to utilize the co-occurrence of answers	that the QA system <*> get significant performance improvement over our baseline TREC QA system .	1<2	unknown	evaluation	comment
that the QA system <*> get significant performance improvement over our baseline TREC QA system .	running under the batch mode	1<2	unknown	elab-addition	elaboration
Recent studies show	some students need ten times more learning content	1>2	unknown	attribution	attribution
that to achieve mastery of a topic by 95 % of the student population ,	some students need ten times more learning content	1>2	unknown	enablement	purpose
some students need ten times more learning content	but the need for a highly differentiated content	1>2	unknown	bg-general	frame
some students need ten times more learning content	than is available in current curricula .	1<2	unknown	comparison	concession
At issue is not just increased volume ,	but the need for a highly differentiated content	1>2	unknown	progression	organization
but the need for a highly differentiated content	we have developed a generative platform	1>2	unknown	bg-goal	frame
but the need for a highly differentiated content	specialized to promote optimal learning for each unique learner .	1<2	unknown	elab-addition	elaboration
To address this synthesis problem	we have developed a generative platform	1>2	unknown	enablement	purpose
we have developed a generative platform	capable of dynamically varying content	1<2	unknown	elab-addition	elaboration
we have developed a generative platform	based on the individual student needs .	1<2	unknown	bg-general	frame
we have developed a generative platform	This approach recently achieved 93 % mastery of a key algebra concept even for primary school students in three state-wide challenges .	1<2	unknown	evaluation	comment
we have developed a generative platform	In this talk I will describe our work on extending the platform	1<2	unknown	progression	organization
In this talk I will describe our work on extending the platform	to enable students to solve all word problems in high-school within their preferred context	1<2	unknown	enablement	purpose
to enable students to solve all word problems in high-school within their preferred context	( e.g. sci-fi , medieval , Harry Potter ) ,	1<2	unknown	elab-example	elaboration
to enable students to solve all word problems in high-school within their preferred context	as well as to automatically generate adaptive learning progressions for reading comprehension curricula in middle school .	1<2	unknown	joint	conjunction
We present a series of algorithms with theoretical guarantees	for learning accurate ensembles of several structured prediction rules	1<2	unknown	enablement	purpose
for learning accurate ensembles of several structured prediction rules	for which no prior knowledge is as-sumed .	1<2	unknown	elab-addition	elaboration
We present a series of algorithms with theoretical guarantees	This includes a number of randomized and deterministic algorithms	1<2	unknown	elab-enumember	elaboration
This includes a number of randomized and deterministic algorithms	devised by converting on-line learning algorithms to batch ones ,	1<2	unknown	elab-addition	elaboration
This includes a number of randomized and deterministic algorithms	and a boosting-style algorithm applicable in the context of structured prediction with a large number of labels .	1<2	unknown	joint	conjunction
We present a series of algorithms with theoretical guarantees	We also report the results of extensive experiments with these algorithms .	1<2	unknown	evaluation	comment
Text-level discourse parsing is notoriously difficult ,	In this paper , we present a representation learning approach ,	1>2	unknown	bg-goal	frame
Text-level discourse parsing is notoriously difficult ,	as distinctions between discourse relations require subtle semantic judgments	1<2	unknown	exp-reason	explanation
as distinctions between discourse relations require subtle semantic judgments	that are not easily captured	1<2	unknown	elab-addition	elaboration
that are not easily captured	using standard features .	1<2	unknown	manner-means	mode
In this paper , we present a representation learning approach ,	in which we transform surface features into a latent space	1<2	unknown	elab-addition	elaboration
in which we transform surface features into a latent space	that facilitates RST discourse parsing .	1<2	unknown	elab-addition	elaboration
By combining the machinery of large-margin transition-based structured prediction with representation learning ,	our method jointly learns to parse discourse	1>2	unknown	manner-means	mode
In this paper , we present a representation learning approach ,	our method jointly learns to parse discourse	1<2	unknown	elab-addition	elaboration
our method jointly learns to parse discourse	while at the same time learning a discourse-driven projection of surface features .	1<2	unknown	joint	conjunction
In this paper , we present a representation learning approach ,	The resulting shift-reduce discourse parser obtains substantial improvements over the previous state-of-the-art	1<2	unknown	evaluation	comment
The resulting shift-reduce discourse parser obtains substantial improvements over the previous state-of-the-art	in predicting relations and nuclearity on the RST Treebank .	1<2	unknown	elab-addition	elaboration
Previous researches on Text-level discourse parsing mainly made use of constituency structure	In this paper , we present the limitations of constituency based discourse parsing	1>2	unknown	bg-compare	frame
Previous researches on Text-level discourse parsing mainly made use of constituency structure	to parse the whole document into one discourse tree .	1<2	unknown	enablement	purpose
In this paper , we present the limitations of constituency based discourse parsing	and first propose to use dependency structure	1<2	unknown	progression	organization
and first propose to use dependency structure	to directly represent the relations between elementary discourse units ( EDUs ) .	1<2	unknown	enablement	purpose
In this paper , we present the limitations of constituency based discourse parsing	The state-of-the-art dependency parsing techniques , <*> are adopted	1<2	unknown	elab-addition	elaboration
The state-of-the-art dependency parsing techniques , <*> are adopted	the Eisner algorithm and maximum spanning tree ( MST ) algorithm ,	1<2	unknown	elab-enumember	elaboration
are adopted	to parse an optimal discourse dependency tree	1<2	unknown	enablement	purpose
The state-of-the-art dependency parsing techniques , <*> are adopted	based on the arc-factored model and the large-margin learning techniques .	1<2	unknown	manner-means	mode
Experiments show	that our discourse dependency parsers achieve a competitive performance on text-level discourse parsing .	1>2	unknown	attribution	attribution
In this paper , we present the limitations of constituency based discourse parsing	that our discourse dependency parsers achieve a competitive performance on text-level discourse parsing .	1<2	unknown	evaluation	comment
A key challenge for computational conversation models is to discover latent structure in task-oriented dialogue ,	We propose three new unsupervised models	1>2	unknown	bg-goal	frame
A key challenge for computational conversation models is to discover latent structure in task-oriented dialogue ,	since it provides a basis	1<2	unknown	exp-reason	explanation
since it provides a basis	for analysing , evaluating , and building conversational systems .	1<2	unknown	elab-addition	elaboration
We propose three new unsupervised models	to discover latent structures in task-oriented dialogues .	1<2	unknown	enablement	purpose
We propose three new unsupervised models	Our methods synthesize hidden Markov models ( for underlying state )	1<2	unknown	elab-aspect	elaboration
Our methods synthesize hidden Markov models ( for underlying state )	and topic models	1<2	unknown	joint	conjunction
and topic models	( to connect words to states ) .	1<2	unknown	enablement	purpose
We propose three new unsupervised models	We apply them to two real , non-trivial datasets :	1<2	unknown	elab-aspect	elaboration
We apply them to two real , non-trivial datasets :	human-computer spoken dialogues in bus query service , and human-human text-based chats from a live technical support service .	1<2	unknown	elab-enumember	elaboration
We show	that our models extract meaningful state representations and dialogue structures	1>2	unknown	attribution	attribution
We propose three new unsupervised models	that our models extract meaningful state representations and dialogue structures	1<2	unknown	evaluation	comment
that our models extract meaningful state representations and dialogue structures	consistent with human annotations .	1<2	unknown	elab-addition	elaboration
Quantitatively , we show	our models achieve superior performance on held-out log likelihood evaluation and an ordering task .	1>2	unknown	attribution	attribution
We propose three new unsupervised models	our models achieve superior performance on held-out log likelihood evaluation and an ordering task .	1<2	unknown	evaluation	comment
We investigate different ways of learning structured perceptron models for coreference resolution	By modifying LaSO to delay updates until the end of each instance	1>2	unknown	elab-aspect	elaboration
We investigate different ways of learning structured perceptron models for coreference resolution	when using non-local features and beam search .	1<2	unknown	condition	condition
Our experimental results indicate	that standard techniques such as early updates or Learning as Search Optimization ( LaSO ) perform worse than a greedy baseline	1>2	unknown	attribution	attribution
that standard techniques such as early updates or Learning as Search Optimization ( LaSO ) perform worse than a greedy baseline	By modifying LaSO to delay updates until the end of each instance	1>2	unknown	evaluation	comment
that standard techniques such as early updates or Learning as Search Optimization ( LaSO ) perform worse than a greedy baseline	that only uses local features .	1<2	unknown	elab-addition	elaboration
By modifying LaSO to delay updates until the end of each instance	we obtain significant improvements over the baseline .	1<2	unknown	evaluation	comment
By modifying LaSO to delay updates until the end of each instance	Our model obtains the best results to date on recent shared task data for Arabic , Chinese , and English .	1<2	unknown	evaluation	comment
We present a novel technique	for learning semantic representations ,	1<2	unknown	enablement	purpose
We present a novel technique	which extends the distributional hypothesis to multilingual data and joint-space embeddings .	1<2	unknown	elab-addition	elaboration
We present a novel technique	Our models leverage parallel data	1<2	unknown	elab-aspect	elaboration
Our models leverage parallel data	and learn to strongly align the embeddings of semantically equivalent sentences ,	1<2	unknown	joint	conjunction
and learn to strongly align the embeddings of semantically equivalent sentences ,	while maintaining sufficient distance between those of dissimilar sentences .	1<2	unknown	temporal	temporal
Our models leverage parallel data	The models do not rely on word alignments or any syntactic information	1<2	unknown	elab-addition	elaboration
The models do not rely on word alignments or any syntactic information	and are successfully applied to a number of diverse languages .	1<2	unknown	joint	conjunction
We present a novel technique	We extend our approach to learn semantic representations at the document level , too .	1<2	unknown	elab-aspect	elaboration
We extend our approach to learn semantic representations at the document level , too .	We evaluate these models on two cross-lingual document classification tasks ,	1<2	unknown	evaluation	comment
We evaluate these models on two cross-lingual document classification tasks ,	outperforming the prior state of the art .	1<2	unknown	cause	causal
Through qualitative analysis and the study of pivoting effects	we demonstrate	1>2	unknown	manner-means	mode
we demonstrate	that our representations are semantically plausible	1>2	unknown	attribution	attribution
We present a novel technique	that our representations are semantically plausible	1<2	unknown	evaluation	comment
that our representations are semantically plausible	and can capture semantic relationships across languages	1<2	unknown	joint	conjunction
and can capture semantic relationships across languages	without parallel data .	1<2	unknown	elab-addition	elaboration
In this work , we revisit Shared Task 1 from the 2012 * SEM Conference :	our approach works over explicit and formal representations of propositional semantics ,	1>2	unknown	bg-goal	frame
In this work , we revisit Shared Task 1 from the 2012 * SEM Conference :	the automated analysis of negation .	1<2	unknown	elab-addition	elaboration
Unlike the vast majority of participating systems in 2012 ,	our approach works over explicit and formal representations of propositional semantics ,	1>2	unknown	contrast	contrast
our approach works over explicit and formal representations of propositional semantics ,	i.e. derives the notion of negation scope	1<2	unknown	elab-example	elaboration
i.e. derives the notion of negation scope	assumed in this task from the structure of logical-form meaning representations .	1<2	unknown	elab-addition	elaboration
our approach works over explicit and formal representations of propositional semantics ,	We relate the task-specific interpretation of ( negation ) scope to the concept of ( quantifier and operator ) scope in mainstream underspecified semantics .	1<2	unknown	elab-aspect	elaboration
our approach works over explicit and formal representations of propositional semantics ,	With reference to an explicit encoding of semantic predicate-argument structure , we can operationalize the annotation decisions	1<2	unknown	elab-aspect	elaboration
With reference to an explicit encoding of semantic predicate-argument structure , we can operationalize the annotation decisions	made for the 2012 * SEM task ,	1<2	unknown	elab-addition	elaboration
and demonstrate	how a comparatively simple system for negation scope resolution can be built from an off-the-shelf deep parsing system .	1>2	unknown	attribution	attribution
With reference to an explicit encoding of semantic predicate-argument structure , we can operationalize the annotation decisions	how a comparatively simple system for negation scope resolution can be built from an off-the-shelf deep parsing system .	1<2	unknown	joint	conjunction
our approach works over explicit and formal representations of propositional semantics ,	In a system combination setting , our approach improves over the best published results on this task to date .	1<2	unknown	evaluation	comment
Dependency-based Compositional Semantics (DCS ) is a framework of natural language semantics with easy-to-process structures as well as strict semantics .	In this paper , we equip the DCS framework with logical inference ,	1>2	unknown	elab-definition	elaboration
In this paper , we equip the DCS framework with logical inference ,	by defining abstract denotations as an abstraction of the computing process of denotations in original DCS .	1<2	unknown	manner-means	mode
In this paper , we equip the DCS framework with logical inference ,	An inference engine is built	1<2	unknown	elab-aspect	elaboration
An inference engine is built	to achieve inference on abstract denotations .	1<2	unknown	enablement	purpose
In this paper , we equip the DCS framework with logical inference ,	Furthermore , we propose a way	1<2	unknown	elab-aspect	elaboration
Furthermore , we propose a way	to generate on-the-fly knowledge in logical inference ,	1<2	unknown	enablement	purpose
to generate on-the-fly knowledge in logical inference ,	by combining our framework with the idea of tree transformation .	1<2	unknown	manner-means	mode
In this paper , we equip the DCS framework with logical inference ,	Experiments on FraCaS and PASCAL RTE datasets show promising results .	1<2	unknown	evaluation	comment
Distributional semantic methods	We present here a new model	1>2	unknown	bg-compare	frame
Distributional semantic methods	to approximate word meaning with context vectors	1<2	unknown	enablement	purpose
Distributional semantic methods	have been very successful empirically ,	1<2	unknown	evaluation	comment
Distributional semantic methods	and the last years have seen a surge of interest in their compositional extension to phrases and sentences .	1<2	unknown	joint	conjunction
We present here a new model	that , like those of Coecke et al ( 2010 ) and Baroni and Zamparelli ( 2010 ) , closely mimics the standard Montagovian semantic treatment of composition in distributional terms .	1<2	unknown	elab-addition	elaboration
We present here a new model	However , our approach avoids a number of issues	1<2	unknown	elab-aspect	elaboration
However , our approach avoids a number of issues	that have prevented the application of the earlier linguistically-motivated models to full-fledged , real-life sentences .	1<2	unknown	elab-addition	elaboration
We present here a new model	We test the model on a variety of empirical tasks ,	1<2	unknown	evaluation	comment
We test the model on a variety of empirical tasks ,	showing	1<2	unknown	elab-addition	elaboration
showing	that it consistently outperforms a set of competitive rivals .	1<2	unknown	attribution	attribution
Morphological segmentation is an effective sparsity reduction strategy for statistical machine translation ( SMT )	In this paper , we expand our translation options	1>2	unknown	bg-goal	frame
Morphological segmentation is an effective sparsity reduction strategy for statistical machine translation ( SMT )	involving morphologically complex languages .	1<2	unknown	elab-addition	elaboration
When translating into a segmented language ,	an extra step is required	1>2	unknown	condition	condition
an extra step is required	previous studies have desegmented the 1-best output from the decoder .	1>2	unknown	bg-general	frame
an extra step is required	to desegment the output ;	1<2	unknown	enablement	purpose
previous studies have desegmented the 1-best output from the decoder .	In this paper , we expand our translation options	1>2	unknown	bg-compare	frame
In this paper , we expand our translation options	by desegmenting n-best lists or lattices .	1<2	unknown	manner-means	mode
In this paper , we expand our translation options	Our novel lattice desegmentation algorithm effectively combines both segmented and desegmented views of the target language for a large subspace of possible translation outputs ,	1<2	unknown	elab-aspect	elaboration
Our novel lattice desegmentation algorithm effectively combines both segmented and desegmented views of the target language for a large subspace of possible translation outputs ,	which allows for inclusion of features <*> as well as an unsegmented language model ( LM ) .	1<2	unknown	elab-addition	elaboration
which allows for inclusion of features <*> as well as an unsegmented language model ( LM ) .	related to the desegmentation process ,	1<2	unknown	elab-addition	elaboration
In this paper , we expand our translation options	We investigate this technique in the context of English-to-Arabic and English-to-Finnish translation ,	1<2	unknown	evaluation	comment
We investigate this technique in the context of English-to-Arabic and English-to-Finnish translation ,	showing significant improvements in translation quality over desegmentation of 1-best decoder outputs .	1<2	unknown	cause	causal
We propose Bilingually-constrained Recursive Auto-encoders ( BRAE )	to learn semantic phrase embeddings	1<2	unknown	enablement	purpose
to learn semantic phrase embeddings	( compact vector representations for phrases ) ,	1<2	unknown	elab-definition	elaboration
to learn semantic phrase embeddings	which can distinguish the phrases with different semantic meanings .	1<2	unknown	elab-addition	elaboration
We propose Bilingually-constrained Recursive Auto-encoders ( BRAE )	The BRAE is trained in a way	1<2	unknown	elab-process_step	elaboration
The BRAE is trained in a way	that minimizes the semantic distance of translation equivalents	1<2	unknown	elab-addition	elaboration
that minimizes the semantic distance of translation equivalents	and maximizes the semantic distance of non-translation pairs simultaneously .	1<2	unknown	joint	conjunction
After training ,	the model learns how to embed each phrase semantically in two languages	1>2	unknown	temporal	temporal
We propose Bilingually-constrained Recursive Auto-encoders ( BRAE )	the model learns how to embed each phrase semantically in two languages	1<2	unknown	elab-process_step	elaboration
the model learns how to embed each phrase semantically in two languages	and also learns how to transform semantic embedding space in one language to the other .	1<2	unknown	joint	conjunction
We propose Bilingually-constrained Recursive Auto-encoders ( BRAE )	We evaluate our proposed method on two end-to-end SMT tasks	1<2	unknown	evaluation	comment
We evaluate our proposed method on two end-to-end SMT tasks	( phrase table pruning and decoding with phrasal semantic similarities )	1<2	unknown	elab-enumember	elaboration
We evaluate our proposed method on two end-to-end SMT tasks	which need to measure semantic similarity between a source phrase and its translation candidates .	1<2	unknown	elab-addition	elaboration
Extensive experiments show	that the BRAE is remarkably effective in these two tasks .	1>2	unknown	attribution	attribution
We evaluate our proposed method on two end-to-end SMT tasks	that the BRAE is remarkably effective in these two tasks .	1<2	unknown	cause	causal
In this paper , instead of designing new features	we learn some new and effective features	1>2	unknown	contrast	contrast
In this paper , instead of designing new features	based on intuition , linguistic knowledge and domain ,	1<2	unknown	bg-general	frame
we learn some new and effective features	using the deep autoencoder ( DAE ) paradigm for phrase-based translation model .	1<2	unknown	manner-means	mode
Using the unsupervised pre-trained deep belief net ( DBN )	we learn new semi-supervised DAE features ,	1>2	unknown	manner-means	mode
Using the unsupervised pre-trained deep belief net ( DBN )	to initialize DAE's parameters	1<2	unknown	enablement	purpose
and using the input original phrase features as a teacher for semi-supervised fine-tuning ,	we learn new semi-supervised DAE features ,	1>2	unknown	manner-means	mode
we learn some new and effective features	we learn new semi-supervised DAE features ,	1<2	unknown	elab-aspect	elaboration
we learn new semi-supervised DAE features ,	which are more effective and stable than the unsupervised DBN features .	1<2	unknown	elab-addition	elaboration
Moreover , to learn high dimensional feature representation ,	we introduce a natural horizontal composition of more DAEs for large hidden layers feature learning .	1>2	unknown	enablement	purpose
we learn some new and effective features	we introduce a natural horizontal composition of more DAEs for large hidden layers feature learning .	1<2	unknown	elab-aspect	elaboration
we learn some new and effective features	On two Chinese-English tasks , our semi-supervised DAE features obtain statistically significant improvements of 1.34/2.45 ( IWSLT ) and 0.82/1.52 ( NIST ) BLEU points over the unsupervised DBN features and the baseline features , respectively .	1<2	unknown	evaluation	comment
Statistical Machine Translation ( SMT ) usually utilizes contextual information	However , it is often limited to contexts within sentence boundaries ,	1>2	unknown	bg-general	frame
Statistical Machine Translation ( SMT ) usually utilizes contextual information	to disambiguate translation candidates .	1<2	unknown	enablement	purpose
However , it is often limited to contexts within sentence boundaries ,	In this paper , we propose a novel approach	1>2	unknown	bg-compare	frame
However , it is often limited to contexts within sentence boundaries ,	hence broader topical information cannot be leveraged .	1<2	unknown	cause	causal
In this paper , we propose a novel approach	to learning topic representation for parallel data	1<2	unknown	elab-addition	elaboration
to learning topic representation for parallel data	using a neural network architecture ,	1<2	unknown	manner-means	mode
using a neural network architecture ,	where abundant topical contexts are embedded	1<2	unknown	elab-addition	elaboration
where abundant topical contexts are embedded	via topic relevant monolingual data .	1<2	unknown	elab-addition	elaboration
By associating each translation rule with the topic representation ,	topic relevant rules are selected	1>2	unknown	manner-means	mode
In this paper , we propose a novel approach	topic relevant rules are selected	1<2	unknown	elab-aspect	elaboration
topic relevant rules are selected	according to the distributional similarity with the source text during SMT decoding .	1<2	unknown	elab-addition	elaboration
Experimental results show	that our method significantly improves translation accuracy in the NIST Chinese-to-English translation task	1>2	unknown	attribution	attribution
In this paper , we propose a novel approach	that our method significantly improves translation accuracy in the NIST Chinese-to-English translation task	1<2	unknown	evaluation	comment
that our method significantly improves translation accuracy in the NIST Chinese-to-English translation task	compared to a state-of-the-art baseline .	1<2	unknown	comparison	concession
In this paper , we address the problem of web-domain POS tagging	using a two-phase approach .	1<2	unknown	manner-means	mode
In this paper , we address the problem of web-domain POS tagging	The first phase learns representations	1<2	unknown	elab-process_step	elaboration
The first phase learns representations	that capture regularities	1<2	unknown	elab-addition	elaboration
that capture regularities	underlying web text .	1<2	unknown	elab-addition	elaboration
In this paper , we address the problem of web-domain POS tagging	The representation is integrated as features into a neural network	1<2	unknown	elab-process_step	elaboration
The representation is integrated as features into a neural network	that serves as a scorer for an easy-first POS tagger .	1<2	unknown	elab-addition	elaboration
In this paper , we address the problem of web-domain POS tagging	Parameters of the neural network are trained	1<2	unknown	elab-process_step	elaboration
Parameters of the neural network are trained	using guided learning in the second phase .	1<2	unknown	manner-means	mode
Experiment on the SANCL 2012 shared task show	that our approach achieves 93.15 % average tagging accuracy ,	1>2	unknown	attribution	attribution
In this paper , we address the problem of web-domain POS tagging	that our approach achieves 93.15 % average tagging accuracy ,	1<2	unknown	evaluation	comment
that our approach achieves 93.15 % average tagging accuracy ,	which is the best accuracy	1<2	unknown	elab-addition	elaboration
which is the best accuracy	reported so far on this data set , higher than those	1<2	unknown	elab-addition	elaboration
reported so far on this data set , higher than those	given by ensembled syntactic parsers .	1<2	unknown	elab-addition	elaboration
Discussion forums have evolved into a dependable source of knowledge	However , only a minority of the posts in discussion forums are solution posts .	1>2	unknown	contrast	contrast
Discussion forums have evolved into a dependable source of knowledge	to solve common problems .	1<2	unknown	enablement	purpose
However , only a minority of the posts in discussion forums are solution posts .	Identifying solution posts from discussion forums , hence , is an important research problem .	1>2	unknown	result	causal
Identifying solution posts from discussion forums , hence , is an important research problem .	In this paper , we present a technique for unsupervised solution post identification	1>2	unknown	bg-goal	frame
In this paper , we present a technique for unsupervised solution post identification	leveraging a so far unexplored textual feature , that of lexical correlations between problems and solutions .	1<2	unknown	manner-means	mode
In this paper , we present a technique for unsupervised solution post identification	We use translation models and language models	1<2	unknown	elab-aspect	elaboration
We use translation models and language models	to exploit lexical correlations and solution post character respectively .	1<2	unknown	enablement	purpose
In this paper , we present a technique for unsupervised solution post identification	Our technique is designed	1<2	unknown	elab-aspect	elaboration
Our technique is designed	to not rely much on structural features such as post metadata	1<2	unknown	enablement	purpose
to not rely much on structural features such as post metadata	since such features are often not uniformly available across forums .	1<2	unknown	exp-reason	explanation
In this paper , we present a technique for unsupervised solution post identification	Our clustering-based iterative solution identification approach <*> performs favorably in an empirical evaluation ,	1<2	unknown	evaluation	comment
Our clustering-based iterative solution identification approach <*> performs favorably in an empirical evaluation ,	based on the EM-formulation	1<2	unknown	manner-means	mode
performs favorably in an empirical evaluation ,	beating the only unsupervised solution identification technique from literature by a very large margin .	1<2	unknown	exp-evidence	explanation
We also show	that our unsupervised technique is competitive against methods	1>2	unknown	attribution	attribution
In this paper , we present a technique for unsupervised solution post identification	that our unsupervised technique is competitive against methods	1<2	unknown	evaluation	comment
that our unsupervised technique is competitive against methods	that require supervision ,	1<2	unknown	elab-addition	elaboration
that our unsupervised technique is competitive against methods	outperforming one such technique comfortably .	1<2	unknown	exp-evidence	explanation
While user attribute extraction on social media has received considerable attention ,	existing approaches , mostly supervised , encounter great difficulty	1>2	unknown	contrast	contrast
existing approaches , mostly supervised , encounter great difficulty	In this paper , we present a weaklysupervised approach to user profile extraction from Twitter .	1>2	unknown	bg-compare	frame
existing approaches , mostly supervised , encounter great difficulty	in obtaining gold standard data	1<2	unknown	elab-addition	elaboration
existing approaches , mostly supervised , encounter great difficulty	and are therefore limited to predicting unary predicates	1<2	unknown	cause	causal
and are therefore limited to predicting unary predicates	( e.g. , gender ) .	1<2	unknown	elab-example	elaboration
In this paper , we present a weaklysupervised approach to user profile extraction from Twitter .	Users' profiles from social media websites such as Facebook or Google Plus are used as a distant source of supervision for extraction of their attributes from user-generated text .	1<2	unknown	elab-aspect	elaboration
In addition to traditional linguistic features	used in distant supervision for information extraction ,	1<2	unknown	elab-addition	elaboration
In this paper , we present a weaklysupervised approach to user profile extraction from Twitter .	<*> In addition to traditional linguistic features <*> our approach also takes into account network information , a unique opportunity	1<2	unknown	elab-aspect	elaboration
<*> In addition to traditional linguistic features <*> our approach also takes into account network information , a unique opportunity	offered by social media .	1<2	unknown	elab-addition	elaboration
In this paper , we present a weaklysupervised approach to user profile extraction from Twitter .	We test our algorithm on three attribute domains :	1<2	unknown	evaluation	comment
We test our algorithm on three attribute domains :	spouse , education and job ;	1<2	unknown	elab-enumember	elaboration
experimental results demonstrate	our approach is able to make accurate predictions for users' attributes	1>2	unknown	attribution	attribution
We test our algorithm on three attribute domains :	our approach is able to make accurate predictions for users' attributes	1<2	unknown	cause	causal
our approach is able to make accurate predictions for users' attributes	based on their tweets.	1<2	unknown	bg-general	frame
Consider a person	He/she can spend hours trying to craft the message .	1>2	unknown	bg-general	frame
Consider a person	trying to spread an important message on a social network .	1<2	unknown	elab-addition	elaboration
He/she can spend hours trying to craft the message .	Does it actually matter ?	1>2	unknown	result	causal
Does it actually matter ?	the effect of wording per se has rarely been studied	1>2	unknown	bg-general	frame
While there has been extensive prior work	the effect of wording per se has rarely been studied	1>2	unknown	contrast	contrast
While there has been extensive prior work	looking into predicting popularity of social-media content ,	1<2	unknown	elab-addition	elaboration
the effect of wording per se has rarely been studied	which version attracts more retweets ?	1>2	unknown	bg-general	frame
the effect of wording per se has rarely been studied	since it is often confounded with the popularity of the author and the topic .	1<2	unknown	exp-reason	explanation
To control for these confounding factors ,	we take advantage of the surprising fact	1>2	unknown	enablement	purpose
we take advantage of the surprising fact	which version attracts more retweets ?	1>2	unknown	bg-general	frame
we take advantage of the surprising fact	that there are many pairs of tweets	1<2	unknown	elab-addition	elaboration
that there are many pairs of tweets	containing the same url	1<2	unknown	elab-addition	elaboration
containing the same url	and written by the same user	1<2	unknown	joint	conjunction
containing the same url	but employing different wording .	1<2	unknown	contrast	contrast
Given such pairs ,	we ask :	1>2	unknown	condition	condition
we ask :	which version attracts more retweets ?	1>2	unknown	attribution	attribution
which version attracts more retweets ?	and the computational methods <*> can do better than both an average human and a strong competing method	1>2	unknown	bg-goal	frame
which version attracts more retweets ?	This turns out to be a more difficult task	1<2	unknown	elab-addition	elaboration
This turns out to be a more difficult task	than predicting popular topics .	1<2	unknown	comparison	concession
Still , humans can answer this question better than chance	and the computational methods <*> can do better than both an average human and a strong competing method	1>2	unknown	comparison	concession
Still , humans can answer this question better than chance	( but far from perfectly ) ,	1<2	unknown	contrast	contrast
and the computational methods <*> can do better than both an average human and a strong competing method	we develop	1<2	unknown	elab-addition	elaboration
can do better than both an average human and a strong competing method	trained on non-controlled data .	1<2	unknown	elab-addition	elaboration
Existing models for social media personal analytics assume access to thousands of messages per user ,	we : ( i ) leverage content from the local neighborhood of a user ;	1>2	unknown	bg-compare	frame
Existing models for social media personal analytics assume access to thousands of messages per user ,	even though most users author content only sporadically over time .	1<2	unknown	contrast	contrast
Given this sparsity ,	we : ( i ) leverage content from the local neighborhood of a user ;	1>2	unknown	bg-general	frame
we : ( i ) leverage content from the local neighborhood of a user ;	( ii ) evaluate batch models as a function of size and the amount of messages in various types of neighborhoods ;	1<2	unknown	progression	organization
( ii ) evaluate batch models as a function of size and the amount of messages in various types of neighborhoods ;	and ( iii ) estimate the amount of time and tweets	1<2	unknown	progression	organization
and ( iii ) estimate the amount of time and tweets	required for a dynamic model	1<2	unknown	elab-addition	elaboration
required for a dynamic model	to predict user preferences .	1<2	unknown	enablement	purpose
We show	language from friend , retweet and user mention communications provide sufficient evidence for prediction .	1>2	unknown	attribution	attribution
that even when limited or no self-authored data is available ,	language from friend , retweet and user mention communications provide sufficient evidence for prediction .	1>2	unknown	condition	condition
we : ( i ) leverage content from the local neighborhood of a user ;	language from friend , retweet and user mention communications provide sufficient evidence for prediction .	1<2	unknown	evaluation	comment
When updating models over time	that political preference can be often be predicted	1>2	unknown	temporal	temporal
When updating models over time	based on Twitter ,	1<2	unknown	bg-general	frame
we find	that political preference can be often be predicted	1>2	unknown	attribution	attribution
we : ( i ) leverage content from the local neighborhood of a user ;	that political preference can be often be predicted	1<2	unknown	evaluation	comment
that political preference can be often be predicted	using roughly 100 tweets ,	1<2	unknown	manner-means	mode
using roughly 100 tweets ,	depending on the context of user selection ,	1<2	unknown	elab-addition	elaboration
using roughly 100 tweets ,	where this could mean hours , or weeks ,	1<2	unknown	elab-addition	elaboration
where this could mean hours , or weeks ,	based on the author's tweeting frequency .	1<2	unknown	bg-general	frame
Much of the recent work on dependency parsing has been focused on solving inherent combinatorial problems	that highly expressive scoring functions can be used with substantially simpler inference procedures .	1>2	unknown	contrast	contrast
Much of the recent work on dependency parsing has been focused on solving inherent combinatorial problems	associated with rich scoring functions .	1<2	unknown	elab-addition	elaboration
In contrast , we demonstrate	that highly expressive scoring functions can be used with substantially simpler inference procedures .	1>2	unknown	attribution	attribution
that highly expressive scoring functions can be used with substantially simpler inference procedures .	Specifically , we introduce a sampling-based parser	1>2	unknown	bg-general	frame
Specifically , we introduce a sampling-based parser	that can easily handle arbitrary global features .	1<2	unknown	elab-addition	elaboration
Inspired by SampleRank ,	we learn to take guided stochastic steps towards a high scoring parse .	1>2	unknown	bg-general	frame
Specifically , we introduce a sampling-based parser	we learn to take guided stochastic steps towards a high scoring parse .	1<2	unknown	elab-aspect	elaboration
Specifically , we introduce a sampling-based parser	We introduce two samplers	1<2	unknown	elab-aspect	elaboration
We introduce two samplers	for traversing the space of trees , Gibbs and Metropolis-Hastings with Random Walk .	1<2	unknown	elab-addition	elaboration
The model outperforms state-of-the-art results	when evaluated on 14 languages of non-projective CoNLL datasets .	1>2	unknown	cause	causal
Specifically , we introduce a sampling-based parser	when evaluated on 14 languages of non-projective CoNLL datasets .	1<2	unknown	evaluation	comment
Specifically , we introduce a sampling-based parser	Our sampling-based approach naturally extends to joint prediction scenarios , such as joint parsing and POS correction .	1<2	unknown	elab-aspect	elaboration
Our sampling-based approach naturally extends to joint prediction scenarios , such as joint parsing and POS correction .	The resulting method outperforms the best reported results on the CATiB dataset ,	1<2	unknown	evaluation	comment
The resulting method outperforms the best reported results on the CATiB dataset ,	approaching performance of parsing with gold tags.	1<2	unknown	elab-addition	elaboration
Due to their origin in computer graphics ,	graphics processing units ( GPUs ) are highly optimized for dense problems ,	1>2	unknown	exp-reason	explanation
graphics processing units ( GPUs ) are highly optimized for dense problems ,	Natural language processing algorithms , on the other hand , are traditionally constructed in ways	1>2	unknown	contrast	contrast
graphics processing units ( GPUs ) are highly optimized for dense problems ,	where the exact same operation is applied repeatedly to all data points .	1<2	unknown	elab-addition	elaboration
Natural language processing algorithms , on the other hand , are traditionally constructed in ways	Recently , Canny et al ( 2013 ) presented an approach to GPU parsing	1>2	unknown	bg-general	frame
Natural language processing algorithms , on the other hand , are traditionally constructed in ways	that exploit structural sparsity .	1<2	unknown	elab-addition	elaboration
Recently , Canny et al ( 2013 ) presented an approach to GPU parsing	In this work , we reintroduce sparsity to GPU parsing	1>2	unknown	bg-compare	frame
Recently , Canny et al ( 2013 ) presented an approach to GPU parsing	that sacrifices traditional sparsity in exchange for raw computational power ,	1<2	unknown	elab-addition	elaboration
that sacrifices traditional sparsity in exchange for raw computational power ,	obtaining a system	1<2	unknown	cause	causal
obtaining a system	that can compute Viterbi parses for a high-quality grammar at about 164 sentences per second on a mid-range GPU .	1<2	unknown	elab-addition	elaboration
In this work , we reintroduce sparsity to GPU parsing	by adapting a coarse-to-fine pruning approach to the constraints of a GPU .	1<2	unknown	manner-means	mode
In this work , we reintroduce sparsity to GPU parsing	The resulting system is capable of computing over 404 Viterbi parses per second more than a 2x speedup on the same hardware .	1<2	unknown	evaluation	comment
In this work , we reintroduce sparsity to GPU parsing	Moreover , our approach allows us to efficiently implement less GPU-friendly minimum Bayes risk inference ,	1<2	unknown	evaluation	comment
Moreover , our approach allows us to efficiently implement less GPU-friendly minimum Bayes risk inference ,	improving throughput for this more accurate algorithm from only 32 sentences per second unpruned to over 190 sentences per second	1<2	unknown	elab-addition	elaboration
improving throughput for this more accurate algorithm from only 32 sentences per second unpruned to over 190 sentences per second	using pruning nearly a 6x speedup .	1<2	unknown	manner-means	mode
This paper presents the first dependency model for a shift-reduce CCG parser .	Modelling dependencies is desirable for a number of reasons ,	1<2	unknown	bg-goal	frame
Modelling dependencies is desirable for a number of reasons ,	"including handling the "" spurious "" ambiguity of CCG ;"	1<2	unknown	elab-enumember	elaboration
"including handling the "" spurious "" ambiguity of CCG ;"	fitting well with the theory of CCG ;	1<2	unknown	joint	conjunction
fitting well with the theory of CCG ;	and optimizing for structures	1<2	unknown	joint	conjunction
and optimizing for structures	which are evaluated at test time .	1<2	unknown	elab-addition	elaboration
This paper presents the first dependency model for a shift-reduce CCG parser .	We develop a novel training technique	1<2	unknown	elab-aspect	elaboration
We develop a novel training technique	using a dependency oracle ,	1<2	unknown	manner-means	mode
using a dependency oracle ,	in which all derivations are hidden .	1<2	unknown	elab-addition	elaboration
using a dependency oracle ,	A challenge arises from the fact	1<2	unknown	elab-addition	elaboration
A challenge arises from the fact	that the oracle needs to keep track of exponentially many gold-standard derivations ,	1<2	unknown	elab-addition	elaboration
A challenge arises from the fact	which is solved	1<2	unknown	elab-addition	elaboration
which is solved	by integrating a packed parse forest with the beam-search decoder .	1<2	unknown	manner-means	mode
Standard CCGBank tests show	the model achieves up to 1.05 labeled F-score improvements over three existing , competitive CCG parsing models .	1>2	unknown	attribution	attribution
This paper presents the first dependency model for a shift-reduce CCG parser .	the model achieves up to 1.05 labeled F-score improvements over three existing , competitive CCG parsing models .	1<2	unknown	evaluation	comment
We present a parser	that relies primarily on extracting information directly from surface spans	1<2	unknown	elab-addition	elaboration
that relies primarily on extracting information directly from surface spans	rather than on propagating information	1<2	unknown	contrast	contrast
rather than on propagating information	through enriched grammar structure .	1<2	unknown	elab-addition	elaboration
For example , instead of creating separate grammar symbols	our parser might instead capture the same information from the first word of the NP .	1>2	unknown	contrast	contrast
For example , instead of creating separate grammar symbols	to mark the definiteness of an NP ,	1<2	unknown	enablement	purpose
We present a parser	our parser might instead capture the same information from the first word of the NP .	1<2	unknown	elab-example	elaboration
We present a parser	Moving context out of the grammar and onto surface features can greatly simplify the structural component of the parser :	1<2	unknown	elab-aspect	elaboration
because so many deep syntactic cues have surface reflexes ,	our system can still parse accurately with context-free backbones as minimal as X-bar grammars .	1>2	unknown	exp-reason	explanation
Moving context out of the grammar and onto surface features can greatly simplify the structural component of the parser :	our system can still parse accurately with context-free backbones as minimal as X-bar grammars .	1<2	unknown	elab-addition	elaboration
Moving context out of the grammar and onto surface features can greatly simplify the structural component of the parser :	Keeping the structural backbone simple and moving features to the surface also allows easy adaptation to new languages and even to new tasks .	1<2	unknown	elab-addition	elaboration
Keeping the structural backbone simple and moving features to the surface also allows easy adaptation to new languages and even to new tasks .	On the SPMRL 2013 multilingual constituency parsing shared task ( Seddah et al. , 2013 ) , our system outperforms the top single parser system of Björkelund et al. ( 2013 ) on a range of languages .	1<2	unknown	evaluation	comment
In addition, despite being designed for syntactic analysis ,	our system also achieves state-of-the-art numbers on the structural sentiment task of Socher et al. ( 2013 ) .	1>2	unknown	contrast	contrast
Keeping the structural backbone simple and moving features to the surface also allows easy adaptation to new languages and even to new tasks .	our system also achieves state-of-the-art numbers on the structural sentiment task of Socher et al. ( 2013 ) .	1<2	unknown	evaluation	comment
Finally , we show	that , in both syntactic parsing and sentiment analysis , many broad linguistic trends can be captured	1>2	unknown	attribution	attribution
We present a parser	that , in both syntactic parsing and sentiment analysis , many broad linguistic trends can be captured	1<2	unknown	elab-aspect	elaboration
that , in both syntactic parsing and sentiment analysis , many broad linguistic trends can be captured	via surface features .	1<2	unknown	elab-addition	elaboration
Context-predicting models <*> are the new kids on the distributional semantics block .	the literature is still lacking a systematic comparison of the predictive models with classic , count-vector-based distributional semantic approaches .	1>2	unknown	bg-general	frame
Context-predicting models <*> are the new kids on the distributional semantics block .	( more commonly known as embeddings or neural language models )	1<2	unknown	elab-definition	elaboration
Despite the buzz	the literature is still lacking a systematic comparison of the predictive models with classic , count-vector-based distributional semantic approaches .	1>2	unknown	contrast	contrast
Despite the buzz	surrounding these models ,	1<2	unknown	elab-addition	elaboration
the literature is still lacking a systematic comparison of the predictive models with classic , count-vector-based distributional semantic approaches .	In this paper , we perform such an extensive evaluation , on a wide range of lexical semantics tasks and across many parameter settings .	1>2	unknown	bg-general	frame
The results , to our own surprise , show	that the buzz is fully justified ,	1>2	unknown	attribution	attribution
In this paper , we perform such an extensive evaluation , on a wide range of lexical semantics tasks and across many parameter settings .	that the buzz is fully justified ,	1<2	unknown	elab-aspect	elaboration
that the buzz is fully justified ,	as the context-predicting models obtain a thorough and resounding victory against their count-based counterparts .	1<2	unknown	exp-reason	explanation
We show	that it is possible to reliably discriminate whether a syntactic construction is meant literally or metaphorically	1>2	unknown	attribution	attribution
that it is possible to reliably discriminate whether a syntactic construction is meant literally or metaphorically	Our model is constructed	1>2	unknown	bg-general	frame
that it is possible to reliably discriminate whether a syntactic construction is meant literally or metaphorically	using lexical semantic features of the words	1<2	unknown	manner-means	mode
using lexical semantic features of the words	that participate in the construction .	1<2	unknown	elab-addition	elaboration
Our model is constructed	using English resources ,	1<2	unknown	manner-means	mode
Our model is constructed	and we obtain state-of-the-art performance relative to previous work in this language .	1<2	unknown	evaluation	comment
Using a model transfer approach by pivoting through a bilingual dictionary ,	our model can identify metaphoric expressions in other languages .	1>2	unknown	manner-means	mode
we show	our model can identify metaphoric expressions in other languages .	1>2	unknown	attribution	attribution
Our model is constructed	our model can identify metaphoric expressions in other languages .	1<2	unknown	evaluation	comment
our model can identify metaphoric expressions in other languages .	We provide results on three new test sets in Spanish , Farsi , and Russian .	1<2	unknown	elab-addition	elaboration
We provide results on three new test sets in Spanish , Farsi , and Russian .	The results support the hypothesis	1<2	unknown	elab-addition	elaboration
The results support the hypothesis	that metaphors are conceptual , rather than lexical , in nature .	1<2	unknown	elab-addition	elaboration
Unsupervised word sense disambiguation ( WSD ) methods are an attractive approach to all-words WSD	Unsupervised estimates of sense frequency have been shown to be very useful for WSD	1>2	unknown	bg-general	frame
Unsupervised word sense disambiguation ( WSD ) methods are an attractive approach to all-words WSD	due to their non-reliance on expensive annotated data .	1<2	unknown	exp-reason	explanation
Unsupervised estimates of sense frequency have been shown to be very useful for WSD	This paper presents a fully unsupervised topic modelling-based approach to sense frequency estimation ,	1>2	unknown	bg-general	frame
Unsupervised estimates of sense frequency have been shown to be very useful for WSD	due to the skewed nature of word sense distributions .	1<2	unknown	exp-reason	explanation
This paper presents a fully unsupervised topic modelling-based approach to sense frequency estimation ,	which is highly portable to different corpora and sense inventories ,	1<2	unknown	elab-addition	elaboration
which is highly portable to different corpora and sense inventories ,	in being applicable to any part of speech ,	1<2	unknown	joint	conjunction
in being applicable to any part of speech ,	and not requiring a hierarchical sense inventory , parsing or parallel text .	1<2	unknown	joint	conjunction
This paper presents a fully unsupervised topic modelling-based approach to sense frequency estimation ,	We demonstrate the effectiveness of the method over the tasks of predominant sense learning and sense distribution acquisition , and also the novel tasks	1<2	unknown	evaluation	comment
We demonstrate the effectiveness of the method over the tasks of predominant sense learning and sense distribution acquisition , and also the novel tasks	of detecting senses	1<2	unknown	elab-addition	elaboration
of detecting senses	which aren't attested in the corpus ,	1<2	unknown	elab-addition	elaboration
of detecting senses	and identifying novel senses in the corpus	1<2	unknown	joint	conjunction
and identifying novel senses in the corpus	which aren't captured in the sense inventory .	1<2	unknown	elab-addition	elaboration
We present an approach	for automatically learning to solve algebra word problems .	1<2	unknown	elab-addition	elaboration
We present an approach	Our algorithm reasons across sentence boundaries	1<2	unknown	elab-aspect	elaboration
Our algorithm reasons across sentence boundaries	to construct and solve a system of linear equations ,	1<2	unknown	enablement	purpose
Our algorithm reasons across sentence boundaries	while simultaneously recovering an alignment of the variables and numbers in these equations to the problem text .	1<2	unknown	temporal	temporal
We present an approach	The learning algorithm uses varied supervision ,	1<2	unknown	elab-aspect	elaboration
The learning algorithm uses varied supervision ,	including either full equations or just the final answers .	1<2	unknown	elab-enumember	elaboration
We present an approach	We evaluate performance on a newly gathered corpus of algebra word problems ,	1<2	unknown	evaluation	comment
demonstrating	that the system can correctly answer almost 70 % of the questions in the dataset .	1>2	unknown	attribution	attribution
We evaluate performance on a newly gathered corpus of algebra word problems ,	that the system can correctly answer almost 70 % of the questions in the dataset .	1<2	unknown	cause	causal
that the system can correctly answer almost 70 % of the questions in the dataset .	This is , to our knowledge , the first learning result for this task .	1<2	unknown	elab-addition	elaboration
Inspired by experimental psychological findings	we make a simple modification to an Adaptor Grammar based Bayesian word segmentation model	1>2	unknown	bg-general	frame
suggesting	that function words play a special role in word learning ,	1>2	unknown	attribution	attribution
Inspired by experimental psychological findings	that function words play a special role in word learning ,	1<2	unknown	elab-addition	elaboration
we make a simple modification to an Adaptor Grammar based Bayesian word segmentation model	"to allow it to learn sequences of monosyllabic ""function words"" at the beginnings and endings of collocations of ( possibly multi-syllabic ) words ."	1<2	unknown	enablement	purpose
we make a simple modification to an Adaptor Grammar based Bayesian word segmentation model	This modification improves unsupervised word segmentation on the standard Bernstein-Ratner ( 1987 ) corpus of child-directed English by more than 4 % token f-score	1<2	unknown	evaluation	comment
This modification improves unsupervised word segmentation on the standard Bernstein-Ratner ( 1987 ) corpus of child-directed English by more than 4 % token f-score	compared to a model identical	1<2	unknown	comparison	concession
compared to a model identical	"except that it does not special-case ""function words"" ,"	1<2	unknown	elab-addition	elaboration
This modification improves unsupervised word segmentation on the standard Bernstein-Ratner ( 1987 ) corpus of child-directed English by more than 4 % token f-score	setting a new state-of-the-art of 92.4 % token f-score .	1<2	unknown	cause	causal
Our function word model assumes	that function words appear at the left periphery ,	1>2	unknown	attribution	attribution
we make a simple modification to an Adaptor Grammar based Bayesian word segmentation model	that function words appear at the left periphery ,	1<2	unknown	elab-aspect	elaboration
and while this is true of languages such as English ,	it is not true universally .	1>2	unknown	contrast	contrast
that function words appear at the left periphery ,	it is not true universally .	1<2	unknown	elab-addition	elaboration
We show	that a learner can use Bayesian model selection	1>2	unknown	attribution	attribution
we make a simple modification to an Adaptor Grammar based Bayesian word segmentation model	that a learner can use Bayesian model selection	1<2	unknown	elab-aspect	elaboration
that a learner can use Bayesian model selection	to determine the location of function words in their language ,	1<2	unknown	enablement	purpose
that a learner can use Bayesian model selection	even though the input to the model only consists of unsegmented sequences of phones .	1<2	unknown	elab-addition	elaboration
that a learner can use Bayesian model selection	Thus our computational models support the hypothesis	1<2	unknown	cause	causal
Thus our computational models support the hypothesis	that function words play a special role in word learning .	1<2	unknown	elab-addition	elaboration
Recently , neural network models for natural language processing tasks have been increasingly focused on for their ability	In this paper , we propose a novel neural network model for Chinese word segmentation	1>2	unknown	bg-general	frame
Recently , neural network models for natural language processing tasks have been increasingly focused on for their ability	to alleviate the burden of manual feature engineering .	1<2	unknown	enablement	purpose
In this paper , we propose a novel neural network model for Chinese word segmentation	called Max-Margin Tensor Neural Network ( MMTNN ) .	1<2	unknown	elab-addition	elaboration
By exploiting tag embeddings and tensor-based transformation ,	MMTNN has the ability	1>2	unknown	manner-means	mode
In this paper , we propose a novel neural network model for Chinese word segmentation	MMTNN has the ability	1<2	unknown	elab-aspect	elaboration
MMTNN has the ability	to model complicated interactions between tags and context characters .	1<2	unknown	elab-addition	elaboration
In this paper , we propose a novel neural network model for Chinese word segmentation	Furthermore , a new tensor factorization approach is proposed	1<2	unknown	elab-aspect	elaboration
Furthermore , a new tensor factorization approach is proposed	to speed up the model	1<2	unknown	enablement	purpose
to speed up the model	and avoid overfitting .	1<2	unknown	joint	conjunction
Experiments on the benchmark dataset show	that our model achieves better performances than previous neural network models	1>2	unknown	attribution	attribution
In this paper , we propose a novel neural network model for Chinese word segmentation	that our model achieves better performances than previous neural network models	1<2	unknown	evaluation	comment
that our model achieves better performances than previous neural network models	and that our model can achieve a competitive performance with minimal feature engineering .	1<2	unknown	joint	conjunction
Despite Chinese word segmentation being a specific case ,	MMTNN can be easily generalized and applied to other sequence labeling tasks .	1>2	unknown	contrast	contrast
In this paper , we propose a novel neural network model for Chinese word segmentation	MMTNN can be easily generalized and applied to other sequence labeling tasks .	1<2	unknown	elab-aspect	elaboration
Negation words , such as no and not , play a fundamental role	We will refer to a negation word as the negator and the text span within the scope of the negator as the argument .	1>2	unknown	bg-general	frame
Negation words , such as no and not , play a fundamental role	in modifying sentiment of textual expressions .	1<2	unknown	elab-addition	elaboration
We will refer to a negation word as the negator and the text span within the scope of the negator as the argument .	Commonly used heuristics <*> rely simply on the sentiment of argument	1<2	unknown	bg-compare	frame
Commonly used heuristics <*> rely simply on the sentiment of argument	to estimate the sentiment of negated expressions	1<2	unknown	elab-addition	elaboration
rely simply on the sentiment of argument	( and not on the negator or the argument itself ) .	1<2	unknown	joint	conjunction
We will refer to a negation word as the negator and the text span within the scope of the negator as the argument .	We use a sentiment treebank	1<2	unknown	elab-process_step	elaboration
to show	that these existing heuristics are poor estimators of sentiment .	1>2	unknown	attribution	attribution
We use a sentiment treebank	that these existing heuristics are poor estimators of sentiment .	1<2	unknown	cause	causal
We will refer to a negation word as the negator and the text span within the scope of the negator as the argument .	We then modify these heuristics to be dependent on the negators	1<2	unknown	elab-process_step	elaboration
and show	that this improves prediction .	1>2	unknown	attribution	attribution
We then modify these heuristics to be dependent on the negators	that this improves prediction .	1<2	unknown	cause	causal
We will refer to a negation word as the negator and the text span within the scope of the negator as the argument .	Next , we evaluate a recently proposed composition model ( Socher et al. , 2013 )	1<2	unknown	evaluation	comment
Next , we evaluate a recently proposed composition model ( Socher et al. , 2013 )	that relies on both the negator and the argument .	1<2	unknown	elab-addition	elaboration
Next , we evaluate a recently proposed composition model ( Socher et al. , 2013 )	This model learns the syntax and semantics of the negator's argument with a recursive neural network .	1<2	unknown	elab-addition	elaboration
We show	that this approach performs better than those	1>2	unknown	attribution	attribution
Next , we evaluate a recently proposed composition model ( Socher et al. , 2013 )	that this approach performs better than those	1<2	unknown	cause	causal
that this approach performs better than those	mentioned above .	1<2	unknown	elab-addition	elaboration
We will refer to a negation word as the negator and the text span within the scope of the negator as the argument .	In addition , we explicitly incorporate the prior sentiment of the argument	1<2	unknown	elab-process_step	elaboration
and observe	that this information can help reduce fitting errors .	1>2	unknown	attribution	attribution
In addition , we explicitly incorporate the prior sentiment of the argument	that this information can help reduce fitting errors .	1<2	unknown	cause	causal
Extracting opinion targets and opinion words from online reviews are two fundamental tasks in opinion mining .	This paper proposes a novel approach	1>2	unknown	bg-goal	frame
This paper proposes a novel approach	to collectively extract them with graph co-ranking .	1<2	unknown	enablement	purpose
First , compared to previous methods	our method constructs a heterogeneous graph	1>2	unknown	comparison	concession
First , compared to previous methods	which solely employed opinion relations among words ,	1<2	unknown	elab-addition	elaboration
This paper proposes a novel approach	our method constructs a heterogeneous graph	1<2	unknown	elab-process_step	elaboration
our method constructs a heterogeneous graph	to model two types of relations ,	1<2	unknown	enablement	purpose
to model two types of relations ,	including semantic relations and opinion relations .	1<2	unknown	elab-enumember	elaboration
This paper proposes a novel approach	Next , a co-ranking algorithm is proposed	1<2	unknown	elab-process_step	elaboration
Next , a co-ranking algorithm is proposed	to estimate the confidence of each candidate ,	1<2	unknown	enablement	purpose
Next , a co-ranking algorithm is proposed	and the candidates with higher confidence will be extracted as opinion targets/words .	1<2	unknown	progression	organization
Next , a co-ranking algorithm is proposed	In this way , different relations make cooperative effects on candidate's confidence estimation .	1<2	unknown	summary	organization
This paper proposes a novel approach	Moreover , word preference is captured and incorporated into our co-ranking algorithm .	1<2	unknown	elab-process_step	elaboration
Moreover , word preference is captured and incorporated into our co-ranking algorithm .	In this way , our co-ranking is personalized	1<2	unknown	summary	organization
In this way , our co-ranking is personalized	and each candidate's confidence is only determined by its preferred collocations .	1<2	unknown	joint	conjunction
Moreover , word preference is captured and incorporated into our co-ranking algorithm .	It helps to improve the extraction precision .	1<2	unknown	elab-addition	elaboration
The experimental results on three data sets with different sizes and languages show	that our approach achieves better performance than state-of-the-art methods .	1>2	unknown	attribution	attribution
This paper proposes a novel approach	that our approach achieves better performance than state-of-the-art methods .	1<2	unknown	evaluation	comment
This paper proposes a novel context-aware method	for analyzing sentiment at the level of individual sentences .	1<2	unknown	elab-addition	elaboration
Most existing machine learning approaches suffer from limitations in the modeling of complex linguistic structures across sentences	In contrast , our approach allows structured modeling of sentiment	1>2	unknown	contrast	contrast
Most existing machine learning approaches suffer from limitations in the modeling of complex linguistic structures across sentences	and often fail to capture non-local contextual cues	1<2	unknown	joint	conjunction
and often fail to capture non-local contextual cues	that are important for sentiment interpretation .	1<2	unknown	elab-addition	elaboration
This paper proposes a novel context-aware method	In contrast , our approach allows structured modeling of sentiment	1<2	unknown	elab-aspect	elaboration
In contrast , our approach allows structured modeling of sentiment	while taking into account both local and global contextual information .	1<2	unknown	temporal	temporal
In contrast , our approach allows structured modeling of sentiment	Specifically , we encode intuitive lexical and discourse knowledge as expressive constraints	1<2	unknown	elab-addition	elaboration
Specifically , we encode intuitive lexical and discourse knowledge as expressive constraints	and integrate them into the learning of conditional random field models	1<2	unknown	progression	organization
and integrate them into the learning of conditional random field models	via posterior regularization .	1<2	unknown	manner-means	mode
Specifically , we encode intuitive lexical and discourse knowledge as expressive constraints	The context-aware constraints provide additional power to the CRF model	1<2	unknown	elab-addition	elaboration
The context-aware constraints provide additional power to the CRF model	and can guide semi-supervised learning	1<2	unknown	joint	conjunction
and can guide semi-supervised learning	when labeled data is limited .	1<2	unknown	condition	condition
Experiments on standard product review datasets show	that our method outperforms the state-of-the-art methods in both the supervised and semi-supervised settings .	1>2	unknown	attribution	attribution
This paper proposes a novel context-aware method	that our method outperforms the state-of-the-art methods in both the supervised and semi-supervised settings .	1<2	unknown	evaluation	comment
Product feature mining is a key subtask in fine-grained opinion mining .	This paper proposes a novel product feature mining method	1>2	unknown	bg-goal	frame
Previous works often use syntax constituents in this task .	This paper proposes a novel product feature mining method	1>2	unknown	bg-compare	frame
Previous works often use syntax constituents in this task .	However , syntax-based methods can only use discrete contextual information ,	1<2	unknown	contrast	contrast
However , syntax-based methods can only use discrete contextual information ,	which may suffer from data sparsity .	1<2	unknown	elab-addition	elaboration
This paper proposes a novel product feature mining method	which leverages lexical and contextual semantic clues .	1<2	unknown	elab-addition	elaboration
which leverages lexical and contextual semantic clues .	Lexical semantic clue verifies whether a candidate term is related to the target product ,	1<2	unknown	elab-addition	elaboration
Lexical semantic clue verifies whether a candidate term is related to the target product ,	and contextual semantic clue serves as a soft pattern miner	1<2	unknown	joint	conjunction
and contextual semantic clue serves as a soft pattern miner	to find candidates ,	1<2	unknown	enablement	purpose
and contextual semantic clue serves as a soft pattern miner	which exploits semantics of each word in context	1<2	unknown	elab-definition	elaboration
which exploits semantics of each word in context	so as to alleviate the data sparsity problem .	1<2	unknown	enablement	purpose
This paper proposes a novel product feature mining method	We build a semantic similarity graph	1<2	unknown	elab-process_step	elaboration
We build a semantic similarity graph	to encode lexical semantic clue ,	1<2	unknown	enablement	purpose
This paper proposes a novel product feature mining method	and employ a convolutional neural model	1<2	unknown	elab-process_step	elaboration
and employ a convolutional neural model	to capture contextual semantic clue .	1<2	unknown	enablement	purpose
This paper proposes a novel product feature mining method	Then Label Propagation is applied to combine both semantic clues .	1<2	unknown	elab-process_step	elaboration
Experimental results show	that our semantics-based method significantly outperforms conventional syntax-based approaches ,	1>2	unknown	attribution	attribution
This paper proposes a novel product feature mining method	that our semantics-based method significantly outperforms conventional syntax-based approaches ,	1<2	unknown	evaluation	comment
that our semantics-based method significantly outperforms conventional syntax-based approaches ,	which not only mines product features more accurately ,	1<2	unknown	elab-addition	elaboration
which not only mines product features more accurately ,	but also extracts more infrequent product features .	1<2	unknown	joint	conjunction
Aspect extraction is an important task in sentiment analysis .	Topic modeling is a popular method for the task .	1>2	unknown	bg-goal	frame
Topic modeling is a popular method for the task .	However , unsupervised topic models often generate incoherent aspects .	1>2	unknown	contrast	contrast
However , unsupervised topic models often generate incoherent aspects .	several knowledge-based models have been proposed	1>2	unknown	bg-compare	frame
To address the issue ,	several knowledge-based models have been proposed	1>2	unknown	enablement	purpose
several knowledge-based models have been proposed	that in the big data era , without any user input , it is possible to learn prior knowledge automatically from a large amount of review data available on the Web .	1>2	unknown	bg-compare	frame
several knowledge-based models have been proposed	to incorporate prior knowledge	1<2	unknown	enablement	purpose
to incorporate prior knowledge	provided by the user	1<2	unknown	elab-addition	elaboration
to incorporate prior knowledge	to guide modeling .	1<2	unknown	enablement	purpose
and show	that in the big data era , without any user input , it is possible to learn prior knowledge automatically from a large amount of review data available on the Web .	1>2	unknown	attribution	attribution
In this paper , we take a major step forward	that in the big data era , without any user input , it is possible to learn prior knowledge automatically from a large amount of review data available on the Web .	1<2	unknown	elab-addition	elaboration
that in the big data era , without any user input , it is possible to learn prior knowledge automatically from a large amount of review data available on the Web .	Such knowledge can then be used by a topic model	1<2	unknown	elab-addition	elaboration
Such knowledge can then be used by a topic model	to discover more coherent aspects .	1<2	unknown	enablement	purpose
There are two key challenges	A novel approach is proposed	1>2	unknown	bg-goal	frame
There are two key challenges	: ( 1 ) learning quality knowledge from reviews of diverse domains ,	1<2	unknown	elab-enumember	elaboration
: ( 1 ) learning quality knowledge from reviews of diverse domains ,	and ( 2 ) making the model fault-tolerant to handle possibly wrong knowledge .	1<2	unknown	joint	conjunction
that in the big data era , without any user input , it is possible to learn prior knowledge automatically from a large amount of review data available on the Web .	A novel approach is proposed	1<2	unknown	elab-aspect	elaboration
A novel approach is proposed	to solve these problems .	1<2	unknown	enablement	purpose
Experimental results	using reviews from 36 domains	1<2	unknown	manner-means	mode
<*> Experimental results <*> show	that the proposed approach achieves significant improvements over state-of-the-art baselines .	1>2	unknown	attribution	attribution
A novel approach is proposed	that the proposed approach achieves significant improvements over state-of-the-art baselines .	1<2	unknown	evaluation	comment
Spectral methods offer scalable alternatives to Markov chain Monte Carlo and expectation maximization .	However , these new methods lack the rich priors	1>2	unknown	contrast	contrast
However , these new methods lack the rich priors	and develop new , regularized algorithms	1>2	unknown	bg-compare	frame
However , these new methods lack the rich priors	associated with probabilistic models .	1<2	unknown	elab-addition	elaboration
We examine Arora et al.'s anchor words algorithm for topic modeling	and develop new , regularized algorithms	1>2	unknown	joint	conjunction
and develop new , regularized algorithms	that not only mathematically resemble Gaussian and Dirichlet priors	1<2	unknown	elab-aspect	elaboration
and develop new , regularized algorithms	but also improve the interpretability of topic models .	1<2	unknown	elab-aspect	elaboration
and develop new , regularized algorithms	Our new regularization approaches make these efficient algorithms more flexible ;	1<2	unknown	elab-aspect	elaboration
we also show	that these methods can be combined with informed priors .	1>2	unknown	attribution	attribution
and develop new , regularized algorithms	that these methods can be combined with informed priors .	1<2	unknown	elab-aspect	elaboration
We consider the problem	we introduce a model	1>2	unknown	bg-goal	frame
We consider the problem	of automatically inferring latent character types in a collection of 15,099 English novels	1<2	unknown	elab-addition	elaboration
of automatically inferring latent character types in a collection of 15,099 English novels	published between 1700 and 1899 .	1<2	unknown	elab-addition	elaboration
Unlike prior work	we introduce a model	1>2	unknown	bg-compare	frame
Unlike prior work	in which character types are assumed responsible for probabilistically generating all text	1<2	unknown	elab-addition	elaboration
in which character types are assumed responsible for probabilistically generating all text	associated with a character ,	1<2	unknown	elab-addition	elaboration
we introduce a model	that employs multiple effects	1<2	unknown	elab-addition	elaboration
that employs multiple effects	to account for the influence of extra-linguistic information	1<2	unknown	enablement	purpose
to account for the influence of extra-linguistic information	( such as author ) .	1<2	unknown	elab-example	elaboration
In an empirical evaluation , we find	that this method leads to improved agreement with the preregistered judgments of a literary scholar ,	1>2	unknown	attribution	attribution
we introduce a model	that this method leads to improved agreement with the preregistered judgments of a literary scholar ,	1<2	unknown	evaluation	comment
that this method leads to improved agreement with the preregistered judgments of a literary scholar ,	complementing the results of alternative models .	1<2	unknown	elab-addition	elaboration
Wikification for tweets aims to automatically identify each concept mention in a tweet	we propose a novel semi-supervised graph regularization model	1>2	unknown	bg-goal	frame
Wikification for tweets aims to automatically identify each concept mention in a tweet	and link it to a concept referent in a knowledge base	1<2	unknown	progression	organization
and link it to a concept referent in a knowledge base	( e.g. , Wikipedia ) .	1<2	unknown	elab-example	elaboration
Due to the shortness of a tweet ,	a collective inference model <*> is more appropriate than a noncollecitve approach	1>2	unknown	exp-reason	explanation
a collective inference model <*> is more appropriate than a noncollecitve approach	we propose a novel semi-supervised graph regularization model	1>2	unknown	bg-general	frame
a collective inference model <*> is more appropriate than a noncollecitve approach	incorporating global evidence from multiple mentions and concepts	1<2	unknown	elab-addition	elaboration
is more appropriate than a noncollecitve approach	which links each mention at a time .	1<2	unknown	elab-addition	elaboration
In addition , it is challenging to generate sufficient high quality labeled data for supervised models with low cost .	we propose a novel semi-supervised graph regularization model	1>2	unknown	bg-general	frame
To tackle these challenges ,	we propose a novel semi-supervised graph regularization model	1>2	unknown	enablement	purpose
we propose a novel semi-supervised graph regularization model	to incorporate both local and global evidence from multiple tweets through three fine-grained relations .	1<2	unknown	enablement	purpose
In order to identify semantically-related mentions for collective inference ,	we detect meta path-based semantic relations through social networks .	1>2	unknown	enablement	purpose
we propose a novel semi-supervised graph regularization model	we detect meta path-based semantic relations through social networks .	1<2	unknown	elab-aspect	elaboration
Compared to the state-of-the-art supervised model	our proposed approach achieves comparable performance with 31 % labeled data and obtains 5 % absolute F1 gain with 50 % labeled data .	1>2	unknown	comparison	concession
Compared to the state-of-the-art supervised model	trained from 100 % labeled data ,	1<2	unknown	elab-addition	elaboration
we propose a novel semi-supervised graph regularization model	our proposed approach achieves comparable performance with 31 % labeled data and obtains 5 % absolute F1 gain with 50 % labeled data .	1<2	unknown	evaluation	comment
In order to extract entities of a fine-grained category from semi-structured data in web pages ,	existing information extraction systems rely on seed examples or redundancy across multiple web pages .	1>2	unknown	enablement	purpose
existing information extraction systems rely on seed examples or redundancy across multiple web pages .	Our approach defines a log-linear model over latent extraction predicates ,	1>2	unknown	bg-compare	frame
In this paper , we consider a new zero-shot learning task of extracting entities	Our approach defines a log-linear model over latent extraction predicates ,	1>2	unknown	bg-goal	frame
In this paper , we consider a new zero-shot learning task of extracting entities	specified by a natural language query	1<2	unknown	elab-addition	elaboration
specified by a natural language query	( in place of seeds )	1<2	unknown	elab-addition	elaboration
specified by a natural language query	given only a single web page .	1<2	unknown	elab-addition	elaboration
Our approach defines a log-linear model over latent extraction predicates ,	which select lists of entities from the web page .	1<2	unknown	elab-addition	elaboration
The main challenge is to define features on widely varying candidate entity lists .	We tackle this	1>2	unknown	result	causal
Our approach defines a log-linear model over latent extraction predicates ,	We tackle this	1<2	unknown	elab-aspect	elaboration
We tackle this	by abstracting list elements	1<2	unknown	manner-means	mode
by abstracting list elements	and using aggregate statistics to define features .	1<2	unknown	joint	conjunction
Our approach defines a log-linear model over latent extraction predicates ,	Finally , we created a new dataset of diverse queries and web pages ,	1<2	unknown	evaluation	comment
and show	that our system achieves significantly better accuracy than a natural baseline .	1>2	unknown	attribution	attribution
Finally , we created a new dataset of diverse queries and web pages ,	that our system achieves significantly better accuracy than a natural baseline .	1<2	unknown	cause	causal
We present an incremental joint framework	to simultaneously extract entity mentions and relations	1<2	unknown	enablement	purpose
to simultaneously extract entity mentions and relations	using structured perceptron with efficient beam-search .	1<2	unknown	manner-means	mode
We present an incremental joint framework	A segment-based decoder <*> is adopted to the new framework	1<2	unknown	elab-aspect	elaboration
A segment-based decoder <*> is adopted to the new framework	based on the idea of semi-Markov chain	1<2	unknown	manner-means	mode
A segment-based decoder <*> is adopted to the new framework	as opposed to traditional token-based tagging .	1<2	unknown	bg-compare	frame
In addition , by virtue of the inexact search ,	we developed a number of new and effective global features as soft constraints	1>2	unknown	manner-means	mode
We present an incremental joint framework	we developed a number of new and effective global features as soft constraints	1<2	unknown	elab-aspect	elaboration
we developed a number of new and effective global features as soft constraints	to capture the inter-dependency among entity mentions and relations .	1<2	unknown	enablement	purpose
Experiments on Automatic Content Extraction ( ACE ) corpora demonstrate	that our joint model significantly outperforms a strong pipelined baseline ,	1>2	unknown	attribution	attribution
We present an incremental joint framework	that our joint model significantly outperforms a strong pipelined baseline ,	1<2	unknown	evaluation	comment
that our joint model significantly outperforms a strong pipelined baseline ,	which attains better performance than the best-reported end-to-end system .	1<2	unknown	elab-addition	elaboration
We investigate whether parsers can be used for self-monitoring in surface realization	in order to avoid egregious errors	1<2	unknown	manner-means	mode
in order to avoid egregious errors	"involving ""vicious"" ambiguities ,"	1<2	unknown	elab-addition	elaboration
"involving ""vicious"" ambiguities ,"	namely those	1<2	unknown	elab-definition	elaboration
namely those	where the intended interpretation fails to be considerably more likely than alternative ones .	1<2	unknown	elab-addition	elaboration
Using parse accuracy in a simple reranking strategy for selfmonitoring ,	we find	1>2	unknown	manner-means	mode
we find	BLEU scores cannot be improved	1>2	unknown	attribution	attribution
that with a state-of-the-art averaged perceptron realization ranking model ,	BLEU scores cannot be improved	1>2	unknown	manner-means	mode
We investigate whether parsers can be used for self-monitoring in surface realization	BLEU scores cannot be improved	1<2	unknown	elab-aspect	elaboration
BLEU scores cannot be improved	with any of the well-known Treebank parsers	1<2	unknown	manner-means	mode
with any of the well-known Treebank parsers	we tested ,	1<2	unknown	elab-addition	elaboration
BLEU scores cannot be improved	since these parsers too often make errors	1<2	unknown	exp-reason	explanation
since these parsers too often make errors	that human readers would be unlikely to make .	1<2	unknown	elab-addition	elaboration
However , by using an SVM ranker	that significant increases in BLEU scores can be achieved .	1>2	unknown	manner-means	mode
However , by using an SVM ranker	to combine the realizer's model score together with features from multiple parsers ,	1<2	unknown	enablement	purpose
to combine the realizer's model score together with features from multiple parsers ,	including ones designed to make the ranker more robust to parsing mistakes ,	1<2	unknown	elab-addition	elaboration
we show	that significant increases in BLEU scores can be achieved .	1>2	unknown	attribution	attribution
We investigate whether parsers can be used for self-monitoring in surface realization	that significant increases in BLEU scores can be achieved .	1<2	unknown	elab-aspect	elaboration
Moreover , via a targeted manual analysis ,	we demonstrate	1>2	unknown	manner-means	mode
we demonstrate	that the SVM reranker frequently manages to avoid vicious ambiguities ,	1>2	unknown	attribution	attribution
We investigate whether parsers can be used for self-monitoring in surface realization	that the SVM reranker frequently manages to avoid vicious ambiguities ,	1<2	unknown	elab-aspect	elaboration
that the SVM reranker frequently manages to avoid vicious ambiguities ,	while its ranking errors tend to affect fluency much more often than adequacy .	1<2	unknown	elab-addition	elaboration
We present a simple , data-driven approach to generation from knowledge bases ( KB ) .	A key feature of this approach is that grammar induction is driven by the extended domain of locality principle of TAG ( Tree Adjoining Grammar ) ;	1<2	unknown	elab-aspect	elaboration
A key feature of this approach is that grammar induction is driven by the extended domain of locality principle of TAG ( Tree Adjoining Grammar ) ;	and that it takes into account both syntactic and semantic information .	1<2	unknown	cause	causal
A key feature of this approach is that grammar induction is driven by the extended domain of locality principle of TAG ( Tree Adjoining Grammar ) ;	The resulting extracted TAG includes a unification based semantics	1<2	unknown	elab-addition	elaboration
The resulting extracted TAG includes a unification based semantics	and can be used by an existing surface realiser	1<2	unknown	joint	conjunction
and can be used by an existing surface realiser	to generate sentences from KB data .	1<2	unknown	enablement	purpose
Experimental evaluation on the KBGen data shows	that our model outperforms a data-driven generate-and-rank approach	1>2	unknown	attribution	attribution
We present a simple , data-driven approach to generation from knowledge bases ( KB ) .	that our model outperforms a data-driven generate-and-rank approach	1<2	unknown	evaluation	comment
that our model outperforms a data-driven generate-and-rank approach	based on an automatically induced probabilistic grammar ;	1<2	unknown	elab-addition	elaboration
that our model outperforms a data-driven generate-and-rank approach	and is comparable with a handcrafted symbolic approach .	1<2	unknown	joint	conjunction
We present a hybrid approach to sentence simplification	which combines deep semantics and monolingual machine translation	1<2	unknown	elab-addition	elaboration
We present a hybrid approach to sentence simplification	to derive simple sentences from complex ones .	1<2	unknown	enablement	purpose
We present a hybrid approach to sentence simplification	The approach differs from previous work in two main ways .	1<2	unknown	comparison	concession
The approach differs from previous work in two main ways .	First , it is semantic based	1<2	unknown	elab-aspect	elaboration
First , it is semantic based	in that it takes as input a deep semantic representation rather than e.g. , a sentence or a parse tree .	1<2	unknown	exp-reason	explanation
The approach differs from previous work in two main ways .	Second , it combines a simplification model for splitting and deletion with a monolingual translation model for phrase substitution and reordering .	1<2	unknown	elab-aspect	elaboration
When compared against current state of the art methods ,	our model yields significantly simpler output	1>2	unknown	temporal	temporal
We present a hybrid approach to sentence simplification	our model yields significantly simpler output	1<2	unknown	evaluation	comment
our model yields significantly simpler output	that is both grammatical and meaning preserving .	1<2	unknown	elab-addition	elaboration
This paper is concerned with building linguistic resources and statistical parsers for deep grammatical relation ( GR ) analysis of Chinese texts .	We present a novel transition system	1>2	unknown	bg-goal	frame
A set of linguistic rules is defined	Based on the converted corpus ,	1>2	unknown	bg-general	frame
A set of linguistic rules is defined	to explore implicit phrase structural information	1<2	unknown	enablement	purpose
A set of linguistic rules is defined	and thus build high-quality GR annotations	1<2	unknown	cause	causal
and thus build high-quality GR annotations	that are represented as general directed dependency graphs .	1<2	unknown	elab-addition	elaboration
A set of linguistic rules is defined	The reliability of this linguistically-motivated GR extraction procedure is highlighted by manual evaluation .	1<2	unknown	elab-addition	elaboration
Based on the converted corpus ,	we study transition-based , data-driven models for GR parsing .	1>2	unknown	bg-general	frame
we study transition-based , data-driven models for GR parsing .	We present a novel transition system	1>2	unknown	result	causal
We present a novel transition system	which suits GR graphs better than existing systems .	1<2	unknown	elab-addition	elaboration
We present a novel transition system	The key idea is to introduce a new type of transition	1<2	unknown	elab-aspect	elaboration
The key idea is to introduce a new type of transition	that reorders top k elements in the memory module .	1<2	unknown	elab-addition	elaboration
Evaluation gauges	how successful GR parsing for Chinese can be by applying data-driven models .	1>2	unknown	attribution	attribution
We present a novel transition system	how successful GR parsing for Chinese can be by applying data-driven models .	1<2	unknown	evaluation	comment
This paper proposes a simple yet effective framework for semi-supervised dependency parsing at entire tree level ,	referred to as ambiguity-aware ensemble training .	1<2	unknown	elab-addition	elaboration
Instead of only using 1-best parse trees in previous work ,	our core idea is to utilize parse forest ( ambiguous labelings )	1>2	unknown	bg-compare	frame
This paper proposes a simple yet effective framework for semi-supervised dependency parsing at entire tree level ,	our core idea is to utilize parse forest ( ambiguous labelings )	1<2	unknown	elab-aspect	elaboration
our core idea is to utilize parse forest ( ambiguous labelings )	to combine multiple 1-best parse trees	1<2	unknown	enablement	purpose
to combine multiple 1-best parse trees	generated from diverse parsers on unlabeled data .	1<2	unknown	elab-addition	elaboration
With a conditional random field based probabilistic dependency parser ,	our training objective is to maximize mixed likelihood of labeled data and auto-parsed unlabeled data with ambiguous labelings .	1>2	unknown	manner-means	mode
This paper proposes a simple yet effective framework for semi-supervised dependency parsing at entire tree level ,	our training objective is to maximize mixed likelihood of labeled data and auto-parsed unlabeled data with ambiguous labelings .	1<2	unknown	elab-aspect	elaboration
This paper proposes a simple yet effective framework for semi-supervised dependency parsing at entire tree level ,	This framework offers two promising advantages .	1<2	unknown	elab-aspect	elaboration
This framework offers two promising advantages .	1 ) ambiguity encoded in parse forests compromises noise in 1-best parse trees .	1<2	unknown	elab-aspect	elaboration
During training ,	the parser is aware of these ambiguous structures ,	1>2	unknown	temporal	temporal
1 ) ambiguity encoded in parse forests compromises noise in 1-best parse trees .	the parser is aware of these ambiguous structures ,	1<2	unknown	elab-addition	elaboration
the parser is aware of these ambiguous structures ,	and has the flexibility	1<2	unknown	joint	conjunction
and has the flexibility	to distribute probability mass to its preferred parse trees	1<2	unknown	elab-addition	elaboration
and has the flexibility	as long as the likelihood improves .	1<2	unknown	condition	condition
This framework offers two promising advantages .	2 ) diverse syntactic structures <*> can be naturally compiled into forest ,	1<2	unknown	elab-aspect	elaboration
2 ) diverse syntactic structures <*> can be naturally compiled into forest ,	produced by different parsers	1<2	unknown	elab-addition	elaboration
2 ) diverse syntactic structures <*> can be naturally compiled into forest ,	offering complementary strength to our single-view parser .	1<2	unknown	cause	causal
Experimental results on benchmark data show	that our method significantly outperforms the baseline supervised parser and other entire-tree based semi-supervised methods , such as self-training , co-training and tri-training .	1>2	unknown	attribution	attribution
This paper proposes a simple yet effective framework for semi-supervised dependency parsing at entire tree level ,	that our method significantly outperforms the baseline supervised parser and other entire-tree based semi-supervised methods , such as self-training , co-training and tri-training .	1<2	unknown	evaluation	comment
Lexical resource alignment has been an active field of research over the last decade .	Here we present a unified approach	1>2	unknown	bg-goal	frame
However , prior methods <*> have been either specific to a particular pair of resources ,	Here we present a unified approach	1>2	unknown	bg-compare	frame
However , prior methods <*> have been either specific to a particular pair of resources ,	for aligning lexical resources	1<2	unknown	elab-addition	elaboration
have been either specific to a particular pair of resources ,	or heavily dependent on the availability of hand-crafted alignment data for the pair of resources	1<2	unknown	joint	conjunction
or heavily dependent on the availability of hand-crafted alignment data for the pair of resources	to be aligned .	1<2	unknown	elab-addition	elaboration
Here we present a unified approach	that can be applied to an arbitrary pair of lexical resources ,	1<2	unknown	elab-addition	elaboration
that can be applied to an arbitrary pair of lexical resources ,	including machine-readable dictionaries with no network structure .	1<2	unknown	elab-example	elaboration
Here we present a unified approach	Our approach leverages a similarity measure	1<2	unknown	elab-aspect	elaboration
Our approach leverages a similarity measure	that enables the structural comparison of senses across lexical resources ,	1<2	unknown	elab-addition	elaboration
Here we present a unified approach	achieving state-of-the-art performance on the task	1<2	unknown	evaluation	comment
achieving state-of-the-art performance on the task	of aligning WordNet to three different collaborative resources :	1<2	unknown	elab-addition	elaboration
of aligning WordNet to three different collaborative resources :	Wikipedia , Wiktionary and OmegaWiki .	1<2	unknown	elab-enumember	elaboration
Using distributional analysis methods to compute semantic proximity links between words has become commonplace in NLP .	The resulting relations are often noisy or difficult to interpret in general.	1>2	unknown	result	causal
The resulting relations are often noisy or difficult to interpret in general.	This paper focuses on the issues	1>2	unknown	bg-general	frame
This paper focuses on the issues	of evaluating a distributional resource	1<2	unknown	elab-addition	elaboration
of evaluating a distributional resource	and filtering the relations	1<2	unknown	joint	conjunction
and filtering the relations	it contains ,	1<2	unknown	elab-addition	elaboration
but instead of considering it in abstract ,	we focus on pairs of words in context .	1>2	unknown	contrast	contrast
This paper focuses on the issues	we focus on pairs of words in context .	1<2	unknown	elab-addition	elaboration
we focus on pairs of words in context .	In a discourse , we are interested in knowing if the semantic link between two items is a by-product of textual coherence or is irrelevant .	1<2	unknown	elab-addition	elaboration
This paper focuses on the issues	We first set up a human annotation of semantic links	1<2	unknown	elab-aspect	elaboration
We first set up a human annotation of semantic links	with or without contextual information	1<2	unknown	elab-addition	elaboration
We first set up a human annotation of semantic links	to show the importance of the textual context	1<2	unknown	enablement	purpose
to show the importance of the textual context	in evaluating the relevance of semantic similarity ,	1<2	unknown	elab-addition	elaboration
to show the importance of the textual context	and to assess the prevalence of actual semantic relations between word tokens .	1<2	unknown	joint	conjunction
This paper focuses on the issues	We then built an experiment	1<2	unknown	evaluation	comment
We then built an experiment	to automatically predict this relevance ,	1<2	unknown	enablement	purpose
We then built an experiment	evaluated on the reliable reference data set	1<2	unknown	elab-addition	elaboration
evaluated on the reliable reference data set	which was the outcome of the first annotation .	1<2	unknown	elab-addition	elaboration
We show	that in-document information greatly improve the prediction	1>2	unknown	attribution	attribution
We then built an experiment	that in-document information greatly improve the prediction	1<2	unknown	cause	causal
that in-document information greatly improve the prediction	made by the similarity level alone .	1<2	unknown	elab-addition	elaboration
Vector space models ( VSMs ) represent word meanings as points in a high dimensional space .	VSMs are typically created	1>2	unknown	bg-general	frame
VSMs are typically created	We present a new algorithm ( JNNSE )	1>2	unknown	bg-compare	frame
VSMs are typically created	using a large text corpora ,	1<2	unknown	manner-means	mode
VSMs are typically created	and so represent word semantics	1<2	unknown	cause	causal
and so represent word semantics	as observed in text .	1<2	unknown	elab-addition	elaboration
We present a new algorithm ( JNNSE )	that can incorporate a measure of semantics	1<2	unknown	manner-means	mode
that can incorporate a measure of semantics	not previously used	1<2	unknown	elab-addition	elaboration
that can incorporate a measure of semantics	to create VSMs :	1<2	unknown	enablement	purpose
that can incorporate a measure of semantics	brain activation data recorded	1<2	unknown	elab-addition	elaboration
brain activation data recorded	while people read words .	1<2	unknown	temporal	temporal
that can incorporate a measure of semantics	The resulting model takes advantage of the complementary strengths and weaknesses of corpus and brain activation data	1<2	unknown	cause	causal
The resulting model takes advantage of the complementary strengths and weaknesses of corpus and brain activation data	to give a more complete representation of semantics .	1<2	unknown	enablement	purpose
Evaluations show	that the model 1 ) matches a behavioral measure of semantics more closely ,	1>2	unknown	attribution	attribution
We present a new algorithm ( JNNSE )	that the model 1 ) matches a behavioral measure of semantics more closely ,	1<2	unknown	evaluation	comment
that the model 1 ) matches a behavioral measure of semantics more closely ,	2 ) can be used to predict corpus data for unseen words	1<2	unknown	joint	conjunction
2 ) can be used to predict corpus data for unseen words	and 3 ) has predictive power	1<2	unknown	joint	conjunction
and 3 ) has predictive power	that generalizes across brain imaging technologies and across subjects .	1<2	unknown	elab-addition	elaboration
We believe	that the model is thus a more faithful representation of mental vocabularies .	1>2	unknown	attribution	attribution
that the model 1 ) matches a behavioral measure of semantics more closely ,	that the model is thus a more faithful representation of mental vocabularies .	1<2	unknown	cause	causal
We use single-agent and multi-agent Reinforcement Learning ( RL )	for learning dialogue policies in a resource allocation negotiation scenario .	1<2	unknown	enablement	purpose
We use single-agent and multi-agent Reinforcement Learning ( RL )	Two agents learn concurrently	1<2	unknown	elab-aspect	elaboration
Two agents learn concurrently	by interacting with each other	1<2	unknown	manner-means	mode
Two agents learn concurrently	without any need for simulated users ( SUs ) <*> or corpora	1<2	unknown	elab-addition	elaboration
without any need for simulated users ( SUs ) <*> or corpora	to train against	1<2	unknown	elab-addition	elaboration
or corpora	to learn from .	1<2	unknown	elab-addition	elaboration
We use single-agent and multi-agent Reinforcement Learning ( RL )	In particular , we compare the Q-learning , Policy Hill-Climbing ( PHC ) and Win or Learn Fast Policy Hill-Climbing ( PHC-WoLF ) algorithms ,	1<2	unknown	evaluation	comment
In particular , we compare the Q-learning , Policy Hill-Climbing ( PHC ) and Win or Learn Fast Policy Hill-Climbing ( PHC-WoLF ) algorithms ,	varying the scenario complexity ( state space size ) , the number of training episodes , the learning rate , and the exploration rate .	1<2	unknown	elab-addition	elaboration
Our results show	whereas PHC and PHC-WoLF always converge and perform similarly .	1>2	unknown	attribution	attribution
that generally Q-learning fails to converge	whereas PHC and PHC-WoLF always converge and perform similarly .	1>2	unknown	contrast	contrast
In particular , we compare the Q-learning , Policy Hill-Climbing ( PHC ) and Win or Learn Fast Policy Hill-Climbing ( PHC-WoLF ) algorithms ,	whereas PHC and PHC-WoLF always converge and perform similarly .	1<2	unknown	cause	causal
We also show	that very high gradually decreasing exploration rates are required for convergence .	1>2	unknown	attribution	attribution
In particular , we compare the Q-learning , Policy Hill-Climbing ( PHC ) and Win or Learn Fast Policy Hill-Climbing ( PHC-WoLF ) algorithms ,	that very high gradually decreasing exploration rates are required for convergence .	1<2	unknown	cause	causal
We conclude	that multi-agent RL of dialogue policies is a promising alternative	1>2	unknown	attribution	attribution
In particular , we compare the Q-learning , Policy Hill-Climbing ( PHC ) and Win or Learn Fast Policy Hill-Climbing ( PHC-WoLF ) algorithms ,	that multi-agent RL of dialogue policies is a promising alternative	1<2	unknown	summary	organization
that multi-agent RL of dialogue policies is a promising alternative	to using single-agent RL and SUs	1<2	unknown	elab-addition	elaboration
to using single-agent RL and SUs	or learning directly from corpora .	1<2	unknown	joint	conjunction
Text-level discourse parsing remains a challenge .	In this work , we develop a much faster model	1>2	unknown	bg-goal	frame
The current state-of-the-art overall accuracy in relation assignment is 55.73 % ,	However , their model has a high order of time complexity ,	1>2	unknown	contrast	contrast
The current state-of-the-art overall accuracy in relation assignment is 55.73 % ,	achieved by Joty et al. ( 2013 ) .	1<2	unknown	elab-addition	elaboration
However , their model has a high order of time complexity ,	In this work , we develop a much faster model	1>2	unknown	bg-compare	frame
However , their model has a high order of time complexity ,	and thus cannot be applied in practice .	1<2	unknown	cause	causal
In this work , we develop a much faster model	whose time complexity is linear in the number of sentences .	1<2	unknown	elab-addition	elaboration
In this work , we develop a much faster model	Our model adopts a greedy bottom-up approach ,	1<2	unknown	elab-aspect	elaboration
Our model adopts a greedy bottom-up approach ,	with two linear-chain CRFs	1<2	unknown	manner-means	mode
with two linear-chain CRFs	applied in cascade as local classifiers .	1<2	unknown	elab-addition	elaboration
To enhance the accuracy of the pipeline ,	we add additional constraints in the Viterbi decoding of the first CRF .	1>2	unknown	enablement	purpose
In this work , we develop a much faster model	we add additional constraints in the Viterbi decoding of the first CRF .	1<2	unknown	elab-aspect	elaboration
In this work , we develop a much faster model	In addition to efficiency , our parser also significantly outperforms the state of the art .	1<2	unknown	evaluation	comment
In this work , we develop a much faster model	Moreover , our novel approach of post-editing , <*> can further improve the accuracy .	1<2	unknown	elab-aspect	elaboration
Moreover , our novel approach of post-editing , <*> can further improve the accuracy .	which modifies a fully-built tree by considering information from constituents on upper levels ,	1<2	unknown	elab-addition	elaboration
Negative expressions are common in natural language text	In this paper , we propose a graph model	1>2	unknown	bg-goal	frame
Negative expressions are common in natural language text	and play a critical role in information extraction .	1<2	unknown	joint	conjunction
However , the performances of current systems are far from satisfaction ,	In this paper , we propose a graph model	1>2	unknown	bg-compare	frame
However , the performances of current systems are far from satisfaction ,	largely due to its focus on intra-sentence information and its failure	1<2	unknown	exp-reason	explanation
largely due to its focus on intra-sentence information and its failure	to consider inter-sentence information .	1<2	unknown	elab-addition	elaboration
In this paper , we propose a graph model	to enrich intra-sentence features with inter-sentence features from both lexical and topic perspectives .	1<2	unknown	enablement	purpose
In this paper , we propose a graph model	Evaluation on the * SEM 2012 shared task corpus indicates the usefulness of contextual discourse information in negation focus identification	1<2	unknown	evaluation	comment
Evaluation on the * SEM 2012 shared task corpus indicates the usefulness of contextual discourse information in negation focus identification	and justifies the effectiveness of our graph model	1<2	unknown	joint	conjunction
and justifies the effectiveness of our graph model	in capturing such global information .	1<2	unknown	elab-addition	elaboration
Automatic extraction of new words is an indispensable precursor to many NLP tasks	This paper aims at extracting new sentiment words from large-scale user-generated content .	1>2	unknown	bg-general	frame
Automatic extraction of new words is an indispensable precursor to many NLP tasks	such as Chinese word segmentation , named entity extraction , and sentiment analysis .	1<2	unknown	elab-example	elaboration
This paper aims at extracting new sentiment words from large-scale user-generated content .	We propose a fully unsupervised , purely data-driven framework for this purpose .	1>2	unknown	bg-goal	frame
We propose a fully unsupervised , purely data-driven framework for this purpose .	We design statistical measures respectively	1<2	unknown	elab-aspect	elaboration
We design statistical measures respectively	to quantify the utility of a lexical pattern	1<2	unknown	enablement	purpose
to quantify the utility of a lexical pattern	and to measure the possibility of a word being a new word .	1<2	unknown	joint	conjunction
We propose a fully unsupervised , purely data-driven framework for this purpose .	The method is almost free of linguistic resources ( except POS tags ) ,	1<2	unknown	elab-aspect	elaboration
The method is almost free of linguistic resources ( except POS tags ) ,	and requires no elaborated linguistic rules .	1<2	unknown	joint	conjunction
We also demonstrate	how new sentiment word will benefit sentiment analysis .	1>2	unknown	attribution	attribution
This paper aims at extracting new sentiment words from large-scale user-generated content .	how new sentiment word will benefit sentiment analysis .	1<2	unknown	cause	causal
We propose a fully unsupervised , purely data-driven framework for this purpose .	Experiment results demonstrate the effectiveness of the proposed method .	1<2	unknown	evaluation	comment
The sentiment <*> provides interesting and valuable information for social media services .	it is challenging to build a framework	1>2	unknown	bg-general	frame
The sentiment <*> provides interesting and valuable information for social media services .	captured in opinionated text	1<2	unknown	elab-addition	elaboration
However , due to the complexity and diversity of linguistic representations ,	it is challenging to build a framework	1>2	unknown	exp-reason	explanation
it is challenging to build a framework	We propose a semi-supervised framework	1>2	unknown	bg-goal	frame
it is challenging to build a framework	that accurately extracts such sentiment .	1<2	unknown	elab-addition	elaboration
We propose a semi-supervised framework	for generating a domain-specific sentiment lexicon	1<2	unknown	elab-addition	elaboration
for generating a domain-specific sentiment lexicon	and inferring sentiments at the segment level .	1<2	unknown	joint	conjunction
We propose a semi-supervised framework	Our framework can greatly reduce the human effort	1<2	unknown	elab-aspect	elaboration
Our framework can greatly reduce the human effort	for building a domain-specific sentiment lexicon with high quality .	1<2	unknown	elab-addition	elaboration
Specifically , in our evaluation , working with just 20 manually labeled reviews ,	it generates a domain-specific sentiment lexicon	1>2	unknown	elab-addition	elaboration
We propose a semi-supervised framework	it generates a domain-specific sentiment lexicon	1<2	unknown	evaluation	comment
it generates a domain-specific sentiment lexicon	that yields weighted average F-Measure gains of 3 % .	1<2	unknown	elab-addition	elaboration
We propose a semi-supervised framework	Our sentiment classification model achieves approximately 1 % greater accuracy than a state-of-the-art approach	1<2	unknown	evaluation	comment
Our sentiment classification model achieves approximately 1 % greater accuracy than a state-of-the-art approach	based on elementary discourse units .	1<2	unknown	elab-addition	elaboration
We study the problem of generating an English sentence	given an underlying probabilistic grammar , a world and a communicative goal.	1<2	unknown	condition	condition
We study the problem of generating an English sentence	We model the generation problem as a Markov decision process with a suitably defined reward function	1<2	unknown	elab-process_step	elaboration
We model the generation problem as a Markov decision process with a suitably defined reward function	that reflects the communicative goal.	1<2	unknown	elab-addition	elaboration
We study the problem of generating an English sentence	We then use probabilistic planning to solve the MDP	1<2	unknown	elab-process_step	elaboration
We then use probabilistic planning to solve the MDP	and generate a sentence	1<2	unknown	joint	conjunction
and generate a sentence	that , with high probability , accomplishes the communicative goal.	1<2	unknown	elab-addition	elaboration
We show empirically	that our approach can generate complex sentences with a speed	1>2	unknown	attribution	attribution
We study the problem of generating an English sentence	that our approach can generate complex sentences with a speed	1<2	unknown	evaluation	comment
that our approach can generate complex sentences with a speed	that generally matches or surpasses the state of the art .	1<2	unknown	elab-addition	elaboration
Further , we show	that our approach is anytime	1>2	unknown	attribution	attribution
We study the problem of generating an English sentence	that our approach is anytime	1<2	unknown	elab-aspect	elaboration
that our approach is anytime	and can handle complex communicative goals ,	1<2	unknown	joint	conjunction
and can handle complex communicative goals ,	including negated goals .	1<2	unknown	elab-example	elaboration
A vast majority of L1 vocabulary acquisition occurs through incidental learning	We propose a probabilistic approach	1>2	unknown	bg-general	frame
A vast majority of L1 vocabulary acquisition occurs through incidental learning	during reading ( Nation , 2001 ; Schmitt et al. , 2001 ) .	1<2	unknown	temporal	temporal
We propose a probabilistic approach	to generating code-mixed text as an L2 technique	1<2	unknown	elab-addition	elaboration
to generating code-mixed text as an L2 technique	for increasing retention in adult lexical learning	1<2	unknown	enablement	purpose
for increasing retention in adult lexical learning	through reading .	1<2	unknown	manner-means	mode
We propose a probabilistic approach	Our model	1<2	unknown	elab-aspect	elaboration
Our model	that takes as input a bilingual dictionary and an English text ,	1<2	unknown	elab-addition	elaboration
that takes as input a bilingual dictionary and an English text ,	and generates a code-switched text	1<2	unknown	joint	conjunction
and generates a code-switched text	"that optimizes a defined "" learnability "" metric"	1<2	unknown	elab-addition	elaboration
"that optimizes a defined "" learnability "" metric"	by constructing a factor graph over lexical mentions .	1<2	unknown	manner-means	mode
Using an artificial language vocabulary ,	we evaluate a set of algorithms	1>2	unknown	manner-means	mode
We propose a probabilistic approach	we evaluate a set of algorithms	1<2	unknown	evaluation	comment
we evaluate a set of algorithms	for generating code-switched text automatically	1<2	unknown	elab-addition	elaboration
for generating code-switched text automatically	by presenting it to Mechanical Turk subjects	1<2	unknown	manner-means	mode
by presenting it to Mechanical Turk subjects	and measuring recall in a sentence completion task .	1<2	unknown	joint	conjunction
Chinese is an ancient hieroglyphic .	Therefore , segmenting and parsing Chinese are more difficult and less accurate .	1>2	unknown	bg-general	frame
Chinese is an ancient hieroglyphic .	It is inattentive to structure .	1<2	unknown	elab-addition	elaboration
Therefore , segmenting and parsing Chinese are more difficult and less accurate .	In this paper , we propose an Omni-word feature and a soft constraint method for Chinese relation extraction .	1>2	unknown	bg-goal	frame
In this paper , we propose an Omni-word feature and a soft constraint method for Chinese relation extraction .	The Omni-word feature uses every potential word in a sentence as lexicon feature ,	1<2	unknown	elab-aspect	elaboration
The Omni-word feature uses every potential word in a sentence as lexicon feature ,	reducing errors	1<2	unknown	cause	causal
reducing errors	caused by word segmentation .	1<2	unknown	elab-addition	elaboration
In order to utilize the structure information of a relation instance ,	how soft constraint can be used	1>2	unknown	enablement	purpose
we discuss	how soft constraint can be used	1>2	unknown	attribution	attribution
In this paper , we propose an Omni-word feature and a soft constraint method for Chinese relation extraction .	how soft constraint can be used	1<2	unknown	elab-aspect	elaboration
how soft constraint can be used	to capture the local dependency .	1<2	unknown	enablement	purpose
In this paper , we propose an Omni-word feature and a soft constraint method for Chinese relation extraction .	Both Omni-word feature and soft constraint make a better use of sentence information	1<2	unknown	elab-aspect	elaboration
Both Omni-word feature and soft constraint make a better use of sentence information	and minimize the influences	1<2	unknown	joint	conjunction
and minimize the influences	caused by Chinese word segmentation and parsing .	1<2	unknown	elab-addition	elaboration
In this paper , we propose an Omni-word feature and a soft constraint method for Chinese relation extraction .	We test these methods on the ACE 2005 RDC Chinese corpus .	1<2	unknown	evaluation	comment
We test these methods on the ACE 2005 RDC Chinese corpus .	The results show a significant improvement in Chinese relation extraction ,	1<2	unknown	cause	causal
The results show a significant improvement in Chinese relation extraction ,	outperforming other methods in F-score by 10 % in 6 relation types and 15 % in 18 relation subtypes .	1<2	unknown	exp-evidence	explanation
Active learning ( AL ) has been proven effective	However , previous studies on AL are limited to applications in a single language .	1>2	unknown	contrast	contrast
Active learning ( AL ) has been proven effective	to reduce human annotation efforts in NLP .	1<2	unknown	enablement	purpose
However , previous studies on AL are limited to applications in a single language .	This paper proposes a bilingual active learning paradigm for relation classification ,	1>2	unknown	bg-compare	frame
This paper proposes a bilingual active learning paradigm for relation classification ,	where the unlabeled instances are first jointly chosen in terms of their prediction uncertainty scores in two languages	1<2	unknown	elab-addition	elaboration
where the unlabeled instances are first jointly chosen in terms of their prediction uncertainty scores in two languages	and then manually labeled by an oracle .	1<2	unknown	joint	conjunction
Instead of using a parallel corpus ,	labeled and unlabeled instances in one language are translated into ones in the other language	1>2	unknown	contrast	contrast
This paper proposes a bilingual active learning paradigm for relation classification ,	labeled and unlabeled instances in one language are translated into ones in the other language	1<2	unknown	elab-process_step	elaboration
This paper proposes a bilingual active learning paradigm for relation classification ,	and all instances in both languages are then fed into a bilingual active learning engine as pseudo parallel corpora .	1<2	unknown	elab-process_step	elaboration
Experimental results on the ACE RDC 2005 Chinese and English corpora show	that bilingual active learning for relation classification significantly outperforms monolingual active learning .	1>2	unknown	attribution	attribution
This paper proposes a bilingual active learning paradigm for relation classification ,	that bilingual active learning for relation classification significantly outperforms monolingual active learning .	1<2	unknown	evaluation	comment
Accurately segmenting a citation string into fields for authors , titles , etc. is a challenging task	We extend dual decomposition	1>2	unknown	bg-goal	frame
Accurately segmenting a citation string into fields for authors , titles , etc. is a challenging task	because the output typically obeys various global constraints .	1<2	unknown	exp-reason	explanation
Previous work has shown	that modeling soft constraints , <*> can substantially improve segmentation performance .	1>2	unknown	attribution	attribution
that modeling soft constraints , <*> can substantially improve segmentation performance .	We extend dual decomposition	1>2	unknown	bg-general	frame
that modeling soft constraints , <*> can substantially improve segmentation performance .	where the model is encouraged , but not require to obey the constraints ,	1<2	unknown	elab-addition	elaboration
On the other hand , for imposing hard constraints ,	dual decomposition is a popular technique for efficient prediction	1>2	unknown	enablement	purpose
dual decomposition is a popular technique for efficient prediction	We extend dual decomposition	1>2	unknown	bg-general	frame
dual decomposition is a popular technique for efficient prediction	given existing algorithms for unconstrained inference .	1<2	unknown	bg-general	frame
We extend dual decomposition	to perform prediction subject to soft constraints .	1<2	unknown	enablement	purpose
Moreover , with a technique for performing inference	it is easy to automatically generate large families of constraints	1>2	unknown	manner-means	mode
Moreover , with a technique for performing inference	given soft constraints ,	1<2	unknown	bg-general	frame
We extend dual decomposition	it is easy to automatically generate large families of constraints	1<2	unknown	elab-aspect	elaboration
it is easy to automatically generate large families of constraints	and learn their costs with a simple convex optimization problem	1<2	unknown	joint	conjunction
and learn their costs with a simple convex optimization problem	during training .	1<2	unknown	temporal	temporal
We extend dual decomposition	This allows us to obtain substantial gains in accuracy on a new , challenging citation extraction dataset .	1<2	unknown	evaluation	comment
An important search task in the biomedical domain is to find medical records of patients	In this paper , we focus on addressing the limitations	1>2	unknown	bg-goal	frame
An important search task in the biomedical domain is to find medical records of patients	who are qualified for a clinical trial.	1<2	unknown	elab-addition	elaboration
One commonly used approach is to apply NLP tools	In this paper , we focus on addressing the limitations	1>2	unknown	bg-compare	frame
One commonly used approach is to apply NLP tools	to map terms from queries and documents to concepts	1<2	unknown	enablement	purpose
One commonly used approach is to apply NLP tools	and then compute the relevance scores	1<2	unknown	joint	conjunction
and then compute the relevance scores	based on the concept-based representation .	1<2	unknown	bg-general	frame
One commonly used approach is to apply NLP tools	However , the mapping results are not perfect ,	1<2	unknown	contrast	contrast
However , the mapping results are not perfect ,	and none of previous work studied how to deal with them in the retrieval process .	1<2	unknown	joint	conjunction
In this paper , we focus on addressing the limitations	caused by the imperfect mapping results	1<2	unknown	elab-addition	elaboration
In this paper , we focus on addressing the limitations	and study how to further improve the retrieval performance of the concept-based ranking methods .	1<2	unknown	joint	conjunction
and study how to further improve the retrieval performance of the concept-based ranking methods .	In particular , we apply axiomatic approaches	1<2	unknown	cause	causal
In particular , we apply axiomatic approaches	and propose two weighting regularization methods	1<2	unknown	joint	conjunction
and propose two weighting regularization methods	that adjust the weighting	1<2	unknown	elab-addition	elaboration
that adjust the weighting	based on the relations among the concepts .	1<2	unknown	bg-general	frame
Experimental results show	that the proposed methods are effective	1>2	unknown	attribution	attribution
In particular , we apply axiomatic approaches	that the proposed methods are effective	1<2	unknown	evaluation	comment
that the proposed methods are effective	to improve the retrieval performance ,	1<2	unknown	enablement	purpose
that the proposed methods are effective	and their performances are comparable to other top-performing systems in the TREC Medical Records Track .	1<2	unknown	progression	organization
Although the distributional hypothesis has been applied successfully in many natural language processing tasks ,	systems <*> have been limited to a single domain	1>2	unknown	contrast	contrast
systems <*> have been limited to a single domain	We propose an unsupervised method	1>2	unknown	bg-compare	frame
systems <*> have been limited to a single domain	using distributional information	1<2	unknown	elab-addition	elaboration
have been limited to a single domain	because the distribution of a word can vary between domains	1<2	unknown	exp-reason	explanation
because the distribution of a word can vary between domains	as the word's predominant meaning changes .	1<2	unknown	temporal	temporal
However , if it were possible to predict how the distribution of a word changes from one domain to another ,	the predictions could be used	1>2	unknown	condition	condition
the predictions could be used	We propose an unsupervised method	1>2	unknown	bg-general	frame
the predictions could be used	to adapt a system <*> to work in another .	1<2	unknown	enablement	purpose
to adapt a system <*> to work in another .	trained in one domain	1<2	unknown	elab-addition	elaboration
We propose an unsupervised method	to predict the distribution of a word in one domain ,	1<2	unknown	elab-addition	elaboration
to predict the distribution of a word in one domain ,	given its distribution in another domain .	1<2	unknown	bg-general	frame
We propose an unsupervised method	We evaluate our method on two tasks :	1<2	unknown	evaluation	comment
We evaluate our method on two tasks :	cross-domain part-of-speech tagging and cross-domain sentiment classification .	1<2	unknown	elab-enumember	elaboration
We evaluate our method on two tasks :	In both tasks , our method significantly outperforms competitive baselines	1<2	unknown	cause	causal
In both tasks , our method significantly outperforms competitive baselines	and returns results	1<2	unknown	joint	conjunction
and returns results	that are statistically comparable to current state-of-the-art methods ,	1<2	unknown	elab-addition	elaboration
that are statistically comparable to current state-of-the-art methods ,	while requiring no task-specific customisations .	1<2	unknown	elab-addition	elaboration
We introduce the problem of generation in distributional semantics :	We motivate this novel challenge on theoretical and practical grounds	1>2	unknown	bg-goal	frame
Given a distributional vector	how can we generate the phrase	1>2	unknown	bg-general	frame
Given a distributional vector	representing some meaning ,	1<2	unknown	elab-addition	elaboration
We introduce the problem of generation in distributional semantics :	how can we generate the phrase	1<2	unknown	elab-addition	elaboration
how can we generate the phrase	that best expresses that meaning ?	1<2	unknown	elab-addition	elaboration
We motivate this novel challenge on theoretical and practical grounds	and propose a simple data-driven approach to the estimation of generation functions .	1<2	unknown	progression	organization
We motivate this novel challenge on theoretical and practical grounds	We test this in a monolingual scenario <*> as well as in a cross-lingual setting	1<2	unknown	evaluation	comment
We test this in a monolingual scenario <*> as well as in a cross-lingual setting	( paraphrase generation )	1<2	unknown	elab-addition	elaboration
as well as in a cross-lingual setting	( translation <*> and generating the equivalent expressions in Italian ) .	1<2	unknown	elab-addition	elaboration
( translation <*> and generating the equivalent expressions in Italian ) .	by synthesizing adjective-noun phrase vectors in English	1<2	unknown	manner-means	mode
Traditional models of distributional semantics suffer from computational issues such as data sparsity for individual lexemes and complexities	In this work , we present a frequency-driven paradigm for robust distributional semantics in terms of semantically cohesive lineal constituents , or motifs .	1>2	unknown	bg-compare	frame
Traditional models of distributional semantics suffer from computational issues such as data sparsity for individual lexemes and complexities	of modeling semantic composition	1<2	unknown	elab-addition	elaboration
Traditional models of distributional semantics suffer from computational issues such as data sparsity for individual lexemes and complexities	when dealing with structures larger than single lexical items .	1<2	unknown	temporal	temporal
In this work , we present a frequency-driven paradigm for robust distributional semantics in terms of semantically cohesive lineal constituents , or motifs .	The framework subsumes issues such as differential compositional as well as non-compositional behavior of phrasal consituents ,	1<2	unknown	elab-addition	elaboration
The framework subsumes issues such as differential compositional as well as non-compositional behavior of phrasal consituents ,	and circumvents some problems of data sparsity by design .	1<2	unknown	joint	conjunction
In this work , we present a frequency-driven paradigm for robust distributional semantics in terms of semantically cohesive lineal constituents , or motifs .	We design a segmentation model	1<2	unknown	elab-addition	elaboration
We design a segmentation model	to optimally partition a sentence into lineal constituents ,	1<2	unknown	enablement	purpose
to optimally partition a sentence into lineal constituents ,	which can be used to define distributional contexts	1<2	unknown	elab-addition	elaboration
which can be used to define distributional contexts	that are less noisy , semantically more interpretable ,and linguistically disambiguated .	1<2	unknown	elab-addition	elaboration
In this work , we present a frequency-driven paradigm for robust distributional semantics in terms of semantically cohesive lineal constituents , or motifs .	Hellinger PCA embeddings <*> show competitive results on empirical tasks .	1<2	unknown	evaluation	comment
Hellinger PCA embeddings <*> show competitive results on empirical tasks .	learnt using the framework	1<2	unknown	elab-addition	elaboration
Representing predicates in terms of their argument distribution is common practice in NLP .	We propose a novel approach	1>2	unknown	bg-goal	frame
Multi-word predicates ( MWPs ) in this context are often either disregarded	We propose a novel approach	1>2	unknown	bg-general	frame
Multi-word predicates ( MWPs ) in this context are often either disregarded	or considered as fixed expressions .	1<2	unknown	joint	conjunction
or considered as fixed expressions .	The latter treatment is unsatisfactory in two ways :	1<2	unknown	elab-addition	elaboration
The latter treatment is unsatisfactory in two ways :	( 1 ) identifying MWPs is notoriously difficult ,	1<2	unknown	elab-aspect	elaboration
The latter treatment is unsatisfactory in two ways :	( 2 ) MWPs show varying degrees of compositionality	1<2	unknown	elab-aspect	elaboration
( 2 ) MWPs show varying degrees of compositionality	and could benefit from taking into account the identity of their component parts .	1<2	unknown	joint	conjunction
We propose a novel approach	that integrates the distributional representation of multiple sub-sets of the MWP's words .	1<2	unknown	elab-addition	elaboration
We propose a novel approach	We assume a latent distribution over sub-sets of the MWP ,	1<2	unknown	elab-aspect	elaboration
We assume a latent distribution over sub-sets of the MWP ,	and estimate it relative to a downstream prediction task .	1<2	unknown	joint	conjunction
Focusing on the supervised identification of lexical inference relations ,	we compare against state-of-the-art baselines	1>2	unknown	result	causal
We propose a novel approach	we compare against state-of-the-art baselines	1<2	unknown	evaluation	comment
we compare against state-of-the-art baselines	that consider a single sub-set of an MWP ,	1<2	unknown	elab-addition	elaboration
we compare against state-of-the-art baselines	obtaining substantial improvements .	1<2	unknown	cause	causal
We propose a novel approach	To our knowledge , this is the first work	1<2	unknown	summary	organization
To our knowledge , this is the first work	to address lexical relations between MWPs of varying degrees of compositionality within distributional semantics .	1<2	unknown	elab-addition	elaboration
The ability <*> is central to language understanding .	We describe a convolutional architecture	1>2	unknown	bg-general	frame
The ability <*> is central to language understanding .	to accurately represent sentences	1<2	unknown	elab-addition	elaboration
We describe a convolutional architecture	dubbed the Dynamic Convolutional Neural Network ( DCNN )	1<2	unknown	elab-addition	elaboration
dubbed the Dynamic Convolutional Neural Network ( DCNN )	that we adopt for the semantic modelling of sentences .	1<2	unknown	elab-addition	elaboration
We describe a convolutional architecture	The network uses Dynamic k-Max Pooling , a global pooling operation over linear sequences .	1<2	unknown	elab-aspect	elaboration
We describe a convolutional architecture	The network handles input sentences of varying length	1<2	unknown	elab-aspect	elaboration
The network handles input sentences of varying length	and induces a feature graph over the sentence	1<2	unknown	joint	conjunction
and induces a feature graph over the sentence	that is capable of explicitly capturing short and long-range relations .	1<2	unknown	elab-addition	elaboration
We describe a convolutional architecture	The network does not rely on a parse tree	1<2	unknown	elab-aspect	elaboration
The network does not rely on a parse tree	and is easily applicable to any language .	1<2	unknown	joint	conjunction
We describe a convolutional architecture	We test the DCNN in four experiments :	1<2	unknown	evaluation	comment
We test the DCNN in four experiments :	small scale binary and multi-class sentiment prediction , six-way question classification and Twitter sentiment prediction by distant supervision .	1<2	unknown	elab-enumember	elaboration
We test the DCNN in four experiments :	The network achieves excellent performance in the first three tasks	1<2	unknown	cause	causal
The network achieves excellent performance in the first three tasks	and a greater than 25 % error reduction in the last task with respect to the strongest baseline .	1<2	unknown	joint	conjunction
We propose an online learning algorithm	based on tensor-space models .	1<2	unknown	manner-means	mode
We propose an online learning algorithm	A tensor-space model represents data in a compact way ,	1<2	unknown	elab-aspect	elaboration
and via rank-1 approximation	the weight tensor can be made highly structured ,	1>2	unknown	manner-means	mode
A tensor-space model represents data in a compact way ,	the weight tensor can be made highly structured ,	1<2	unknown	joint	conjunction
the weight tensor can be made highly structured ,	resulting in a significantly smaller number of free parameters	1<2	unknown	cause	causal
resulting in a significantly smaller number of free parameters	to be estimated	1<2	unknown	elab-addition	elaboration
resulting in a significantly smaller number of free parameters	than in comparable vector-space models .	1<2	unknown	comparison	concession
resulting in a significantly smaller number of free parameters	This regularizes the model complexity	1<2	unknown	cause	causal
This regularizes the model complexity	and makes the tensor model highly effective in situations	1<2	unknown	joint	conjunction
and makes the tensor model highly effective in situations	where a large feature set is defined	1<2	unknown	elab-addition	elaboration
where a large feature set is defined	but very limited resources are available for training .	1<2	unknown	contrast	contrast
We propose an online learning algorithm	We apply with the proposed algorithm to a parsing task ,	1<2	unknown	evaluation	comment
and show	that even with very little training data the learning algorithm <*> performs well ,	1>2	unknown	attribution	attribution
We apply with the proposed algorithm to a parsing task ,	that even with very little training data the learning algorithm <*> performs well ,	1<2	unknown	cause	causal
that even with very little training data the learning algorithm <*> performs well ,	based on a tensor model	1<2	unknown	manner-means	mode
performs well ,	and gives significantly better results than standard learning algorithms	1<2	unknown	joint	conjunction
and gives significantly better results than standard learning algorithms	based on traditional vector-space models .	1<2	unknown	manner-means	mode
Statistical phrase-based translation learns translation rules from bilingual corpora ,	In this work , we present a semi-supervised graph-based approach	1>2	unknown	bg-compare	frame
Statistical phrase-based translation learns translation rules from bilingual corpora ,	and has traditionally only used monolingual evidence	1<2	unknown	joint	conjunction
and has traditionally only used monolingual evidence	to construct features	1<2	unknown	enablement	purpose
to construct features	that rescore existing translation candidates .	1<2	unknown	elab-addition	elaboration
In this work , we present a semi-supervised graph-based approach	for generating new translation rules	1<2	unknown	enablement	purpose
for generating new translation rules	that leverages bilingual and monolingual data .	1<2	unknown	elab-addition	elaboration
In this work , we present a semi-supervised graph-based approach	The proposed technique first constructs phrase graphs	1<2	unknown	elab-process_step	elaboration
The proposed technique first constructs phrase graphs	using both source and target language monolingual corpora .	1<2	unknown	manner-means	mode
In this work , we present a semi-supervised graph-based approach	Next , graph propagation identifies translations of phrases	1<2	unknown	elab-process_step	elaboration
Next , graph propagation identifies translations of phrases	that were not observed in the bilingual corpus ,	1<2	unknown	manner-means	mode
assuming	that similar phrases have similar translations .	1>2	unknown	attribution	attribution
Next , graph propagation identifies translations of phrases	that similar phrases have similar translations .	1<2	unknown	condition	condition
In this work , we present a semi-supervised graph-based approach	We report results on a large Arabic-English system and a medium-sized Urdu-English system .	1<2	unknown	evaluation	comment
We report results on a large Arabic-English system and a medium-sized Urdu-English system .	Our proposed approach significantly improves the performance of competitive phrase-based systems ,	1<2	unknown	cause	causal
Our proposed approach significantly improves the performance of competitive phrase-based systems ,	leading to consistent improvements between 1 and 4 BLEU points on standard evaluation sets .	1<2	unknown	elab-addition	elaboration
We present experiments in using discourse structure	for improving machine translation evaluation .	1<2	unknown	enablement	purpose
We present experiments in using discourse structure	We first design two discourse-aware similarity measures ,	1<2	unknown	elab-aspect	elaboration
We first design two discourse-aware similarity measures ,	which use all-subtree kernels	1<2	unknown	elab-addition	elaboration
which use all-subtree kernels	to compare discourse parse trees in accordance with the Rhetorical Structure Theory .	1<2	unknown	enablement	purpose
Then , we show	that these measures can help improve a number of existing machine translation evaluation metrics both at the segment- and at the system-level .	1>2	unknown	attribution	attribution
We present experiments in using discourse structure	that these measures can help improve a number of existing machine translation evaluation metrics both at the segment- and at the system-level .	1<2	unknown	evaluation	comment
Rather than proposing a single new metric ,	that discourse information is complementary to the state-of-the-art evaluation metrics ,	1>2	unknown	contrast	contrast
we show	that discourse information is complementary to the state-of-the-art evaluation metrics ,	1>2	unknown	attribution	attribution
We present experiments in using discourse structure	that discourse information is complementary to the state-of-the-art evaluation metrics ,	1<2	unknown	elab-aspect	elaboration
that discourse information is complementary to the state-of-the-art evaluation metrics ,	and thus should be taken into account in the development of future richer evaluation metrics .	1<2	unknown	progression	organization
This paper tackles the sparsity problem	in estimating phrase translation probabilities	1<2	unknown	elab-addition	elaboration
This paper tackles the sparsity problem	by learning continuous phrase representations ,	1<2	unknown	manner-means	mode
by learning continuous phrase representations ,	whose distributed nature enables the sharing of related phrases in their representations .	1<2	unknown	elab-addition	elaboration
by learning continuous phrase representations ,	A pair of source and target phrases are projected into continuous-valued vector representations in a low-dimensional latent space ,	1<2	unknown	elab-aspect	elaboration
A pair of source and target phrases are projected into continuous-valued vector representations in a low-dimensional latent space ,	where their translation score is computed by the distance between the pair in this new space .	1<2	unknown	elab-addition	elaboration
A pair of source and target phrases are projected into continuous-valued vector representations in a low-dimensional latent space ,	The projection is performed by a neural network	1<2	unknown	manner-means	mode
The projection is performed by a neural network	whose weights are learned on parallel training data .	1<2	unknown	elab-addition	elaboration
by learning continuous phrase representations ,	Experimental evaluation has been performed on two WMT translation tasks .	1<2	unknown	evaluation	comment
Experimental evaluation has been performed on two WMT translation tasks .	Our best result improves the performance of a state-of-the-art phrase-based statistical machine translation system	1<2	unknown	cause	causal
Our best result improves the performance of a state-of-the-art phrase-based statistical machine translation system	trained on WMT 2012 French-English data by up to 1.3 BLEU points .	1<2	unknown	elab-addition	elaboration
The automatic estimation of machine translation ( MT ) output quality is a hard task	we propose an online framework for adaptive QE	1>2	unknown	bg-goal	frame
The automatic estimation of machine translation ( MT ) output quality is a hard task	in which the selection of the appropriate algorithm and the most predictive features over reasonably sized training sets plays a crucial role .	1<2	unknown	elab-addition	elaboration
When moving from controlled lab evaluations to real-life scenarios	the task becomes even harder .	1>2	unknown	temporal	temporal
The automatic estimation of machine translation ( MT ) output quality is a hard task	the task becomes even harder .	1<2	unknown	elab-addition	elaboration
For current MT quality estimation ( QE ) systems , additional complexity comes from the difficulty	we propose an online framework for adaptive QE	1>2	unknown	bg-compare	frame
For current MT quality estimation ( QE ) systems , additional complexity comes from the difficulty	to model user and domain changes .	1<2	unknown	elab-addition	elaboration
For current MT quality estimation ( QE ) systems , additional complexity comes from the difficulty	Indeed , the instability of the systems with respect to data <*> calls for adaptive solutions	1<2	unknown	cause	causal
Indeed , the instability of the systems with respect to data <*> calls for adaptive solutions	coming from different distributions	1<2	unknown	elab-addition	elaboration
calls for adaptive solutions	that react to new operating conditions .	1<2	unknown	elab-addition	elaboration
To tackle this issue	we propose an online framework for adaptive QE	1>2	unknown	enablement	purpose
we propose an online framework for adaptive QE	that targets reactivity and robustness to user and domain changes .	1<2	unknown	elab-addition	elaboration
we propose an online framework for adaptive QE	Contrastive experiments in different testing conditions <*> demonstrate the effectiveness of our approach .	1<2	unknown	evaluation	comment
Contrastive experiments in different testing conditions <*> demonstrate the effectiveness of our approach .	involving user and domain changes	1<2	unknown	elab-example	elaboration
In this paper we address the problem of grounding distributional representations of lexical meaning .	We introduce a new model	1>2	unknown	bg-goal	frame
We introduce a new model	which uses stacked autoencoders	1<2	unknown	elab-addition	elaboration
which uses stacked autoencoders	to learn higher-level embeddings from textual and visual input .	1<2	unknown	enablement	purpose
We introduce a new model	The two modalities are encoded as vectors of attributes	1<2	unknown	elab-aspect	elaboration
The two modalities are encoded as vectors of attributes	and are obtained automatically from text and images , respectively .	1<2	unknown	joint	conjunction
We introduce a new model	We evaluate our model on its ability	1<2	unknown	evaluation	comment
We evaluate our model on its ability	to simulate similarity judgments and concept categorization .	1<2	unknown	elab-addition	elaboration
We evaluate our model on its ability	On both tasks , our approach outperforms baselines and related models .	1<2	unknown	cause	causal
We propose three improvements	to address the drawbacks of state-of-the-art transition-based constituent parsers .	1<2	unknown	enablement	purpose
First , to resolve the error propagation problem of the traditional pipeline approach ,	we incorporate POS tagging into the syntactic parsing process .	1>2	unknown	enablement	purpose
We propose three improvements	we incorporate POS tagging into the syntactic parsing process .	1<2	unknown	elab-aspect	elaboration
Second , to alleviate the negative influence of size differences among competing action sequences ,	we align parser states during beam-search decoding .	1>2	unknown	enablement	purpose
We propose three improvements	we align parser states during beam-search decoding .	1<2	unknown	elab-aspect	elaboration
Third , to enhance the power of parsing models ,	we enlarge the feature set with non-local features and semi-supervised word cluster features .	1>2	unknown	enablement	purpose
We propose three improvements	we enlarge the feature set with non-local features and semi-supervised word cluster features .	1<2	unknown	elab-aspect	elaboration
Experimental results show	that these modifications improve parsing performance significantly .	1>2	unknown	attribution	attribution
We propose three improvements	that these modifications improve parsing performance significantly .	1<2	unknown	evaluation	comment
Evaluated on the Chinese TreeBank ( CTB ) ,	our final performance reaches 86.3 % ( F1 )	1>2	unknown	bg-general	frame
that these modifications improve parsing performance significantly .	our final performance reaches 86.3 % ( F1 )	1<2	unknown	exp-evidence	explanation
our final performance reaches 86.3 % ( F1 )	when trained on CTB 5.1 ,	1<2	unknown	temporal	temporal
our final performance reaches 86.3 % ( F1 )	and 87.1 %	1<2	unknown	joint	conjunction
and 87.1 %	when trained on CTB 6.0 ,	1<2	unknown	temporal	temporal
our final performance reaches 86.3 % ( F1 )	and these results outperform all state-of-the-art parsers .	1<2	unknown	summary	organization
In this paper , we investigate various strategies	to predict both syntactic dependency parsing and contiguous multiword expression ( MWE ) recognition ,	1<2	unknown	elab-addition	elaboration
In this paper , we investigate various strategies	testing them on the dependency version of French Tree-bank (Abeillé and Barrier, 2004) ,	1<2	unknown	elab-addition	elaboration
testing them on the dependency version of French Tree-bank (Abeillé and Barrier, 2004) ,	as instantiated in the SPMRL Shared Task ( Seddah et al. , 2013 ) .	1<2	unknown	comparison	concession
In this paper , we investigate various strategies	Our work focuses on using an alternative representation of syntactically regular MWEs ,	1<2	unknown	elab-aspect	elaboration
Our work focuses on using an alternative representation of syntactically regular MWEs ,	which captures their syntactic internal structure .	1<2	unknown	elab-addition	elaboration
Our work focuses on using an alternative representation of syntactically regular MWEs ,	We obtain a system with comparable performance to that of previous works on this dataset ,	1<2	unknown	evaluation	comment
We obtain a system with comparable performance to that of previous works on this dataset ,	but which predicts both syntactic dependencies and the internal structure of MWEs .	1<2	unknown	elab-addition	elaboration
We obtain a system with comparable performance to that of previous works on this dataset ,	This can be useful for capturing the various degrees of semantic compositionality of MWEs .	1<2	unknown	cause	causal
This paper presents a novel framework	called error case frames	1<2	unknown	elab-addition	elaboration
This paper presents a novel framework	for correcting preposition errors .	1<2	unknown	enablement	purpose
This paper presents a novel framework	They are case frames	1<2	unknown	elab-aspect	elaboration
They are case frames	specially designed for describing and correcting preposition errors .	1<2	unknown	elab-addition	elaboration
This paper presents a novel framework	Their most distinct advantage is that they can correct errors with feedback messages	1<2	unknown	elab-aspect	elaboration
Their most distinct advantage is that they can correct errors with feedback messages	explaining why the preposition is erroneous .	1<2	unknown	elab-addition	elaboration
This paper presents a novel framework	This paper proposes a method	1<2	unknown	elab-aspect	elaboration
This paper proposes a method	for automatically generating them	1<2	unknown	elab-addition	elaboration
for automatically generating them	by comparing learner and native corpora .	1<2	unknown	manner-means	mode
Experiments show	( i ) automatically generated error case frames achieve a performance comparable to conventional methods ;	1>2	unknown	attribution	attribution
This paper presents a novel framework	( i ) automatically generated error case frames achieve a performance comparable to conventional methods ;	1<2	unknown	evaluation	comment
( i ) automatically generated error case frames achieve a performance comparable to conventional methods ;	( ii ) error case frames are intuitively interpretable and manually modifiable to improve them ;	1<2	unknown	joint	conjunction
( ii ) error case frames are intuitively interpretable and manually modifiable to improve them ;	( iii ) feedback messages provided by error case frames are effective in language learning assistance .	1<2	unknown	joint	conjunction
Considering these advantages and the fact	error case frames will likely be one of the major approaches for preposition error correction .	1>2	unknown	bg-general	frame
Considering these advantages and the fact	that it has been difficult to provide feedback messages by automatically generated rules ,	1<2	unknown	elab-addition	elaboration
( i ) automatically generated error case frames achieve a performance comparable to conventional methods ;	error case frames will likely be one of the major approaches for preposition error correction .	1<2	unknown	cause	causal
Widely used in speech and language processing ,	Kneser-Ney ( KN ) smoothing has consistently been shown to be one of the best-performing smoothing methods .	1>2	unknown	elab-addition	elaboration
Kneser-Ney ( KN ) smoothing has consistently been shown to be one of the best-performing smoothing methods .	In this paper , we propose a generalization of KN smoothing	1>2	unknown	bg-compare	frame
Kneser-Ney ( KN ) smoothing has consistently been shown to be one of the best-performing smoothing methods .	However , KN smoothing assumes integer counts ,	1<2	unknown	contrast	contrast
However , KN smoothing assumes integer counts ,	limiting its potential uses—for example , inside Expectation-Maximization .	1<2	unknown	cause	causal
In this paper , we propose a generalization of KN smoothing	that operates on fractional counts , or , more precisely , on distributions over counts .	1<2	unknown	elab-addition	elaboration
In this paper , we propose a generalization of KN smoothing	We rederive all the steps of KN smoothing to operate on count distributions instead of integral counts ,	1<2	unknown	elab-aspect	elaboration
In this paper , we propose a generalization of KN smoothing	and apply it to two tasks	1<2	unknown	evaluation	comment
and apply it to two tasks	where KN smoothing was not applicable before :	1<2	unknown	elab-addition	elaboration
where KN smoothing was not applicable before :	one in language model adaptation , and the other in word alignment .	1<2	unknown	elab-enumember	elaboration
and apply it to two tasks	In both cases , our method improves performance significantly .	1<2	unknown	cause	causal
Entity clustering must determine when two named-entity mentions refer to the same entity .	In this paper , we propose a model for cross-document coreference resolution	1>2	unknown	bg-goal	frame
Typical approaches use a pipeline architecture	In this paper , we propose a model for cross-document coreference resolution	1>2	unknown	bg-compare	frame
Typical approaches use a pipeline architecture	that clusters the mentions	1<2	unknown	elab-addition	elaboration
that clusters the mentions	using fixed or learned measures of name and context similarity .	1<2	unknown	manner-means	mode
In this paper , we propose a model for cross-document coreference resolution	that achieves robustness	1<2	unknown	elab-addition	elaboration
that achieves robustness	by learning similarity from unlabeled data .	1<2	unknown	manner-means	mode
The generative process assumes	that each entity mention arises from copying and optionally mutating an earlier name from a similar context .	1>2	unknown	attribution	attribution
In this paper , we propose a model for cross-document coreference resolution	that each entity mention arises from copying and optionally mutating an earlier name from a similar context .	1<2	unknown	elab-aspect	elaboration
In this paper , we propose a model for cross-document coreference resolution	Clustering the mentions into entities depends on recovering this copying tree jointly	1<2	unknown	elab-aspect	elaboration
Clustering the mentions into entities depends on recovering this copying tree jointly	with estimating models of the mutation process and parent selection process .	1<2	unknown	joint	conjunction
In this paper , we propose a model for cross-document coreference resolution	We present a block Gibbs sampler for posterior inference and an empirical evaluation on several datasets .	1<2	unknown	elab-aspect	elaboration
We introduce three linguistically motivated structured regularizers	based on parse trees , topics , and hierarchical word clusters for text categorization .	1<2	unknown	elab-addition	elaboration
We introduce three linguistically motivated structured regularizers	These regularizers impose linguistic bias in feature weights ,	1<2	unknown	elab-aspect	elaboration
These regularizers impose linguistic bias in feature weights ,	enabling us to incorporate prior knowledge into conventional bag-of-words models .	1<2	unknown	cause	causal
We show	that our structured regularizers consistently improve classification accuracies	1>2	unknown	attribution	attribution
We introduce three linguistically motivated structured regularizers	that our structured regularizers consistently improve classification accuracies	1<2	unknown	evaluation	comment
that our structured regularizers consistently improve classification accuracies	compared to standard regularizers	1<2	unknown	comparison	concession
compared to standard regularizers	that penalize features in isolation	1<2	unknown	elab-addition	elaboration
compared to standard regularizers	( such as lasso , ridge , and elastic net regularizers )	1<2	unknown	elab-example	elaboration
that our structured regularizers consistently improve classification accuracies	on a range of datasets for various text prediction problems :	1<2	unknown	elab-addition	elaboration
on a range of datasets for various text prediction problems :	topic classification , sentiment analysis , and forecasting .	1<2	unknown	elab-enumember	elaboration
This paper studies the idea of removing low-frequency words from a corpus ,	which is a common practice	1<2	unknown	elab-addition	elaboration
which is a common practice	to reduce computational costs , from a theoretical standpoint .	1<2	unknown	enablement	purpose
Based on the assumption	that a corpus follows Zipf's law ,	1>2	unknown	attribution	attribution
that a corpus follows Zipf's law ,	we derive trade-off formulae of the perplexity of k-gram models and topic models with respect to the size of the reduced vocabulary .	1>2	unknown	bg-general	frame
This paper studies the idea of removing low-frequency words from a corpus ,	we derive trade-off formulae of the perplexity of k-gram models and topic models with respect to the size of the reduced vocabulary .	1<2	unknown	elab-aspect	elaboration
This paper studies the idea of removing low-frequency words from a corpus ,	In addition , we show an approximate behavior of each formula under certain conditions .	1<2	unknown	elab-aspect	elaboration
This paper studies the idea of removing low-frequency words from a corpus ,	We verify the correctness of our theory on synthetic corpora	1<2	unknown	evaluation	comment
We verify the correctness of our theory on synthetic corpora	and examine the gap between theory and practice on real corpora .	1<2	unknown	joint	conjunction
We propose a two-phase framework	to adapt existing relation extraction classifiers to extract relations for new target domains .	1<2	unknown	enablement	purpose
We propose a two-phase framework	We address two challenges :	1<2	unknown	bg-goal	frame
We address two challenges :	negative transfer	1<2	unknown	elab-enumember	elaboration
negative transfer	when knowledge in source domains is used	1<2	unknown	temporal	temporal
when knowledge in source domains is used	without considering the differences in relation distributions ;	1<2	unknown	elab-addition	elaboration
negative transfer	and lack of adequate labeled samples for rarer relations in the new domain ,	1<2	unknown	joint	conjunction
and lack of adequate labeled samples for rarer relations in the new domain ,	due to a small labeled data set and imbalance relation distributions .	1<2	unknown	result	causal
We propose a two-phase framework	Our framework leverages on both labeled and unlabeled data in the target domain .	1<2	unknown	elab-aspect	elaboration
Our framework leverages on both labeled and unlabeled data in the target domain .	First , we determine the relevance of each source domain to the target domain for each relation type ,	1<2	unknown	elab-process_step	elaboration
First , we determine the relevance of each source domain to the target domain for each relation type ,	using the consistency between the clustering	1<2	unknown	manner-means	mode
using the consistency between the clustering	given by the target domain labels	1<2	unknown	elab-addition	elaboration
using the consistency between the clustering	and the clustering	1<2	unknown	joint	conjunction
and the clustering	given by the predictors	1<2	unknown	elab-addition	elaboration
given by the predictors	trained for the source domain .	1<2	unknown	elab-addition	elaboration
To overcome the lack of labeled samples for rarer relations ,	these clusterings operate on both the labeled and unlabeled data in the target domain .	1>2	unknown	enablement	purpose
using the consistency between the clustering	these clusterings operate on both the labeled and unlabeled data in the target domain .	1<2	unknown	elab-addition	elaboration
Our framework leverages on both labeled and unlabeled data in the target domain .	Second , we trade-off between using relevance-weighted source-domain predictors and the labeled target data .	1<2	unknown	elab-process_step	elaboration
Again , to overcome the imbalance distribution ,	the source-domain predictors operate on the unlabeled target data .	1>2	unknown	enablement	purpose
Second , we trade-off between using relevance-weighted source-domain predictors and the labeled target data .	the source-domain predictors operate on the unlabeled target data .	1<2	unknown	elab-addition	elaboration
We propose a two-phase framework	Our method outperforms numerous baselines and a weakly-supervised relation extraction method on ACE 2004 and YAGO .	1<2	unknown	evaluation	comment
Most existing relation extraction models make predictions for each entity pair locally and individually ,	In this paper , we propose a joint inference framework	1>2	unknown	bg-compare	frame
Most existing relation extraction models make predictions for each entity pair locally and individually ,	while ignoring implicit global clues available in the knowledge base ,	1<2	unknown	contrast	contrast
while ignoring implicit global clues available in the knowledge base ,	sometimes leading to conflicts among local predictions from different entity pairs .	1<2	unknown	cause	causal
In this paper , we propose a joint inference framework	that utilizes these global clues to resolve disagreements among local predictions .	1<2	unknown	elab-addition	elaboration
In this paper , we propose a joint inference framework	We exploit two kinds of clues	1<2	unknown	elab-aspect	elaboration
We exploit two kinds of clues	to generate constraints	1<2	unknown	enablement	purpose
to generate constraints	which can capture the implicit type and cardinality requirements of a relation .	1<2	unknown	elab-addition	elaboration
Experimental results on three datasets , in both English and Chinese , show	that our framework outperforms the state-of-the-art relation extraction models	1>2	unknown	attribution	attribution
In this paper , we propose a joint inference framework	that our framework outperforms the state-of-the-art relation extraction models	1<2	unknown	evaluation	comment
that our framework outperforms the state-of-the-art relation extraction models	when such clues are applicable to the datasets .	1<2	unknown	temporal	temporal
And , we find	that the clues <*> perform comparably to those	1>2	unknown	attribution	attribution
In this paper , we propose a joint inference framework	that the clues <*> perform comparably to those	1<2	unknown	evaluation	comment
that the clues <*> perform comparably to those	learnt automatically from existing knowledge bases	1<2	unknown	elab-addition	elaboration
perform comparably to those	refined by human .	1<2	unknown	elab-addition	elaboration
In this paper , we present a manifold model for medical relation extraction .	Our model is built upon a medical corpus	1<2	unknown	elab-aspect	elaboration
Our model is built upon a medical corpus	containing 80M sentences	1<2	unknown	elab-addition	elaboration
containing 80M sentences	( 11 gigabyte text )	1<2	unknown	elab-addition	elaboration
Our model is built upon a medical corpus	and designed to accurately and efciently detect the key medical relations	1<2	unknown	joint	conjunction
and designed to accurately and efciently detect the key medical relations	that can facilitate clinical decision making .	1<2	unknown	elab-addition	elaboration
In this paper , we present a manifold model for medical relation extraction .	Our approach integrates domain specic parsing and typing systems ,	1<2	unknown	elab-aspect	elaboration
Our approach integrates domain specic parsing and typing systems ,	and can utilize labeled as well as unlabeled examples .	1<2	unknown	joint	conjunction
To provide users with more exibility ,	we also take label weight into consideration .	1>2	unknown	enablement	purpose
In this paper , we present a manifold model for medical relation extraction .	we also take label weight into consideration .	1<2	unknown	elab-aspect	elaboration
In this paper , we present a manifold model for medical relation extraction .	Effectiveness of our model is demonstrated both theoretically with a proof	1<2	unknown	evaluation	comment
to show	that the solution is a closed-form solution and experimentally with positive results in experiments .	1>2	unknown	attribution	attribution
Effectiveness of our model is demonstrated both theoretically with a proof	that the solution is a closed-form solution and experimentally with positive results in experiments .	1<2	unknown	elab-addition	elaboration
The essence of distantly supervised relation extraction is that it is an incomplete multi-label classification problem with sparse and noisy features .	we propose solving the classification problem	1>2	unknown	bg-goal	frame
To tackle the sparsity and noise challenges ,	we propose solving the classification problem	1>2	unknown	enablement	purpose
we propose solving the classification problem	using matrix completion on factorized matrix of minimized rank .	1<2	unknown	manner-means	mode
we propose solving the classification problem	We formulate relation classification as completing the unknown labels of testing items <*> in a sparse matrix	1<2	unknown	elab-aspect	elaboration
We formulate relation classification as completing the unknown labels of testing items <*> in a sparse matrix	( entity pairs )	1<2	unknown	elab-addition	elaboration
in a sparse matrix	that concatenates training and testing textual features with training labels .	1<2	unknown	elab-addition	elaboration
Our algorithmic framework is based on the assumption	We apply two optimization models	1>2	unknown	result	causal
Our algorithmic framework is based on the assumption	that the rank of item-by-feature and item-by-label joint matrix is low .	1<2	unknown	elab-addition	elaboration
we propose solving the classification problem	We apply two optimization models	1<2	unknown	elab-aspect	elaboration
We apply two optimization models	to recover the underlying low-rank matrix	1<2	unknown	enablement	purpose
We apply two optimization models	leveraging the sparsity of feature-label matrix .	1<2	unknown	elab-addition	elaboration
we propose solving the classification problem	The matrix completion problem is then solved by the fixed point continuation ( FPC ) algorithm ,	1<2	unknown	elab-aspect	elaboration
The matrix completion problem is then solved by the fixed point continuation ( FPC ) algorithm ,	which can find the global optimum .	1<2	unknown	elab-addition	elaboration
Experiments on two widely used datasets with different dimensions of textual features demonstrate	that our low-rank matrix completion approach significantly outperforms the baseline and the state-of-the-art methods .	1>2	unknown	attribution	attribution
we propose solving the classification problem	that our low-rank matrix completion approach significantly outperforms the baseline and the state-of-the-art methods .	1<2	unknown	evaluation	comment
Transitional expressions provide glue	However , in most current statistical machine translation ( SMT ) systems , the outputs of compound-complex sentences still lack proper transitional expressions .	1>2	unknown	contrast	contrast
Transitional expressions provide glue	that holds ideas together in a text	1<2	unknown	elab-addition	elaboration
Transitional expressions provide glue	and enhance the logical organization ,	1<2	unknown	joint	conjunction
Transitional expressions provide glue	which together help improve readability of a text .	1<2	unknown	elab-addition	elaboration
However , in most current statistical machine translation ( SMT ) systems , the outputs of compound-complex sentences still lack proper transitional expressions .	we propose two novel models	1>2	unknown	bg-goal	frame
However , in most current statistical machine translation ( SMT ) systems , the outputs of compound-complex sentences still lack proper transitional expressions .	As a result , the translations are often hard to read and understand .	1<2	unknown	cause	causal
To address this issue ,	we propose two novel models	1>2	unknown	enablement	purpose
we propose two novel models	to encourage generating such transitional expressions	1<2	unknown	enablement	purpose
to encourage generating such transitional expressions	by introducing the source compound-complex sentence structure ( CSS ) .	1<2	unknown	manner-means	mode
we propose two novel models	Our models include a CSS-based translation model ,	1<2	unknown	elab-aspect	elaboration
Our models include a CSS-based translation model ,	which generates new CSS-based translation rules , and a generative transfer model ,	1<2	unknown	elab-addition	elaboration
which generates new CSS-based translation rules , and a generative transfer model ,	which encourages producing transitional expressions	1<2	unknown	elab-addition	elaboration
which encourages producing transitional expressions	during decoding .	1<2	unknown	temporal	temporal
we propose two novel models	The two models are integrated into a hierarchical phrase-based translation system	1<2	unknown	evaluation	comment
The two models are integrated into a hierarchical phrase-based translation system	to evaluate their effectiveness .	1<2	unknown	enablement	purpose
The experimental results show	that significant improvements are achieved on various test data	1>2	unknown	enablement	purpose
The two models are integrated into a hierarchical phrase-based translation system	that significant improvements are achieved on various test data	1<2	unknown	cause	causal
that significant improvements are achieved on various test data	meanwhile the translations are more cohesive and smooth .	1<2	unknown	progression	organization
We present an adaptive translation quality estimation ( QE ) method	to predict the human-targeted translation error rate ( HTER ) for a document-specific machine translation model .	1<2	unknown	enablement	purpose
We present an adaptive translation quality estimation ( QE ) method	We first introduce features	1<2	unknown	elab-aspect	elaboration
We first introduce features	derived internal to the translation decoding process as well as externally from the source sentence analysis .	1<2	unknown	elab-addition	elaboration
We first introduce features	We show the effectiveness of such features in both classification and regression of MT quality .	1<2	unknown	evaluation	comment
By dynamically training the QE model for the document-specific MT model ,	we are able to achieve consistency and prediction quality across multiple documents ,	1>2	unknown	manner-means	mode
We show the effectiveness of such features in both classification and regression of MT quality .	we are able to achieve consistency and prediction quality across multiple documents ,	1<2	unknown	elab-aspect	elaboration
we are able to achieve consistency and prediction quality across multiple documents ,	demonstrated by the higher correlation coefficient and F-scores in findingGood sentences .	1<2	unknown	exp-evidence	explanation
We show the effectiveness of such features in both classification and regression of MT quality .	Additionally , the proposed method is applied to IBM English-to-Japanese MT post editing field study	1<2	unknown	elab-aspect	elaboration
Additionally , the proposed method is applied to IBM English-to-Japanese MT post editing field study	and we observe strong correlation with human preference , with a 10 % increase in human translators's productivity .	1<2	unknown	cause	causal
In this paper we present new research in translation assistance .	We describe a system capable of translating native language ( L1 ) fragments to foreign language ( L2 ) fragments in an L2 context .	1<2	unknown	elab-addition	elaboration
We describe a system capable of translating native language ( L1 ) fragments to foreign language ( L2 ) fragments in an L2 context .	Practical applications of this research can be framed in the context of second language learning .	1<2	unknown	bg-goal	frame
Practical applications of this research can be framed in the context of second language learning .	The type of translation assistance system under investigation here encourages language learners to write in their target language	1<2	unknown	elab-addition	elaboration
The type of translation assistance system under investigation here encourages language learners to write in their target language	while allowing them to fall back to their native language	1<2	unknown	elab-addition	elaboration
while allowing them to fall back to their native language	in case the correct word or expression is not known .	1<2	unknown	condition	condition
The type of translation assistance system under investigation here encourages language learners to write in their target language	These code switches are subsequently translated to L2	1<2	unknown	progression	organization
These code switches are subsequently translated to L2	given the L2 context .	1<2	unknown	bg-general	frame
We describe a system capable of translating native language ( L1 ) fragments to foreign language ( L2 ) fragments in an L2 context .	We study the feasibility of exploiting cross-lingual context	1<2	unknown	elab-aspect	elaboration
We study the feasibility of exploiting cross-lingual context	to obtain high-quality translation suggestions	1<2	unknown	enablement	purpose
to obtain high-quality translation suggestions	that improve over statistical language modelling and word-sense disambiguation baselines .	1<2	unknown	elab-addition	elaboration
We study the feasibility of exploiting cross-lingual context	A classification-based approach is presented	1<2	unknown	cause	causal
A classification-based approach is presented	that is indeed found to improve significantly over these baselines	1<2	unknown	elab-addition	elaboration
to improve significantly over these baselines	by making use of a contextual window	1<2	unknown	manner-means	mode
by making use of a contextual window	spanning a small number of neighbouring words .	1<2	unknown	elab-addition	elaboration
We propose a novel learning approach for statistical machine translation ( SMT )	that allows to extract supervision signals for structured learning from an extrinsic response to a translation input .	1<2	unknown	elab-addition	elaboration
We show	how to generate responses	1>2	unknown	attribution	attribution
We propose a novel learning approach for statistical machine translation ( SMT )	how to generate responses	1<2	unknown	elab-aspect	elaboration
how to generate responses	by grounding SMT in the task	1<2	unknown	manner-means	mode
by grounding SMT in the task	of executing a semantic parse of a translated query against a database .	1<2	unknown	elab-addition	elaboration
We propose a novel learning approach for statistical machine translation ( SMT )	Experiments on the GEOQUERY database show an improvement of about 6 points in F1-score for response-based learning over learning from references	1<2	unknown	evaluation	comment
Experiments on the GEOQUERY database show an improvement of about 6 points in F1-score for response-based learning over learning from references	only on returning the correct answer from a semantic parse of a translated query .	1<2	unknown	elab-addition	elaboration
We propose a novel learning approach for statistical machine translation ( SMT )	In general , our approach alleviates the dependency on human reference translations	1<2	unknown	elab-aspect	elaboration
In general , our approach alleviates the dependency on human reference translations	and solves the reachability problem in structured learning for SMT .	1<2	unknown	joint	conjunction
Abstractive text summarization of news requires a way of representing events , such as a collection of pattern clusters	We compare three ways of extracting event patterns :	1>2	unknown	bg-goal	frame
Abstractive text summarization of news requires a way of representing events , such as a collection of pattern clusters	in which every cluster represents an event	1<2	unknown	elab-addition	elaboration
in which every cluster represents an event	( e.g. , marriage )	1<2	unknown	elab-example	elaboration
in which every cluster represents an event	and every pattern in the cluster is a way of expressing the event	1<2	unknown	joint	conjunction
and every pattern in the cluster is a way of expressing the event	( e.g. , X married Y , X and Y tied the knot ) .	1<2	unknown	elab-example	elaboration
We compare three ways of extracting event patterns :	heuristics-based , compression-based and memory-based .	1<2	unknown	elab-enumember	elaboration
While the former has been used previously in multi-document abstraction ,	the latter two have never been used for this task .	1>2	unknown	contrast	contrast
heuristics-based , compression-based and memory-based .	the latter two have never been used for this task .	1<2	unknown	elab-addition	elaboration
Compared with the first two techniques ,	the memory-based method allows for generating significantly more grammatical and informa-tive sentences ,	1>2	unknown	comparison	concession
We compare three ways of extracting event patterns :	the memory-based method allows for generating significantly more grammatical and informa-tive sentences ,	1<2	unknown	elab-aspect	elaboration
the memory-based method allows for generating significantly more grammatical and informa-tive sentences ,	at the cost of searching a vast space of hundreds of millions of parse trees of known grammatical utterances .	1<2	unknown	elab-addition	elaboration
the memory-based method allows for generating significantly more grammatical and informa-tive sentences ,	To this end , we introduce a data structure and a search method	1<2	unknown	cause	causal
To this end , we introduce a data structure and a search method	that make it possible to efficiently extrapolate from every sentence the parse sub-trees	1<2	unknown	elab-addition	elaboration
that make it possible to efficiently extrapolate from every sentence the parse sub-trees	that match against any of the stored utterances .	1<2	unknown	elab-addition	elaboration
For topics	simple , short summaries are insufficient	1>2	unknown	elab-addition	elaboration
For topics	that cover large amounts of information ,	1<2	unknown	elab-addition	elaboration
simple , short summaries are insufficient	We propose a new approach to scaling up summarization	1>2	unknown	bg-goal	frame
simple , short summaries are insufficient	- complex topics require more information and more structure to understand .	1<2	unknown	exp-reason	explanation
We propose a new approach to scaling up summarization	called hierarchical summarization ,	1<2	unknown	elab-addition	elaboration
We propose a new approach to scaling up summarization	and present the first implemented system , SUMMA .	1<2	unknown	joint	conjunction
and present the first implemented system , SUMMA .	SUMMA produces a hierarchy of relatively short summaries ,	1<2	unknown	elab-aspect	elaboration
SUMMA produces a hierarchy of relatively short summaries ,	where the top level provides a general overview	1<2	unknown	elab-addition	elaboration
where the top level provides a general overview	and users can navigate the hierarchy	1<2	unknown	joint	conjunction
and users can navigate the hierarchy	to drill down for more details on topics of interest .	1<2	unknown	enablement	purpose
Compared to flat multi-document summaries ,	users prefer SUMMA ten times as often	1>2	unknown	comparison	concession
and present the first implemented system , SUMMA .	users prefer SUMMA ten times as often	1<2	unknown	evaluation	comment
users prefer SUMMA ten times as often	and learn just as much ,	1<2	unknown	joint	conjunction
and compared to timelines ,	users prefer SUMMA three times as often	1>2	unknown	comparison	concession
users prefer SUMMA ten times as often	users prefer SUMMA three times as often	1<2	unknown	joint	conjunction
users prefer SUMMA three times as often	and learn more in twice as many cases .	1<2	unknown	joint	conjunction
Update summarization is a form of multi-document summarization	We introduce a new task , Query-Chain Summarization ,	1>2	unknown	bg-general	frame
Update summarization is a form of multi-document summarization	where a document set must be summarized in the context of other documents	1<2	unknown	elab-addition	elaboration
where a document set must be summarized in the context of other documents	assumed to be known .	1<2	unknown	elab-addition	elaboration
Update summarization is a form of multi-document summarization	Efficient update summarization must focus on identifying new information and avoiding repetition of known information .	1<2	unknown	elab-addition	elaboration
In Query-focused summarization , the task is to produce a summary as an answer to a given query .	We introduce a new task , Query-Chain Summarization ,	1>2	unknown	bg-general	frame
We introduce a new task , Query-Chain Summarization ,	We present an algorithm for Query-Chain Summarization	1>2	unknown	bg-goal	frame
We introduce a new task , Query-Chain Summarization ,	which combines aspects of the two previous tasks :	1<2	unknown	elab-addition	elaboration
starting from a given document set ,	increasingly specific queries are considered ,	1>2	unknown	bg-general	frame
We introduce a new task , Query-Chain Summarization ,	increasingly specific queries are considered ,	1<2	unknown	elab-definition	elaboration
increasingly specific queries are considered ,	and a new summary is produced at each step .	1<2	unknown	joint	conjunction
We introduce a new task , Query-Chain Summarization ,	This process models exploratory search :	1<2	unknown	elab-aspect	elaboration
This process models exploratory search :	a user explores a new topic	1<2	unknown	elab-definition	elaboration
a user explores a new topic	by submitting a sequence of queries ,	1<2	unknown	manner-means	mode
a user explores a new topic	inspecting a summary of the result set	1<2	unknown	elab-addition	elaboration
inspecting a summary of the result set	and phrasing a new query at each step .	1<2	unknown	joint	conjunction
We present a novel dataset	that summaries produced in the context of such exploratory process are different from informative summaries .	1>2	unknown	bg-general	frame
We present a novel dataset	comprising 22 query-chains sessions of length up to 3 with 3 matching human summaries each in the consumer-health domain .	1<2	unknown	elab-addition	elaboration
Our analysis demonstrates	that summaries produced in the context of such exploratory process are different from informative summaries .	1>2	unknown	attribution	attribution
We introduce a new task , Query-Chain Summarization ,	that summaries produced in the context of such exploratory process are different from informative summaries .	1<2	unknown	elab-aspect	elaboration
We present an algorithm for Query-Chain Summarization	based on a new LDA topic model variant .	1<2	unknown	manner-means	mode
Evaluation indicates	the algorithm improves on strong baselines .	1>2	unknown	attribution	attribution
We present an algorithm for Query-Chain Summarization	the algorithm improves on strong baselines .	1<2	unknown	evaluation	comment
We study the use of temporal information in the form of timelines	to enhance multi-document summarization .	1<2	unknown	enablement	purpose
We study the use of temporal information in the form of timelines	We employ a fully automated temporal processing system	1<2	unknown	elab-aspect	elaboration
We employ a fully automated temporal processing system	to generate a timeline for each input document .	1<2	unknown	enablement	purpose
We employ a fully automated temporal processing system	We derive three features from these timelines ,	1<2	unknown	cause	causal
and show	that their use in supervised summarization lead to a significant 4.1 % improvement in ROUGE performance over a state-of-the-art base-line .	1>2	unknown	attribution	attribution
We derive three features from these timelines ,	that their use in supervised summarization lead to a significant 4.1 % improvement in ROUGE performance over a state-of-the-art base-line .	1<2	unknown	evaluation	comment
We study the use of temporal information in the form of timelines	In addition , we propose TIMEMMR , a modification to Maximal Marginal Relevance	1<2	unknown	elab-aspect	elaboration
In addition , we propose TIMEMMR , a modification to Maximal Marginal Relevance	that promotes temporal diversity	1<2	unknown	elab-addition	elaboration
that promotes temporal diversity	by way of computing time span similarity ,	1<2	unknown	manner-means	mode
In addition , we propose TIMEMMR , a modification to Maximal Marginal Relevance	and show its utility in summarizing certain document sets .	1<2	unknown	joint	conjunction
We study the use of temporal information in the form of timelines	We also propose a filtering metric	1<2	unknown	elab-aspect	elaboration
We also propose a filtering metric	to discard noisy timelines	1<2	unknown	enablement	purpose
to discard noisy timelines	generated by our automatic processes ,	1<2	unknown	elab-addition	elaboration
generated by our automatic processes ,	to purify the timeline input for summarization .	1<2	unknown	enablement	purpose
By selectively using timelines	overall summarization performance is increased by a significant 5.9 % .	1>2	unknown	manner-means	mode
By selectively using timelines	guided by filtering ,	1<2	unknown	elab-addition	elaboration
We study the use of temporal information in the form of timelines	overall summarization performance is increased by a significant 5.9 % .	1<2	unknown	evaluation	comment
Following the works of Carletta ( 1996 ) and Artstein and Poesio ( 2008 ) ,	there is an increasing consensus within the field	1>2	unknown	bg-general	frame
there is an increasing consensus within the field	With this in mind , it is striking that virtually all evaluations of syntactic annotation efforts use uncorrected parser evaluation metrics such as bracket F1 <*> and accuracy scores	1>2	unknown	result	causal
that in order to properly gauge the reliability of an annotation effort ,	chance-corrected measures of inter-annotator agreement should be used .	1>2	unknown	enablement	purpose
there is an increasing consensus within the field	chance-corrected measures of inter-annotator agreement should be used .	1<2	unknown	elab-addition	elaboration
With this in mind , it is striking that virtually all evaluations of syntactic annotation efforts use uncorrected parser evaluation metrics such as bracket F1 <*> and accuracy scores	In this work we present a chance-corrected metric	1>2	unknown	bg-general	frame
With this in mind , it is striking that virtually all evaluations of syntactic annotation efforts use uncorrected parser evaluation metrics such as bracket F1 <*> and accuracy scores	( for phrase structure )	1<2	unknown	elab-addition	elaboration
and accuracy scores	( for dependencies ) .	1<2	unknown	elab-addition	elaboration
In this work we present a chance-corrected metric	based on Krippendorff's α,	1<2	unknown	manner-means	mode
In this work we present a chance-corrected metric	adapted to the structure of syntactic annotations and applicable both to phrase structure and dependency annotation without any modifications .	1<2	unknown	elab-addition	elaboration
To evaluate our metric	we first present a number of synthetic experiments	1>2	unknown	evaluation	comment
In this work we present a chance-corrected metric	we first present a number of synthetic experiments	1<2	unknown	evaluation	comment
we first present a number of synthetic experiments	to better control the sources of noise	1<2	unknown	enablement	purpose
to better control the sources of noise	and gauge the metric's responses ,	1<2	unknown	joint	conjunction
we first present a number of synthetic experiments	before finally contrasting the behaviour of our chance-corrected metric with that of uncorrected parser evaluation metrics on real corpora.	1<2	unknown	temporal	temporal
We present WiBi , an approach to the automatic creation of a bitaxonomy for Wikipedia ,	that is , an integrated taxonomy of Wikipage pages and categories .	1<2	unknown	elab-definition	elaboration
We present WiBi , an approach to the automatic creation of a bitaxonomy for Wikipedia ,	We leverage the information available in either one of the taxonomies	1<2	unknown	elab-aspect	elaboration
We leverage the information available in either one of the taxonomies	to reinforce the creation of the other taxonomy .	1<2	unknown	enablement	purpose
We present WiBi , an approach to the automatic creation of a bitaxonomy for Wikipedia ,	Our experiments show higher quality and coverage than state-of-the-art resources like DBpedia , YAGO , MENTA , WikiNet and WikiTaxonomy .	1<2	unknown	evaluation	comment
We present WiBi , an approach to the automatic creation of a bitaxonomy for Wikipedia ,	WiBi is available at http : //wibitaxonomy.org .	1<2	unknown	elab-aspect	elaboration
Answering natural language questions <*> has recently been explored as a platform	that relatively modest information extraction techniques , <*> can outperform these sophisticated approaches by roughly 34 % relative gain .	1>2	unknown	bg-goal	frame
Answering natural language questions <*> has recently been explored as a platform	using the Freebase knowledge base	1<2	unknown	manner-means	mode
has recently been explored as a platform	for advancing the state of the art in open domain semantic parsing .	1<2	unknown	enablement	purpose
Those efforts map questions to sophisticated meaning representations	that relatively modest information extraction techniques , <*> can outperform these sophisticated approaches by roughly 34 % relative gain .	1>2	unknown	bg-compare	frame
Those efforts map questions to sophisticated meaning representations	that are then attempted to be matched against viable answer candidates in the knowledge base .	1<2	unknown	elab-addition	elaboration
Here we show	that relatively modest information extraction techniques , <*> can outperform these sophisticated approaches by roughly 34 % relative gain .	1>2	unknown	attribution	attribution
that relatively modest information extraction techniques , <*> can outperform these sophisticated approaches by roughly 34 % relative gain .	when paired with a web-scale corpus ,	1<2	unknown	condition	condition
A typical knowledge-based question answering ( KB-QA ) system faces two challenges :	we present a translation-based approach	1>2	unknown	bg-goal	frame
A typical knowledge-based question answering ( KB-QA ) system faces two challenges :	one is to transform natural language questions into their meaning representations ( MRs ) ;	1<2	unknown	elab-enumember	elaboration
one is to transform natural language questions into their meaning representations ( MRs ) ;	the other is to retrieve answers from knowledge bases ( KBs )	1<2	unknown	joint	conjunction
the other is to retrieve answers from knowledge bases ( KBs )	using generated MRs .	1<2	unknown	manner-means	mode
Unlike previous methods	we present a translation-based approach	1>2	unknown	bg-compare	frame
Unlike previous methods	which treat them in a cascaded manner ,	1<2	unknown	elab-addition	elaboration
we present a translation-based approach	to solve these two tasks in one unified framework .	1<2	unknown	enablement	purpose
we present a translation-based approach	We translate questions to answers based on CYK parsing .	1<2	unknown	elab-aspect	elaboration
We translate questions to answers based on CYK parsing .	Answers as translations of the span <*> are obtained by a question translation method ,	1<2	unknown	elab-addition	elaboration
Answers as translations of the span <*> are obtained by a question translation method ,	covered by each CYK cell	1<2	unknown	elab-addition	elaboration
are obtained by a question translation method ,	which first generates formal triple queries as MRs for the span	1<2	unknown	elab-addition	elaboration
which first generates formal triple queries as MRs for the span	based on question patterns and relation expressions ,	1<2	unknown	bg-general	frame
which first generates formal triple queries as MRs for the span	and then retrieves answers from a given KB	1<2	unknown	joint	conjunction
and then retrieves answers from a given KB	based on triple queries generated .	1<2	unknown	bg-general	frame
we present a translation-based approach	A linear model is defined over derivations ,	1<2	unknown	elab-aspect	elaboration
A linear model is defined over derivations ,	and minimum error rate training is used	1<2	unknown	joint	conjunction
and minimum error rate training is used	to tune feature weights	1<2	unknown	enablement	purpose
to tune feature weights	based on a set of question-answer pairs .	1<2	unknown	bg-general	frame
Compared to a KB-QA system	our method achieves better results .	1>2	unknown	comparison	concession
Compared to a KB-QA system	using a state-of-the-art semantic parser ,	1<2	unknown	manner-means	mode
we present a translation-based approach	our method achieves better results .	1<2	unknown	evaluation	comment
We propose a robust answer reranking model for non-factoid questions	that integrates lexical semantics with discourse information ,	1<2	unknown	elab-addition	elaboration
We propose a robust answer reranking model for non-factoid questions	driven by two representations of discourse :	1<2	unknown	elab-addition	elaboration
driven by two representations of discourse :	a shallow representation <*> and a deep one	1<2	unknown	elab-enumember	elaboration
a shallow representation <*> and a deep one	centered around discourse markers ,	1<2	unknown	elab-addition	elaboration
and a deep one	based on Rhetorical Structure Theory .	1<2	unknown	bg-general	frame
We propose a robust answer reranking model for non-factoid questions	We evaluate the proposed model on two corpora from different genres and domains :	1<2	unknown	evaluation	comment
We evaluate the proposed model on two corpora from different genres and domains :	one from Yahoo ! Answers and one from the biology domain , and two types of non-factoid questions : manner and reason .	1<2	unknown	elab-enumember	elaboration
We experimentally demonstrate	that the discourse structure of non-factoid answers provides information	1>2	unknown	attribution	attribution
We evaluate the proposed model on two corpora from different genres and domains :	that the discourse structure of non-factoid answers provides information	1<2	unknown	elab-aspect	elaboration
that the discourse structure of non-factoid answers provides information	that is complementary to lexical semantic similarity between question and answer ,	1<2	unknown	elab-addition	elaboration
that is complementary to lexical semantic similarity between question and answer ,	improving performance up to 24 % ( relative ) over a state-of-the-art model	1<2	unknown	exp-evidence	explanation
improving performance up to 24 % ( relative ) over a state-of-the-art model	that exploits lexical semantic similarity alone .	1<2	unknown	elab-addition	elaboration
We further demonstrate excellent domain transfer of discourse information ,	these discourse features have general utility to non-factoid question answering .	1>2	unknown	exp-evidence	explanation
suggesting	these discourse features have general utility to non-factoid question answering .	1>2	unknown	attribution	attribution
We evaluate the proposed model on two corpora from different genres and domains :	these discourse features have general utility to non-factoid question answering .	1<2	unknown	elab-aspect	elaboration
We propose a supervised method	of extracting event causalities like conduct slash-and-burn agriculture→exacerbate desertification from the web	1<2	unknown	elab-addition	elaboration
of extracting event causalities like conduct slash-and-burn agriculture→exacerbate desertification from the web	using semantic relation <*> , context , and association features .	1<2	unknown	manner-means	mode
using semantic relation <*> , context , and association features .	( between nouns )	1<2	unknown	elab-addition	elaboration
Experiments show	that our method outperforms baselines	1>2	unknown	attribution	attribution
We propose a supervised method	that our method outperforms baselines	1<2	unknown	evaluation	comment
that our method outperforms baselines	that are based on state-of-the-art methods .	1<2	unknown	elab-addition	elaboration
We propose a supervised method	We also propose methods	1<2	unknown	joint	conjunction
We also propose methods	of generating future scenarios like conduct slash-and-burn agriculture→exacerbate desertification→increase Asian dust (from China)→asthma gets worse .	1<2	unknown	elab-addition	elaboration
Experiments show	that we can generate 50,000 scenarios with 68 % precision .	1>2	unknown	attribution	attribution
We also propose methods	that we can generate 50,000 scenarios with 68 % precision .	1<2	unknown	evaluation	comment
We also propose methods	We also generated a scenario deforestation continues→global warming worsens→sea temperatures rise→vibrio parahaemolyticus fouls (water) ,	1<2	unknown	elab-example	elaboration
We also generated a scenario deforestation continues→global warming worsens→sea temperatures rise→vibrio parahaemolyticus fouls (water) ,	which is written in no document in our input web corpus	1<2	unknown	elab-addition	elaboration
which is written in no document in our input web corpus	crawled in 2007 .	1<2	unknown	elab-addition	elaboration
We also generated a scenario deforestation continues→global warming worsens→sea temperatures rise→vibrio parahaemolyticus fouls (water) ,	But the vibrio risk <*> was observed in Baker-Austin et al. ( 2013 ) .	1<2	unknown	evaluation	comment
But the vibrio risk <*> was observed in Baker-Austin et al. ( 2013 ) .	due to global warming	1<2	unknown	exp-reason	explanation
But the vibrio risk <*> was observed in Baker-Austin et al. ( 2013 ) .	"Thus, we "" predicted "" the future event sequence in a sense ."	1<2	unknown	summary	organization
Cross-narrative temporal ordering of medical events is essential to the task	We address the problem of aligning multiple medical event sequences ,	1>2	unknown	bg-goal	frame
Cross-narrative temporal ordering of medical events is essential to the task	of generating a comprehensive timeline over a patient's history .	1<2	unknown	elab-addition	elaboration
We address the problem of aligning multiple medical event sequences ,	corresponding to different clinical narratives ,	1<2	unknown	bg-general	frame
We address the problem of aligning multiple medical event sequences ,	comparing the following approaches :	1<2	unknown	manner-means	mode
comparing the following approaches :	( 1 ) A novel weighted finite state transducer representation of medical event sequences	1<2	unknown	elab-enumember	elaboration
( 1 ) A novel weighted finite state transducer representation of medical event sequences	that enables composition and search for decoding ,	1<2	unknown	elab-addition	elaboration
( 1 ) A novel weighted finite state transducer representation of medical event sequences	and ( 2 ) Dynamic programming with iterative pairwise alignment of multiple sequences	1<2	unknown	joint	conjunction
and ( 2 ) Dynamic programming with iterative pairwise alignment of multiple sequences	using global and local alignment algorithms .	1<2	unknown	manner-means	mode
comparing the following approaches :	The cross-narrative coreference and temporal relation weights <*> are learned from a corpus of clinical narratives .	1<2	unknown	elab-addition	elaboration
The cross-narrative coreference and temporal relation weights <*> are learned from a corpus of clinical narratives .	used in both these approaches	1<2	unknown	elab-addition	elaboration
comparing the following approaches :	We present results	1<2	unknown	cause	causal
We present results	using both approaches	1<2	unknown	manner-means	mode
and observe	that the finite state transducer approach performs significantly better than the dynamic programming one by 6.8 % for the problem of multiple-sequence alignment .	1>2	unknown	attribution	attribution
We present results	that the finite state transducer approach performs significantly better than the dynamic programming one by 6.8 % for the problem of multiple-sequence alignment .	1<2	unknown	joint	conjunction
This paper introduces FactChecker , language-aware approach to truth-finding .	FactChecker differs from prior approaches	1<2	unknown	elab-aspect	elaboration
FactChecker differs from prior approaches	in that it does not rely on iterative peer voting ,	1<2	unknown	elab-addition	elaboration
in that it does not rely on iterative peer voting ,	instead it leverages language	1<2	unknown	elab-addition	elaboration
instead it leverages language	to infer believability of fact candidates .	1<2	unknown	enablement	purpose
This paper introduces FactChecker , language-aware approach to truth-finding .	In particular , FactChecker makes use of linguistic features	1<2	unknown	elab-aspect	elaboration
In particular , FactChecker makes use of linguistic features	to detect if a given source objectively states facts	1<2	unknown	enablement	purpose
if a given source objectively states facts	or is speculative and opinionated .	1<2	unknown	contrast	contrast
To ensure that fact candidates <*> have similar believability ,	FactChecker augments objectivity with a co-mention score	1>2	unknown	enablement	purpose
To ensure that fact candidates <*> have similar believability ,	mentioned in similar sources	1<2	unknown	elab-addition	elaboration
This paper introduces FactChecker , language-aware approach to truth-finding .	FactChecker augments objectivity with a co-mention score	1<2	unknown	elab-aspect	elaboration
FactChecker augments objectivity with a co-mention score	to compute the overall believability score of a fact candidate .	1<2	unknown	enablement	purpose
Our experiments on various datasets show	that FactChecker yields higher accuracy than existing approaches .	1>2	unknown	attribution	attribution
This paper introduces FactChecker , language-aware approach to truth-finding .	that FactChecker yields higher accuracy than existing approaches .	1<2	unknown	evaluation	comment
In this paper , we propose an unsupervised method	to identify noun sense changes	1<2	unknown	enablement	purpose
In this paper , we propose an unsupervised method	based on rigorous analysis of time-varying text data available in the form of millions of digitized books .	1<2	unknown	manner-means	mode
In this paper , we propose an unsupervised method	We construct distributional thesauri based networks from data at different time points	1<2	unknown	elab-process_step	elaboration
We construct distributional thesauri based networks from data at different time points	and cluster each of them separately	1<2	unknown	joint	conjunction
and cluster each of them separately	to obtain word-centric sense clusters	1<2	unknown	enablement	purpose
to obtain word-centric sense clusters	corresponding to the different time points .	1<2	unknown	elab-addition	elaboration
In this paper , we propose an unsupervised method	Subsequently , we compare these sense clusters of two different time points	1<2	unknown	elab-process_step	elaboration
to find	if ( i ) there is birth of a new sense or	1>2	unknown	attribution	attribution
Subsequently , we compare these sense clusters of two different time points	if ( i ) there is birth of a new sense or	1<2	unknown	enablement	purpose
if ( i ) there is birth of a new sense or	( ii ) if an older sense has got split into more than one sense or	1<2	unknown	joint	conjunction
( ii ) if an older sense has got split into more than one sense or	( iii ) if a newer sense has been formed from the joining of older senses or	1<2	unknown	joint	conjunction
( iii ) if a newer sense has been formed from the joining of older senses or	( iv ) if a particular sense has died .	1<2	unknown	joint	conjunction
In this paper , we propose an unsupervised method	We conduct a thorough evaluation of the proposed method-ology both manually as well as through comparison with WordNet .	1<2	unknown	evaluation	comment
Manual evaluation indicates	that the algorithm could correctly identify 60.4 % birth cases from a set of 48 randomly picked samples and 57 % split/join cases from a set of 21 randomly picked samples .	1>2	unknown	attribution	attribution
We conduct a thorough evaluation of the proposed method-ology both manually as well as through comparison with WordNet .	that the algorithm could correctly identify 60.4 % birth cases from a set of 48 randomly picked samples and 57 % split/join cases from a set of 21 randomly picked samples .	1<2	unknown	cause	causal
that the algorithm could correctly identify 60.4 % birth cases from a set of 48 randomly picked samples and 57 % split/join cases from a set of 21 randomly picked samples .	Remarkably , in 44 % cases the birth of a novel sense is attested by WordNet ,	1<2	unknown	progression	organization
Remarkably , in 44 % cases the birth of a novel sense is attested by WordNet ,	while in 46 % cases and 43 % cases split and join are respectively confirmed by WordNet .	1<2	unknown	joint	conjunction
that the algorithm could correctly identify 60.4 % birth cases from a set of 48 randomly picked samples and 57 % split/join cases from a set of 21 randomly picked samples .	Our approach can be applied for lexicography , as well as for applications like word sense disambiguation or semantic search .	1<2	unknown	summary	organization
We present an unsupervised method	for inducing verb classes from verb uses in giga-word corpora .	1<2	unknown	enablement	purpose
We present an unsupervised method	Our method consists of two clustering steps :	1<2	unknown	elab-aspect	elaboration
Our method consists of two clustering steps :	verb-specific semantic frames are first induced	1<2	unknown	elab-process_step	elaboration
verb-specific semantic frames are first induced	by clustering verb uses in a corpus	1<2	unknown	manner-means	mode
Our method consists of two clustering steps :	and then verb classes are induced	1<2	unknown	elab-process_step	elaboration
and then verb classes are induced	by clustering these frames .	1<2	unknown	manner-means	mode
By taking this step-wise approach ,	we can not only generate verb classes	1>2	unknown	manner-means	mode
We present an unsupervised method	we can not only generate verb classes	1<2	unknown	elab-aspect	elaboration
we can not only generate verb classes	based on a massive amount of verb uses in a scalable manner ,	1<2	unknown	bg-general	frame
we can not only generate verb classes	but also deal with verb polysemy ,	1<2	unknown	progression	organization
but also deal with verb polysemy ,	which is bypassed by most of the previous studies on verb clustering .	1<2	unknown	elab-addition	elaboration
In our experiments , we acquire semantic frames and verb classes from two giga-word corpora , the larger	The effectiveness of our approach is verified through quantitative evaluations	1>2	unknown	bg-general	frame
In our experiments , we acquire semantic frames and verb classes from two giga-word corpora , the larger	comprising 20 billion words .	1<2	unknown	elab-addition	elaboration
We present an unsupervised method	The effectiveness of our approach is verified through quantitative evaluations	1<2	unknown	evaluation	comment
The effectiveness of our approach is verified through quantitative evaluations	based on polysemy-aware gold-standard data .	1<2	unknown	bg-general	frame
We present a structured learning approach to inducing hypernym taxonomies	using a probabilistic graphical model formulation .	1<2	unknown	manner-means	mode
We present a structured learning approach to inducing hypernym taxonomies	Our model incorporates heterogeneous relational evidence about both hypernymy and siblinghood ,	1<2	unknown	elab-aspect	elaboration
Our model incorporates heterogeneous relational evidence about both hypernymy and siblinghood ,	captured by semantic features	1<2	unknown	elab-addition	elaboration
captured by semantic features	based on patterns and statistics from Web n-grams and Wikipedia abstracts .	1<2	unknown	bg-general	frame
We present a structured learning approach to inducing hypernym taxonomies	For efficient inference over taxonomy structures , we use loopy belief propagation along with a directed spanning tree algorithm for the core hypernymy factor .	1<2	unknown	elab-aspect	elaboration
To train the system ,	we extract sub-structures of WordNet	1>2	unknown	enablement	purpose
We present a structured learning approach to inducing hypernym taxonomies	we extract sub-structures of WordNet	1<2	unknown	elab-aspect	elaboration
we extract sub-structures of WordNet	and discriminatively learn to reproduce them ,	1<2	unknown	joint	conjunction
and discriminatively learn to reproduce them ,	using adaptive subgradient stochastic optimization .	1<2	unknown	manner-means	mode
On the task	of reproducing sub-hierarchies of WordNet ,	1<2	unknown	elab-addition	elaboration
We present a structured learning approach to inducing hypernym taxonomies	<*> On the task <*> our approach achieves a 51 % error reduction over a chance baseline ,	1<2	unknown	evaluation	comment
<*> On the task <*> our approach achieves a 51 % error reduction over a chance baseline ,	including a 15 % error reduction	1<2	unknown	elab-addition	elaboration
including a 15 % error reduction	due to the non-hypernym-factored sibling features .	1<2	unknown	exp-reason	explanation
We present a structured learning approach to inducing hypernym taxonomies	On a comparison setup , we find up to 29 % relative error reduction over previous work on ancestor F1 .	1<2	unknown	evaluation	comment
We introduce a provably correct learning algorithm for latent-variable PCFGs .	The algorithm relies on two steps :	1<2	unknown	elab-aspect	elaboration
The algorithm relies on two steps :	first , the use of a matrix-decomposition algorithm	1<2	unknown	elab-process_step	elaboration
first , the use of a matrix-decomposition algorithm	applied to a co-occurrence matrix	1<2	unknown	elab-addition	elaboration
applied to a co-occurrence matrix	estimated from the parse trees in a training sample ;	1<2	unknown	elab-addition	elaboration
The algorithm relies on two steps :	second , the use of EM	1<2	unknown	elab-process_step	elaboration
second , the use of EM	applied to a convex objective	1<2	unknown	elab-addition	elaboration
applied to a convex objective	derived from the training samples in combination with the output from the matrix decomposition .	1<2	unknown	elab-addition	elaboration
Experiments on parsing and a language modeling problem show	that the algorithm is efficient and effective in practice .	1>2	unknown	attribution	attribution
We introduce a provably correct learning algorithm for latent-variable PCFGs .	that the algorithm is efficient and effective in practice .	1<2	unknown	evaluation	comment
We propose a spectral approach for unsupervised constituent parsing	that comes with theoretical guarantees on latent structure recovery .	1<2	unknown	elab-addition	elaboration
We propose a spectral approach for unsupervised constituent parsing	Our approach is grammar-less -	1<2	unknown	elab-aspect	elaboration
Our approach is grammar-less -	we directly learn the bracketing structure of a given sentence	1<2	unknown	exp-reason	explanation
we directly learn the bracketing structure of a given sentence	without using a grammar model .	1<2	unknown	manner-means	mode
We propose a spectral approach for unsupervised constituent parsing	The main algorithm is based on lifting the concept of additive tree metrics for structure learning of latent trees in the phylogenetic and machine learning communities to the case	1<2	unknown	elab-aspect	elaboration
The main algorithm is based on lifting the concept of additive tree metrics for structure learning of latent trees in the phylogenetic and machine learning communities to the case	where the tree structure varies across examples .	1<2	unknown	elab-addition	elaboration
"Although finding the ""minimal"" latent tree is NP-hard in general ,"	that it can be found	1>2	unknown	contrast	contrast
for the case of projective trees we find	that it can be found	1>2	unknown	attribution	attribution
We propose a spectral approach for unsupervised constituent parsing	that it can be found	1<2	unknown	elab-aspect	elaboration
that it can be found	using bilexical parsing algorithms .	1<2	unknown	manner-means	mode
We propose a spectral approach for unsupervised constituent parsing	Empirically , our algorithm performs favorably	1<2	unknown	evaluation	comment
Empirically , our algorithm performs favorably	compared to the constituent context model of Klein and Manning ( 2002 )	1<2	unknown	comparison	concession
Empirically , our algorithm performs favorably	without the need for careful initialization .	1<2	unknown	elab-addition	elaboration
Semantic parsers map natural language statements into meaning representations ,	Imitation learning algorithms have been shown	1>2	unknown	bg-goal	frame
Semantic parsers map natural language statements into meaning representations ,	and must abstract over syntactic phenomena ,	1<2	unknown	progression	organization
and must abstract over syntactic phenomena ,	resolve anaphora ,	1<2	unknown	joint	conjunction
and must abstract over syntactic phenomena ,	and identify word senses	1<2	unknown	joint	conjunction
and must abstract over syntactic phenomena ,	to eliminate ambiguous interpretations .	1<2	unknown	enablement	purpose
Semantic parsers map natural language statements into meaning representations ,	Abstract meaning representation ( AMR ) is a recent example of one such semantic formalism	1<2	unknown	elab-example	elaboration
Abstract meaning representation ( AMR ) is a recent example of one such semantic formalism	which , similar to a dependency parse , utilizes a graph	1<2	unknown	elab-addition	elaboration
which , similar to a dependency parse , utilizes a graph	to represent relationships between concepts ( Banarescu et al. , 2013 ) .	1<2	unknown	enablement	purpose
As with dependency parsing ,	transition-based approaches are a common approach to this problem .	1>2	unknown	manner-means	mode
transition-based approaches are a common approach to this problem .	However , when trained in the traditional manner	1>2	unknown	contrast	contrast
However , when trained in the traditional manner	these systems are susceptible to the accumulation of errors	1>2	unknown	condition	condition
these systems are susceptible to the accumulation of errors	Imitation learning algorithms have been shown	1>2	unknown	bg-compare	frame
these systems are susceptible to the accumulation of errors	when they find undesirable states during greedy decoding .	1<2	unknown	condition	condition
Imitation learning algorithms have been shown	to help these systems recover from such errors .	1<2	unknown	enablement	purpose
To effectively use these methods for AMR parsing	we find it highly beneficial to introduce two novel extensions :	1>2	unknown	enablement	purpose
Imitation learning algorithms have been shown	we find it highly beneficial to introduce two novel extensions :	1<2	unknown	elab-addition	elaboration
we find it highly beneficial to introduce two novel extensions :	noise reduction and targeted exploration .	1<2	unknown	elab-enumember	elaboration
noise reduction and targeted exploration .	The former mitigates the noise in the feature representation ,	1<2	unknown	elab-aspect	elaboration
The former mitigates the noise in the feature representation ,	a result of the complexity of the task .	1<2	unknown	elab-addition	elaboration
noise reduction and targeted exploration .	The latter targets the exploration steps of imitation learning towards areas	1<2	unknown	elab-aspect	elaboration
The latter targets the exploration steps of imitation learning towards areas	which are likely to provide the most information in the context of a large action-space .	1<2	unknown	elab-addition	elaboration
Imitation learning algorithms have been shown	We achieve state-ofthe art results ,	1<2	unknown	evaluation	comment
We achieve state-ofthe art results ,	and improve upon standard transition-based parsing by 4.7 F1 points .	1<2	unknown	joint	conjunction
Modeling crisp logical regularities is crucial in semantic parsing ,	In this paper , we introduce data recombination ,	1>2	unknown	bg-goal	frame
Modeling crisp logical regularities is crucial in semantic parsing ,	making it difficult for neural models with no task-specific prior knowledge to achieve good results .	1<2	unknown	elab-addition	elaboration
In this paper , we introduce data recombination ,	a novel framework	1<2	unknown	elab-definition	elaboration
a novel framework	for injecting such prior knowledge into a model .	1<2	unknown	elab-addition	elaboration
In this paper , we introduce data recombination ,	From the training data , we induce a highprecision synchronous context-free grammar ,	1<2	unknown	elab-process_step	elaboration
From the training data , we induce a highprecision synchronous context-free grammar ,	which captures important conditional independence properties	1<2	unknown	elab-addition	elaboration
which captures important conditional independence properties	commonly found in semantic parsing .	1<2	unknown	elab-addition	elaboration
In this paper , we introduce data recombination ,	We then train a sequence-to-sequence recurrent network ( RNN ) model with a novel attention-based copying mechanism on datapoints	1<2	unknown	elab-process_step	elaboration
We then train a sequence-to-sequence recurrent network ( RNN ) model with a novel attention-based copying mechanism on datapoints	sampled from this grammar ,	1<2	unknown	elab-addition	elaboration
We then train a sequence-to-sequence recurrent network ( RNN ) model with a novel attention-based copying mechanism on datapoints	thereby teaching the model about these structural properties .	1<2	unknown	progression	organization
In this paper , we introduce data recombination ,	Data recombination improves the accuracy of our RNN model on three semantic parsing datasets ,	1<2	unknown	evaluation	comment
Data recombination improves the accuracy of our RNN model on three semantic parsing datasets ,	leading to new state-of-the-art performance on the standard GeoQuery dataset for models with comparable supervision .	1<2	unknown	elab-addition	elaboration
A core problem in learning semantic parsers from denotations is picking out consistent logical forms-those	In this paper , we consider a much more expressive class of logical forms ,	1>2	unknown	bg-goal	frame
A core problem in learning semantic parsers from denotations is picking out consistent logical forms-those	that yield the correct denotation-from a combinatorially large space .	1<2	unknown	elab-addition	elaboration
To control the search space ,	previous work relied on restricted set of rules ,	1>2	unknown	enablement	purpose
previous work relied on restricted set of rules ,	In this paper , we consider a much more expressive class of logical forms ,	1>2	unknown	bg-compare	frame
previous work relied on restricted set of rules ,	which limits expressivity .	1<2	unknown	elab-addition	elaboration
and show	how to use dynamic programming	1>2	unknown	attribution	attribution
In this paper , we consider a much more expressive class of logical forms ,	how to use dynamic programming	1<2	unknown	joint	conjunction
how to use dynamic programming	to efficiently represent the complete set of consistent logical forms .	1<2	unknown	enablement	purpose
In this paper , we consider a much more expressive class of logical forms ,	Expressivity also introduces many more spurious logical forms	1<2	unknown	elab-addition	elaboration
Expressivity also introduces many more spurious logical forms	which are consistent with the correct denotation	1<2	unknown	elab-addition	elaboration
which are consistent with the correct denotation	but do not represent the meaning of the utterance .	1<2	unknown	contrast	contrast
To address this ,	we generate fictitious worlds	1>2	unknown	enablement	purpose
Expressivity also introduces many more spurious logical forms	we generate fictitious worlds	1<2	unknown	elab-addition	elaboration
we generate fictitious worlds	and use crowdsourced denotations on these worlds	1<2	unknown	joint	conjunction
and use crowdsourced denotations on these worlds	to filter out spurious logical forms .	1<2	unknown	enablement	purpose
In this paper , we consider a much more expressive class of logical forms ,	On the WIKITABLEQUESTIONS dataset , we increase the coverage of answerable questions from 53.5 % to 76 % ,	1<2	unknown	evaluation	comment
On the WIKITABLEQUESTIONS dataset , we increase the coverage of answerable questions from 53.5 % to 76 % ,	and the additional crowdsourced supervision lets us rule out 92.1 % of spurious logical forms .	1<2	unknown	joint	conjunction
Semantic parsing aims at mapping natural language to machine interpretable meaning representations .	In this paper we present a general method	1>2	unknown	bg-goal	frame
Traditional approaches rely on high-quality lexicons , manually-built templates , and linguistic features	In this paper we present a general method	1>2	unknown	bg-compare	frame
Traditional approaches rely on high-quality lexicons , manually-built templates , and linguistic features	which are either domainor representation-specific .	1<2	unknown	elab-addition	elaboration
In this paper we present a general method	based on an attention-enhanced encoder-decoder model .	1<2	unknown	bg-general	frame
In this paper we present a general method	We encode input utterances into vector representations ,	1<2	unknown	elab-addition	elaboration
We encode input utterances into vector representations ,	and generate their logical forms	1<2	unknown	progression	organization
and generate their logical forms	by conditioning the output sequences or trees on the encoding vectors .	1<2	unknown	manner-means	mode
Experimental results on four atasets show	that our approach performs competitively	1>2	unknown	attribution	attribution
In this paper we present a general method	that our approach performs competitively	1<2	unknown	evaluation	comment
that our approach performs competitively	without using hand-engineered features	1<2	unknown	condition	condition
that our approach performs competitively	and is easy to adapt across domains and meaning representations .	1<2	unknown	joint	conjunction
Slot filling aims to extract the values ( slot fillers ) of specific attributes ( slots types ) for a given entity ( query ) from a largescale corpus .	We propose a simple yet effective unsupervised approach	1>2	unknown	bg-goal	frame
Slot filling aims to extract the values ( slot fillers ) of specific attributes ( slots types ) for a given entity ( query ) from a largescale corpus .	Slot filling remains very challenging over the past seven years .	1<2	unknown	elab-addition	elaboration
We propose a simple yet effective unsupervised approach	to extract slot fillers	1<2	unknown	elab-addition	elaboration
We propose a simple yet effective unsupervised approach	based on the following two observations :	1<2	unknown	bg-general	frame
based on the following two observations :	( 1 ) a trigger is usually a salient node relative to the query and filler nodes in the dependency graph of a context sentence ;	1<2	unknown	elab-enumember	elaboration
( 1 ) a trigger is usually a salient node relative to the query and filler nodes in the dependency graph of a context sentence ;	( 2 ) a relation is likely to exist	1<2	unknown	joint	conjunction
( 2 ) a relation is likely to exist	if the query and candidate filler nodes are strongly connected by a relation-specific trigger .	1<2	unknown	condition	condition
We propose a simple yet effective unsupervised approach	Thus we design a graph-based algorithm	1<2	unknown	elab-addition	elaboration
Thus we design a graph-based algorithm	to automatically identify triggers	1<2	unknown	elab-addition	elaboration
Thus we design a graph-based algorithm	based on personalized PageRank and Affinity Propagation for a given ( query , filler ) pair	1<2	unknown	bg-general	frame
Thus we design a graph-based algorithm	and then label the slot type	1<2	unknown	progression	organization
and then label the slot type	based on the identified triggers .	1<2	unknown	bg-general	frame
We propose a simple yet effective unsupervised approach	Our approach achieves 11.6 % -25 % higher F-score over state-ofthe-art English slot filling methods .	1<2	unknown	evaluation	comment
Our experiments also demonstrate	this approach can be quickly adapted to any language and new slot types .	1>2	unknown	attribution	attribution
that as long as a few trigger seeds , name tagging and dependency parsing capabilities exist ,	this approach can be quickly adapted to any language and new slot types .	1>2	unknown	condition	condition
We propose a simple yet effective unsupervised approach	this approach can be quickly adapted to any language and new slot types .	1<2	unknown	evaluation	comment
this approach can be quickly adapted to any language and new slot types .	Our promising results on Chinese slot filling can serve as a new benchmark .	1<2	unknown	elab-addition	elaboration
When a large-scale incident or disaster occurs ,	there is often a great demand for rapidly developing a system	1>2	unknown	temporal	temporal
there is often a great demand for rapidly developing a system	We propose a novel approach	1>2	unknown	bg-goal	frame
there is often a great demand for rapidly developing a system	to extract detailed and new information from lowresource languages ( LLs ) .	1<2	unknown	enablement	purpose
We propose a novel approach	to discover comparable documents in high-resource languages ( HLs ) ,	1<2	unknown	elab-addition	elaboration
to discover comparable documents in high-resource languages ( HLs ) ,	and project Entity Discovery and Linking results from HLs documents back to LLs .	1<2	unknown	joint	conjunction
We propose a novel approach	We leverage a wide variety of language-independent forms from multiple data modalities ,	1<2	unknown	elab-addition	elaboration
We leverage a wide variety of language-independent forms from multiple data modalities ,	including image processing ( image-to-image retrieval , visual similarity and face recognition ) and sound matching .	1<2	unknown	elab-enumember	elaboration
We propose a novel approach	We also propose novel methods	1<2	unknown	elab-addition	elaboration
We also propose novel methods	to learn entity priors from a large-scale HL corpus and knowledge base .	1<2	unknown	elab-addition	elaboration
Using Hausa and Chinese as the LLs and English as the HL ,	experiments show	1>2	unknown	elab-addition	elaboration
experiments show	that our approach achieves 36.1 % higher Hausa name tagging F-score over a costly supervised model ,	1>2	unknown	attribution	attribution
We propose a novel approach	that our approach achieves 36.1 % higher Hausa name tagging F-score over a costly supervised model ,	1<2	unknown	evaluation	comment
that our approach achieves 36.1 % higher Hausa name tagging F-score over a costly supervised model ,	and 9.4 % higher Chinese-to-English Entity Linking accuracy over state-of-the-art .	1<2	unknown	joint	conjunction
suggesting	how to complete a partial translation .	1>2	unknown	attribution	attribution
We apply phrase-based and neural models to a core task in interactive machine translation :	how to complete a partial translation .	1<2	unknown	elab-addition	elaboration
We apply phrase-based and neural models to a core task in interactive machine translation :	For the phrase-based system , we demonstrate improvements in suggestion quality	1<2	unknown	elab-addition	elaboration
For the phrase-based system , we demonstrate improvements in suggestion quality	using novel objective functions , learning techniques , and inference algorithms	1<2	unknown	manner-means	mode
using novel objective functions , learning techniques , and inference algorithms	tailored to this task .	1<2	unknown	elab-addition	elaboration
We apply phrase-based and neural models to a core task in interactive machine translation :	Our contributions include new tunable metrics , an improved beam search strategy , an n-best extraction method <*> and a tuning procedure for a hierarchical joint model of alignment and translation .	1<2	unknown	elab-addition	elaboration
Our contributions include new tunable metrics , an improved beam search strategy , an n-best extraction method <*> and a tuning procedure for a hierarchical joint model of alignment and translation .	that increases suggestion diversity ,	1<2	unknown	elab-addition	elaboration
We apply phrase-based and neural models to a core task in interactive machine translation :	The combination of these techniques improves next-word suggestion accuracy dramatically from 28.5 % to 41.2 % in a large-scale English-German experiment .	1<2	unknown	evaluation	comment
The combination of these techniques improves next-word suggestion accuracy dramatically from 28.5 % to 41.2 % in a large-scale English-German experiment .	Our recurrent neural translation system increases accuracy yet further to 53.0 % ,	1<2	unknown	elab-addition	elaboration
Our recurrent neural translation system increases accuracy yet further to 53.0 % ,	but inference is two orders of magnitude slower .	1<2	unknown	contrast	contrast
We apply phrase-based and neural models to a core task in interactive machine translation :	Manual error analysis shows the strengths and weaknesses of both approaches .	1<2	unknown	evaluation	comment
Attention mechanism has enhanced stateof-the-art Neural Machine Translation ( NMT )	we propose coverage-based NMT in this paper .	1>2	unknown	bg-compare	frame
Attention mechanism has enhanced stateof-the-art Neural Machine Translation ( NMT )	by jointly learning to align and translate .	1<2	unknown	manner-means	mode
Attention mechanism has enhanced stateof-the-art Neural Machine Translation ( NMT )	It tends to ignore past alignment information ,	1<2	unknown	elab-addition	elaboration
It tends to ignore past alignment information ,	however , which often leads to over-translation and under-translation .	1<2	unknown	elab-addition	elaboration
To address this problem ,	we propose coverage-based NMT in this paper .	1>2	unknown	enablement	purpose
we propose coverage-based NMT in this paper .	We maintain a coverage vector	1<2	unknown	elab-addition	elaboration
We maintain a coverage vector	to keep track of the attention history .	1<2	unknown	enablement	purpose
We maintain a coverage vector	The coverage vector is fed to the attention model	1<2	unknown	elab-addition	elaboration
The coverage vector is fed to the attention model	to help adjust future attention ,	1<2	unknown	enablement	purpose
The coverage vector is fed to the attention model	which lets NMT system to consider more about untranslated source words .	1<2	unknown	elab-addition	elaboration
Experiments show	that the proposed approach significantly improves both translation quality and alignment quality over standard attention-based NMT .	1>2	unknown	attribution	attribution
we propose coverage-based NMT in this paper .	that the proposed approach significantly improves both translation quality and alignment quality over standard attention-based NMT .	1<2	unknown	evaluation	comment
Neural Machine Translation ( NMT ) has obtained state-of-the art performance for several language pairs ,	and we investigate the use of monolingual data for NMT .	1>2	unknown	bg-compare	frame
Neural Machine Translation ( NMT ) has obtained state-of-the art performance for several language pairs ,	while only using parallel data for training .	1<2	unknown	condition	condition
Targetside monolingual data plays an important role	and we investigate the use of monolingual data for NMT .	1>2	unknown	joint	conjunction
Targetside monolingual data plays an important role	in boosting fluency for phrasebased statistical machine translation ,	1<2	unknown	elab-addition	elaboration
In contrast to previous work ,	that encoder-decoder NMT architectures already have the capacity	1>2	unknown	comparison	concession
In contrast to previous work ,	which combines NMT models with separately trained language models ,	1<2	unknown	elab-addition	elaboration
we note	that encoder-decoder NMT architectures already have the capacity	1>2	unknown	attribution	attribution
and we investigate the use of monolingual data for NMT .	that encoder-decoder NMT architectures already have the capacity	1<2	unknown	elab-addition	elaboration
that encoder-decoder NMT architectures already have the capacity	to learn the same information as a language model ,	1<2	unknown	elab-addition	elaboration
that encoder-decoder NMT architectures already have the capacity	and we explore strategies	1<2	unknown	joint	conjunction
and we explore strategies	to train with monolingual data	1<2	unknown	elab-addition	elaboration
to train with monolingual data	without changing the neural network architecture .	1<2	unknown	condition	condition
By pairing monolingual training data with an automatic backtranslation ,	we can treat it as additional parallel training data ,	1>2	unknown	manner-means	mode
and we investigate the use of monolingual data for NMT .	we can treat it as additional parallel training data ,	1<2	unknown	evaluation	comment
we can treat it as additional parallel training data ,	and we obtain substantial improvements on the WMT 15 task English to German ( +2.8-3.7 BLEU ) , and for the low-resourced IWSLT 14 task Turkish to English ( +2.1-3.4 BLEU ) ,	1<2	unknown	joint	conjunction
and we obtain substantial improvements on the WMT 15 task English to German ( +2.8-3.7 BLEU ) , and for the low-resourced IWSLT 14 task Turkish to English ( +2.1-3.4 BLEU ) ,	obtaining new state-of-the-art results .	1<2	unknown	elab-addition	elaboration
We also show	that fine-tuning on in-domain monolingual and parallel data gives substantial improvements for the IWSLT 15 task English ! German .	1>2	unknown	attribution	attribution
and we investigate the use of monolingual data for NMT .	that fine-tuning on in-domain monolingual and parallel data gives substantial improvements for the IWSLT 15 task English ! German .	1<2	unknown	evaluation	comment
One major drawback of phrase-based translation is that it segments an input sentence into continuous phrases .	in this paper we construct graphs	1>2	unknown	bg-goal	frame
To support linguistically informed source discontinuity ,	in this paper we construct graphs	1>2	unknown	enablement	purpose
in this paper we construct graphs	which combine bigram and dependency relations	1<2	unknown	elab-addition	elaboration
in this paper we construct graphs	and propose a graph-based translation model .	1<2	unknown	joint	conjunction
in this paper we construct graphs	The model segments an input graph into connected subgraphs ,	1<2	unknown	elab-addition	elaboration
The model segments an input graph into connected subgraphs ,	each of which may cover a discontinuous phrase .	1<2	unknown	elab-addition	elaboration
in this paper we construct graphs	We use beam search	1<2	unknown	elab-addition	elaboration
We use beam search	to combine translations of each subgraph left-to-right	1<2	unknown	enablement	purpose
to combine translations of each subgraph left-to-right	to produce a complete translation .	1<2	unknown	enablement	purpose
Experiments on Chinese-English and German-English tasks show	that our system is significantly better than the phrase-based model by up to +1.5/+0.5 BLEU scores .	1>2	unknown	attribution	attribution
in this paper we construct graphs	that our system is significantly better than the phrase-based model by up to +1.5/+0.5 BLEU scores .	1<2	unknown	evaluation	comment
By explicitly modeling the graph segmentation ,	our system obtains further improvement , especially on German-English .	1>2	unknown	manner-means	mode
in this paper we construct graphs	our system obtains further improvement , especially on German-English .	1<2	unknown	evaluation	comment
As a new generation of cognitive robots start to enter our lives ,	it is important to enable robots to follow human commands	1>2	unknown	cause	causal
it is important to enable robots to follow human commands	this paper presents an approach	1>2	unknown	bg-goal	frame
it is important to enable robots to follow human commands	and to learn new actions from human language instructions .	1<2	unknown	joint	conjunction
To address this issue ,	this paper presents an approach	1>2	unknown	enablement	purpose
this paper presents an approach	that explicitly represents verb semantics through hypothesis spaces of fluents	1<2	unknown	elab-addition	elaboration
that explicitly represents verb semantics through hypothesis spaces of fluents	and automatically acquires these hypothesis spaces	1<2	unknown	joint	conjunction
and automatically acquires these hypothesis spaces	by interacting with humans .	1<2	unknown	manner-means	mode
this paper presents an approach	The learned hypothesis spaces can be used	1<2	unknown	elab-addition	elaboration
The learned hypothesis spaces can be used	to automatically plan for lower-level primitive actions towards physical world interaction .	1<2	unknown	enablement	purpose
Our empirical results have shown	that the representation of a hypothesis space of fluents , <*> outperforms a previous baseline .	1>2	unknown	attribution	attribution
this paper presents an approach	that the representation of a hypothesis space of fluents , <*> outperforms a previous baseline .	1<2	unknown	evaluation	comment
that the representation of a hypothesis space of fluents , <*> outperforms a previous baseline .	combined with the learned hypothesis selection algorithm ,	1<2	unknown	elab-addition	elaboration
this paper presents an approach	In addition , our approach applies incremental learning ,	1<2	unknown	evaluation	comment
In addition , our approach applies incremental learning ,	which can contribute to life-long learning from humans in the future .	1<2	unknown	elab-addition	elaboration
We propose a framework for lexical substitution	that is able to perform transfer learning across languages .	1<2	unknown	elab-addition	elaboration
We propose a framework for lexical substitution	Datasets for this task are available in at least three languages	1<2	unknown	elab-addition	elaboration
Datasets for this task are available in at least three languages	( English , Italian , and German ) .	1<2	unknown	elab-enumember	elaboration
Previous work has addressed each of these tasks in isolation .	In contrast , we regard the union of three shared tasks as a combined multilingual dataset .	1>2	unknown	contrast	contrast
Datasets for this task are available in at least three languages	In contrast , we regard the union of three shared tasks as a combined multilingual dataset .	1<2	unknown	elab-addition	elaboration
We show	that a supervised system can be trained effectively ,	1>2	unknown	attribution	attribution
In contrast , we regard the union of three shared tasks as a combined multilingual dataset .	that a supervised system can be trained effectively ,	1<2	unknown	elab-addition	elaboration
that a supervised system can be trained effectively ,	even if training and evaluation data are from different languages .	1<2	unknown	condition	condition
Successful transfer learning between languages suggests	that the learned model is in fact independent of the underlying language .	1>2	unknown	attribution	attribution
We propose a framework for lexical substitution	that the learned model is in fact independent of the underlying language .	1<2	unknown	summary	organization
We propose a framework for lexical substitution	We combine state-of-the-art unsupervised features	1<2	unknown	evaluation	comment
We combine state-of-the-art unsupervised features	obtained from syntactic word embeddings and distributional thesauri	1<2	unknown	elab-addition	elaboration
We combine state-of-the-art unsupervised features	in a supervised delexicalized ranking system .	1<2	unknown	elab-addition	elaboration
We propose a framework for lexical substitution	Our system improves over state of the art in the full lexical substitution task in all three languages .	1<2	unknown	evaluation	comment
We use Bayesian optimization	to learn curricula for word representation learning ,	1<2	unknown	enablement	purpose
We use Bayesian optimization	optimizing performance on downstream tasks	1<2	unknown	elab-addition	elaboration
optimizing performance on downstream tasks	that depend on the learned representations as features .	1<2	unknown	elab-addition	elaboration
to learn curricula for word representation learning ,	The curricula are modeled by a linear ranking function	1<2	unknown	elab-addition	elaboration
The curricula are modeled by a linear ranking function	which is the scalar product of a learned weight vector and an engineered feature vector	1<2	unknown	elab-addition	elaboration
which is the scalar product of a learned weight vector and an engineered feature vector	that characterizes the different aspects of the complexity of each instance in the training corpus .	1<2	unknown	elab-addition	elaboration
We show	that learning the curriculum improves performance on a variety of downstream tasks	1>2	unknown	attribution	attribution
We use Bayesian optimization	that learning the curriculum improves performance on a variety of downstream tasks	1<2	unknown	evaluation	comment
that learning the curriculum improves performance on a variety of downstream tasks	over random orders	1<2	unknown	comparison	concession
over random orders	and in comparison to the natural corpus order .	1<2	unknown	joint	conjunction
The problem of rare and unknown words is an important issue	We propose a novel way	1>2	unknown	bg-goal	frame
The problem of rare and unknown words is an important issue	that can potentially effect the performance of many NLP systems ,	1<2	unknown	elab-addition	elaboration
that can potentially effect the performance of many NLP systems ,	including traditional count-based and deep learning models .	1<2	unknown	elab-example	elaboration
We propose a novel way	to deal with the rare and unseen words for the neural network models	1<2	unknown	elab-addition	elaboration
to deal with the rare and unseen words for the neural network models	using attention .	1<2	unknown	manner-means	mode
We propose a novel way	Our model uses two softmax layers	1<2	unknown	elab-addition	elaboration
Our model uses two softmax layers	in order to predict the next word in conditional language models :	1<2	unknown	enablement	purpose
Our model uses two softmax layers	one predicts the location of a word in the source sentence ,	1<2	unknown	elab-addition	elaboration
one predicts the location of a word in the source sentence ,	and the other predicts a word in the shortlist vocabulary .	1<2	unknown	joint	conjunction
We propose a novel way	At each timestep , the decision <*> is adaptively made by an MLP	1<2	unknown	elab-addition	elaboration
At each timestep , the decision <*> is adaptively made by an MLP	of which softmax layer to use	1<2	unknown	elab-addition	elaboration
is adaptively made by an MLP	which is conditioned on the context .	1<2	unknown	elab-addition	elaboration
We propose a novel way	We motivate this work from a psychological evidence	1<2	unknown	elab-addition	elaboration
We motivate this work from a psychological evidence	that humans naturally have a tendency	1<2	unknown	elab-addition	elaboration
that humans naturally have a tendency	to point towards objects in the context or the environment	1<2	unknown	elab-addition	elaboration
that humans naturally have a tendency	when the name of an object is not known .	1<2	unknown	condition	condition
Using our proposed model ,	we observe improvements on two tasks ,	1>2	unknown	manner-means	mode
We propose a novel way	we observe improvements on two tasks ,	1<2	unknown	evaluation	comment
we observe improvements on two tasks ,	neural machine translation on the Europarl English to French parallel corpora and text summarization on the Gigaword dataset .	1<2	unknown	elab-enumember	elaboration
In this paper , we present a generalized transition-based parsing framework	where parsers are instantiated in terms of a set of control parameters	1<2	unknown	elab-addition	elaboration
where parsers are instantiated in terms of a set of control parameters	that constrain transitions between parser states .	1<2	unknown	elab-addition	elaboration
In this paper , we present a generalized transition-based parsing framework	This generalization provides a unified framework	1<2	unknown	elab-addition	elaboration
This generalization provides a unified framework	to describe and compare various transitionbased parsing approaches from both a theoretical and empirical perspective .	1<2	unknown	enablement	purpose
to describe and compare various transitionbased parsing approaches from both a theoretical and empirical perspective .	This includes well-known transition systems ,	1<2	unknown	elab-addition	elaboration
This includes well-known transition systems ,	but also previously unstudied systems .	1<2	unknown	joint	conjunction
We present a transition-based system	that jointly predicts the syntactic structure and lexical units of a sentence	1<2	unknown	elab-addition	elaboration
that jointly predicts the syntactic structure and lexical units of a sentence	by building two structures over the input words :	1<2	unknown	manner-means	mode
by building two structures over the input words :	a syntactic dependency tree and a forest of lexical units	1<2	unknown	elab-enumember	elaboration
a syntactic dependency tree and a forest of lexical units	including multiword expressions ( MWEs ) .	1<2	unknown	elab-example	elaboration
We present a transition-based system	This combined representation allows us to capture both the syntactic and semantic structure of MWEs ,	1<2	unknown	elab-addition	elaboration
This combined representation allows us to capture both the syntactic and semantic structure of MWEs ,	which in turn enables deeper downstream semantic analysis ,	1<2	unknown	elab-addition	elaboration
which in turn enables deeper downstream semantic analysis ,	especially for semicompositional MWEs .	1<2	unknown	elab-addition	elaboration
We present a transition-based system	The proposed system extends the arc-standard transition system for dependency parsing with transitions	1<2	unknown	elab-addition	elaboration
The proposed system extends the arc-standard transition system for dependency parsing with transitions	for building complex lexical units .	1<2	unknown	elab-addition	elaboration
Experiments on two different data sets show	that the approach significantly improves MWE identification accuracy ( and sometimes syntactic accuracy )	1>2	unknown	attribution	attribution
We present a transition-based system	that the approach significantly improves MWE identification accuracy ( and sometimes syntactic accuracy )	1<2	unknown	evaluation	comment
that the approach significantly improves MWE identification accuracy ( and sometimes syntactic accuracy )	compared to existing joint approaches .	1<2	unknown	comparison	concession
We report on a method	for compiling decision trees into weighted finite-state transducers .	1<2	unknown	enablement	purpose
We report on a method	The key assumptions are that the tree predictions specify how to rewrite symbols from an input string ,	1<2	unknown	elab-aspect	elaboration
The key assumptions are that the tree predictions specify how to rewrite symbols from an input string ,	and the decision at each tree node is stateable in terms of regular expressions on the input string .	1<2	unknown	joint	conjunction
We report on a method	Each leaf node can then be treated as a separate rule	1<2	unknown	elab-aspect	elaboration
Each leaf node can then be treated as a separate rule	where the left and right contexts are constructable from the decisions	1<2	unknown	elab-addition	elaboration
where the left and right contexts are constructable from the decisions	made traversing the tree from the root to the leaf .	1<2	unknown	elab-addition	elaboration
We report on a method	These rules are compiled into transducers	1<2	unknown	elab-aspect	elaboration
These rules are compiled into transducers	using the weighted rewrite-rule rule-compilation algorithm	1<2	unknown	manner-means	mode
using the weighted rewrite-rule rule-compilation algorithm	described in ( Mohri and Sproat , 1996 ) .	1<2	unknown	elab-addition	elaboration
Dynamic oracle training has shown substantial improvements for dependency parsing in various settings ,	but has not been explored for constituent parsing .	1>2	unknown	contrast	contrast
but has not been explored for constituent parsing .	The present article introduces a dynamic oracle for transition-based constituent parsing .	1>2	unknown	bg-compare	frame
Experiments on the 9 languages of the SPMRL dataset show	that a neural greedy parser with morphological features , <*> leads to accuracies	1>2	unknown	attribution	attribution
The present article introduces a dynamic oracle for transition-based constituent parsing .	that a neural greedy parser with morphological features , <*> leads to accuracies	1<2	unknown	elab-addition	elaboration
that a neural greedy parser with morphological features , <*> leads to accuracies	trained with a dynamic oracle ,	1<2	unknown	elab-addition	elaboration
that a neural greedy parser with morphological features , <*> leads to accuracies	comparable with the best non-reranking and non-ensemble parsers .	1<2	unknown	comparison	concession
Metaphorical expressions are pervasive in natural language	This paper is the first	1>2	unknown	bg-goal	frame
Metaphorical expressions are pervasive in natural language	and pose a substantial challenge for computational semantics .	1<2	unknown	joint	conjunction
Metaphorical expressions are pervasive in natural language	The inherent compositionality of metaphor makes it an important test case for compositional distributional semantic models ( CDSMs ) .	1<2	unknown	elab-addition	elaboration
to investigate	whether metaphorical composition warrants a distinct treatment in the CDSM framework .	1>2	unknown	attribution	attribution
This paper is the first	whether metaphorical composition warrants a distinct treatment in the CDSM framework .	1<2	unknown	elab-addition	elaboration
This paper is the first	We propose a method	1<2	unknown	elab-addition	elaboration
We propose a method	to learn metaphors as linear transformations in a vector space	1<2	unknown	elab-addition	elaboration
and find	that , across a variety of semantic domains , explicitly modeling metaphor improves the resulting semantic representations .	1>2	unknown	attribution	attribution
We propose a method	that , across a variety of semantic domains , explicitly modeling metaphor improves the resulting semantic representations .	1<2	unknown	progression	organization
This paper is the first	We then use these representations in a metaphor identification task ,	1<2	unknown	evaluation	comment
We then use these representations in a metaphor identification task ,	achieving a high performance of 0.82 in terms of F-score .	1<2	unknown	elab-addition	elaboration
Idiom token classification is the task of deciding for a set of potentially idiomatic phrases	In this work we explore the use of Skip-Thought Vectors	1>2	unknown	bg-goal	frame
Idiom token classification is the task of deciding for a set of potentially idiomatic phrases	whether each occurrence of a phrase is a literal or idiomatic usage of the phrase .	1<2	unknown	elab-addition	elaboration
In this work we explore the use of Skip-Thought Vectors	to create distributed representations	1<2	unknown	enablement	purpose
to create distributed representations	that encode features	1<2	unknown	elab-addition	elaboration
that encode features	that are predictive with respect to idiom token classification .	1<2	unknown	elab-addition	elaboration
We show	that classifiers <*> have competitive performance	1>2	unknown	attribution	attribution
In this work we explore the use of Skip-Thought Vectors	that classifiers <*> have competitive performance	1<2	unknown	elab-addition	elaboration
that classifiers <*> have competitive performance	using these representations	1<2	unknown	elab-addition	elaboration
that classifiers <*> have competitive performance	compared with the state of the art in idiom token classification .	1<2	unknown	comparison	concession
In this work we explore the use of Skip-Thought Vectors	Importantly , however , our models use only the sentence	1<2	unknown	elab-addition	elaboration
Importantly , however , our models use only the sentence	containing the target phrase as input	1<2	unknown	elab-addition	elaboration
Importantly , however , our models use only the sentence	and are thus less dependent on a potentially inaccurate or incomplete model of discourse context .	1<2	unknown	result	causal
In this work we explore the use of Skip-Thought Vectors	We further demonstrate the feasibility of using these representations	1<2	unknown	elab-addition	elaboration
We further demonstrate the feasibility of using these representations	to train a competitive general idiom token classifier .	1<2	unknown	enablement	purpose
We present a novel method	for jointly learning compositional and noncompositional phrase embeddings	1<2	unknown	elab-addition	elaboration
for jointly learning compositional and noncompositional phrase embeddings	by adaptively weighting both types of embeddings	1<2	unknown	manner-means	mode
by adaptively weighting both types of embeddings	using a compositionality scoring function .	1<2	unknown	manner-means	mode
We present a novel method	The scoring function is used	1<2	unknown	elab-addition	elaboration
The scoring function is used	to quantify the level of compositionality of each phrase ,	1<2	unknown	enablement	purpose
The scoring function is used	and the parameters of the function are jointly optimized with the objective	1<2	unknown	joint	conjunction
and the parameters of the function are jointly optimized with the objective	for learning phrase embeddings .	1<2	unknown	elab-addition	elaboration
We present a novel method	In experiments , we apply the adaptive joint learning method to the task	1<2	unknown	evaluation	comment
In experiments , we apply the adaptive joint learning method to the task	of learning embeddings of transitive verb phrases ,	1<2	unknown	elab-addition	elaboration
and show	that the compositionality scores have strong correlation with human ratings for verb-object compositionality ,	1>2	unknown	attribution	attribution
In experiments , we apply the adaptive joint learning method to the task	that the compositionality scores have strong correlation with human ratings for verb-object compositionality ,	1<2	unknown	progression	organization
that the compositionality scores have strong correlation with human ratings for verb-object compositionality ,	substantially outperforming the previous state of the art .	1<2	unknown	elab-addition	elaboration
We present a novel method	Moreover , our embeddings improve upon the previous best model on a transitive verb disambiguation task .	1<2	unknown	evaluation	comment
We also show	that a simple ensemble technique further improves the results for both tasks .	1>2	unknown	attribution	attribution
We present a novel method	that a simple ensemble technique further improves the results for both tasks .	1<2	unknown	evaluation	comment
Metaphor is a common linguistic tool in communication ,	We present a new approach	1>2	unknown	bg-goal	frame
Metaphor is a common linguistic tool in communication ,	making its detection in discourse a crucial task for natural language understanding .	1<2	unknown	result	causal
One popular approach to this challenge is to capture semantic incohesion between a metaphor and the dominant topic of the surrounding text .	We present a new approach	1>2	unknown	bg-compare	frame
While these methods are effective ,	they tend to overclassify target words as metaphorical	1>2	unknown	condition	condition
One popular approach to this challenge is to capture semantic incohesion between a metaphor and the dominant topic of the surrounding text .	they tend to overclassify target words as metaphorical	1<2	unknown	elab-addition	elaboration
they tend to overclassify target words as metaphorical	when they deviate in meaning from its context .	1<2	unknown	condition	condition
We present a new approach	that ( 1 ) distinguishes literal and non-literal use of target words	1<2	unknown	elab-addition	elaboration
that ( 1 ) distinguishes literal and non-literal use of target words	by examining sentence-level topic transitions	1<2	unknown	manner-means	mode
that ( 1 ) distinguishes literal and non-literal use of target words	and ( 2 ) captures the motivation of speakers	1<2	unknown	joint	conjunction
and ( 2 ) captures the motivation of speakers	to express emotions and abstract concepts metaphorically .	1<2	unknown	enablement	purpose
We present a new approach	Experiments on an online breast cancer discussion forum dataset demonstrate a significant improvement in metaphor detection over the state-of-theart .	1<2	unknown	evaluation	comment
Experiments on an online breast cancer discussion forum dataset demonstrate a significant improvement in metaphor detection over the state-of-theart .	These experimental results also reveal a tendency toward metaphor usage in personal topics and certain emotional contexts .	1<2	unknown	elab-addition	elaboration
Neural networks are among the state-ofthe-art techniques for language modeling .	In this paper , we propose to compress neural language models by sparse word representations .	1>2	unknown	bg-compare	frame
Neural networks are among the state-ofthe-art techniques for language modeling .	Existing neural language models typically map discrete words to distributed , dense vector representations .	1<2	unknown	elab-addition	elaboration
After information processing of the preceding context words by hidden layers ,	an output layer estimates the probability of the next word .	1>2	unknown	temporal	temporal
Existing neural language models typically map discrete words to distributed , dense vector representations .	an output layer estimates the probability of the next word .	1<2	unknown	elab-addition	elaboration
Existing neural language models typically map discrete words to distributed , dense vector representations .	Such approaches are time- and memory-intensive	1<2	unknown	elab-addition	elaboration
Such approaches are time- and memory-intensive	because of the large numbers of parameters for word embeddings and the output layer .	1<2	unknown	exp-reason	explanation
In this paper , we propose to compress neural language models by sparse word representations .	In the experiments , the number of parameters in our model increases very slowly with the growth of the vocabulary size ,	1<2	unknown	evaluation	comment
In the experiments , the number of parameters in our model increases very slowly with the growth of the vocabulary size ,	which is almost imperceptible .	1<2	unknown	elab-addition	elaboration
In this paper , we propose to compress neural language models by sparse word representations .	Moreover , our approach not only reduces the parameter space to a large extent ,	1<2	unknown	evaluation	comment
Moreover , our approach not only reduces the parameter space to a large extent ,	but also improves the performance in terms of the perplexity measure .	1<2	unknown	progression	organization
We introduce a new methodology for intrinsic evaluation of word representations .	Specifically , we identify four fundamental criteria	1<2	unknown	elab-addition	elaboration
Specifically , we identify four fundamental criteria	based on the characteristics of natural language	1<2	unknown	bg-general	frame
based on the characteristics of natural language	that pose difficulties to NLP systems ;	1<2	unknown	elab-addition	elaboration
Specifically , we identify four fundamental criteria	and develop tests	1<2	unknown	joint	conjunction
that directly show	whether or not representations contain the subspaces necessary	1>2	unknown	attribution	attribution
and develop tests	whether or not representations contain the subspaces necessary	1<2	unknown	elab-addition	elaboration
whether or not representations contain the subspaces necessary	to satisfy these criteria .	1<2	unknown	elab-addition	elaboration
We introduce a new methodology for intrinsic evaluation of word representations .	Current intrinsic evaluations are mostly based on the overall similarity or full-space similarity of words	1<2	unknown	evaluation	comment
Current intrinsic evaluations are mostly based on the overall similarity or full-space similarity of words	and thus view vector representations as points .	1<2	unknown	result	causal
We introduce a new methodology for intrinsic evaluation of word representations .	We show the limits of these point-based intrinsic evaluations .	1<2	unknown	evaluation	comment
We introduce a new methodology for intrinsic evaluation of word representations .	We apply our evaluation methodology to the comparison of a count vector model and several neural network models	1<2	unknown	evaluation	comment
We apply our evaluation methodology to the comparison of a count vector model and several neural network models	and demonstrate important properties of these models .	1<2	unknown	progression	organization
A shared bilingual word embedding space ( SBWES ) is an indispensable resource in a variety of cross-language NLP and IR tasks .	In this work , we analyze the importance and properties of seed lexicons for the SBWES induction across different dimensions	1>2	unknown	bg-compare	frame
A shared bilingual word embedding space ( SBWES ) is an indispensable resource in a variety of cross-language NLP and IR tasks .	A common approach to the SBWES induction is to learn a mapping function between monolingual semantic spaces ,	1<2	unknown	elab-addition	elaboration
A common approach to the SBWES induction is to learn a mapping function between monolingual semantic spaces ,	where the mapping critically relies on a seed word lexicon	1<2	unknown	elab-addition	elaboration
where the mapping critically relies on a seed word lexicon	used in the learning process .	1<2	unknown	elab-addition	elaboration
In this work , we analyze the importance and properties of seed lexicons for the SBWES induction across different dimensions	( i.e. , lexicon source , lexicon size , translation method , translation pair reliability ) .	1<2	unknown	elab-enumember	elaboration
On the basis of our analysis ,	we propose a simple but effective hybrid bilingual word embedding ( BWE ) model .	1>2	unknown	bg-general	frame
In this work , we analyze the importance and properties of seed lexicons for the SBWES induction across different dimensions	we propose a simple but effective hybrid bilingual word embedding ( BWE ) model .	1<2	unknown	elab-addition	elaboration
we propose a simple but effective hybrid bilingual word embedding ( BWE ) model .	This model ( HYBWE ) learns the mapping between two monolingual embedding spaces	1<2	unknown	elab-addition	elaboration
This model ( HYBWE ) learns the mapping between two monolingual embedding spaces	using only highly reliable symmetric translation pairs from a seed document-level embedding space .	1<2	unknown	manner-means	mode
we propose a simple but effective hybrid bilingual word embedding ( BWE ) model .	We perform bilingual lexicon learning ( BLL ) with 3 language pairs	1<2	unknown	evaluation	comment
and show	our new HYBWE model outperforms benchmarking BWE learning models ,	1>2	unknown	attribution	attribution
that by carefully selecting reliable translation pairs	our new HYBWE model outperforms benchmarking BWE learning models ,	1>2	unknown	manner-means	mode
We perform bilingual lexicon learning ( BLL ) with 3 language pairs	our new HYBWE model outperforms benchmarking BWE learning models ,	1<2	unknown	progression	organization
our new HYBWE model outperforms benchmarking BWE learning models ,	all of which use more expensive bilingual signals .	1<2	unknown	elab-addition	elaboration
Effectively , we demonstrate	that a SBWES may be induced	1>2	unknown	attribution	attribution
we propose a simple but effective hybrid bilingual word embedding ( BWE ) model .	that a SBWES may be induced	1<2	unknown	evaluation	comment
that a SBWES may be induced	by leveraging only a very weak bilingual signal ( document alignments ) along with monolingual data .	1<2	unknown	manner-means	mode
We propose a brand new `` Liberal '' Event Extraction paradigm	to extract events and discover event schemas from any input corpus simultaneously .	1<2	unknown	enablement	purpose
We propose a brand new `` Liberal '' Event Extraction paradigm	We incorporate symbolic <*> and distributional semantics	1<2	unknown	elab-addition	elaboration
We incorporate symbolic <*> and distributional semantics	( e.g. , Abstract Meaning Representation )	1<2	unknown	elab-example	elaboration
We incorporate symbolic <*> and distributional semantics	to detect and represent event structures	1<2	unknown	enablement	purpose
We incorporate symbolic <*> and distributional semantics	and adopt a joint typing framework	1<2	unknown	joint	conjunction
and adopt a joint typing framework	to simultaneously extract event types and argument roles	1<2	unknown	enablement	purpose
to simultaneously extract event types and argument roles	and discover an event schema .	1<2	unknown	joint	conjunction
Experiments on general and specific domains demonstrate	that this framework can construct high-quality schemas with many event and argument role types ,	1>2	unknown	attribution	attribution
We propose a brand new `` Liberal '' Event Extraction paradigm	that this framework can construct high-quality schemas with many event and argument role types ,	1<2	unknown	evaluation	comment
that this framework can construct high-quality schemas with many event and argument role types ,	covering a high proportion of event types and argument roles in manually defined schemas .	1<2	unknown	elab-example	elaboration
We show	that extraction performance <*> is comparable to supervised models	1>2	unknown	attribution	attribution
We propose a brand new `` Liberal '' Event Extraction paradigm	that extraction performance <*> is comparable to supervised models	1<2	unknown	evaluation	comment
that extraction performance <*> is comparable to supervised models	using discovered schemas	1<2	unknown	manner-means	mode
is comparable to supervised models	trained from a large amount of data	1<2	unknown	elab-addition	elaboration
trained from a large amount of data	labeled according to predefined event types .	1<2	unknown	elab-addition	elaboration
We propose a brand new `` Liberal '' Event Extraction paradigm	The extraction quality of new event types is also promising .	1<2	unknown	evaluation	comment
Event extraction from texts aims to detect structured information	In this paper , we propose a novel approach	1>2	unknown	bg-goal	frame
Event extraction from texts aims to detect structured information	such as what has happened , to whom , where and when .	1<2	unknown	elab-example	elaboration
Event extraction from texts aims to detect structured information	Event extraction and visualization are typically considered as two different tasks .	1<2	unknown	elab-addition	elaboration
In this paper , we propose a novel approach	based on probabilistic modelling	1<2	unknown	bg-general	frame
In this paper , we propose a novel approach	to jointly extract and visualize events from tweets	1<2	unknown	enablement	purpose
to jointly extract and visualize events from tweets	where both tasks benefit from each other .	1<2	unknown	elab-addition	elaboration
In this paper , we propose a novel approach	We model each event as a joint distribution over named entities , a date , a location and event-related keywords .	1<2	unknown	elab-addition	elaboration
In this paper , we propose a novel approach	Moreover , both tweets and event instances are associated with coordinates in the visualization space .	1<2	unknown	elab-addition	elaboration
In this paper , we propose a novel approach	The manifold assumption <*> is incorporated into the learning framework	1<2	unknown	elab-addition	elaboration
The manifold assumption <*> is incorporated into the learning framework	that the intrinsic geometry of tweets is a low-rank , non-linear manifold within the high-dimensional space	1<2	unknown	elab-addition	elaboration
The manifold assumption <*> is incorporated into the learning framework	using a regularization .	1<2	unknown	manner-means	mode
Experimental results show	that the proposed approach can effectively deal with both event extraction and visualization	1>2	unknown	attribution	attribution
In this paper , we propose a novel approach	that the proposed approach can effectively deal with both event extraction and visualization	1<2	unknown	evaluation	comment
that the proposed approach can effectively deal with both event extraction and visualization	and performs remarkably better than both the state-of-the-art event extraction method and a pipeline approach for event extraction and visualization .	1<2	unknown	joint	conjunction
There is a small but growing body of research on statistical scripts , models of event sequences	We compare these systems with recent Recurrent Neural Net models	1>2	unknown	bg-compare	frame
There is a small but growing body of research on statistical scripts , models of event sequences	that allow probabilistic inference of implicit events from documents .	1<2	unknown	elab-addition	elaboration
There is a small but growing body of research on statistical scripts , models of event sequences	These systems operate on structured verb-argument events	1<2	unknown	elab-addition	elaboration
These systems operate on structured verb-argument events	produced by an NLP pipeline .	1<2	unknown	elab-addition	elaboration
We compare these systems with recent Recurrent Neural Net models	that directly operate on raw tokens	1<2	unknown	elab-addition	elaboration
We compare these systems with recent Recurrent Neural Net models	to predict sentences ,	1<2	unknown	enablement	purpose
We compare these systems with recent Recurrent Neural Net models	finding the latter to be roughly comparable to the former	1<2	unknown	result	causal
finding the latter to be roughly comparable to the former	in terms of predicting missing events in documents .	1<2	unknown	elab-addition	elaboration
Natural language understanding often requires deep semantic knowledge .	We develop two distinct models	1>2	unknown	bg-goal	frame
Expanding on previous proposals ,	that some important aspects of semantic knowledge can be modeled as a language model	1>2	unknown	bg-general	frame
we suggest	that some important aspects of semantic knowledge can be modeled as a language model	1>2	unknown	attribution	attribution
Natural language understanding often requires deep semantic knowledge .	that some important aspects of semantic knowledge can be modeled as a language model	1<2	unknown	elab-addition	elaboration
that some important aspects of semantic knowledge can be modeled as a language model	if done at an appropriate level of abstraction .	1<2	unknown	condition	condition
We develop two distinct models	that capture semantic frame chains and discourse information	1<2	unknown	elab-addition	elaboration
that capture semantic frame chains and discourse information	while abstracting over the specific mentions of predicates and entities .	1<2	unknown	temporal	temporal
We develop two distinct models	For each model , we investigate four implementations :	1<2	unknown	elab-addition	elaboration
For each model , we investigate four implementations :	a `` standard '' N-gram language model and three discriminatively trained `` neural '' language models	1<2	unknown	elab-enumember	elaboration
a `` standard '' N-gram language model and three discriminatively trained `` neural '' language models	that generate embeddings for semantic frames .	1<2	unknown	elab-addition	elaboration
We develop two distinct models	The quality of the semantic language models ( SemLM ) is evaluated both intrinsically ,	1<2	unknown	evaluation	comment
The quality of the semantic language models ( SemLM ) is evaluated both intrinsically ,	using perplexity and a narrative cloze test	1<2	unknown	manner-means	mode
The quality of the semantic language models ( SemLM ) is evaluated both intrinsically ,	and extrinsically -	1<2	unknown	joint	conjunction
we show	that our SemLM helps improve performance on semantic natural language processing tasks	1>2	unknown	attribution	attribution
and extrinsically -	that our SemLM helps improve performance on semantic natural language processing tasks	1<2	unknown	elab-addition	elaboration
that our SemLM helps improve performance on semantic natural language processing tasks	such as co-reference resolution and discourse parsing .	1<2	unknown	elab-example	elaboration
Domain adaptation is an important research topic in sentiment analysis area .	In this paper , we propose a new domain adaptation approach	1>2	unknown	bg-compare	frame
Domain adaptation is an important research topic in sentiment analysis area .	Existing domain adaptation methods usually transfer sentiment knowledge from only one source domain to target domain .	1<2	unknown	elab-addition	elaboration
In this paper , we propose a new domain adaptation approach	which can exploit sentiment knowledge from multiple source domains .	1<2	unknown	elab-addition	elaboration
In this paper , we propose a new domain adaptation approach	We first extract both global and domain-specific sentiment knowledge from the data of multiple source domains	1<2	unknown	elab-process_step	elaboration
We first extract both global and domain-specific sentiment knowledge from the data of multiple source domains	using multi-task learning .	1<2	unknown	manner-means	mode
In this paper , we propose a new domain adaptation approach	Then we transfer them to target domain	1<2	unknown	elab-process_step	elaboration
Then we transfer them to target domain	with the help of words ' sentiment polarity relations	1<2	unknown	manner-means	mode
with the help of words ' sentiment polarity relations	extracted from the unlabeled target domain data .	1<2	unknown	elab-addition	elaboration
In this paper , we propose a new domain adaptation approach	The similarities between target domain and different source domains are also incorporated into the adaptation process .	1<2	unknown	elab-process_step	elaboration
In this paper , we propose a new domain adaptation approach	Experimental results on benchmark dataset show the effectiveness of our approach	1<2	unknown	evaluation	comment
Experimental results on benchmark dataset show the effectiveness of our approach	in improving cross-domain sentiment classification performance .	1<2	unknown	elab-addition	elaboration
Through a particular choice of a predicate	a writer can subtly connote a range of implied sentiment and presupposed facts about the entities x and y	1>2	unknown	manner-means	mode
Through a particular choice of a predicate	( e.g. , ��x violated y�� ) ,	1<2	unknown	elab-example	elaboration
a writer can subtly connote a range of implied sentiment and presupposed facts about the entities x and y	We introduce connotation frames as a representation formalism	1>2	unknown	bg-goal	frame
a writer can subtly connote a range of implied sentiment and presupposed facts about the entities x and y	: ( 1 ) writer��s perspective :	1<2	unknown	elab-example	elaboration
: ( 1 ) writer��s perspective :	projecting x as an ��antagonist�� and y as a ��victim�� ,	1<2	unknown	elab-addition	elaboration
a writer can subtly connote a range of implied sentiment and presupposed facts about the entities x and y	( 2 ) entities�� perspective : y probably dislikes x ,	1<2	unknown	elab-example	elaboration
a writer can subtly connote a range of implied sentiment and presupposed facts about the entities x and y	( 3 ) effect : something bad happened to y ,	1<2	unknown	elab-example	elaboration
a writer can subtly connote a range of implied sentiment and presupposed facts about the entities x and y	( 4 ) value : y is something valuable ,	1<2	unknown	elab-example	elaboration
a writer can subtly connote a range of implied sentiment and presupposed facts about the entities x and y	and ( 5 ) mental state : y is distressed by the event .	1<2	unknown	elab-example	elaboration
We introduce connotation frames as a representation formalism	to organize these rich dimensions of connotation	1<2	unknown	enablement	purpose
to organize these rich dimensions of connotation	using typed relations .	1<2	unknown	manner-means	mode
We introduce connotation frames as a representation formalism	First , we investigate the feasibility	1<2	unknown	elab-process_step	elaboration
First , we investigate the feasibility	of obtaining connotative labels through crowdsourcing experiments .	1<2	unknown	elab-addition	elaboration
We introduce connotation frames as a representation formalism	We then present models	1<2	unknown	elab-process_step	elaboration
We then present models	for predicting the connotation frames of verb predicates	1<2	unknown	elab-addition	elaboration
for predicting the connotation frames of verb predicates	based on their distributional word representations and the interplay between different types of connotative relations .	1<2	unknown	bg-general	frame
Empirical results confirm	that connotation frames can be induced from various data sources	1>2	unknown	attribution	attribution
We introduce connotation frames as a representation formalism	that connotation frames can be induced from various data sources	1<2	unknown	evaluation	comment
that reflect	how language is used in context .	1>2	unknown	attribution	attribution
that connotation frames can be induced from various data sources	how language is used in context .	1<2	unknown	elab-addition	elaboration
We introduce connotation frames as a representation formalism	We conclude with analytical results	1<2	unknown	evaluation	comment
We conclude with analytical results	that show the potential use of connotation frames	1<2	unknown	elab-addition	elaboration
that show the potential use of connotation frames	for analyzing subtle biases in online news media .	1<2	unknown	elab-addition	elaboration
Sentiment classification aims to automatically predict sentiment polarity	we propose a novel domain adaptation method ,	1>2	unknown	bg-goal	frame
Sentiment classification aims to automatically predict sentiment polarity	( e.g. , positive or negative )	1<2	unknown	elab-example	elaboration
Sentiment classification aims to automatically predict sentiment polarity	of user generated sentiment data ( e.g. , reviews , blogs ) .	1<2	unknown	elab-addition	elaboration
Due to the mismatch among different domains ,	a sentiment classifier <*> may not work well	1>2	unknown	cause	causal
Sentiment classification aims to automatically predict sentiment polarity	a sentiment classifier <*> may not work well	1<2	unknown	elab-addition	elaboration
a sentiment classifier <*> may not work well	trained in one domain	1<2	unknown	elab-addition	elaboration
a sentiment classifier <*> may not work well	when directly applied to other domains .	1<2	unknown	condition	condition
a sentiment classifier <*> may not work well	Thus , domain adaptation for sentiment classification algorithms are highly desirable to reduce the domain discrepancy and manual labeling costs .	1<2	unknown	result	causal
To address the above challenge ,	we propose a novel domain adaptation method ,	1>2	unknown	enablement	purpose
we propose a novel domain adaptation method ,	called Bi-Transferring Deep Neural Networks ( BTDNNs ) .	1<2	unknown	elab-addition	elaboration
we propose a novel domain adaptation method ,	The proposed BTDNNs attempts to transfer the source domain examples to the target domain ,	1<2	unknown	elab-addition	elaboration
The proposed BTDNNs attempts to transfer the source domain examples to the target domain ,	and also transfer the target domain examples to the source domain .	1<2	unknown	joint	conjunction
The proposed BTDNNs attempts to transfer the source domain examples to the target domain ,	The linear transformation of BTDNNs ensures the feasibility of transferring between domains ,	1<2	unknown	elab-addition	elaboration
The linear transformation of BTDNNs ensures the feasibility of transferring between domains ,	and the distribution consistency between the transferred domain and the desirable domain is constrained with a linear data reconstruction manner .	1<2	unknown	joint	conjunction
The linear transformation of BTDNNs ensures the feasibility of transferring between domains ,	As a result , the transferred source domain is supervised	1<2	unknown	result	causal
As a result , the transferred source domain is supervised	and follows similar distribution as the target domain .	1<2	unknown	joint	conjunction
As a result , the transferred source domain is supervised	Therefore , any supervised method can be used on the transferred source domain	1<2	unknown	result	causal
Therefore , any supervised method can be used on the transferred source domain	to train a classifier for sentiment classification in a target domain .	1<2	unknown	enablement	purpose
We conduct experiments on a benchmark	that our proposed approach significantly outperforms the several baseline methods ,	1>2	unknown	progression	organization
We conduct experiments on a benchmark	composed of reviews of 4 types of Amazon products .	1<2	unknown	elab-addition	elaboration
Experimental results show	that our proposed approach significantly outperforms the several baseline methods ,	1>2	unknown	attribution	attribution
we propose a novel domain adaptation method ,	that our proposed approach significantly outperforms the several baseline methods ,	1<2	unknown	evaluation	comment
that our proposed approach significantly outperforms the several baseline methods ,	and achieves an accuracy	1<2	unknown	joint	conjunction
and achieves an accuracy	which is competitive with the state-of-the-art method for domain adaptation .	1<2	unknown	elab-addition	elaboration
We present a new approach for documentlevel sentiment inference ,	where the goal is to predict directed opinions <*> for all entities	1<2	unknown	elab-addition	elaboration
where the goal is to predict directed opinions <*> for all entities	( who feels positively or negatively towards whom )	1<2	unknown	elab-addition	elaboration
for all entities	mentioned in a text .	1<2	unknown	elab-addition	elaboration
To encourage more complete and consistent predictions ,	we introduce an ILP	1>2	unknown	enablement	purpose
We present a new approach for documentlevel sentiment inference ,	we introduce an ILP	1<2	unknown	elab-addition	elaboration
we introduce an ILP	that jointly models	1<2	unknown	elab-addition	elaboration
that jointly models	( 1 ) sentence- and discourse-level sentiment cues ,	1<2	unknown	elab-enumember	elaboration
that jointly models	( 2 ) factual evidence about entity factions , and	1<2	unknown	elab-enumember	elaboration
that jointly models	( 3 ) global constraints	1<2	unknown	elab-enumember	elaboration
that jointly models	based on social science theories	1<2	unknown	bg-general	frame
based on social science theories	such as homophily , social balance , and reciprocity .	1<2	unknown	elab-example	elaboration
we introduce an ILP	Together , these cues allow for rich inference across groups of entities ,	1<2	unknown	elab-addition	elaboration
Together , these cues allow for rich inference across groups of entities ,	including for example that CEOs and the companies <*> are likely to have similar sentiment towards others .	1<2	unknown	elab-example	elaboration
including for example that CEOs and the companies <*> are likely to have similar sentiment towards others .	they lead	1<2	unknown	elab-addition	elaboration
We evaluate performance on new , densely labeled data	that the global model outperforms sentence-level baselines ,	1>2	unknown	progression	organization
We evaluate performance on new , densely labeled data	that provides supervision for all pairs ,	1<2	unknown	elab-addition	elaboration
We evaluate performance on new , densely labeled data	complementing previous work	1<2	unknown	elab-addition	elaboration
complementing previous work	that only labeled pairs	1<2	unknown	elab-addition	elaboration
that only labeled pairs	mentioned in the same sentence .	1<2	unknown	elab-addition	elaboration
Experiments demonstrate	that the global model outperforms sentence-level baselines ,	1>2	unknown	attribution	attribution
We present a new approach for documentlevel sentiment inference ,	that the global model outperforms sentence-level baselines ,	1<2	unknown	evaluation	comment
that the global model outperforms sentence-level baselines ,	by providing more coherent predictions across sets of related entities .	1<2	unknown	exp-evidence	explanation
Different from traditional active learning	this paper proposes active learning with dependency-wise partial annotation ( PA ) as a finer-grained unit for dependency parsing .	1>2	unknown	contrast	contrast
Different from traditional active learning	based on sentence-wise full annotation ( FA ) ,	1<2	unknown	bg-general	frame
this paper proposes active learning with dependency-wise partial annotation ( PA ) as a finer-grained unit for dependency parsing .	At each iteration , we select a few most uncertain words from an unlabeled data pool ,	1<2	unknown	elab-addition	elaboration
At each iteration , we select a few most uncertain words from an unlabeled data pool ,	manually annotate their syntactic heads ,	1<2	unknown	progression	organization
manually annotate their syntactic heads ,	and add the partial trees into labeled data for parser retraining .	1<2	unknown	progression	organization
Compared with sentence-wise FA ,	dependency-wise PA gives us more flexibility in task selection	1>2	unknown	comparison	concession
this paper proposes active learning with dependency-wise partial annotation ( PA ) as a finer-grained unit for dependency parsing .	dependency-wise PA gives us more flexibility in task selection	1<2	unknown	elab-addition	elaboration
dependency-wise PA gives us more flexibility in task selection	and avoids wasting time on annotating trivial tasks in a sentence .	1<2	unknown	joint	conjunction
this paper proposes active learning with dependency-wise partial annotation ( PA ) as a finer-grained unit for dependency parsing .	Our work makes the following contributions .	1<2	unknown	evaluation	comment
Our work makes the following contributions .	First , we are the first to apply a probabilistic model to active learning for dependency parsing ,	1<2	unknown	elab-enumember	elaboration
First , we are the first to apply a probabilistic model to active learning for dependency parsing ,	which can 1 ) provide tree probabilities and dependency marginal probabilities as principled uncertainty metrics ,	1<2	unknown	elab-addition	elaboration
which can 1 ) provide tree probabilities and dependency marginal probabilities as principled uncertainty metrics ,	and 2 ) directly learn parameters from PA	1<2	unknown	joint	conjunction
and 2 ) directly learn parameters from PA	based on a forest-based training objective .	1<2	unknown	bg-goal	frame
Our work makes the following contributions .	Second , we propose and compare several uncertainty metrics through simulation experiments on both Chinese and English .	1<2	unknown	elab-enumember	elaboration
Our work makes the following contributions .	Finally , we conduct human annotation experiments	1<2	unknown	elab-enumember	elaboration
Finally , we conduct human annotation experiments	to compare FA and PA on real annotation time and quality .	1<2	unknown	enablement	purpose
We present a novel dependency parsing method	which enforces two structural properties on dependency trees :	1<2	unknown	elab-addition	elaboration
which enforces two structural properties on dependency trees :	bounded block degree and well-nestedness .	1<2	unknown	elab-enumember	elaboration
which enforces two structural properties on dependency trees :	These properties are useful to better represent the set of admissible dependency structures in treebanks	1<2	unknown	elab-addition	elaboration
These properties are useful to better represent the set of admissible dependency structures in treebanks	and connect dependency parsing to context-sensitive grammatical formalisms .	1<2	unknown	joint	conjunction
These properties are useful to better represent the set of admissible dependency structures in treebanks	We cast this problem as an Integer Linear Program	1<2	unknown	elab-addition	elaboration
We cast this problem as an Integer Linear Program	that we solve with Lagrangian Relaxation	1<2	unknown	elab-addition	elaboration
that we solve with Lagrangian Relaxation	from which we derive a heuristic and an exact method	1<2	unknown	elab-addition	elaboration
from which we derive a heuristic and an exact method	based on a Branch-and-Bound search .	1<2	unknown	bg-general	frame
Experimentally , we see	that these methods are efficient and competitive	1>2	unknown	attribution	attribution
We present a novel dependency parsing method	that these methods are efficient and competitive	1<2	unknown	evaluation	comment
that these methods are efficient and competitive	compared to a baseline unconstrained parser ,	1<2	unknown	comparison	concession
that these methods are efficient and competitive	while enforcing structural properties in all cases .	1<2	unknown	condition	condition
Continuous space word embeddings have received a great deal of attention in the natural language processing and machine learning communities for their ability	We study the use of term relatedness in the context of query expansion for ad hoc information retrieval .	1>2	unknown	bg-goal	frame
Continuous space word embeddings have received a great deal of attention in the natural language processing and machine learning communities for their ability	to model term similarity and other relationships .	1<2	unknown	enablement	purpose
We demonstrate	that word embeddings such as word2vec and GloVe , <*> underperform corpus and query specific embeddings for retrieval tasks .	1>2	unknown	attribution	attribution
We study the use of term relatedness in the context of query expansion for ad hoc information retrieval .	that word embeddings such as word2vec and GloVe , <*> underperform corpus and query specific embeddings for retrieval tasks .	1<2	unknown	elab-addition	elaboration
that word embeddings such as word2vec and GloVe , <*> underperform corpus and query specific embeddings for retrieval tasks .	when trained globally ,	1<2	unknown	condition	condition
These results suggest	that other tasks <*> may also benefit from local embeddings .	1>2	unknown	attribution	attribution
We study the use of term relatedness in the context of query expansion for ad hoc information retrieval .	that other tasks <*> may also benefit from local embeddings .	1<2	unknown	evaluation	comment
that other tasks <*> may also benefit from local embeddings .	benefiting from global embeddings	1<2	unknown	elab-addition	elaboration
Community Question Answering ( cQA ) services <*> provide a platform for interaction with experts	In this paper , we propose a novel approach	1>2	unknown	bg-goal	frame
Community Question Answering ( cQA ) services <*> provide a platform for interaction with experts	like Yahoo Answers , Baidu Zhidao , Quora , StackOverflow etc.	1<2	unknown	elab-example	elaboration
provide a platform for interaction with experts	and help users to obtain precise and accurate answers to their questions .	1<2	unknown	joint	conjunction
Community Question Answering ( cQA ) services <*> provide a platform for interaction with experts	The time lag between the user <*> could be reduced	1<2	unknown	elab-addition	elaboration
The time lag between the user <*> could be reduced	posting a question	1<2	unknown	elab-addition	elaboration
posting a question	and receiving its answer	1<2	unknown	joint	conjunction
could be reduced	by retrieving similar historic questions from the cQA archives .	1<2	unknown	manner-means	mode
The time lag between the user <*> could be reduced	The main challenge in this task is the `` lexicosyntactic '' gap between the current and the previous questions .	1<2	unknown	elab-addition	elaboration
In this paper , we propose a novel approach	called `` Siamese Convolutional Neural Network for cQA ( SCQA ) ''	1<2	unknown	elab-addition	elaboration
In this paper , we propose a novel approach	to find the semantic similarity between the current and the archived questions .	1<2	unknown	enablement	purpose
In this paper , we propose a novel approach	SCQA consist of twin convolutional neural networks with shared parameters and a contrastive loss function	1<2	unknown	elab-addition	elaboration
SCQA consist of twin convolutional neural networks with shared parameters and a contrastive loss function	joining them .	1<2	unknown	elab-addition	elaboration
In this paper , we propose a novel approach	SCQA learns the similarity metric for question-question pairs	1<2	unknown	elab-addition	elaboration
SCQA learns the similarity metric for question-question pairs	by leveraging the question-answer pairs available in cQA forum archives .	1<2	unknown	manner-means	mode
In this paper , we propose a novel approach	The model projects semantically similar question pairs nearer to each other and dissimilar question pairs farther away from each other in the semantic space .	1<2	unknown	elab-addition	elaboration
Experiments on large scale reallife `` Yahoo Answers '' dataset reveals	that SCQA outperforms current state-of-theart approaches	1>2	unknown	attribution	attribution
In this paper , we propose a novel approach	that SCQA outperforms current state-of-theart approaches	1<2	unknown	evaluation	comment
that SCQA outperforms current state-of-theart approaches	based on translation models , topic models and deep neural network based models	1<2	unknown	bg-general	frame
based on translation models , topic models and deep neural network based models	which use non-shared parameters .	1<2	unknown	elab-addition	elaboration
In this work , we focus on the problem of news citation recommendation .	In this paper , we explore word embedding	1>2	unknown	bg-goal	frame
In this work , we focus on the problem of news citation recommendation .	The task aims to recommend news citations for both authors and readers	1<2	unknown	elab-addition	elaboration
The task aims to recommend news citations for both authors and readers	to create and search news references .	1<2	unknown	enablement	purpose
Due to the sparsity issue of news citations and the engineering difficulty	we focus on content similarity-based methods instead of collaborative filtering-based approaches .	1>2	unknown	cause	causal
Due to the sparsity issue of news citations and the engineering difficulty	in obtaining information on authors ,	1<2	unknown	elab-addition	elaboration
The task aims to recommend news citations for both authors and readers	we focus on content similarity-based methods instead of collaborative filtering-based approaches .	1<2	unknown	elab-addition	elaboration
In this paper , we explore word embedding	( i.e. , implicit semantics )	1<2	unknown	elab-addition	elaboration
In this paper , we explore word embedding	and grounded entities	1<2	unknown	joint	conjunction
and grounded entities	( i.e. , explicit semantics )	1<2	unknown	elab-addition	elaboration
In this paper , we explore word embedding	to address the variety and ambiguity issues of language .	1<2	unknown	enablement	purpose
In this paper , we explore word embedding	We formulate the problem as a reranking task	1<2	unknown	elab-addition	elaboration
We formulate the problem as a reranking task	and integrate different similarity measures under the learning to rank framework .	1<2	unknown	joint	conjunction
We evaluate our approach on a real-world dataset .	The experimental results show the efficacy of our method .	1>2	unknown	progression	organization
In this paper , we explore word embedding	The experimental results show the efficacy of our method .	1<2	unknown	evaluation	comment
Grapheme-to-phoneme ( g2p ) models are rarely available in low-resource languages ,	We use Wiktionary to obtain more than 650k word-pronunciation pairs in more than 500 languages .	1>2	unknown	bg-goal	frame
Grapheme-to-phoneme ( g2p ) models are rarely available in low-resource languages ,	as the creation of training and evaluation data is expensive and time-consuming .	1<2	unknown	cause	causal
We use Wiktionary to obtain more than 650k word-pronunciation pairs in more than 500 languages .	We then develop phoneme and language distance metrics	1<2	unknown	progression	organization
We then develop phoneme and language distance metrics	based on phonological and linguistic knowledge ;	1<2	unknown	bg-general	frame
applying those ,	we adapt g2p models for highresource languages	1>2	unknown	result	causal
We then develop phoneme and language distance metrics	we adapt g2p models for highresource languages	1<2	unknown	progression	organization
we adapt g2p models for highresource languages	to create models for related low-resource languages .	1<2	unknown	enablement	purpose
We use Wiktionary to obtain more than 650k word-pronunciation pairs in more than 500 languages .	We provide results for models for 229 adapted languages .	1<2	unknown	result	causal
Most previous approaches to Chinese word segmentation formalize this problem as a character-based sequence labeling task	In this paper , we propose a novel neural framework	1>2	unknown	bg-goal	frame
Most previous approaches to Chinese word segmentation formalize this problem as a character-based sequence labeling task	so that only contextual information within fixed sized local windows and simple interactions between adjacent tags can be captured .	1<2	unknown	result	causal
In this paper , we propose a novel neural framework	which thoroughly eliminates context windows	1<2	unknown	elab-addition	elaboration
which thoroughly eliminates context windows	and can utilize complete segmentation history .	1<2	unknown	joint	conjunction
In this paper , we propose a novel neural framework	Our model employs a gated combination neural network over characters	1<2	unknown	elab-addition	elaboration
Our model employs a gated combination neural network over characters	to produce distributed representations of word candidates ,	1<2	unknown	enablement	purpose
to produce distributed representations of word candidates ,	which are then given to a long shortterm memory ( LSTM ) language scoring model .	1<2	unknown	elab-addition	elaboration
Experiments on the benchmark datasets show	our models achieve competitive or better performances with previous stateof-the-art methods .	1>2	unknown	attribution	attribution
that without the help of feature engineering as most existing approaches ,	our models achieve competitive or better performances with previous stateof-the-art methods .	1>2	unknown	condition	condition
In this paper , we propose a novel neural framework	our models achieve competitive or better performances with previous stateof-the-art methods .	1<2	unknown	evaluation	comment
Character-based and word-based methods are two main types of statistical models for Chinese word segmentation ,	In this paper , we study a neural model for word-based Chinese word segmentation ,	1>2	unknown	bg-goal	frame
Character-based and word-based methods are two main types of statistical models for Chinese word segmentation ,	the former exploiting sequence labeling models over characters	1<2	unknown	elab-addition	elaboration
the former exploiting sequence labeling models over characters	and the latter typically exploiting a transition-based model ,	1<2	unknown	joint	conjunction
and the latter typically exploiting a transition-based model ,	with the advantages	1<2	unknown	elab-addition	elaboration
with the advantages	that word-level features can be easily utilized .	1<2	unknown	elab-addition	elaboration
Neural models have been exploited for character-based Chinese word segmentation ,	In this paper , we study a neural model for word-based Chinese word segmentation ,	1>2	unknown	bg-compare	frame
Neural models have been exploited for character-based Chinese word segmentation ,	giving high accuracies	1<2	unknown	result	causal
giving high accuracies	by making use of external character embeddings ,	1<2	unknown	manner-means	mode
giving high accuracies	yet requiring less feature engineering .	1<2	unknown	contrast	contrast
In this paper , we study a neural model for word-based Chinese word segmentation ,	by replacing the manuallydesigned discrete features with neural features in a word-based segmentation framework .	1<2	unknown	manner-means	mode
Experimental results demonstrate	that word features lead to comparable performances to the best systems in the literature ,	1>2	unknown	attribution	attribution
In this paper , we study a neural model for word-based Chinese word segmentation ,	that word features lead to comparable performances to the best systems in the literature ,	1<2	unknown	evaluation	comment
that word features lead to comparable performances to the best systems in the literature ,	and a further combination of discrete and neural features gives top accuracies .	1<2	unknown	joint	conjunction
Understanding unstructured text is a major goal within natural language processing .	In this work , we investigate machine comprehension on the challenging MCTest benchmark .	1>2	unknown	bg-goal	frame
Understanding unstructured text is a major goal within natural language processing .	Comprehension tests pose questions	1<2	unknown	elab-addition	elaboration
Comprehension tests pose questions	based on short text passages	1<2	unknown	bg-general	frame
Comprehension tests pose questions	to evaluate such understanding .	1<2	unknown	enablement	purpose
Partly because of its limited size ,	prior work on MCTest has focused mainly on engineering better features .	1>2	unknown	cause	causal
In this work , we investigate machine comprehension on the challenging MCTest benchmark .	prior work on MCTest has focused mainly on engineering better features .	1<2	unknown	elab-addition	elaboration
In this work , we investigate machine comprehension on the challenging MCTest benchmark .	We tackle the dataset with a neural approach ,	1<2	unknown	elab-addition	elaboration
We tackle the dataset with a neural approach ,	harnessing simple neural networks	1<2	unknown	elab-addition	elaboration
harnessing simple neural networks	arranged in a parallel hierarchy .	1<2	unknown	elab-addition	elaboration
arranged in a parallel hierarchy .	The parallel hierarchy enables our model to compare the passage , question , and answer from a variety of trainable perspectives ,	1<2	unknown	elab-addition	elaboration
The parallel hierarchy enables our model to compare the passage , question , and answer from a variety of trainable perspectives ,	as opposed to using a manually designed , rigid feature set .	1<2	unknown	comparison	concession
The parallel hierarchy enables our model to compare the passage , question , and answer from a variety of trainable perspectives ,	Perspectives range from the word level to sentence fragments to sequences of sentences ;	1<2	unknown	elab-addition	elaboration
Perspectives range from the word level to sentence fragments to sequences of sentences ;	the networks operate only on word-embedding representations of text .	1<2	unknown	elab-addition	elaboration
When trained with a methodology	our Parallel-Hierarchical model sets a new state of the art for MCTest ,	1>2	unknown	condition	condition
When trained with a methodology	designed to help cope with limited training data ,	1<2	unknown	elab-addition	elaboration
In this work , we investigate machine comprehension on the challenging MCTest benchmark .	our Parallel-Hierarchical model sets a new state of the art for MCTest ,	1<2	unknown	evaluation	comment
our Parallel-Hierarchical model sets a new state of the art for MCTest ,	outperforming previous feature-engineered approaches slightly	1<2	unknown	exp-evidence	explanation
outperforming previous feature-engineered approaches slightly	and previous neural approaches by a significant margin	1<2	unknown	joint	conjunction
and previous neural approaches by a significant margin	( over 15 percentage points ) .	1<2	unknown	elab-addition	elaboration
Broad domain question answering is often difficult in the absence of structured knowledge bases ,	We propose an approach	1>2	unknown	bg-goal	frame
Broad domain question answering is often difficult in the absence of structured knowledge bases ,	and can benefit from shallow lexical methods ( broad coverage ) and logical reasoning ( high precision ) .	1<2	unknown	joint	conjunction
We propose an approach	for incorporating both of these signals in a unified framework	1<2	unknown	elab-addition	elaboration
for incorporating both of these signals in a unified framework	based on natural logic .	1<2	unknown	bg-general	frame
We propose an approach	We extend the breadth of inferences	1<2	unknown	elab-addition	elaboration
We extend the breadth of inferences	afforded by natural logic	1<2	unknown	elab-addition	elaboration
We extend the breadth of inferences	to include relational entailment	1<2	unknown	enablement	purpose
to include relational entailment	( e.g. , buy -> own )	1<2	unknown	elab-example	elaboration
to include relational entailment	and meronymy	1<2	unknown	joint	conjunction
and meronymy	( e.g. , a person <*> is born the city 's country ) .	1<2	unknown	elab-example	elaboration
( e.g. , a person <*> is born the city 's country ) .	born in a city	1<2	unknown	elab-addition	elaboration
We propose an approach	Furthermore , we train an evaluation function	1<2	unknown	elab-addition	elaboration
Furthermore , we train an evaluation function	- akin to gameplaying -	1<2	unknown	elab-addition	elaboration
Furthermore , we train an evaluation function	to evaluate the expected truth of candidate premises on the fly .	1<2	unknown	enablement	purpose
We propose an approach	We evaluate our approach on answering multiple choice science questions ,	1<2	unknown	evaluation	comment
We evaluate our approach on answering multiple choice science questions ,	achieving strong results on the dataset .	1<2	unknown	result	causal
Cognitive science researchers have emphasized the importance	Recent works in machine learning have explored a curriculum learning approach	1>2	unknown	elab-addition	elaboration
Cognitive science researchers have emphasized the importance	of ordering a complex task into a sequence of easy to hard problems .	1<2	unknown	elab-addition	elaboration
of ordering a complex task into a sequence of easy to hard problems .	Such an ordering provides an easier path to learning	1<2	unknown	elab-addition	elaboration
Such an ordering provides an easier path to learning	and increases the speed of acquisition of the task	1<2	unknown	joint	conjunction
and increases the speed of acquisition of the task	compared to conventional learning .	1<2	unknown	comparison	concession
Recent works in machine learning have explored a curriculum learning approach	We introduce a number of heuristics	1>2	unknown	bg-compare	frame
Recent works in machine learning have explored a curriculum learning approach	called selfpaced learning	1<2	unknown	elab-addition	elaboration
Recent works in machine learning have explored a curriculum learning approach	which orders data samples on the easiness scale	1<2	unknown	elab-addition	elaboration
which orders data samples on the easiness scale	so that easy samples can be introduced to the learning algorithm first	1<2	unknown	result	causal
so that easy samples can be introduced to the learning algorithm first	and harder samples can be introduced successively .	1<2	unknown	progression	organization
We introduce a number of heuristics	that improve upon selfpaced learning .	1<2	unknown	elab-addition	elaboration
Then , we argue	that incorporating easy , yet , a diverse set of samples can further improve learning .	1>2	unknown	attribution	attribution
We introduce a number of heuristics	that incorporating easy , yet , a diverse set of samples can further improve learning .	1<2	unknown	progression	organization
We compare these curriculum learning proposals in the context of four non-convex models for QA	that they lead to real improvements in each of them .	1>2	unknown	progression	organization
and show	that they lead to real improvements in each of them .	1>2	unknown	attribution	attribution
We introduce a number of heuristics	that they lead to real improvements in each of them .	1<2	unknown	evaluation	comment
Passage-level question answer matching is a challenging task	In this work , we propose a series of deep learning models	1>2	unknown	bg-goal	frame
Passage-level question answer matching is a challenging task	since it requires effective representations	1<2	unknown	exp-reason	explanation
since it requires effective representations	that capture the complex semantic relations between questions and answers .	1<2	unknown	elab-addition	elaboration
In this work , we propose a series of deep learning models	to address passage answer selection .	1<2	unknown	enablement	purpose
To match passage answers to questions	we develop hybrid models	1>2	unknown	enablement	purpose
To match passage answers to questions	accommodating their complex semantic relations ,	1<2	unknown	bg-general	frame
unlike most previous work	we develop hybrid models	1>2	unknown	comparison	concession
unlike most previous work	that utilizes a single deep learning structure ,	1<2	unknown	elab-addition	elaboration
In this work , we propose a series of deep learning models	we develop hybrid models	1<2	unknown	elab-addition	elaboration
we develop hybrid models	that process the text	1<2	unknown	elab-addition	elaboration
that process the text	using both convolutional and recurrent neural networks ,	1<2	unknown	manner-means	mode
using both convolutional and recurrent neural networks ,	combining the merits on extracting linguistic information from both structures .	1<2	unknown	elab-addition	elaboration
In this work , we propose a series of deep learning models	Additionally , we also develop a simple but effective attention mechanism	1<2	unknown	elab-addition	elaboration
Additionally , we also develop a simple but effective attention mechanism	for the purpose of constructing better answer representations according to the input question ,	1<2	unknown	enablement	purpose
for the purpose of constructing better answer representations according to the input question ,	which is imperative for better modeling long answer sequences .	1<2	unknown	elab-addition	elaboration
The results on two public benchmark datasets , InsuranceQA and TREC-QA , show	that our proposed models outperform a variety of strong baselines .	1>2	unknown	attribution	attribution
In this work , we propose a series of deep learning models	that our proposed models outperform a variety of strong baselines .	1<2	unknown	evaluation	comment
Question answering requires access to a knowledge base	In this paper we explore tables as a semi-structured formalism	1>2	unknown	bg-goal	frame
Question answering requires access to a knowledge base	to check facts and reason about information .	1<2	unknown	enablement	purpose
Knowledge in the form of natural language text is easy to acquire ,	but difficult for automated reasoning .	1>2	unknown	contrast	contrast
Question answering requires access to a knowledge base	but difficult for automated reasoning .	1<2	unknown	elab-addition	elaboration
Highly-structured knowledge bases can facilitate reasoning ,	but are difficult to acquire .	1>2	unknown	contrast	contrast
Question answering requires access to a knowledge base	but are difficult to acquire .	1<2	unknown	elab-addition	elaboration
In this paper we explore tables as a semi-structured formalism	that provides a balanced compromise to this tradeoff .	1<2	unknown	elab-addition	elaboration
In this paper we explore tables as a semi-structured formalism	We first use the structure of tables	1<2	unknown	elab-process_step	elaboration
We first use the structure of tables	to guide the construction of a dataset of over 9000 multiple-choice questions with rich alignment annotations ,	1<2	unknown	enablement	purpose
to guide the construction of a dataset of over 9000 multiple-choice questions with rich alignment annotations ,	easily and efficiently via crowd-sourcing .	1<2	unknown	elab-addition	elaboration
In this paper we explore tables as a semi-structured formalism	We then use this annotated data	1<2	unknown	elab-process_step	elaboration
We then use this annotated data	to train a semistructured feature-driven model for question answering	1<2	unknown	enablement	purpose
to train a semistructured feature-driven model for question answering	that uses tables as a knowledge base .	1<2	unknown	elab-addition	elaboration
In this paper we explore tables as a semi-structured formalism	In benchmark evaluations , we significantly outperform both a strong unstructured retrieval baseline and a highlystructured Markov Logic Network model .	1<2	unknown	evaluation	comment
Traditional approaches to extractive summarization rely heavily on humanengineered features .	In this work we propose a data-driven approach	1>2	unknown	bg-compare	frame
In this work we propose a data-driven approach	based on neural networks and continuous sentence features .	1<2	unknown	bg-general	frame
In this work we propose a data-driven approach	We develop a general framework for single-document summarization	1<2	unknown	elab-addition	elaboration
We develop a general framework for single-document summarization	composed of a hierarchical document encoder and an attention-based extractor .	1<2	unknown	elab-enumember	elaboration
composed of a hierarchical document encoder and an attention-based extractor .	This architecture allows us to develop different classes of summarization models	1<2	unknown	elab-addition	elaboration
This architecture allows us to develop different classes of summarization models	which can extract sentences or words .	1<2	unknown	elab-addition	elaboration
In this work we propose a data-driven approach	We train our models on large scale corpora	1<2	unknown	elab-addition	elaboration
We train our models on large scale corpora	containing hundreds of thousands of document-summary pairs1 .	1<2	unknown	elab-addition	elaboration
Experimental results on two summarization datasets demonstrate	that our models obtain results comparable to the state of the art	1>2	unknown	attribution	attribution
In this work we propose a data-driven approach	that our models obtain results comparable to the state of the art	1<2	unknown	evaluation	comment
that our models obtain results comparable to the state of the art	without any access to linguistic annotation .	1<2	unknown	condition	condition
Automatic negation scope detection is a task	Most systems are however 1 ) highly-engineered ,	1>2	unknown	bg-goal	frame
Automatic negation scope detection is a task	that has been tackled	1<2	unknown	elab-addition	elaboration
that has been tackled	using different classifiers and heuristics .	1<2	unknown	manner-means	mode
Most systems are however 1 ) highly-engineered ,	2 ) English-specific ,	1<2	unknown	joint	conjunction
2 ) English-specific ,	and 3 ) only tested on the same genre	1<2	unknown	joint	conjunction
and 3 ) only tested on the same genre	they were trained on .	1<2	unknown	elab-addition	elaboration
Most systems are however 1 ) highly-engineered ,	We start by addressing 1 ) and 2 )	1<2	unknown	elab-process_step	elaboration
We start by addressing 1 ) and 2 )	using a neural network architecture .	1<2	unknown	manner-means	mode
Results <*> show	that even a simple feed-forward neural network <*> performs on par with earlier classifiers , with a bi-directional LSTM	1>2	unknown	attribution	attribution
Results <*> show	obtained on data from the * SEM2012 shared task on negation scope detection	1<2	unknown	elab-addition	elaboration
We start by addressing 1 ) and 2 )	that even a simple feed-forward neural network <*> performs on par with earlier classifiers , with a bi-directional LSTM	1<2	unknown	evaluation	comment
that even a simple feed-forward neural network <*> performs on par with earlier classifiers , with a bi-directional LSTM	using word-embedding features alone ,	1<2	unknown	elab-addition	elaboration
performs on par with earlier classifiers , with a bi-directional LSTM	outperforming all of them .	1<2	unknown	elab-addition	elaboration
Most systems are however 1 ) highly-engineered ,	We then address 3 ) by means of a specially-designed synthetic test set ;	1<2	unknown	elab-process_step	elaboration
in doing so ,	we explore the problem of detecting the negation scope more in depth	1>2	unknown	manner-means	mode
We then address 3 ) by means of a specially-designed synthetic test set ;	we explore the problem of detecting the negation scope more in depth	1<2	unknown	evaluation	comment
and show	that performance suffers from genre effects	1>2	unknown	attribution	attribution
we explore the problem of detecting the negation scope more in depth	that performance suffers from genre effects	1<2	unknown	joint	conjunction
that performance suffers from genre effects	and differs with the type of negation	1<2	unknown	joint	conjunction
and differs with the type of negation	considered .	1<2	unknown	elab-addition	elaboration
Most sentence embedding models typically represent each sentence	we employ conceptualization model	1>2	unknown	bg-compare	frame
Most sentence embedding models typically represent each sentence	only using word surface ,	1<2	unknown	manner-means	mode
Most sentence embedding models typically represent each sentence	which makes these models indiscriminative for ubiquitous homonymy and polysemy .	1<2	unknown	elab-addition	elaboration
In order to enhance representation capability of sentence ,	we employ conceptualization model	1>2	unknown	enablement	purpose
we employ conceptualization model	to assign associated concepts for each sentence in the text corpus ,	1<2	unknown	enablement	purpose
we employ conceptualization model	and then learn conceptual sentence embedding ( CSE ) .	1<2	unknown	progression	organization
we employ conceptualization model	Hence , this semantic representation is more expressive than some widely-used text representation models	1<2	unknown	result	causal
Hence , this semantic representation is more expressive than some widely-used text representation models	such as latent topic model ,	1<2	unknown	elab-example	elaboration
such as latent topic model ,	especially for short-text .	1<2	unknown	elab-addition	elaboration
we employ conceptualization model	Moreover , we further extend CSE models	1<2	unknown	elab-addition	elaboration
Moreover , we further extend CSE models	by utilizing a local attention-based model	1<2	unknown	manner-means	mode
by utilizing a local attention-based model	that select relevant words within the context	1<2	unknown	elab-addition	elaboration
that select relevant words within the context	to make more efficient prediction .	1<2	unknown	enablement	purpose
In the experiments , we evaluate the CSE models on two tasks ,	that the proposed models outperform typical sentence embed-ding models .	1>2	unknown	elab-addition	elaboration
In the experiments , we evaluate the CSE models on two tasks ,	text classification and information retrieval .	1<2	unknown	elab-enumember	elaboration
The experimental results show	that the proposed models outperform typical sentence embed-ding models .	1>2	unknown	attribution	attribution
we employ conceptualization model	that the proposed models outperform typical sentence embed-ding models .	1<2	unknown	evaluation	comment
Most current chatbot engines are designed to reply to user utterances	In this paper , we present DocChat ,	1>2	unknown	bg-compare	frame
Most current chatbot engines are designed to reply to user utterances	based on existing utterance-response ( or Q-R ) 1 pairs .	1<2	unknown	bg-general	frame
In this paper , we present DocChat ,	a novel information retrieval approach for chatbot engines	1<2	unknown	elab-definition	elaboration
a novel information retrieval approach for chatbot engines	that can leverage unstructured documents , instead of Q-R pairs ,	1<2	unknown	elab-addition	elaboration
In this paper , we present DocChat ,	to respond to utterances .	1<2	unknown	enablement	purpose
In this paper , we present DocChat ,	A learning to rank model with features <*> is proposed	1<2	unknown	elab-addition	elaboration
A learning to rank model with features <*> is proposed	designed at different levels of granularity	1<2	unknown	elab-addition	elaboration
A learning to rank model with features <*> is proposed	to measure the relevance between utterances and responses directly .	1<2	unknown	enablement	purpose
In this paper , we present DocChat ,	We evaluate our proposed approach in both English and Chinese	1<2	unknown	evaluation	comment
: ( i ) For English , we evaluate DocChat on WikiQA and QASent ,	Reasonable improvements and good adaptability are observed .	1>2	unknown	elab-addition	elaboration
: ( i ) For English , we evaluate DocChat on WikiQA and QASent ,	two answer sentence selection tasks ,	1<2	unknown	elab-addition	elaboration
: ( i ) For English , we evaluate DocChat on WikiQA and QASent ,	and compare it with state-of-the-art methods .	1<2	unknown	joint	conjunction
We evaluate our proposed approach in both English and Chinese	Reasonable improvements and good adaptability are observed .	1<2	unknown	elab-aspect	elaboration
( ii ) For Chinese , we compare DocChat with XiaoIce2 ,	that DocChat is a perfect complement for chatbot engines	1>2	unknown	progression	organization
( ii ) For Chinese , we compare DocChat with XiaoIce2 ,	a famous chitchat engine in China ,	1<2	unknown	elab-addition	elaboration
and side-by-side evaluation shows	that DocChat is a perfect complement for chatbot engines	1>2	unknown	attribution	attribution
We evaluate our proposed approach in both English and Chinese	that DocChat is a perfect complement for chatbot engines	1<2	unknown	elab-aspect	elaboration
that DocChat is a perfect complement for chatbot engines	using Q-R pairs as main source of responses .	1<2	unknown	manner-means	mode
In conversation , speakers tend to `` accommodate '' or `` align '' to their partners ,	We focus here on `` linguistic alignment , '' changes in word choice	1>2	unknown	bg-goal	frame
In conversation , speakers tend to `` accommodate '' or `` align '' to their partners ,	changing the style and substance of their communications	1<2	unknown	result	causal
changing the style and substance of their communications	to be more similar to their partners ' utterances .	1<2	unknown	enablement	purpose
We focus here on `` linguistic alignment , '' changes in word choice	based on others ' choices .	1<2	unknown	bg-general	frame
Although linguistic alignment is observed across many different contexts	its sources are still uncertain .	1>2	unknown	contrast	contrast
Although linguistic alignment is observed across many different contexts	and its degree correlates with important social factors	1<2	unknown	joint	conjunction
and its degree correlates with important social factors	such as power and likability ,	1<2	unknown	elab-example	elaboration
We focus here on `` linguistic alignment , '' changes in word choice	its sources are still uncertain .	1<2	unknown	elab-addition	elaboration
We focus here on `` linguistic alignment , '' changes in word choice	We build on a recent probabilistic model of alignment ,	1<2	unknown	elab-addition	elaboration
We build on a recent probabilistic model of alignment ,	using it to separate out alignment attributable to words versus word categories .	1<2	unknown	manner-means	mode
We build on a recent probabilistic model of alignment ,	We model alignment in two contexts :	1<2	unknown	elab-addition	elaboration
We model alignment in two contexts :	telephone conversations and microblog replies .	1<2	unknown	elab-enumember	elaboration
We model alignment in two contexts :	Our results show evidence of alignment ,	1<2	unknown	elab-addition	elaboration
Our results show evidence of alignment ,	but it is primarily lexical rather than categorical .	1<2	unknown	contrast	contrast
Furthermore , we find	that discourse acts modulate alignment substantially .	1>2	unknown	attribution	attribution
that discourse acts modulate alignment substantially .	This evidence supports the view	1>2	unknown	exp-evidence	explanation
We focus here on `` linguistic alignment , '' changes in word choice	This evidence supports the view	1<2	unknown	elab-addition	elaboration
This evidence supports the view	that alignment is shaped by strategic communicative processes	1<2	unknown	elab-addition	elaboration
that alignment is shaped by strategic communicative processes	related to the ongoing discourse .	1<2	unknown	elab-addition	elaboration
The applicability of entropy rate constancy to dialogue is examined on two spoken dialogue corpora .	however , new entropy change patterns within the topic episodes of dialogue are described ,	1>2	unknown	bg-compare	frame
The principle is found to hold ;	however , new entropy change patterns within the topic episodes of dialogue are described ,	1>2	unknown	contrast	contrast
however , new entropy change patterns within the topic episodes of dialogue are described ,	which are different from written text .	1<2	unknown	elab-addition	elaboration
however , new entropy change patterns within the topic episodes of dialogue are described ,	Speaker 's dynamic roles as topic initiators and topic responders are associated with decreasing and increasing entropy , respectively ,	1<2	unknown	elab-addition	elaboration
Speaker 's dynamic roles as topic initiators and topic responders are associated with decreasing and increasing entropy , respectively ,	which results in local convergence between these speakers in each topic episode .	1<2	unknown	elab-addition	elaboration
This implies	that the sentence entropy in dialogue is conditioned on different contexts	1>2	unknown	attribution	attribution
Speaker 's dynamic roles as topic initiators and topic responders are associated with decreasing and increasing entropy , respectively ,	that the sentence entropy in dialogue is conditioned on different contexts	1<2	unknown	elab-addition	elaboration
that the sentence entropy in dialogue is conditioned on different contexts	determined by the speaker 's roles .	1<2	unknown	elab-addition	elaboration
however , new entropy change patterns within the topic episodes of dialogue are described ,	Explanations from the perspectives of grounding theory and interactive alignment are discussed ,	1<2	unknown	elab-addition	elaboration
Explanations from the perspectives of grounding theory and interactive alignment are discussed ,	resulting in a novel , unified informationtheoretic approach of dialogue .	1<2	unknown	result	causal
To establish sophisticated dialogue systems ,	text planning needs to cope with congruent as well as incongruent interlocutor interests	1>2	unknown	enablement	purpose
text planning needs to cope with congruent as well as incongruent interlocutor interests	We introduce the concept of fairness	1>2	unknown	bg-compare	frame
text planning needs to cope with congruent as well as incongruent interlocutor interests	as given in everyday dialogues .	1<2	unknown	elab-addition	elaboration
text planning needs to cope with congruent as well as incongruent interlocutor interests	Little attention has been given to this topic in text planning in contrast to dialogues	1<2	unknown	elab-addition	elaboration
Little attention has been given to this topic in text planning in contrast to dialogues	that are fully aligned with anticipated user interests .	1<2	unknown	elab-addition	elaboration
When considering dialogues with congruent and incongruent interlocutor interests ,	dialogue partners are facing the constant challenge	1>2	unknown	condition	condition
text planning needs to cope with congruent as well as incongruent interlocutor interests	dialogue partners are facing the constant challenge	1<2	unknown	elab-addition	elaboration
dialogue partners are facing the constant challenge	of finding a balance between cooperation and competition .	1<2	unknown	elab-addition	elaboration
We introduce the concept of fairness	that operationalize an equal and adequate ,	1<2	unknown	elab-addition	elaboration
We introduce the concept of fairness	i.e. equitable satisfaction of all interlocutors ' interests .	1<2	unknown	elab-definition	elaboration
Focusing on Question-Answering ( QA ) settings ,	we describe an answer planning approach	1>2	unknown	elab-addition	elaboration
We introduce the concept of fairness	we describe an answer planning approach	1<2	unknown	elab-addition	elaboration
we describe an answer planning approach	that support fair dialogues under congruent and incongruent interlocutor interests .	1<2	unknown	elab-addition	elaboration
Due to the fact	we present promising results from an empirical study ( N=107 )	1>2	unknown	cause	causal
Due to the fact	that fairness is subjective perse ,	1<2	unknown	elab-addition	elaboration
We introduce the concept of fairness	we present promising results from an empirical study ( N=107 )	1<2	unknown	evaluation	comment
we present promising results from an empirical study ( N=107 )	in which human subjects interacted with a QA system	1<2	unknown	elab-addition	elaboration
in which human subjects interacted with a QA system	implementing the proposed approach .	1<2	unknown	elab-addition	elaboration
Modeling interactions between two sentences is crucial for a number of natural language processing tasks	In this work , we propose a Sentence Interaction Network ( SIN )	1>2	unknown	bg-goal	frame
Modeling interactions between two sentences is crucial for a number of natural language processing tasks	including Answer Selection , Dialogue Act Analysis , etc. .	1<2	unknown	elab-example	elaboration
While deep learning methods like Recurrent Neural Network or Convolutional Neural Network have been proved to be powerful for sentence modeling ,	prior studies paid less attention on interactions between sentences .	1>2	unknown	contrast	contrast
prior studies paid less attention on interactions between sentences .	In this work , we propose a Sentence Interaction Network ( SIN )	1>2	unknown	bg-compare	frame
In this work , we propose a Sentence Interaction Network ( SIN )	for modeling the complex interactions between two sentences .	1<2	unknown	elab-addition	elaboration
By introducing `` interaction states '' for word and phrase pairs ,	SIN is powerful and flexible in capturing sentence interactions for different tasks .	1>2	unknown	manner-means	mode
In this work , we propose a Sentence Interaction Network ( SIN )	SIN is powerful and flexible in capturing sentence interactions for different tasks .	1<2	unknown	elab-addition	elaboration
In this work , we propose a Sentence Interaction Network ( SIN )	We obtain significant improvements on Answer Selection and Dialogue Act Analysis	1<2	unknown	evaluation	comment
We obtain significant improvements on Answer Selection and Dialogue Act Analysis	without any feature engineering .	1<2	unknown	condition	condition
In this study , we introduce a nondeterministic method	for referring expression generation .	1<2	unknown	elab-addition	elaboration
In this study , we introduce a nondeterministic method	We describe two models	1<2	unknown	elab-addition	elaboration
We describe two models	that account for individual variation in the choice of referential form in automatically generated text :	1<2	unknown	elab-addition	elaboration
We describe two models	a Naive Bayes model and a Recurrent Neural Network .	1<2	unknown	elab-enumember	elaboration
We describe two models	Both are evaluated	1<2	unknown	elab-addition	elaboration
Both are evaluated	using the VaREG corpus .	1<2	unknown	manner-means	mode
Both are evaluated	Then we select the best performing model	1<2	unknown	elab-addition	elaboration
Then we select the best performing model	to generate referential forms in texts from the GREC-2.0 corpus	1<2	unknown	enablement	purpose
Then we select the best performing model	and conduct an evaluation experiment	1<2	unknown	progression	organization
and conduct an evaluation experiment	in which humans judge the coherence and comprehensibility of the generated texts ,	1<2	unknown	elab-addition	elaboration
in which humans judge the coherence and comprehensibility of the generated texts ,	comparing them both with the original references and those	1<2	unknown	elab-addition	elaboration
comparing them both with the original references and those	produced by a random baseline model .	1<2	unknown	elab-addition	elaboration
How much is 131 million US dollars ?	we propose a new task of automatically generating short descriptions	1>2	unknown	bg-goal	frame
To help readers put such numbers in context ,	we propose a new task of automatically generating short descriptions	1>2	unknown	enablement	purpose
we propose a new task of automatically generating short descriptions	known as perspectives ,	1<2	unknown	elab-addition	elaboration
known as perspectives ,	e.g. `` $ 131 million is about the cost	1<2	unknown	elab-example	elaboration
e.g. `` $ 131 million is about the cost	to employ everyone in Texas over a lunch period '' .	1<2	unknown	enablement	purpose
we propose a new task of automatically generating short descriptions	First , we collect a dataset of numeric mentions in news articles ,	1<2	unknown	elab-addition	elaboration
First , we collect a dataset of numeric mentions in news articles ,	where each mention is labeled with a set of rated perspectives .	1<2	unknown	elab-addition	elaboration
we propose a new task of automatically generating short descriptions	We then propose a system	1<2	unknown	elab-addition	elaboration
We then propose a system	to generate these descriptions	1<2	unknown	enablement	purpose
to generate these descriptions	consisting of two steps :	1<2	unknown	elab-addition	elaboration
consisting of two steps :	formula construction and description generation .	1<2	unknown	elab-enumember	elaboration
formula construction and description generation .	In construction , we compose formulae from numeric facts in a knowledge base	1<2	unknown	elab-aspect	elaboration
In construction , we compose formulae from numeric facts in a knowledge base	and rank the resulting formulas	1<2	unknown	joint	conjunction
and rank the resulting formulas	based on familiarity , numeric proximity and semantic compatibility .	1<2	unknown	bg-general	frame
formula construction and description generation .	In generation , we convert a formula into natural language	1<2	unknown	elab-aspect	elaboration
In generation , we convert a formula into natural language	using a sequence-to-sequence recurrent neural network .	1<2	unknown	manner-means	mode
we propose a new task of automatically generating short descriptions	Our system obtains a 15.2 % F1 improvement over a non-compositional baseline at formula construction and a 12.5 BLEU point improvement over a baseline description generation .	1<2	unknown	evaluation	comment
Over the past decade , large-scale supervised learning corpora have enabled machine learning researchers to make substantial advances .	However , to this date , there are no large-scale question-answer corpora available .	1>2	unknown	contrast	contrast
However , to this date , there are no large-scale question-answer corpora available .	In this paper we present the 30M Factoid QuestionAnswer Corpus ,	1>2	unknown	bg-goal	frame
In this paper we present the 30M Factoid QuestionAnswer Corpus ,	an enormous question-answer pair corpus	1<2	unknown	elab-definition	elaboration
an enormous question-answer pair corpus	produced by applying a novel neural network architecture on the knowledge base Freebase	1<2	unknown	elab-addition	elaboration
produced by applying a novel neural network architecture on the knowledge base Freebase	to transduce facts into natural language questions .	1<2	unknown	enablement	purpose
In this paper we present the 30M Factoid QuestionAnswer Corpus ,	The produced question-answer pairs are evaluated	1<2	unknown	elab-addition	elaboration
The produced question-answer pairs are evaluated	both by human evaluators	1<2	unknown	manner-means	mode
both by human evaluators	and using automatic evaluation metrics ,	1<2	unknown	joint	conjunction
and using automatic evaluation metrics ,	including well-established machine translation and sentence similarity metrics .	1<2	unknown	elab-example	elaboration
In this paper we present the 30M Factoid QuestionAnswer Corpus ,	Across all evaluation criteria the question-generation model outperforms the competing template-based baseline .	1<2	unknown	evaluation	comment
Furthermore , when presented to human evaluators ,	the generated questions appear to be comparable in quality to real human-generated questions .	1>2	unknown	condition	condition
In this paper we present the 30M Factoid QuestionAnswer Corpus ,	the generated questions appear to be comparable in quality to real human-generated questions .	1<2	unknown	evaluation	comment
Many language generation tasks require the production of text	We present a novel neural network architecture	1>2	unknown	bg-compare	frame
Many language generation tasks require the production of text	conditioned on both structured and unstructured inputs .	1<2	unknown	elab-addition	elaboration
We present a novel neural network architecture	which generates an output sequence	1<2	unknown	elab-addition	elaboration
which generates an output sequence	conditioned on an arbitrary number of input functions .	1<2	unknown	elab-addition	elaboration
We present a novel neural network architecture	Crucially , our approach allows both the choice of conditioning context and the granularity of generation ,	1<2	unknown	elab-addition	elaboration
Crucially , our approach allows both the choice of conditioning context and the granularity of generation ,	for example characters or tokens ,	1<2	unknown	elab-example	elaboration
Crucially , our approach allows both the choice of conditioning context and the granularity of generation ,	to be marginalised ,	1<2	unknown	enablement	purpose
Crucially , our approach allows both the choice of conditioning context and the granularity of generation ,	thus permitting scalable and effective training .	1<2	unknown	result	causal
Using this framework ,	we address the problem	1>2	unknown	manner-means	mode
We present a novel neural network architecture	we address the problem	1<2	unknown	elab-addition	elaboration
we address the problem	of generating programming code from a mixed natural language and structured specification .	1<2	unknown	elab-addition	elaboration
We present a novel neural network architecture	We create two new data sets for this paradigm	1<2	unknown	elab-addition	elaboration
We create two new data sets for this paradigm	derived from the collectible trading card games Magic the Gathering and Hearthstone .	1<2	unknown	elab-addition	elaboration
On these , and a third preexisting corpus , we demonstrate	that marginalising multiple predictors allows our model to outperform strong benchmarks .	1>2	unknown	attribution	attribution
We present a novel neural network architecture	that marginalising multiple predictors allows our model to outperform strong benchmarks .	1<2	unknown	evaluation	comment
Research on generating referring expressions has so far mostly focussed on `` oneshot reference '' ,	In interactive settings , however , it is not uncommon for reference to be established in `` installments '' ,	1>2	unknown	contrast	contrast
Research on generating referring expressions has so far mostly focussed on `` oneshot reference '' ,	where the aim is to generate a single , discriminating expression .	1<2	unknown	elab-addition	elaboration
In interactive settings , however , it is not uncommon for reference to be established in `` installments '' ,	that this strategy can also be advantageous in technical systems	1>2	unknown	bg-goal	frame
In interactive settings , however , it is not uncommon for reference to be established in `` installments '' ,	where referring information is offered piecewise	1<2	unknown	elab-addition	elaboration
where referring information is offered piecewise	until success has been confirmed .	1<2	unknown	temporal	temporal
We show	that this strategy can also be advantageous in technical systems	1>2	unknown	attribution	attribution
that this strategy can also be advantageous in technical systems	that only have uncertain access to object attributes and categories .	1<2	unknown	elab-addition	elaboration
that this strategy can also be advantageous in technical systems	We train a recently introduced model of grounded word meaning on a data set of REs for objects in images	1<2	unknown	elab-addition	elaboration
We train a recently introduced model of grounded word meaning on a data set of REs for objects in images	and learn to predict semantically appropriate expressions .	1<2	unknown	joint	conjunction
In a human evaluation , we observe	that users are sensitive to inadequate object names-	1>2	unknown	attribution	attribution
We train a recently introduced model of grounded word meaning on a data set of REs for objects in images	that users are sensitive to inadequate object names-	1<2	unknown	evaluation	comment
that users are sensitive to inadequate object names-	which unfortunately are not unlikely to be generated from low-level visual input .	1<2	unknown	elab-addition	elaboration
that this strategy can also be advantageous in technical systems	We propose a solution	1<2	unknown	elab-addition	elaboration
We propose a solution	inspired from human task-oriented interaction	1<2	unknown	elab-addition	elaboration
inspired from human task-oriented interaction	and implement strategies	1<2	unknown	joint	conjunction
We propose a solution	for avoiding and repairing semantically inaccurate words .	1<2	unknown	elab-addition	elaboration
We propose a solution	We enhance a word-based REG with contextaware , referential installments	1<2	unknown	evaluation	comment
and find	that they substantially improve the referential success of the system .	1>2	unknown	attribution	attribution
We enhance a word-based REG with contextaware , referential installments	that they substantially improve the referential success of the system .	1<2	unknown	joint	conjunction
Entity resolution is the task	We explore attentionlike mechanisms for coherence ,	1>2	unknown	bg-goal	frame
Entity resolution is the task	of linking each mention of an entity in text to the corresponding record in a knowledge base ( KB ) .	1<2	unknown	elab-addition	elaboration
Entity resolution is the task	Coherence models for entity resolution encourage all referring expressions in a document to resolve to entities	1<2	unknown	elab-addition	elaboration
Coherence models for entity resolution encourage all referring expressions in a document to resolve to entities	that are related in the KB .	1<2	unknown	elab-addition	elaboration
We explore attentionlike mechanisms for coherence ,	where the evidence for each candidate is based on a small set of strong relations , rather than relations to all other entities in the document .	1<2	unknown	elab-addition	elaboration
We explore attentionlike mechanisms for coherence ,	The rationale is that documentwide support may simply not exist for non-salient entities , or entities	1<2	unknown	elab-addition	elaboration
The rationale is that documentwide support may simply not exist for non-salient entities , or entities	not densely connected in the KB .	1<2	unknown	elab-addition	elaboration
We explore attentionlike mechanisms for coherence ,	Our proposed system outperforms state-of-the-art systems on the CoNLL 2003 , TAC KBP 2010 , 2011 and 2012 tasks .	1<2	unknown	evaluation	comment
Interpretability and discriminative power are the two most basic requirements for an evaluation metric .	In this paper , we report the mention identification effect in the B3 , CEAF , and BLANC coreference evaluation metrics	1>2	unknown	bg-goal	frame
In this paper , we report the mention identification effect in the B3 , CEAF , and BLANC coreference evaluation metrics	that makes it impossible to interpret their results properly .	1<2	unknown	elab-addition	elaboration
In this paper , we report the mention identification effect in the B3 , CEAF , and BLANC coreference evaluation metrics	The only metric <*> is MUC ,	1<2	unknown	elab-addition	elaboration
The only metric <*> is MUC ,	which is insensitive to this flaw	1<2	unknown	elab-addition	elaboration
is MUC ,	which , however , is known to be the least discriminative metric .	1<2	unknown	elab-addition	elaboration
It is a known fact	The common practice for ranking coreference resolvers is to use the average of three different metrics .	1>2	unknown	result	causal
It is a known fact	that none of the current metrics are reliable .	1<2	unknown	elab-addition	elaboration
The common practice for ranking coreference resolvers is to use the average of three different metrics .	However , one cannot expect to obtain a reliable score	1>2	unknown	contrast	contrast
In this paper , we report the mention identification effect in the B3 , CEAF , and BLANC coreference evaluation metrics	However , one cannot expect to obtain a reliable score	1<2	unknown	elab-addition	elaboration
However , one cannot expect to obtain a reliable score	by averaging three unreliable metrics .	1<2	unknown	manner-means	mode
In this paper , we report the mention identification effect in the B3 , CEAF , and BLANC coreference evaluation metrics	We propose LEA , a Link-based Entity-Aware evaluation metric	1<2	unknown	elab-addition	elaboration
We propose LEA , a Link-based Entity-Aware evaluation metric	that is designed to overcome the shortcomings of the current evaluation metrics .	1<2	unknown	elab-addition	elaboration
We propose LEA , a Link-based Entity-Aware evaluation metric	LEA is available as branch LEA-scorer in the reference implementation of the official CoNLL scorer .	1<2	unknown	elab-addition	elaboration
A long-standing challenge in coreference resolution has been the incorporation of entity-level information - features	We present a neural network based coreference system	1>2	unknown	bg-goal	frame
A long-standing challenge in coreference resolution has been the incorporation of entity-level information - features	defined over clusters of mentions instead of mention pairs .	1<2	unknown	elab-addition	elaboration
We present a neural network based coreference system	that produces high-dimensional vector representations for pairs of coreference clusters .	1<2	unknown	elab-addition	elaboration
Using these representations ,	our system learns when combining clusters is desirable .	1>2	unknown	manner-means	mode
that produces high-dimensional vector representations for pairs of coreference clusters .	our system learns when combining clusters is desirable .	1<2	unknown	elab-addition	elaboration
We present a neural network based coreference system	We train the system with a learning-to-search algorithm	1<2	unknown	elab-addition	elaboration
We train the system with a learning-to-search algorithm	that teaches it	1<2	unknown	elab-addition	elaboration
We train the system with a learning-to-search algorithm	which local decisions ( cluster merges ) will lead to a high-scoring final coreference partition .	1<2	unknown	elab-addition	elaboration
We present a neural network based coreference system	The system substantially outperforms the current state-of-the-art on the English and Chinese portions of the CoNLL 2012 Shared Task dataset	1<2	unknown	evaluation	comment
The system substantially outperforms the current state-of-the-art on the English and Chinese portions of the CoNLL 2012 Shared Task dataset	despite using few hand-engineered features .	1<2	unknown	contrast	contrast
Properties of corpora , <*> impact the best way	We examine several such properties in a variety of corpora	1>2	unknown	bg-goal	frame
Properties of corpora , <*> impact the best way	such as the diversity of vocabulary and how tightly related texts cluster together ,	1<2	unknown	elab-example	elaboration
impact the best way	to cluster short texts .	1<2	unknown	elab-addition	elaboration
We examine several such properties in a variety of corpora	and track their effects on various combinations of similarity metrics and clustering algorithms .	1<2	unknown	joint	conjunction
We show	that semantic similarity metrics outperform traditional n-gram and dependency similarity metrics for kmeans clustering of a linguistically creative dataset ,	1>2	unknown	attribution	attribution
We examine several such properties in a variety of corpora	that semantic similarity metrics outperform traditional n-gram and dependency similarity metrics for kmeans clustering of a linguistically creative dataset ,	1<2	unknown	elab-addition	elaboration
that semantic similarity metrics outperform traditional n-gram and dependency similarity metrics for kmeans clustering of a linguistically creative dataset ,	but do not help with less creative texts .	1<2	unknown	contrast	contrast
We examine several such properties in a variety of corpora	Yet the choice of similarity metric interacts with the choice of clustering method .	1<2	unknown	elab-addition	elaboration
We find	that graphbased clustering methods perform well on tightly clustered data	1>2	unknown	attribution	attribution
Yet the choice of similarity metric interacts with the choice of clustering method .	that graphbased clustering methods perform well on tightly clustered data	1<2	unknown	elab-addition	elaboration
that graphbased clustering methods perform well on tightly clustered data	but poorly on loosely clustered data .	1<2	unknown	contrast	contrast
Yet the choice of similarity metric interacts with the choice of clustering method .	Semantic similarity metrics generate loosely clustered output	1<2	unknown	elab-addition	elaboration
Semantic similarity metrics generate loosely clustered output	even when applied to a tightly clustered dataset .	1<2	unknown	condition	condition
Semantic similarity metrics generate loosely clustered output	Thus , the best performing clustering systems could not use semantic metrics .	1<2	unknown	result	causal
Word embedding maps words into a lowdimensional continuous embedding space	These two types of patterns are complementary .	1>2	unknown	summary	organization
Word embedding maps words into a lowdimensional continuous embedding space	by exploiting the local word collocation patterns in a small context window .	1<2	unknown	manner-means	mode
On the other hand , topic modeling maps documents onto a low-dimensional topic space ,	These two types of patterns are complementary .	1>2	unknown	summary	organization
On the other hand , topic modeling maps documents onto a low-dimensional topic space ,	by utilizing the global word collocation patterns in the same document .	1<2	unknown	manner-means	mode
These two types of patterns are complementary .	In this paper , we propose a generative topic embedding model	1>2	unknown	bg-goal	frame
In this paper , we propose a generative topic embedding model	to combine the two types of patterns .	1<2	unknown	enablement	purpose
In this paper , we propose a generative topic embedding model	In our model , topics are represented by embedding vectors ,	1<2	unknown	elab-addition	elaboration
In our model , topics are represented by embedding vectors ,	and are shared across documents .	1<2	unknown	joint	conjunction
In our model , topics are represented by embedding vectors ,	The probability of each word is influenced by both its local context and its topic .	1<2	unknown	elab-addition	elaboration
In our model , topics are represented by embedding vectors ,	A variational inference method yields the topic embeddings as well as the topic mixing proportions for each document .	1<2	unknown	elab-addition	elaboration
A variational inference method yields the topic embeddings as well as the topic mixing proportions for each document .	Jointly they represent the document in a low-dimensional continuous space .	1<2	unknown	elab-addition	elaboration
In this paper , we propose a generative topic embedding model	In two document classification tasks , our method performs better than eight existing methods , with fewer features .	1<2	unknown	evaluation	comment
In addition , we illustrate with an example	that our method can generate coherent topics	1>2	unknown	attribution	attribution
In this paper , we propose a generative topic embedding model	that our method can generate coherent topics	1<2	unknown	evaluation	comment
that our method can generate coherent topics	even based on only one document .	1<2	unknown	bg-general	frame
News reader comments <*> are typically massive in amount .	We investigate the task of Cultural-common Topic Detection ( CTD ) ,	1>2	unknown	bg-goal	frame
News reader comments <*> are typically massive in amount .	found in many on-line news websites	1<2	unknown	elab-addition	elaboration
We investigate the task of Cultural-common Topic Detection ( CTD ) ,	which is aimed at discovering common discussion topics from news reader comments	1<2	unknown	elab-addition	elaboration
which is aimed at discovering common discussion topics from news reader comments	written in different languages .	1<2	unknown	elab-addition	elaboration
We investigate the task of Cultural-common Topic Detection ( CTD ) ,	We propose a new probabilistic graphical model	1<2	unknown	elab-addition	elaboration
We propose a new probabilistic graphical model	called MCTA	1<2	unknown	elab-addition	elaboration
We propose a new probabilistic graphical model	which can cope with the language gap	1<2	unknown	elab-addition	elaboration
which can cope with the language gap	and capture the common semantics in different languages .	1<2	unknown	joint	conjunction
We investigate the task of Cultural-common Topic Detection ( CTD ) ,	We also develop a partially collapsed Gibbs sampler	1<2	unknown	elab-addition	elaboration
We also develop a partially collapsed Gibbs sampler	which effectively incorporates the term translation relationship into the detection of cultural-common topics for model parameter learning .	1<2	unknown	elab-addition	elaboration
We investigate the task of Cultural-common Topic Detection ( CTD ) ,	Experimental results show improvements over the state-of-the-art model .	1<2	unknown	evaluation	comment
Document collections often have links between documents - citations , hyperlinks , or revisions -	we introduce a new topic model for documents	1>2	unknown	bg-goal	frame
Document collections often have links between documents - citations , hyperlinks , or revisions -	and which links are added is often based on topical similarity .	1<2	unknown	joint	conjunction
To model these intuitions ,	we introduce a new topic model for documents	1>2	unknown	enablement	purpose
we introduce a new topic model for documents	situated within a network structure ,	1<2	unknown	elab-addition	elaboration
we introduce a new topic model for documents	integrating latent blocks of documents with a max-margin learning criterion for link prediction	1<2	unknown	result	causal
integrating latent blocks of documents with a max-margin learning criterion for link prediction	using topicand word-level features .	1<2	unknown	manner-means	mode
we introduce a new topic model for documents	Experiments on a scientific paper dataset and collection of webpages show	1<2	unknown	evaluation	comment
that , by more robustly exploiting the rich link structure within a document network ,	our model improves link prediction , topic quality , and block distributions .	1>2	unknown	manner-means	mode
Experiments on a scientific paper dataset and collection of webpages show	our model improves link prediction , topic quality , and block distributions .	1<2	unknown	attribution	attribution
Sentiment Analysis ( SA ) is an active research area nowadays	however research on SA of Arabic has just flourished .	1>2	unknown	elab-addition	elaboration
Sentiment Analysis ( SA ) is an active research area nowadays	due to the tremendous interest in aggregating and evaluating opinions	1<2	unknown	cause	causal
Sentiment Analysis ( SA ) is an active research area nowadays	being disseminated by users on the Web .	1<2	unknown	elab-addition	elaboration
SA of English has been thoroughly researched ;	however research on SA of Arabic has just flourished .	1>2	unknown	contrast	contrast
however research on SA of Arabic has just flourished .	In this paper we attempt to bridge a gap in Arabic SA of Twitter	1>2	unknown	bg-goal	frame
however research on SA of Arabic has just flourished .	Twitter is considered a powerful tool	1<2	unknown	elab-addition	elaboration
Twitter is considered a powerful tool	for disseminating information and a rich resource for opinionated text	1<2	unknown	elab-addition	elaboration
Twitter is considered a powerful tool	containing views on many different topics .	1<2	unknown	elab-addition	elaboration
In this paper we attempt to bridge a gap in Arabic SA of Twitter	which is the lack of sentiment lexicons	1<2	unknown	elab-addition	elaboration
which is the lack of sentiment lexicons	that are tailored for the informal language of Twitter .	1<2	unknown	elab-addition	elaboration
In this paper we attempt to bridge a gap in Arabic SA of Twitter	We generate two lexicons	1<2	unknown	elab-addition	elaboration
We generate two lexicons	extracted from a large dataset of tweets	1<2	unknown	elab-addition	elaboration
We generate two lexicons	using two approaches	1<2	unknown	manner-means	mode
We generate two lexicons	and evaluate their use in a simple lexicon based method .	1<2	unknown	joint	conjunction
The evaluation is performed on internal and external datasets .	The performance of these automatically generated lexicons was very promising ,	1>2	unknown	elab-addition	elaboration
In this paper we attempt to bridge a gap in Arabic SA of Twitter	The performance of these automatically generated lexicons was very promising ,	1<2	unknown	evaluation	comment
The performance of these automatically generated lexicons was very promising ,	albeit the simple method	1<2	unknown	contrast	contrast
albeit the simple method	used for classification .	1<2	unknown	elab-addition	elaboration
The performance of these automatically generated lexicons was very promising ,	The best F-score obtained was 89.58 % on the internal dataset and 63.1-64.7 % on the external datasets .	1<2	unknown	exp-evidence	explanation
This paper proposes an unsupervised approach	for segmenting a multiauthor document into authorial components .	1<2	unknown	elab-addition	elaboration
This paper proposes an unsupervised approach	The key novelty is that we utilize the sequential patterns	1<2	unknown	elab-addition	elaboration
The key novelty is that we utilize the sequential patterns	hidden among document elements	1<2	unknown	elab-addition	elaboration
The key novelty is that we utilize the sequential patterns	when determining their authorships .	1<2	unknown	temporal	temporal
The key novelty is that we utilize the sequential patterns	For this purpose , we adopt Hidden Markov Model ( HMM )	1<2	unknown	elab-addition	elaboration
For this purpose , we adopt Hidden Markov Model ( HMM )	and construct a sequential probabilistic model	1<2	unknown	joint	conjunction
and construct a sequential probabilistic model	to capture the dependencies of sequential sentences and their authorships .	1<2	unknown	enablement	purpose
This paper proposes an unsupervised approach	An unsupervised learning method is developed	1<2	unknown	elab-addition	elaboration
An unsupervised learning method is developed	to initialize the HMM parameters .	1<2	unknown	enablement	purpose
This paper proposes an unsupervised approach	Experimental results on benchmark datasets have demonstrated the significant benefit of our idea	1<2	unknown	evaluation	comment
Experimental results on benchmark datasets have demonstrated the significant benefit of our idea	and our approach has outperformed the state-of-the-arts on all tests .	1<2	unknown	joint	conjunction
As an example of its applications , the proposed approach is applied	and has also shown promising results .	1>2	unknown	progression	organization
As an example of its applications , the proposed approach is applied	for attributing authorship of a document	1<2	unknown	elab-addition	elaboration
This paper proposes an unsupervised approach	and has also shown promising results .	1<2	unknown	evaluation	comment
Automated Text Scoring ( ATS ) provides a cost-effective and consistent alternative to human marking .	the predictive features of the system need to be manually engineered by human experts .	1>2	unknown	contrast	contrast
However , in order to achieve good performance ,	the predictive features of the system need to be manually engineered by human experts .	1>2	unknown	enablement	purpose
the predictive features of the system need to be manually engineered by human experts .	We introduce a model	1>2	unknown	bg-goal	frame
We introduce a model	that forms word representations	1<2	unknown	elab-addition	elaboration
We introduce a model	by learning the extent	1<2	unknown	manner-means	mode
by learning the extent	to which specific words contribute to the text 's score .	1<2	unknown	elab-addition	elaboration
Using Long-Short Term Memory networks	that a fully automated framework is able to achieve excellent results over similar approaches .	1>2	unknown	manner-means	mode
Using Long-Short Term Memory networks	to represent the meaning of texts ,	1<2	unknown	enablement	purpose
we demonstrate	that a fully automated framework is able to achieve excellent results over similar approaches .	1>2	unknown	attribution	attribution
We introduce a model	that a fully automated framework is able to achieve excellent results over similar approaches .	1<2	unknown	elab-addition	elaboration
In an attempt to make our results more interpretable ,	we introduce a novel method	1>2	unknown	elab-addition	elaboration
In an attempt to make our results more interpretable ,	and inspired by recent advances in visualizing neural networks ,	1<2	unknown	joint	conjunction
We introduce a model	we introduce a novel method	1<2	unknown	elab-addition	elaboration
we introduce a novel method	for identifying the regions of the text	1<2	unknown	elab-addition	elaboration
for identifying the regions of the text	that the model has found more discriminative .	1<2	unknown	elab-addition	elaboration
Digital personal assistants are becoming both more common and more useful .	This paper focuses on understanding rules	1>2	unknown	bg-goal	frame
Digital personal assistants are becoming both more common and more useful .	The major NLP challenge for personal assistants is machine understanding :	1<2	unknown	elab-addition	elaboration
The major NLP challenge for personal assistants is machine understanding :	translating natural language user commands into an executable representation .	1<2	unknown	elab-definition	elaboration
This paper focuses on understanding rules	written as If-Then statements ,	1<2	unknown	elab-addition	elaboration
This paper focuses on understanding rules	though the techniques should be portable to other semantic parsing tasks .	1<2	unknown	contrast	contrast
This paper focuses on understanding rules	We view understanding as structure prediction	1<2	unknown	elab-addition	elaboration
We view understanding as structure prediction	and show improved models	1<2	unknown	joint	conjunction
and show improved models	using both conventional techniques and neural network models .	1<2	unknown	manner-means	mode
This paper focuses on understanding rules	We also discuss various ways	1<2	unknown	elab-addition	elaboration
We also discuss various ways	to improve generalization	1<2	unknown	elab-addition	elaboration
to improve generalization	and reduce overfitting :	1<2	unknown	joint	conjunction
and reduce overfitting :	synthetic training data from paraphrase , grammar combinations , feature selection and ensembles of multiple systems .	1<2	unknown	elab-example	elaboration
This paper focuses on understanding rules	An ensemble of these techniques achieves a new state of the art result with 8 % accuracy improvement .	1<2	unknown	evaluation	comment
We introduce the Treebank of Learner English ( TLE ) ,	the first publicly available syntactic treebank for English as a Second Language ( ESL ) .	1<2	unknown	elab-addition	elaboration
We introduce the Treebank of Learner English ( TLE ) ,	The TLE provides manually annotated POS tags and Universal Dependency ( UD ) trees for 5,124 sentences from the Cambridge First Certificate in English ( FCE ) corpus .	1<2	unknown	elab-addition	elaboration
We introduce the Treebank of Learner English ( TLE ) ,	The UD annotations are tied to a pre-existing error annotation of the FCE ,	1<2	unknown	elab-aspect	elaboration
The UD annotations are tied to a pre-existing error annotation of the FCE ,	whereby full syntactic analyses are provided for both the original and error corrected versions of each sentence .	1<2	unknown	elab-addition	elaboration
We introduce the Treebank of Learner English ( TLE ) ,	Further on , we delineate ESL annotation guidelines	1<2	unknown	elab-aspect	elaboration
Further on , we delineate ESL annotation guidelines	that allow for consistent syntactic treatment of ungrammatical English .	1<2	unknown	elab-addition	elaboration
We introduce the Treebank of Learner English ( TLE ) ,	Finally , we benchmark POS tagging and dependency parsing performance on the TLE dataset	1<2	unknown	elab-aspect	elaboration
Finally , we benchmark POS tagging and dependency parsing performance on the TLE dataset	and measure the effect of grammatical errors on parsing accuracy .	1<2	unknown	joint	conjunction
We introduce the Treebank of Learner English ( TLE ) ,	We envision the treebank to support a wide range of linguistic and computational research on second language acquisition as well as automatic processing of ungrammatical language .	1<2	unknown	evaluation	comment
Neuro-imaging studies on reading different parts of speech ( PoS ) report somewhat mixed results ,	This paper addresses the difficulty	1>2	unknown	bg-goal	frame
Neuro-imaging studies on reading different parts of speech ( PoS ) report somewhat mixed results ,	yet some of them indicate different activations with different PoS .	1<2	unknown	contrast	contrast
This paper addresses the difficulty	of using fMRI to discriminate between linguistic tokens in reading of running text	1<2	unknown	elab-addition	elaboration
This paper addresses the difficulty	because of low temporal resolution .	1<2	unknown	exp-reason	explanation
We show	fMRI data contains a signal of PoS distinctions to the extent	1>2	unknown	attribution	attribution
that once we solve this problem ,	fMRI data contains a signal of PoS distinctions to the extent	1>2	unknown	condition	condition
This paper addresses the difficulty	fMRI data contains a signal of PoS distinctions to the extent	1<2	unknown	evaluation	comment
fMRI data contains a signal of PoS distinctions to the extent	that it improves PoS induction with error reductions of more than 4 % .	1<2	unknown	elab-addition	elaboration
Relation classification is an important semantic processing task in the field of natural language processing ( NLP ) .	In this paper , we present a novel model BRCNN	1>2	unknown	bg-goal	frame
In this paper , we present a novel model BRCNN	to classify the relation of two entities in a sentence .	1<2	unknown	enablement	purpose
In this paper , we present a novel model BRCNN	Some state-of-the-art systems concentrate on modeling the shortest dependency path ( SDP ) between two entities	1<2	unknown	elab-addition	elaboration
Some state-of-the-art systems concentrate on modeling the shortest dependency path ( SDP ) between two entities	leveraging convolutional or recurrent neural networks .	1<2	unknown	elab-addition	elaboration
In this paper , we present a novel model BRCNN	We further explore how to make full use of the dependency relations information in the SDP ,	1<2	unknown	elab-addition	elaboration
We further explore how to make full use of the dependency relations information in the SDP ,	by combining convolutional neural networks and twochannel recurrent neural networks with long short term memory ( LSTM ) units .	1<2	unknown	manner-means	mode
In this paper , we present a novel model BRCNN	We propose a bidirectional architecture	1<2	unknown	elab-addition	elaboration
We propose a bidirectional architecture	to learn relation representations with directional information along the SDP forwards and backwards at the same time ,	1<2	unknown	enablement	purpose
to learn relation representations with directional information along the SDP forwards and backwards at the same time ,	which benefits classifying the direction of relations .	1<2	unknown	elab-addition	elaboration
Experimental results show	that our method outperforms the state-of-theart approaches on the SemEval-2010 Task 8 dataset .	1>2	unknown	attribution	attribution
In this paper , we present a novel model BRCNN	that our method outperforms the state-of-theart approaches on the SemEval-2010 Task 8 dataset .	1<2	unknown	evaluation	comment
A major challenge of semantic parsing is the vocabulary mismatch problem between natural language and target ontology .	In this paper , we propose a sentence rewriting based semantic parsing method ,	1>2	unknown	bg-goal	frame
In this paper , we propose a sentence rewriting based semantic parsing method ,	which can effectively resolve the mismatch problem	1<2	unknown	elab-addition	elaboration
which can effectively resolve the mismatch problem	by rewriting a sentence into a new form	1<2	unknown	manner-means	mode
by rewriting a sentence into a new form	which has the same structure with its target logical form .	1<2	unknown	elab-addition	elaboration
In this paper , we propose a sentence rewriting based semantic parsing method ,	Specifically , we propose two sentence-rewriting methods for two common types of mismatch :	1<2	unknown	elab-addition	elaboration
Specifically , we propose two sentence-rewriting methods for two common types of mismatch :	a dictionary-based method for 1-N mismatch and a template-based method for N-1 mismatch .	1<2	unknown	elab-enumember	elaboration
We evaluate our sentence rewriting based semantic parser on the benchmark semantic parsing dataset - WEBQUESTIONS .	that our system outperforms the base system with a 3.4 % gain in F1 ,	1>2	unknown	elab-addition	elaboration
Experimental results show	that our system outperforms the base system with a 3.4 % gain in F1 ,	1>2	unknown	attribution	attribution
In this paper , we propose a sentence rewriting based semantic parsing method ,	that our system outperforms the base system with a 3.4 % gain in F1 ,	1<2	unknown	evaluation	comment
that our system outperforms the base system with a 3.4 % gain in F1 ,	and generates logical forms more accurately	1<2	unknown	joint	conjunction
and generates logical forms more accurately	and parses sentences more robustly .	1<2	unknown	joint	conjunction
While unsupervised anaphoric zero pronoun ( AZP ) resolvers have recently been shown to rival their supervised counterparts in performance ,	it is relatively difficult to scale them up	1>2	unknown	contrast	contrast
it is relatively difficult to scale them up	we propose a supervised approach to AZP resolution based on deep neural networks ,	1>2	unknown	bg-compare	frame
it is relatively difficult to scale them up	to reach the next level of performance	1<2	unknown	enablement	purpose
it is relatively difficult to scale them up	due to the large amount of feature engineering efforts involved and their ineffectiveness in exploiting lexical features .	1<2	unknown	exp-reason	explanation
To address these weaknesses ,	we propose a supervised approach to AZP resolution based on deep neural networks ,	1>2	unknown	enablement	purpose
we propose a supervised approach to AZP resolution based on deep neural networks ,	taking advantage of their ability	1<2	unknown	elab-addition	elaboration
taking advantage of their ability	to learn useful task-specific representations	1<2	unknown	enablement	purpose
to learn useful task-specific representations	and effectively exploit lexical features via word embeddings .	1<2	unknown	joint	conjunction
we propose a supervised approach to AZP resolution based on deep neural networks ,	Our approach achieves stateof-the-art performance	1<2	unknown	evaluation	comment
Our approach achieves stateof-the-art performance	when resolving the Chinese AZPs in the OntoNotes corpus .	1<2	unknown	condition	condition
Supervised machine learning models for automated essay scoring ( AES ) usually require substantial task-specific training data	In this paper , we overcome this shortcoming	1>2	unknown	bg-compare	frame
Supervised machine learning models for automated essay scoring ( AES ) usually require substantial task-specific training data	in order to make accurate predictions for a particular writing task .	1<2	unknown	enablement	purpose
Supervised machine learning models for automated essay scoring ( AES ) usually require substantial task-specific training data	This limitation hinders their utility , and consequently their deployment in real-world settings .	1<2	unknown	result	causal
In this paper , we overcome this shortcoming	using a constrained multi-task pairwisepreference learning approach	1<2	unknown	manner-means	mode
using a constrained multi-task pairwisepreference learning approach	that enables the data from multiple tasks to be combined effectively .	1<2	unknown	elab-addition	elaboration
Furthermore , contrary to some recent research ,	that high performance AES systems can be built with little or no task-specific training data .	1>2	unknown	comparison	concession
we show	that high performance AES systems can be built with little or no task-specific training data .	1>2	unknown	attribution	attribution
In this paper , we overcome this shortcoming	that high performance AES systems can be built with little or no task-specific training data .	1<2	unknown	elab-addition	elaboration
In this paper , we overcome this shortcoming	We perform a detailed study of our approach on a publicly available dataset in scenarios	1<2	unknown	elab-addition	elaboration
We perform a detailed study of our approach on a publicly available dataset in scenarios	where we have varying amounts of task-specific training data	1<2	unknown	elab-addition	elaboration
We perform a detailed study of our approach on a publicly available dataset in scenarios	and in scenarios	1<2	unknown	joint	conjunction
and in scenarios	where the number of tasks increases .	1<2	unknown	elab-addition	elaboration
How can we enable computers to automatically answer questions	However , it remains a challenge to answer factoid questions	1>2	unknown	contrast	contrast
How can we enable computers to automatically answer questions	like `` Who created the character Harry Potter '' ?	1<2	unknown	elab-addition	elaboration
How can we enable computers to automatically answer questions	Carefully built knowledge bases provide rich sources of facts .	1<2	unknown	elab-addition	elaboration
However , it remains a challenge to answer factoid questions	We propose CFO , a Conditional Focused neuralnetwork-based approach	1>2	unknown	bg-goal	frame
However , it remains a challenge to answer factoid questions	raised in natural language	1<2	unknown	elab-addition	elaboration
However , it remains a challenge to answer factoid questions	due to numerous expressions of one question .	1<2	unknown	exp-reason	explanation
However , it remains a challenge to answer factoid questions	In particular , we focus on the most common questions - ones	1<2	unknown	elab-addition	elaboration
In particular , we focus on the most common questions - ones	that can be answered with a single fact in the knowledge base .	1<2	unknown	elab-addition	elaboration
We propose CFO , a Conditional Focused neuralnetwork-based approach	to answering factoid questions with knowledge bases .	1<2	unknown	enablement	purpose
We propose CFO , a Conditional Focused neuralnetwork-based approach	Our approach first zooms in a question	1<2	unknown	elab-addition	elaboration
Our approach first zooms in a question	to find more probable candidate subject mentions ,	1<2	unknown	enablement	purpose
Our approach first zooms in a question	and infers the final answers with a unified conditional probabilistic framework .	1<2	unknown	joint	conjunction
Powered by deep recurrent neural networks and neural embeddings ,	our proposed CFO achieves an accuracy of 75.7 % on a dataset of 108k questions - the largest public one to date .	1>2	unknown	elab-addition	elaboration
We propose CFO , a Conditional Focused neuralnetwork-based approach	our proposed CFO achieves an accuracy of 75.7 % on a dataset of 108k questions - the largest public one to date .	1<2	unknown	evaluation	comment
We propose CFO , a Conditional Focused neuralnetwork-based approach	It outperforms the current state of the art by an absolute margin of 11.8 % .	1<2	unknown	evaluation	comment
We revisit Levin 's theory about the correspondence of verb meaning and syntax	We address this challenge	1>2	unknown	bg-goal	frame
We revisit Levin 's theory about the correspondence of verb meaning and syntax	and infer semantic classes from a large syntactic classification of more than 600 German verbs	1<2	unknown	progression	organization
and infer semantic classes from a large syntactic classification of more than 600 German verbs	taking clausal and non-finite arguments .	1<2	unknown	elab-addition	elaboration
We revisit Levin 's theory about the correspondence of verb meaning and syntax	Grasping the meaning components of Levin-classes is known to be hard .	1<2	unknown	elab-addition	elaboration
We address this challenge	by setting up a multi-perspective semantic characterization of the inferred classes .	1<2	unknown	manner-means	mode
We address this challenge	To this end , we link the inferred classes and their English translation to independently constructed semantic classes in three different lexicons	1<2	unknown	elab-addition	elaboration
To this end , we link the inferred classes and their English translation to independently constructed semantic classes in three different lexicons	- the German wordnet GermaNet , VerbNet and FrameNet -	1<2	unknown	elab-enumember	elaboration
To this end , we link the inferred classes and their English translation to independently constructed semantic classes in three different lexicons	and perform a detailed analysis and evaluation of the resulting German-English classification	1<2	unknown	joint	conjunction
and perform a detailed analysis and evaluation of the resulting German-English classification	( available at www.ukp.tu-darmstadt.de/modality-verbclasses/ ) .	1<2	unknown	elab-addition	elaboration
Most of the existing Neural Machine Translation ( NMT ) models focus on the conversion of sequential data	We propose a novel end-to-end syntactic NMT model ,	1>2	unknown	bg-compare	frame
Most of the existing Neural Machine Translation ( NMT ) models focus on the conversion of sequential data	and do not directly use syntactic information .	1<2	unknown	joint	conjunction
We propose a novel end-to-end syntactic NMT model ,	extending a sequenceto-sequence model with the source-side phrase structure .	1<2	unknown	elab-addition	elaboration
We propose a novel end-to-end syntactic NMT model ,	Our model has an attention mechanism	1<2	unknown	elab-addition	elaboration
Our model has an attention mechanism	that enables the decoder to generate a translated word	1<2	unknown	elab-addition	elaboration
that enables the decoder to generate a translated word	while softly aligning it with phrases as well as words of the source sentence .	1<2	unknown	condition	condition
Experimental results on the WAT '15 Englishto-Japanese dataset demonstrate	that our proposed model considerably outperforms sequence-to-sequence attentional NMT models	1>2	unknown	attribution	attribution
We propose a novel end-to-end syntactic NMT model ,	that our proposed model considerably outperforms sequence-to-sequence attentional NMT models	1<2	unknown	evaluation	comment
that our proposed model considerably outperforms sequence-to-sequence attentional NMT models	and compares favorably with the state-of-the-art tree-to-string SMT system .	1<2	unknown	joint	conjunction
Coordination is an important and common syntactic construction	In this work , we initiated manual annotation process	1>2	unknown	bg-compare	frame
Coordination is an important and common syntactic construction	which is not handled well by state of the art parsers .	1<2	unknown	elab-addition	elaboration
Coordination is an important and common syntactic construction	Coordinations in the Penn Treebank are missing internal structure in many cases ,	1<2	unknown	elab-addition	elaboration
Coordinations in the Penn Treebank are missing internal structure in many cases ,	do not include explicit marking of the conjuncts	1<2	unknown	elab-addition	elaboration
do not include explicit marking of the conjuncts	and contain various errors and inconsistencies .	1<2	unknown	joint	conjunction
In this work , we initiated manual annotation process	for solving these issues .	1<2	unknown	enablement	purpose
In this work , we initiated manual annotation process	We identify the different elements in a coordination phrase	1<2	unknown	elab-process_step	elaboration
We identify the different elements in a coordination phrase	and label each element with its function .	1<2	unknown	joint	conjunction
In this work , we initiated manual annotation process	We add phrase boundaries	1<2	unknown	elab-process_step	elaboration
We add phrase boundaries	when these are missing ,	1<2	unknown	condition	condition
when these are missing ,	unify inconsistencies ,	1<2	unknown	joint	conjunction
when these are missing ,	and fix errors .	1<2	unknown	joint	conjunction
We add phrase boundaries	The outcome is an extension of the PTB	1<2	unknown	elab-addition	elaboration
The outcome is an extension of the PTB	that includes consistent and detailed structures for coordinations .	1<2	unknown	elab-addition	elaboration
In this work , we initiated manual annotation process	We make the coordination annotation publicly available ,	1<2	unknown	elab-process_step	elaboration
We make the coordination annotation publicly available ,	in hope that they will facilitate further research into coordination disambiguation .	1<2	unknown	enablement	purpose
User traits <*> can be used to personalize applications	However , human perception of these traits is not perfectly aligned with reality .	1>2	unknown	contrast	contrast
User traits <*> can be used to personalize applications	disclosed through written text ,	1<2	unknown	elab-addition	elaboration
User traits <*> can be used to personalize applications	such as age and gender ,	1<2	unknown	elab-example	elaboration
can be used to personalize applications	such as recommender systems or conversational agents .	1<2	unknown	elab-example	elaboration
However , human perception of these traits is not perfectly aligned with reality .	In this paper , we conduct a large-scale crowdsourcing experiment	1>2	unknown	bg-compare	frame
In this paper , we conduct a large-scale crowdsourcing experiment	on guessing age and gender from tweets .	1<2	unknown	elab-addition	elaboration
In this paper , we conduct a large-scale crowdsourcing experiment	We systematically analyze the quality and possible biases of these predictions .	1<2	unknown	elab-addition	elaboration
In this paper , we conduct a large-scale crowdsourcing experiment	We identify the textual cues	1<2	unknown	elab-addition	elaboration
We identify the textual cues	which lead to miss-assessments of traits	1<2	unknown	elab-addition	elaboration
which lead to miss-assessments of traits	or make annotators more or less confident in their choice .	1<2	unknown	joint	conjunction
Our study demonstrates	that differences between real and perceived traits are noteworthy	1>2	unknown	attribution	attribution
In this paper , we conduct a large-scale crowdsourcing experiment	that differences between real and perceived traits are noteworthy	1<2	unknown	evaluation	comment
that differences between real and perceived traits are noteworthy	and elucidates inaccurately used stereotypes in human perception .	1<2	unknown	joint	conjunction
Motivated by the findings in social science	we perform personalized sentiment classification	1>2	unknown	bg-goal	frame
that people 's opinions are diverse and variable	while together they are shaped by evolving social norms ,	1>2	unknown	contrast	contrast
Motivated by the findings in social science	while together they are shaped by evolving social norms ,	1<2	unknown	elab-addition	elaboration
we perform personalized sentiment classification	via shared model adaptation over time .	1<2	unknown	manner-means	mode
we perform personalized sentiment classification	In our proposed solution , a global sentiment model is constantly updated	1<2	unknown	elab-addition	elaboration
In our proposed solution , a global sentiment model is constantly updated	to capture the homogeneity	1<2	unknown	enablement	purpose
to capture the homogeneity	in which users express opinions ,	1<2	unknown	elab-addition	elaboration
In our proposed solution , a global sentiment model is constantly updated	while personalized models are simultaneously adapted from the global model	1<2	unknown	joint	conjunction
while personalized models are simultaneously adapted from the global model	to recognize the heterogeneity of opinions from individuals .	1<2	unknown	enablement	purpose
we perform personalized sentiment classification	Global model sharing alleviates data sparsity issue ,	1<2	unknown	elab-addition	elaboration
Global model sharing alleviates data sparsity issue ,	and individualized model adaptation enables efficient online model learning .	1<2	unknown	joint	conjunction
Extensive experimentations are performed on two large review collections from Amazon and Yelp ,	and encouraging performance gain is achieved against several state-of-the-art transfer learning and multi-task learning based sentiment classification solutions .	1>2	unknown	progression	organization
we perform personalized sentiment classification	and encouraging performance gain is achieved against several state-of-the-art transfer learning and multi-task learning based sentiment classification solutions .	1<2	unknown	evaluation	comment
Our goal is to generate reading lists for students	Here we formulate an information-theoretic view of concept dependency	1>2	unknown	bg-goal	frame
Our goal is to generate reading lists for students	that help them optimally learn technical material .	1<2	unknown	elab-addition	elaboration
Existing retrieval algorithms return items directly relevant to a query	but do not return results	1>2	unknown	contrast	contrast
but do not return results	Here we formulate an information-theoretic view of concept dependency	1>2	unknown	bg-compare	frame
but do not return results	to help users read about the concepts	1<2	unknown	elab-addition	elaboration
to help users read about the concepts	supporting their query .	1<2	unknown	elab-addition	elaboration
Existing retrieval algorithms return items directly relevant to a query	This is because the dependency structure of concepts <*> is never considered .	1<2	unknown	exp-reason	explanation
This is because the dependency structure of concepts <*> is never considered .	that must be understood	1<2	unknown	elab-addition	elaboration
that must be understood	before reading material	1<2	unknown	temporal	temporal
before reading material	pertaining to a given query	1<2	unknown	elab-addition	elaboration
Here we formulate an information-theoretic view of concept dependency	and present methods	1<2	unknown	joint	conjunction
and present methods	to construct a `` concept graph '' automatically from a text corpus .	1<2	unknown	enablement	purpose
We perform the first human evaluation of concept dependency edges	and the results verify the feasibility of automatic approaches	1>2	unknown	progression	organization
We perform the first human evaluation of concept dependency edges	( to be published as open data ) ,	1<2	unknown	elab-addition	elaboration
Here we formulate an information-theoretic view of concept dependency	and the results verify the feasibility of automatic approaches	1<2	unknown	evaluation	comment
and the results verify the feasibility of automatic approaches	for inferring concepts and their ependency relations .	1<2	unknown	elab-addition	elaboration
Here we formulate an information-theoretic view of concept dependency	This result can support search capabilities	1<2	unknown	evaluation	comment
This result can support search capabilities	that may be tuned to help users learn a subject rather than retrieve documents	1<2	unknown	elab-addition	elaboration
that may be tuned to help users learn a subject rather than retrieve documents	based on a single query .	1<2	unknown	bg-general	frame
We prove	that log-linearly interpolated backoff language models can be efficiently and exactly collapsed into a single normalized backoff model ,	1>2	unknown	attribution	attribution
that log-linearly interpolated backoff language models can be efficiently and exactly collapsed into a single normalized backoff model ,	contradicting Hsu ( 2007 ) .	1<2	unknown	contrast	contrast
While prior work reported	that log-linear interpolation yields lower perplexity than linear interpolation ,	1>2	unknown	attribution	attribution
that log-linear interpolation yields lower perplexity than linear interpolation ,	normalizing at query time was impractical .	1>2	unknown	contrast	contrast
normalizing at query time was impractical .	We normalize the model offline in advance ,	1>2	unknown	result	causal
that log-linearly interpolated backoff language models can be efficiently and exactly collapsed into a single normalized backoff model ,	We normalize the model offline in advance ,	1<2	unknown	elab-addition	elaboration
We normalize the model offline in advance ,	which is efficient due to a ecurrence relationship between the normalizing factors .	1<2	unknown	elab-addition	elaboration
To tune interpolation weights ,	we apply Newton 's method to this convex problem	1>2	unknown	enablement	purpose
that log-linearly interpolated backoff language models can be efficiently and exactly collapsed into a single normalized backoff model ,	we apply Newton 's method to this convex problem	1<2	unknown	elab-addition	elaboration
and show	that the derivatives can be computed efficiently in a batch process .	1>2	unknown	attribution	attribution
we apply Newton 's method to this convex problem	that the derivatives can be computed efficiently in a batch process .	1<2	unknown	progression	organization
that the derivatives can be computed efficiently in a batch process .	These findings are combined in new open-source interpolation tool ,	1<2	unknown	elab-addition	elaboration
These findings are combined in new open-source interpolation tool ,	which is distributed with KenLM .	1<2	unknown	elab-addition	elaboration
that log-linearly interpolated backoff language models can be efficiently and exactly collapsed into a single normalized backoff model ,	With 21 out-of-domain corpora , log-linear interpolation yields 72.58 perplexity on TED talks ,	1<2	unknown	evaluation	comment
With 21 out-of-domain corpora , log-linear interpolation yields 72.58 perplexity on TED talks ,	compared to 75.91 for linear interpolation .	1<2	unknown	comparison	concession
Recently a few systems for automatically solving math word problems have reported promising results .	However , the datasets <*> have limitations in both scale and diversity .	1>2	unknown	contrast	contrast
However , the datasets <*> have limitations in both scale and diversity .	In this paper , we build a large-scale dataset	1>2	unknown	bg-compare	frame
However , the datasets <*> have limitations in both scale and diversity .	used for evaluation	1<2	unknown	elab-addition	elaboration
In this paper , we build a large-scale dataset	which is more than 9 times the size of previous ones ,	1<2	unknown	elab-addition	elaboration
which is more than 9 times the size of previous ones ,	and contains many more problem types .	1<2	unknown	joint	conjunction
In this paper , we build a large-scale dataset	Problems in the dataset are semiautomatically obtained from community question-answering ( CQA ) web pages .	1<2	unknown	elab-addition	elaboration
In this paper , we build a large-scale dataset	A ranking SVM model is trained	1<2	unknown	elab-addition	elaboration
A ranking SVM model is trained	to automatically extract problem answers from the answer text	1<2	unknown	enablement	purpose
to automatically extract problem answers from the answer text	provided by CQA users ,	1<2	unknown	elab-addition	elaboration
A ranking SVM model is trained	which significantly reduces human annotation cost .	1<2	unknown	elab-addition	elaboration
In this paper , we build a large-scale dataset	Experiments <*> lead to interesting and surprising results .	1<2	unknown	evaluation	comment
Experiments <*> lead to interesting and surprising results .	conducted on the new dataset	1<2	unknown	elab-addition	elaboration
Recent years have seen a dramatic growth in the popularity of word embeddings	As a result , many tasks in Natural Language Processing have tried to take advantage of the potential of these distributional models .	1>2	unknown	result	causal
Recent years have seen a dramatic growth in the popularity of word embeddings	mainly owing to their ability	1<2	unknown	exp-reason	explanation
mainly owing to their ability	to capture semantic information from massive amounts of textual content .	1<2	unknown	elab-addition	elaboration
As a result , many tasks in Natural Language Processing have tried to take advantage of the potential of these distributional models .	In this work , we study how word embeddings can be used in Word Sense Disambiguation , one of the oldest tasks in Natural Language Processing and Artificial Intelligence .	1>2	unknown	bg-goal	frame
In this work , we study how word embeddings can be used in Word Sense Disambiguation , one of the oldest tasks in Natural Language Processing and Artificial Intelligence .	We propose different methods	1<2	unknown	elab-addition	elaboration
We propose different methods	through which word embeddings can be leveraged in a state-of-the-art supervised WSD system architecture ,	1<2	unknown	elab-addition	elaboration
We propose different methods	and perform a deep analysis	1<2	unknown	joint	conjunction
and perform a deep analysis	of how different parameters affect performance .	1<2	unknown	elab-addition	elaboration
In this work , we study how word embeddings can be used in Word Sense Disambiguation , one of the oldest tasks in Natural Language Processing and Artificial Intelligence .	We show how a WSD system <*> can provide significant performance improvement over a state-ofthe-art WSD system	1<2	unknown	evaluation	comment
We show how a WSD system <*> can provide significant performance improvement over a state-ofthe-art WSD system	that makes use of word embeddings alone ,	1<2	unknown	elab-addition	elaboration
We show how a WSD system <*> can provide significant performance improvement over a state-ofthe-art WSD system	if designed properly ,	1<2	unknown	condition	condition
can provide significant performance improvement over a state-ofthe-art WSD system	that incorporates several standard WSD features .	1<2	unknown	elab-addition	elaboration
Several large cloze-style context-questionanswer datasets have been introduced recently :	Thanks to the size of these datasets , the associated text comprehension task is well suited for deep-learning techniques	1>2	unknown	result	causal
Several large cloze-style context-questionanswer datasets have been introduced recently :	the CNN and Daily Mail news data and the Children 's Book Test .	1<2	unknown	elab-enumember	elaboration
Thanks to the size of these datasets , the associated text comprehension task is well suited for deep-learning techniques	We present a new , simple model	1>2	unknown	bg-goal	frame
Thanks to the size of these datasets , the associated text comprehension task is well suited for deep-learning techniques	that currently seem to outperform all alternative approaches .	1<2	unknown	elab-addition	elaboration
We present a new , simple model	that uses attention	1<2	unknown	elab-addition	elaboration
that uses attention	to directly pick the answer from the context	1<2	unknown	enablement	purpose
to directly pick the answer from the context	as opposed to computing the answer	1<2	unknown	contrast	contrast
as opposed to computing the answer	using a blended representation of words in the document	1<2	unknown	manner-means	mode
using a blended representation of words in the document	as is usual in similar models .	1<2	unknown	elab-addition	elaboration
We present a new , simple model	This makes the model particularly suitable for questionanswering problems	1<2	unknown	elab-addition	elaboration
This makes the model particularly suitable for questionanswering problems	where the answer is a single word from the document .	1<2	unknown	elab-addition	elaboration
We present a new , simple model	Ensemble of our models sets new state of the art on all evaluated datasets .	1<2	unknown	evaluation	comment
We investigate the use of deep bidirectional LSTMs for joint extraction of opinion entities and the IS-FROM and ISABOUT relations	that connect them	1<2	unknown	elab-addition	elaboration
We investigate the use of deep bidirectional LSTMs for joint extraction of opinion entities and the IS-FROM and ISABOUT relations	- the first such attempt using a deep learning approach .	1<2	unknown	elab-addition	elaboration
Perhaps surprisingly , we find	that standard LSTMs are not competitive with a state-of-the-art CRF+ILP joint inference approach ( Yang and Cardie , 2013 ) to opinion entities extraction ,	1>2	unknown	attribution	attribution
that standard LSTMs are not competitive with a state-of-the-art CRF+ILP joint inference approach ( Yang and Cardie , 2013 ) to opinion entities extraction ,	Incorporating sentence-level and a novel relation-level optimization , however , allows the LSTM to identify opinion relations	1>2	unknown	contrast	contrast
that standard LSTMs are not competitive with a state-of-the-art CRF+ILP joint inference approach ( Yang and Cardie , 2013 ) to opinion entities extraction ,	performing below even the standalone sequencetagging CRF .	1<2	unknown	exp-evidence	explanation
We investigate the use of deep bidirectional LSTMs for joint extraction of opinion entities and the IS-FROM and ISABOUT relations	Incorporating sentence-level and a novel relation-level optimization , however , allows the LSTM to identify opinion relations	1<2	unknown	evaluation	comment
Incorporating sentence-level and a novel relation-level optimization , however , allows the LSTM to identify opinion relations	and to perform within 1-3 % of the state-of-the-art joint model for opinion entities and the IS-FROM relation ;	1<2	unknown	joint	conjunction
and to perform within 1-3 % of the state-of-the-art joint model for opinion entities and the IS-FROM relation ;	and to perform as well as the state-of-the-art for the IS-ABOUT relation	1<2	unknown	joint	conjunction
Incorporating sentence-level and a novel relation-level optimization , however , allows the LSTM to identify opinion relations	- all without access to opinion lexicons , parsers and other preprocessing components	1<2	unknown	condition	condition
- all without access to opinion lexicons , parsers and other preprocessing components	required for the feature-rich CRF+ILP approach .	1<2	unknown	elab-addition	elaboration
This paper proposes a left-corner parser	which can identify nonlocal dependencies .	1<2	unknown	elab-addition	elaboration
This paper proposes a left-corner parser	Our parser integrates nonlocal dependency identification into a transition-based system .	1<2	unknown	elab-addition	elaboration
This paper proposes a left-corner parser	We use a structured perceptron	1<2	unknown	elab-addition	elaboration
We use a structured perceptron	which enables our parser to utilize global features	1<2	unknown	elab-addition	elaboration
which enables our parser to utilize global features	captured by nonlocal dependencies .	1<2	unknown	elab-addition	elaboration
An experimental result demonstrates	that our parser achieves a good balance between constituent parsing and nonlocal dependency identification .	1>2	unknown	attribution	attribution
This paper proposes a left-corner parser	that our parser achieves a good balance between constituent parsing and nonlocal dependency identification .	1<2	unknown	evaluation	comment
Averaging the embeddings of words in a sentence has proven to be a surprisingly successful and efficient way	However , word embeddings <*> are not optimized for the task of sentence representation ,	1>2	unknown	contrast	contrast
Averaging the embeddings of words in a sentence has proven to be a surprisingly successful and efficient way	of obtaining sentence embeddings .	1<2	unknown	elab-addition	elaboration
However , word embeddings <*> are not optimized for the task of sentence representation ,	Siamese CBOW handles this problem	1>2	unknown	bg-goal	frame
However , word embeddings <*> are not optimized for the task of sentence representation ,	trained with the methods currently available	1<2	unknown	elab-addition	elaboration
However , word embeddings <*> are not optimized for the task of sentence representation ,	and , thus , likely to be suboptimal .	1<2	unknown	progression	organization
We present the Siamese Continuous Bag of Words ( Siamese CBOW ) model , a neural network for efficient estimation of highquality sentence embeddings .	Siamese CBOW handles this problem	1<2	unknown	elab-addition	elaboration
Siamese CBOW handles this problem	by training word embeddings directly	1<2	unknown	manner-means	mode
by training word embeddings directly	for the purpose of being averaged .	1<2	unknown	enablement	purpose
We present the Siamese Continuous Bag of Words ( Siamese CBOW ) model , a neural network for efficient estimation of highquality sentence embeddings .	The underlying neural network learns word embeddings	1<2	unknown	elab-addition	elaboration
The underlying neural network learns word embeddings	by predicting , from a sentence representation , its surrounding sentences .	1<2	unknown	manner-means	mode
We present the Siamese Continuous Bag of Words ( Siamese CBOW ) model , a neural network for efficient estimation of highquality sentence embeddings .	We show the robustness of the Siamese CBOW model	1<2	unknown	evaluation	comment
We show the robustness of the Siamese CBOW model	by evaluating it on 20 datasets	1<2	unknown	manner-means	mode
by evaluating it on 20 datasets	stemming from a wide variety of sources .	1<2	unknown	elab-addition	elaboration
Can we train a system	We answer the question in the affirmative	1>2	unknown	bg-goal	frame
Can we train a system	that , on any new input , either says `` do n't know ''	1<2	unknown	elab-addition	elaboration
that , on any new input , either says `` do n't know ''	or makes a prediction	1<2	unknown	joint	conjunction
or makes a prediction	that is guaranteed to be correct ?	1<2	unknown	elab-addition	elaboration
We answer the question in the affirmative	provided our model family is wellspecified .	1<2	unknown	condition	condition
We answer the question in the affirmative	Specifically , we introduce the unanimity principle	1<2	unknown	elab-addition	elaboration
Specifically , we introduce the unanimity principle	: only predict when all models consistent with the training data predict the same output .	1<2	unknown	elab-addition	elaboration
Specifically , we introduce the unanimity principle	We operationalize this principle for semantic parsing , the task of mapping utterances to logical forms .	1<2	unknown	elab-addition	elaboration
We answer the question in the affirmative	We develop a simple , efficient method	1<2	unknown	elab-addition	elaboration
We develop a simple , efficient method	that reasons over the infinite set of all consistent models	1<2	unknown	elab-addition	elaboration
that reasons over the infinite set of all consistent models	by only checking two of the models .	1<2	unknown	manner-means	mode
We prove	that our method obtains 100 % precision even with a modest amount of training data from a possibly adversarial distribution .	1>2	unknown	attribution	attribution
We answer the question in the affirmative	that our method obtains 100 % precision even with a modest amount of training data from a possibly adversarial distribution .	1<2	unknown	evaluation	comment
We answer the question in the affirmative	Empirically , we demonstrate the effectiveness of our approach on the standard GeoQuery dataset .	1<2	unknown	evaluation	comment
Dialogue topic tracking is a sequential labelling problem	This paper presents various artificial neural network models for dialogue topic tracking ,	1>2	unknown	bg-goal	frame
Dialogue topic tracking is a sequential labelling problem	of recognizing the topic state at each time step in given dialogue sequences .	1<2	unknown	elab-addition	elaboration
This paper presents various artificial neural network models for dialogue topic tracking ,	including convolutional neural networks	1<2	unknown	elab-example	elaboration
including convolutional neural networks	to account for semantics at each individual utterance ,	1<2	unknown	enablement	purpose
including convolutional neural networks	and recurrent neural networks	1<2	unknown	joint	conjunction
and recurrent neural networks	to account for conversational contexts along multiple turns in the dialogue history .	1<2	unknown	enablement	purpose
The experimental results demonstrate	that our proposed models can significantly improve the tracking performances in human-human conversations .	1>2	unknown	attribution	attribution
This paper presents various artificial neural network models for dialogue topic tracking ,	that our proposed models can significantly improve the tracking performances in human-human conversations .	1<2	unknown	evaluation	comment
Lexico-semantic knowledge of our native language provides an initial foundation for second language learning .	In this paper , we investigate whether and to what extent the lexico-semantic models of the native language ( L1 ) are transferred to the second language ( L2 ) .	1>2	unknown	bg-goal	frame
In this paper , we investigate whether and to what extent the lexico-semantic models of the native language ( L1 ) are transferred to the second language ( L2 ) .	Specifically , we focus on the problem of lexical choice	1<2	unknown	elab-addition	elaboration
Specifically , we focus on the problem of lexical choice	and investigate it in the context of three typologically diverse languages :	1<2	unknown	joint	conjunction
and investigate it in the context of three typologically diverse languages :	Russian , Spanish and English .	1<2	unknown	elab-enumember	elaboration
We show	that a statistical semantic model <*> improves automatic error detection in L2 for the speakers of the respective L1 .	1>2	unknown	attribution	attribution
Specifically , we focus on the problem of lexical choice	that a statistical semantic model <*> improves automatic error detection in L2 for the speakers of the respective L1 .	1<2	unknown	elab-addition	elaboration
that a statistical semantic model <*> improves automatic error detection in L2 for the speakers of the respective L1 .	learned from L1 data	1<2	unknown	elab-addition	elaboration
In this paper , we investigate whether and to what extent the lexico-semantic models of the native language ( L1 ) are transferred to the second language ( L2 ) .	Finally , we investigate whether the semantic model <*> is portable to other , typologically related languages .	1<2	unknown	elab-addition	elaboration
Finally , we investigate whether the semantic model <*> is portable to other , typologically related languages .	learned from a particular L1	1<2	unknown	elab-addition	elaboration
Fill-in-the-blank items are commonly featured in computer-assisted language learning ( CALL ) systems .	We describe a system	1>2	unknown	bg-goal	frame
Fill-in-the-blank items are commonly featured in computer-assisted language learning ( CALL ) systems .	An item displays a sentence with a blank ,	1<2	unknown	elab-addition	elaboration
An item displays a sentence with a blank ,	and often proposes a number of choices	1<2	unknown	joint	conjunction
and often proposes a number of choices	for filling it .	1<2	unknown	elab-addition	elaboration
and often proposes a number of choices	These choices should include one correct answer and several plausible distractors .	1<2	unknown	elab-enumember	elaboration
that , given an English corpus ,	automatically generates distractors	1>2	unknown	condition	condition
We describe a system	automatically generates distractors	1<2	unknown	elab-addition	elaboration
automatically generates distractors	to produce items for preposition usage .	1<2	unknown	enablement	purpose
We describe a system	We report a comprehensive evaluation on this system ,	1<2	unknown	evaluation	comment
We report a comprehensive evaluation on this system ,	involving both experts and learners .	1<2	unknown	elab-addition	elaboration
We report a comprehensive evaluation on this system ,	First , we analyze the difficulty levels of machine-generated carrier sentences and distractors ,	1<2	unknown	elab-process_step	elaboration
First , we analyze the difficulty levels of machine-generated carrier sentences and distractors ,	comparing several methods	1<2	unknown	manner-means	mode
comparing several methods	that exploit learner error and learner revision patterns .	1<2	unknown	elab-addition	elaboration
We show	that the quality of machine-generated items approaches that of human-crafted ones .	1>2	unknown	attribution	attribution
First , we analyze the difficulty levels of machine-generated carrier sentences and distractors ,	that the quality of machine-generated items approaches that of human-crafted ones .	1<2	unknown	elab-addition	elaboration
We report a comprehensive evaluation on this system ,	Further , we investigate the extent	1<2	unknown	elab-process_step	elaboration
Further , we investigate the extent	to which mismatched L1 between the user and the learner corpora affects the quality of distractors .	1<2	unknown	elab-addition	elaboration
We report a comprehensive evaluation on this system ,	Finally , we measure the system 's impact on the user 's language proficiency in both the short and the long term .	1<2	unknown	elab-process_step	elaboration
We present persona-based models	for handling the issue of speaker consistency in neural response generation .	1<2	unknown	enablement	purpose
We present persona-based models	A speaker model encodes personas in distributed embeddings	1<2	unknown	elab-addition	elaboration
A speaker model encodes personas in distributed embeddings	that capture individual characteristics	1<2	unknown	elab-addition	elaboration
that capture individual characteristics	such as background information and speaking style .	1<2	unknown	elab-example	elaboration
We present persona-based models	A dyadic speakeraddressee model captures properties of interactions between two interlocutors .	1<2	unknown	elab-addition	elaboration
We present persona-based models	Our models yield qualitative performance improvements in both perplexity and BLEU scores over baseline sequence-to-sequence models , with similar gains in speaker consistency	1<2	unknown	evaluation	comment
Our models yield qualitative performance improvements in both perplexity and BLEU scores over baseline sequence-to-sequence models , with similar gains in speaker consistency	as measured by human judges .	1<2	unknown	elab-addition	elaboration
Deep Random Walk ( DeepWalk ) can learn a latent space representation	However , for relational network classification , DeepWalk can be suboptimal	1>2	unknown	contrast	contrast
Deep Random Walk ( DeepWalk ) can learn a latent space representation	for describing the topological structure of a network .	1<2	unknown	elab-addition	elaboration
However , for relational network classification , DeepWalk can be suboptimal	In this paper , we present Discriminative Deep Random Walk ( DDRW ) , a novel method for relational network classification .	1>2	unknown	bg-compare	frame
However , for relational network classification , DeepWalk can be suboptimal	as it lacks a mechanism	1<2	unknown	exp-reason	explanation
as it lacks a mechanism	to optimize the objective of the target task .	1<2	unknown	elab-addition	elaboration
By solving a joint optimization problem ,	DDRW can learn the latent space representations	1>2	unknown	manner-means	mode
In this paper , we present Discriminative Deep Random Walk ( DDRW ) , a novel method for relational network classification .	DDRW can learn the latent space representations	1<2	unknown	elab-addition	elaboration
DDRW can learn the latent space representations	that well capture the topological structure	1<2	unknown	elab-addition	elaboration
that well capture the topological structure	and meanwhile are discriminative for the network classification task .	1<2	unknown	joint	conjunction
Our experimental results on several real social networks demonstrate	that DDRW significantly outperforms DeepWalk on multilabel network classification tasks ,	1>2	unknown	attribution	attribution
In this paper , we present Discriminative Deep Random Walk ( DDRW ) , a novel method for relational network classification .	that DDRW significantly outperforms DeepWalk on multilabel network classification tasks ,	1<2	unknown	evaluation	comment
that DDRW significantly outperforms DeepWalk on multilabel network classification tasks ,	while retaining the topological structure in the latent space .	1<2	unknown	joint	conjunction
In this paper , we present Discriminative Deep Random Walk ( DDRW ) , a novel method for relational network classification .	DDRW is stable	1<2	unknown	evaluation	comment
DDRW is stable	and consistently outperforms the baseline methods by various percentages of labeled data .	1<2	unknown	joint	conjunction
In this paper , we present Discriminative Deep Random Walk ( DDRW ) , a novel method for relational network classification .	DDRW is also an online method	1<2	unknown	evaluation	comment
DDRW is also an online method	that is scalable	1<2	unknown	elab-addition	elaboration
that is scalable	and can be naturally parallelized .	1<2	unknown	joint	conjunction
Automatically recognising medical concepts <*> enables several applications	However , the discrepancy between the type of language <*> poses a major challenge .	1>2	unknown	contrast	contrast
Automatically recognising medical concepts <*> enables several applications	mentioned in social media messages	1<2	unknown	elab-addition	elaboration
mentioned in social media messages	( e.g. tweets )	1<2	unknown	elab-example	elaboration
enables several applications	for enhancing health quality of people in a community ,	1<2	unknown	enablement	purpose
enables several applications	e.g. real-time monitoring of infectious diseases in population .	1<2	unknown	elab-example	elaboration
However , the discrepancy between the type of language <*> poses a major challenge .	In this work , we handle the medical concept normalisation at the semantic level .	1>2	unknown	bg-goal	frame
However , the discrepancy between the type of language <*> poses a major challenge .	used in social media and medical ontologies	1<2	unknown	elab-addition	elaboration
Existing studies deal with this challenge	In this work , we handle the medical concept normalisation at the semantic level .	1>2	unknown	bg-compare	frame
Existing studies deal with this challenge	by employing techniques ,	1<2	unknown	manner-means	mode
by employing techniques ,	such as lexical term matching and statistical machine translation .	1<2	unknown	elab-example	elaboration
In this work , we handle the medical concept normalisation at the semantic level .	We investigate the use of neural networks	1<2	unknown	elab-addition	elaboration
We investigate the use of neural networks	to learn the transition between layman 's language	1<2	unknown	enablement	purpose
to learn the transition between layman 's language	used in social media messages	1<2	unknown	elab-addition	elaboration
to learn the transition between layman 's language	and formal medical language	1<2	unknown	joint	conjunction
and formal medical language	used in the descriptions of medical concepts in a standard ontology .	1<2	unknown	elab-addition	elaboration
We evaluate our approaches	that our proposed approaches significantly and consistently outperform existing effective baselines ,	1>2	unknown	result	causal
We evaluate our approaches	using three different datasets ,	1<2	unknown	manner-means	mode
using three different datasets ,	where social media texts are extracted from Twitter messages and blog posts .	1<2	unknown	elab-addition	elaboration
Our experimental results show	that our proposed approaches significantly and consistently outperform existing effective baselines ,	1>2	unknown	attribution	attribution
In this work , we handle the medical concept normalisation at the semantic level .	that our proposed approaches significantly and consistently outperform existing effective baselines ,	1<2	unknown	evaluation	comment
that our proposed approaches significantly and consistently outperform existing effective baselines ,	which achieved state-of-the-art performance on several medical concept normalisation tasks ,	1<2	unknown	elab-addition	elaboration
which achieved state-of-the-art performance on several medical concept normalisation tasks ,	by up to 44 % .	1<2	unknown	elab-addition	elaboration
We introduce an agreement-based approach	to learning parallel lexicons and phrases from non-parallel corpora .	1<2	unknown	enablement	purpose
We introduce an agreement-based approach	The basic idea is to encourage two asymmetric latent-variable translation models	1<2	unknown	elab-addition	elaboration
The basic idea is to encourage two asymmetric latent-variable translation models	( i.e. , source-to-target and target-to-source )	1<2	unknown	elab-enumember	elaboration
The basic idea is to encourage two asymmetric latent-variable translation models	to agree on identifying latent phrase and word alignments .	1<2	unknown	enablement	purpose
to agree on identifying latent phrase and word alignments .	The agreement is defined at both word and phrase levels .	1<2	unknown	elab-addition	elaboration
We introduce an agreement-based approach	We develop a Viterbi EM algorithm	1<2	unknown	elab-addition	elaboration
We develop a Viterbi EM algorithm	for jointly training the two unidirectional models efficiently .	1<2	unknown	enablement	purpose
Experiments on the ChineseEnglish dataset show	that agreementbased learning significantly improves both alignment and translation performance .	1>2	unknown	attribution	attribution
We introduce an agreement-based approach	that agreementbased learning significantly improves both alignment and translation performance .	1<2	unknown	evaluation	comment
Recently , there is rising interest	In this paper , we propose a model of deep fusion LSTMs ( DF-LSTMs )	1>2	unknown	bg-goal	frame
Recently , there is rising interest	in modelling the interactions of text pair with deep neural networks .	1<2	unknown	elab-addition	elaboration
In this paper , we propose a model of deep fusion LSTMs ( DF-LSTMs )	to model the strong interaction of text pair in a recursive matching way .	1<2	unknown	enablement	purpose
In this paper , we propose a model of deep fusion LSTMs ( DF-LSTMs )	Specifically , DF-LSTMs consist of two interdependent LSTMs ,	1<2	unknown	elab-addition	elaboration
Specifically , DF-LSTMs consist of two interdependent LSTMs ,	each of which models a sequence under the influence of another .	1<2	unknown	elab-addition	elaboration
In this paper , we propose a model of deep fusion LSTMs ( DF-LSTMs )	We also use external memory	1<2	unknown	elab-addition	elaboration
We also use external memory	to increase the capacity of LSTMs ,	1<2	unknown	enablement	purpose
We also use external memory	thereby possibly capturing more complicated matching patterns .	1<2	unknown	cause	causal
In this paper , we propose a model of deep fusion LSTMs ( DF-LSTMs )	Experiments on two very large datasets demonstrate the efficacy of our proposed architecture .	1<2	unknown	evaluation	comment
In this paper , we propose a model of deep fusion LSTMs ( DF-LSTMs )	Furthermore , we present an elaborate qualitative analysis of our models ,	1<2	unknown	evaluation	comment
Furthermore , we present an elaborate qualitative analysis of our models ,	giving an intuitive understanding	1<2	unknown	elab-addition	elaboration
giving an intuitive understanding	how our model worked .	1<2	unknown	elab-addition	elaboration
We construct a humans-in-the-loop supervised learning framework	that integrates crowdsourcing feedback and local knowledge	1<2	unknown	elab-addition	elaboration
We construct a humans-in-the-loop supervised learning framework	to detect job-related tweets from individual and business accounts .	1<2	unknown	enablement	purpose
Using data-driven ethnography ,	we examine discourse about work	1>2	unknown	manner-means	mode
We construct a humans-in-the-loop supervised learning framework	we examine discourse about work	1<2	unknown	evaluation	comment
we examine discourse about work	by fusing languagebased analysis with temporal , geospational , and labor statistics information .	1<2	unknown	manner-means	mode
Nearly all previous work on neural machine translation ( NMT ) has used quite restricted vocabularies , perhaps with a subsequent method	This paper presents a novel wordcharacter solution	1>2	unknown	bg-compare	frame
Nearly all previous work on neural machine translation ( NMT ) has used quite restricted vocabularies , perhaps with a subsequent method	to patch in unknown words .	1<2	unknown	elab-addition	elaboration
This paper presents a novel wordcharacter solution	to achieving open vocabulary NMT .	1<2	unknown	elab-addition	elaboration
This paper presents a novel wordcharacter solution	We build hybrid systems	1<2	unknown	elab-addition	elaboration
We build hybrid systems	that translate mostly at the word level	1<2	unknown	elab-addition	elaboration
We build hybrid systems	and consult the character components for rare words .	1<2	unknown	joint	conjunction
This paper presents a novel wordcharacter solution	Our character-level recurrent neural networks compute source word representations	1<2	unknown	elab-addition	elaboration
Our character-level recurrent neural networks compute source word representations	and recover unknown target words	1<2	unknown	joint	conjunction
and recover unknown target words	when needed .	1<2	unknown	temporal	temporal
This paper presents a novel wordcharacter solution	The twofold advantage of such a hybrid approach is that it is much faster and easier	1<2	unknown	elab-addition	elaboration
The twofold advantage of such a hybrid approach is that it is much faster and easier	to train than character-based ones ;	1<2	unknown	elab-addition	elaboration
The twofold advantage of such a hybrid approach is that it is much faster and easier	at the same time , it never produces unknown words as in the case of word-based models .	1<2	unknown	joint	conjunction
This paper presents a novel wordcharacter solution	On the WMT '15 English to Czech translation task , this hybrid approach offers an addition boost of 2.1 to 11.4 BLEU points over models	1<2	unknown	evaluation	comment
On the WMT '15 English to Czech translation task , this hybrid approach offers an addition boost of 2.1 to 11.4 BLEU points over models	that already handle unknown words .	1<2	unknown	elab-addition	elaboration
This paper presents a novel wordcharacter solution	Our best system achieves a new state-of-the-art result with 20.7 BLEU score .	1<2	unknown	evaluation	comment
We demonstrate	that our character models can successfully learn to not only generate well-formed words for Czech , a highly-inflected language with a very complex vocabulary ,	1>2	unknown	attribution	attribution
This paper presents a novel wordcharacter solution	that our character models can successfully learn to not only generate well-formed words for Czech , a highly-inflected language with a very complex vocabulary ,	1<2	unknown	evaluation	comment
that our character models can successfully learn to not only generate well-formed words for Czech , a highly-inflected language with a very complex vocabulary ,	but also build correct representations for English source words .	1<2	unknown	joint	conjunction
Tense , temporal adverbs , and temporal connectives provide information about when events <*> occur .	it must be parsed into a semantic representation	1>2	unknown	bg-goal	frame
Tense , temporal adverbs , and temporal connectives provide information about when events <*> occur .	described in English sentences	1<2	unknown	elab-addition	elaboration
To extract this temporal information from a sentence ,	it must be parsed into a semantic representation	1>2	unknown	enablement	purpose
it must be parsed into a semantic representation	which captures the meaning of tense , temporal adverbs , and temporal connectives .	1<2	unknown	elab-addition	elaboration
it must be parsed into a semantic representation	Representations were developed for the basic tenses , some temporal adverbs , as well as some of the temporal connectives .	1<2	unknown	evaluation	comment
Representations were developed for the basic tenses , some temporal adverbs , as well as some of the temporal connectives .	Five criteria were suggested	1<2	unknown	manner-means	mode
Five criteria were suggested	for judging these representations ,	1<2	unknown	enablement	purpose
Five criteria were suggested	and based on these criteria the representations were judged .	1<2	unknown	joint	conjunction
This paper describes the SDC PUNDIT , ( Prolog UNDerstands Integrated Text ) , system	for processing natural language messages .	1<2	unknown	enablement	purpose
1 PUNDIT ,	written in Prolog ,	1<2	unknown	elab-addition	elaboration
This paper describes the SDC PUNDIT , ( Prolog UNDerstands Integrated Text ) , system	<*> 1 PUNDIT , <*> is a highly modular system	1<2	unknown	elab-aspect	elaboration
<*> 1 PUNDIT , <*> is a highly modular system	consisting of distinct syntactic , semantic and pragmatics components .	1<2	unknown	elab-addition	elaboration
<*> 1 PUNDIT , <*> is a highly modular system	Each component draws on one or more sets of data ,	1<2	unknown	elab-aspect	elaboration
Each component draws on one or more sets of data ,	including a lexicon , a broad-coverage grammar of EngLish , semantic verb decompositions , rules	1<2	unknown	elab-addition	elaboration
including a lexicon , a broad-coverage grammar of EngLish , semantic verb decompositions , rules	mapping between syntactic and semantic constituents ,	1<2	unknown	elab-addition	elaboration
including a lexicon , a broad-coverage grammar of EngLish , semantic verb decompositions , rules	and a domain model .	1<2	unknown	joint	conjunction
This paper describes the SDC PUNDIT , ( Prolog UNDerstands Integrated Text ) , system	This paper discusses the communication between the syntactic , semantic and pragmatic modules	1<2	unknown	progression	organization
This paper discusses the communication between the syntactic , semantic and pragmatic modules	that is necessary for making implicit linguistic information explicit .	1<2	unknown	elab-addition	elaboration
This paper discusses the communication between the syntactic , semantic and pragmatic modules	The key is letting syntax and semantics recognize missing linguistic entities as implicit entities ,	1<2	unknown	elab-addition	elaboration
The key is letting syntax and semantics recognize missing linguistic entities as implicit entities ,	so that they can be labelled as such ,	1<2	unknown	cause	causal
so that they can be labelled as such ,	and referenee resolution can be directed	1<2	unknown	joint	conjunction
and referenee resolution can be directed	to find specific referents for the entities .	1<2	unknown	enablement	purpose
In this way the task	of making implicit linguistic information explicit	1<2	unknown	elab-addition	elaboration
This paper describes the SDC PUNDIT , ( Prolog UNDerstands Integrated Text ) , system	<*> In this way the task <*> becomes a subset of the tasks	1<2	unknown	elab-aspect	elaboration
<*> In this way the task <*> becomes a subset of the tasks	performed by reference resolution .	1<2	unknown	elab-addition	elaboration
This paper describes the SDC PUNDIT , ( Prolog UNDerstands Integrated Text ) , system	The success of this approach is dependent on marking missing syntactic constituents as elided	1<2	unknown	evaluation	comment
The success of this approach is dependent on marking missing syntactic constituents as elided	and missing semantic roles as ESSENTIAL	1<2	unknown	joint	conjunction
The success of this approach is dependent on marking missing syntactic constituents as elided	so that reference resolution can know when to look for referents .	1<2	unknown	cause	causal
We discuss ways	of allowing the users of a natural language processor to define , examine , and modify the definitions of any domain-specific words or phrases	1<2	unknown	elab-addition	elaboration
of allowing the users of a natural language processor to define , examine , and modify the definitions of any domain-specific words or phrases	known to the system .	1<2	unknown	elab-addition	elaboration
An implementation of this work forms a critical portion of the knowledge acquisition component of our Transportable English-Language Interface ( TELl ) ,	However , our techniques enable the design of customization modules	1>2	unknown	contrast	contrast
An implementation of this work forms a critical portion of the knowledge acquisition component of our Transportable English-Language Interface ( TELl ) ,	which answers English questions about tabular ( first normal-form ) data files	1<2	unknown	elab-addition	elaboration
which answers English questions about tabular ( first normal-form ) data files	and runs on a Symbolics Lisp Machine .	1<2	unknown	joint	conjunction
We discuss ways	However , our techniques enable the design of customization modules	1<2	unknown	evaluation	comment
However , our techniques enable the design of customization modules	that are largely independent of the syntactic and retrieval components of the specific system	1<2	unknown	elab-addition	elaboration
that are largely independent of the syntactic and retrieval components of the specific system	they supply information to .	1<2	unknown	elab-addition	elaboration
However , our techniques enable the design of customization modules	In addition to its obvious practical value , this area of research is important	1<2	unknown	joint	conjunction
In addition to its obvious practical value , this area of research is important	because it requires careful attention to the formalisms	1<2	unknown	exp-reason	explanation
because it requires careful attention to the formalisms	used by a natural language system	1<2	unknown	elab-addition	elaboration
because it requires careful attention to the formalisms	and to the interactions among the modules	1<2	unknown	joint	conjunction
and to the interactions among the modules	based on those formalisms .	1<2	unknown	bg-general	frame
An important goal of computational linguistics has been to use linguistic theory	At first glance , generalized phrase structure grammar ( GPSG ) appears to be a blessing on two counts .	1>2	unknown	bg-goal	frame
An important goal of computational linguistics has been to use linguistic theory	to guide the construction of computationally efficient real-world natural language processing systems .	1<2	unknown	enablement	purpose
At first glance , generalized phrase structure grammar ( GPSG ) appears to be a blessing on two counts .	The paper pinpoints sources of complexity	1>2	unknown	bg-goal	frame
At first glance , generalized phrase structure grammar ( GPSG ) appears to be a blessing on two counts .	First , the precise formalisms of GPSG might be a direct and fransparent guide for parser design and implementation .	1<2	unknown	elab-enumember	elaboration
Second , since GPSG has weak context-free generative power	GPSG parsers would appear to run in polynomial time .	1>2	unknown	exp-reason	explanation
Second , since GPSG has weak context-free generative power	and context-free languages can be parsed in O(n)	1<2	unknown	joint	conjunction
and context-free languages can be parsed in O(n)	by a wide range of algorithms ,	1<2	unknown	manner-means	mode
At first glance , generalized phrase structure grammar ( GPSG ) appears to be a blessing on two counts .	GPSG parsers would appear to run in polynomial time .	1<2	unknown	elab-enumember	elaboration
At first glance , generalized phrase structure grammar ( GPSG ) appears to be a blessing on two counts .	"This widely-assumed GPSG "" efficient parsability "" result is misleading :"	1<2	unknown	elab-addition	elaboration
here we prove	that the universal recognition problem for current GPSG theory is exponential-polynomial time hard , and assuredly intractable .	1>2	unknown	attribution	attribution
"This widely-assumed GPSG "" efficient parsability "" result is misleading :"	that the universal recognition problem for current GPSG theory is exponential-polynomial time hard , and assuredly intractable .	1<2	unknown	elab-addition	elaboration
The paper pinpoints sources of complexity	( e.g. metarules and the theory of syntactic features )	1<2	unknown	elab-example	elaboration
The paper pinpoints sources of complexity	in the current GPSG theory	1<2	unknown	elab-addition	elaboration
The paper pinpoints sources of complexity	and concludes with some linguistically and computationally motivated restrictions on GPSG .	1<2	unknown	joint	conjunction
Taken abstractly ,	the two-level ( Kimmo ) morphological framework allows computationally difficult problems to arise .	1>2	unknown	temporal	temporal
the two-level ( Kimmo ) morphological framework allows computationally difficult problems to arise .	that natural-language problems may have a special structure	1>2	unknown	contrast	contrast
the two-level ( Kimmo ) morphological framework allows computationally difficult problems to arise .	For example , N + 1 small automata are sufficient to encode the Boolean satisfiability problem ( SAT ) for formulas in N variables .	1<2	unknown	elab-example	elaboration
However , the suspicion arises	that natural-language problems may have a special structure	1>2	unknown	attribution	attribution
that natural-language problems may have a special structure	it may be possible to solve the natural problems by methods	1>2	unknown	bg-goal	frame
that natural-language problems may have a special structure	-- not shared with SAT --	1<2	unknown	elab-addition	elaboration
that natural-language problems may have a special structure	that is not directly captured in the two-level model .	1<2	unknown	elab-addition	elaboration
that natural-language problems may have a special structure	In particular , the natural problems may generally have a modular and local nature	1<2	unknown	elab-aspect	elaboration
In particular , the natural problems may generally have a modular and local nature	"that distinguishes them from more "" global "" SAT problems ."	1<2	unknown	elab-addition	elaboration
By exploiting this structure ,	it may be possible to solve the natural problems by methods	1>2	unknown	manner-means	mode
it may be possible to solve the natural problems by methods	that do not involve combinatorial search .	1<2	unknown	elab-addition	elaboration
it may be possible to solve the natural problems by methods	We have explored this possibility in a preliminary way	1<2	unknown	elab-aspect	elaboration
We have explored this possibility in a preliminary way	by applying constraint propagation methods to Kimmo generation and recognition .	1<2	unknown	manner-means	mode
Constraint propagation can succeed	but it is insufficiently powerful to solve unnaturally hard SAT problems .	1>2	unknown	contrast	contrast
Constraint propagation can succeed	when the solution falls into place step-by-step through a chain of limited and local inferences ,	1<2	unknown	temporal	temporal
it may be possible to solve the natural problems by methods	but it is insufficiently powerful to solve unnaturally hard SAT problems .	1<2	unknown	elab-aspect	elaboration
Limited tests indicate	that the constraint-propagation algorithm for Kimmo generation works for English , Turkish , and Warlpiri .	1>2	unknown	attribution	attribution
it may be possible to solve the natural problems by methods	that the constraint-propagation algorithm for Kimmo generation works for English , Turkish , and Warlpiri .	1<2	unknown	elab-aspect	elaboration
When applied to a Kimmo system	"the algorithm succeeds on "" easy "" SAT problems"	1>2	unknown	result	causal
When applied to a Kimmo system	that encodes SAT problems ,	1<2	unknown	elab-addition	elaboration
it may be possible to solve the natural problems by methods	"the algorithm succeeds on "" easy "" SAT problems"	1<2	unknown	evaluation	comment
"the algorithm succeeds on "" easy "" SAT problems"	"but fails ( as desired ) on "" hard "" problems ."	1<2	unknown	contrast	contrast
Morphological analysis must take into account the spelling-change processes of a language as well as its possible configurations of stems , affixes , and inflectional markings .	The computational difficulty of the task can be clarified	1>2	unknown	bg-goal	frame
The computational difficulty of the task can be clarified	by investigating specific models of morphological processing .	1<2	unknown	manner-means	mode
"The use of finite-state machinery in the "" twolevel "" model by Kimmo Koskenniemi gives it the appearance of computational efficiency ,"	the model does not guarantee efficient processing .	1>2	unknown	contrast	contrast
but closer examination shows	the model does not guarantee efficient processing .	1>2	unknown	attribution	attribution
The computational difficulty of the task can be clarified	the model does not guarantee efficient processing .	1<2	unknown	evaluation	comment
Reductions of the satisfiability problem show	that finding the proper lexical/surface correspondence in a two-level generation or recognition problem can be computationally difficult .	1>2	unknown	attribution	attribution
the model does not guarantee efficient processing .	that finding the proper lexical/surface correspondence in a two-level generation or recognition problem can be computationally difficult .	1<2	unknown	elab-aspect	elaboration
that finding the proper lexical/surface correspondence in a two-level generation or recognition problem can be computationally difficult .	The difficulty increases	1<2	unknown	elab-aspect	elaboration
The difficulty increases	if unrestricted deletions ( null characters ) are allowed .	1<2	unknown	condition	condition
Free-word order languages have long posed significant problems for standard parsing algorithms .	This paper reports on an implemented parser ,	1>2	unknown	bg-goal	frame
This paper reports on an implemented parser ,	based on GovernmentBinding theory ( GB ) ( Chomsky , 1981 , 1982 ) ,	1<2	unknown	bg-general	frame
This paper reports on an implemented parser ,	for a particular free-word order language , Warlpiri , an aboriginal language of central Australia .	1<2	unknown	elab-addition	elaboration
This paper reports on an implemented parser ,	The parser is explicitly designed	1<2	unknown	elab-addition	elaboration
The parser is explicitly designed	to transparently mirror the principles of GB .	1<2	unknown	enablement	purpose
This paper reports on an implemented parser ,	The operation of this parsing system is quite different in character from that of a rule-based parsing system , ~ e.g. , a context-free parsing method .	1<2	unknown	elab-aspect	elaboration
This paper reports on an implemented parser ,	In this system , phrases are constructed via principles of selection , case-marking , caseassignment , and argument-linking , rather than by phrasal rules .	1<2	unknown	elab-aspect	elaboration
This paper reports on an implemented parser ,	The output of the parser for a sample Warlpiri sentence of four words in length is given .	1<2	unknown	elab-aspect	elaboration
The parser was executed on each of the 23 other permutations of the sentence ,	thereby demonstrating its ability	1>2	unknown	exp-evidence	explanation
The parser was executed on each of the 23 other permutations of the sentence ,	and it output equivalent parses ,	1<2	unknown	joint	conjunction
This paper reports on an implemented parser ,	thereby demonstrating its ability	1<2	unknown	evaluation	comment
thereby demonstrating its ability	to correctly handle the highly scrambled sentences	1<2	unknown	enablement	purpose
to correctly handle the highly scrambled sentences	found in Warlpiri .	1<2	unknown	elab-addition	elaboration
We examine the relationship between the two grammatical formalisms :	We briefly investigate the weak equivalence of the two formalisms .	1>2	unknown	result	causal
We examine the relationship between the two grammatical formalisms :	Tree Adjoining Grammars and Head Grammars .	1<2	unknown	elab-enumember	elaboration
We briefly investigate the weak equivalence of the two formalisms .	We then turn to a discussion	1<2	unknown	progression	organization
We then turn to a discussion	comparing the linguistic expressiveness of the two formalisms .	1<2	unknown	elab-addition	elaboration
We study the formal and linguistic properties of a class of parenthesis-free categorial grammars	derived from those of Ades and Steedman	1<2	unknown	elab-addition	elaboration
We study the formal and linguistic properties of a class of parenthesis-free categorial grammars	by varying the set of reduction rules .	1<2	unknown	manner-means	mode
We study the formal and linguistic properties of a class of parenthesis-free categorial grammars	We characterize the reduction rules <*> as those	1<2	unknown	elab-aspect	elaboration
We characterize the reduction rules <*> as those	capable of generating context-sensitive languages	1<2	unknown	elab-addition	elaboration
as those	having a partial combination rule and a combination rule in the reverse direction .	1<2	unknown	elab-addition	elaboration
We show	that any categorial language is a permutation of some context-free language ,	1>2	unknown	attribution	attribution
We study the formal and linguistic properties of a class of parenthesis-free categorial grammars	that any categorial language is a permutation of some context-free language ,	1<2	unknown	evaluation	comment
that any categorial language is a permutation of some context-free language ,	thus inheriting properties dependent on symbol counting only .	1<2	unknown	cause	causal
We study the formal and linguistic properties of a class of parenthesis-free categorial grammars	We compare some of their properties with other contemporary formalisms .	1<2	unknown	elab-aspect	elaboration
Conjunctions have always been a source of problems for natural language parsers .	how these problems may be circumvented	1>2	unknown	bg-goal	frame
This paper shows	how these problems may be circumvented	1>2	unknown	attribution	attribution
how these problems may be circumvented	using a rule based , walt-and-see parsing strategy .	1<2	unknown	manner-means	mode
how these problems may be circumvented	A parser is presented	1<2	unknown	elab-aspect	elaboration
A parser is presented	which analyzes conjunction structures deterministically ,	1<2	unknown	elab-addition	elaboration
A parser is presented	and the specific rules <*> are described and illustrated .	1<2	unknown	joint	conjunction
and the specific rules <*> are described and illustrated .	it uses	1<2	unknown	elab-addition	elaboration
how these problems may be circumvented	This parser appears to be faster for conjunctions than other parsers in the literature	1<2	unknown	evaluation	comment
This parser appears to be faster for conjunctions than other parsers in the literature	and some comparative timings are given .	1<2	unknown	joint	conjunction
The documentation of ( unbounded-length ) copying and cross-serial constructions in a few languages in the recent literature is usually taken	However , this ignores those copying constructions	1>2	unknown	contrast	contrast
to mean	that natural languages are slightly context-sensitive .	1>2	unknown	attribution	attribution
The documentation of ( unbounded-length ) copying and cross-serial constructions in a few languages in the recent literature is usually taken	that natural languages are slightly context-sensitive .	1<2	unknown	enablement	purpose
However , this ignores those copying constructions	that natural languages cannot be realistically represented by formal languages of the usual sort .	1>2	unknown	bg-goal	frame
which , <*> cannot be easily shown to apply to infinite sublanguages .	while productive ,	1<2	unknown	temporal	temporal
However , this ignores those copying constructions	<*> which , <*> cannot be easily shown to apply to infinite sublanguages .	1<2	unknown	elab-addition	elaboration
To allow such finite copying constructions to be taken into account in formal modeling ,	that natural languages cannot be realistically represented by formal languages of the usual sort .	1>2	unknown	enablement	purpose
it is necessary to recognize	that natural languages cannot be realistically represented by formal languages of the usual sort .	1>2	unknown	attribution	attribution
that natural languages cannot be realistically represented by formal languages of the usual sort .	A simple class of Context-free Queue Grammars is introduced and discussed .	1>2	unknown	bg-goal	frame
that natural languages cannot be realistically represented by formal languages of the usual sort .	Rather , they must be modeled as families of formal languages or as formal languages with indefinite vocabularies .	1<2	unknown	joint	conjunction
Once this is done ,	we see copying as a truly pervasive and fundamental process in human language .	1>2	unknown	condition	condition
that natural languages cannot be realistically represented by formal languages of the usual sort .	we see copying as a truly pervasive and fundamental process in human language .	1<2	unknown	elab-aspect	elaboration
Furthermore , the absence of mirror-image constructions in human languages means	that it is not enough to extend Context-free Grammars in the direction of context-sensitivity .	1>2	unknown	attribution	attribution
that it is not enough to extend Context-free Grammars in the direction of context-sensitivity .	that human linguistic processes use queues rather than stacks ,	1>2	unknown	bg-general	frame
that it is not enough to extend Context-free Grammars in the direction of context-sensitivity .	Instead , a class of grammars must be found	1<2	unknown	contrast	contrast
Instead , a class of grammars must be found	which handles ( context-sensitive ) copying but not ( context-free ) mirror images .	1<2	unknown	elab-addition	elaboration
This suggests	that human linguistic processes use queues rather than stacks ,	1>2	unknown	attribution	attribution
that natural languages cannot be realistically represented by formal languages of the usual sort .	that human linguistic processes use queues rather than stacks ,	1<2	unknown	joint	conjunction
that human linguistic processes use queues rather than stacks ,	making imperative the development of a hierarchy of Queue Grammars as a counterweight to the Chomsky Grammars .	1<2	unknown	elab-addition	elaboration
We outline a model of generation with revision ,	focusing on improving textual coherence .	1<2	unknown	elab-addition	elaboration
We argue	that high quality text is more easily produced	1>2	unknown	attribution	attribution
We outline a model of generation with revision ,	that high quality text is more easily produced	1<2	unknown	bg-general	frame
that high quality text is more easily produced	by iteratively revising and regenerating ,	1<2	unknown	manner-means	mode
that high quality text is more easily produced	as people do ,	1<2	unknown	elab-addition	elaboration
by iteratively revising and regenerating ,	rather than by using an architecturally more complex single pass generator .	1<2	unknown	contrast	contrast
We outline a model of generation with revision ,	As a general area of study , the revision process presents interesting problems :	1<2	unknown	bg-goal	frame
As a general area of study , the revision process presents interesting problems :	Recognition of flaws in text requires a descriptive theory	1<2	unknown	elab-addition	elaboration
Recognition of flaws in text requires a descriptive theory	of what constitutes well written prose	1<2	unknown	elab-addition	elaboration
Recognition of flaws in text requires a descriptive theory	and a parser	1<2	unknown	joint	conjunction
and a parser	which can build a representation in those terms .	1<2	unknown	elab-addition	elaboration
Improving text requires associating flaws with strategies for improvement .	The strategies , in turn , need to know what adjustments to the decisions <*> will produce appropriate modifications to the text .	1>2	unknown	bg-goal	frame
We outline a model of generation with revision ,	The strategies , in turn , need to know what adjustments to the decisions <*> will produce appropriate modifications to the text .	1<2	unknown	elab-aspect	elaboration
The strategies , in turn , need to know what adjustments to the decisions <*> will produce appropriate modifications to the text .	made during the initial generation	1<2	unknown	elab-addition	elaboration
We outline a model of generation with revision ,	We compare our treatment of revision with those of Mann and Moore ( 1981 ) , Gabriel ( 1984 ) , and Mann ( 1983 ) .	1<2	unknown	evaluation	comment
As a user interacts with a database or expert system ,	she / he may reveal a misconception about the objects	1>2	unknown	temporal	temporal
she / he may reveal a misconception about the objects	This paper discusses the ROMPER system	1>2	unknown	bg-general	frame
she / he may reveal a misconception about the objects	modeled by the system .	1<2	unknown	elab-addition	elaboration
This paper discusses the ROMPER system	for responding to such misconceptions in a domain independent and context sensitive fashion .	1<2	unknown	enablement	purpose
This paper discusses the ROMPER system	ROMPER reasons about possible sources of the misconception .	1<2	unknown	elab-addition	elaboration
This paper discusses the ROMPER system	It operates on a model of the user	1<2	unknown	elab-aspect	elaboration
It operates on a model of the user	and generates a cooperative response	1<2	unknown	joint	conjunction
and generates a cooperative response	based on this reasoning .	1<2	unknown	elab-addition	elaboration
This paper discusses the ROMPER system	The process is made context sensitive	1<2	unknown	evaluation	comment
The process is made context sensitive	by augmenting the user model with a new notion of object perspective	1<2	unknown	manner-means	mode
by augmenting the user model with a new notion of object perspective	which highlights certain aspects of the user model due to previous discourse .	1<2	unknown	elab-addition	elaboration
Here we address the problem	In this paper we demonstrate a semantic representation	1>2	unknown	bg-goal	frame
Here we address the problem	of mapping phrase meanings into their conceptual representations .	1<2	unknown	elab-addition	elaboration
Here we address the problem	Figurative phrases are pervasive in human communication ,	1<2	unknown	elab-aspect	elaboration
Figurative phrases are pervasive in human communication ,	yet they are difficult to explain theoretically .	1<2	unknown	contrast	contrast
In fact , the ability	to handle idiosyncratic behavior of phrases	1<2	unknown	enablement	purpose
Here we address the problem	<*> In fact , the ability <*> should be a criterion for any theory of lexical representation .	1<2	unknown	elab-aspect	elaboration
Due to the huge number of such phrases in the English language ,	phrase representation must be amenable to parsing , generation , and also to learning .	1>2	unknown	exp-reason	explanation
Here we address the problem	phrase representation must be amenable to parsing , generation , and also to learning .	1<2	unknown	elab-aspect	elaboration
In this paper we demonstrate a semantic representation	which facilitates , for a wide variety of phrases , both learning and parsing .	1<2	unknown	elab-addition	elaboration
Natural language processing systems need large lexicons	we have been trying to construct lexical entries automatically from information available in the machine-readable version of Webster 's seventh Collegiate Dictionary .	1>2	unknown	bg-goal	frame
Natural language processing systems need large lexicons	containing explicit information about lexical-semantlc relationships , selection restrictions , and verb categories .	1<2	unknown	elab-addition	elaboration
Because the labor <*> is overwhelming ,	we have been trying to construct lexical entries automatically from information available in the machine-readable version of Webster 's seventh Collegiate Dictionary .	1>2	unknown	exp-reason	explanation
Because the labor <*> is overwhelming ,	involved in constructing such lexicons by hand	1<2	unknown	elab-addition	elaboration
we have been trying to construct lexical entries automatically from information available in the machine-readable version of Webster 's seventh Collegiate Dictionary .	This work is rich in implicit information ;	1>2	unknown	bg-general	frame
This work is rich in implicit information ;	This paper describes methods	1>2	unknown	bg-goal	frame
This work is rich in implicit information ;	the problem is to make it explicit .	1<2	unknown	joint	conjunction
This paper describes methods	for finding taxonomy and set-membership relationships ,	1<2	unknown	enablement	purpose
for finding taxonomy and set-membership relationships ,	recognizing nouns	1<2	unknown	joint	conjunction
recognizing nouns	that ordinarily represent human beings ,	1<2	unknown	elab-addition	elaboration
for finding taxonomy and set-membership relationships ,	and identifying active and stative verbs and adjectives .	1<2	unknown	joint	conjunction
Dictionary lookup is a computational activity	Several algorithms for parallel dictionary lookup are discussed ,	1>2	unknown	bg-goal	frame
Dictionary lookup is a computational activity	that can be greatly accelerated	1<2	unknown	elab-addition	elaboration
Dictionary lookup is a computational activity	when performed on large amounts of text by a parallel computer such as the Connection Machine TM Computer ( CM ) .	1<2	unknown	temporal	temporal
Several algorithms for parallel dictionary lookup are discussed ,	including one	1<2	unknown	elab-addition	elaboration
including one	that allows the CM to lookup words at a rate 450 times that of lookup on a Symbolics 3600 Lisp Machine .	1<2	unknown	elab-addition	elaboration
We propose a mapping between prosodic phenomena and semantico-pragmatic effects	based upon the hypothesis	1<2	unknown	bg-general	frame
based upon the hypothesis	that intonation conveys information about the intentional as well as the attentional structure of discourse .	1<2	unknown	elab-addition	elaboration
In particular , we discuss	how variations in pitch range and choice of accent and tune can help to convey such information as :	1>2	unknown	attribution	attribution
We propose a mapping between prosodic phenomena and semantico-pragmatic effects	how variations in pitch range and choice of accent and tune can help to convey such information as :	1<2	unknown	elab-aspect	elaboration
how variations in pitch range and choice of accent and tune can help to convey such information as :	"discourse segmentation and topic structure , appropriate choice of referent , the distinction between "" given "" and "" new "" information , conceptual contrast or parallelism between mentioned items , and subordination relationships between propositions salient in the discourse ."	1<2	unknown	elab-enumember	elaboration
We propose a mapping between prosodic phenomena and semantico-pragmatic effects	Our goals for this research are practical as well as theoretical.	1<2	unknown	elab-aspect	elaboration
We propose a mapping between prosodic phenomena and semantico-pragmatic effects	In particular , we are investigating the problem of intonational assignment in synthetic speech .	1<2	unknown	elab-aspect	elaboration
While various aspects of syntactic structure have been shown to bear on the determination of phraselevel prosody ,	the text-to-speech field has lacked a robust working system	1>2	unknown	temporal	temporal
the text-to-speech field has lacked a robust working system	We describe an implemented system	1>2	unknown	bg-goal	frame
the text-to-speech field has lacked a robust working system	to test the possible relations between syntax and prosody .	1<2	unknown	enablement	purpose
We describe an implemented system	which uses the deterministic parser Fidditch	1<2	unknown	elab-addition	elaboration
which uses the deterministic parser Fidditch	to create the input for a set of prosody rules .	1<2	unknown	enablement	purpose
We describe an implemented system	The prosody rules generate a prosody tree	1<2	unknown	elab-aspect	elaboration
The prosody rules generate a prosody tree	that specifies the location and relative strength of prosodic phrase boundaries .	1<2	unknown	elab-addition	elaboration
The prosody rules generate a prosody tree	These specifications are converted to annotations for the Bell Labs text-to-speech system	1<2	unknown	elab-addition	elaboration
These specifications are converted to annotations for the Bell Labs text-to-speech system	that dictate modulations in pitch and duration for the input sentence .	1<2	unknown	elab-addition	elaboration
We discuss the results of an experiment	We are encouraged by an initial 5 percent error rate	1>2	unknown	result	causal
We discuss the results of an experiment	to determine the performance of our system .	1<2	unknown	enablement	purpose
We describe an implemented system	We are encouraged by an initial 5 percent error rate	1<2	unknown	evaluation	comment
We are encouraged by an initial 5 percent error rate	and we see the design of the parser and the modularity of the system	1<2	unknown	joint	conjunction
and we see the design of the parser and the modularity of the system	allowing changes	1<2	unknown	elab-addition	elaboration
allowing changes	that will upgrade this rate .	1<2	unknown	elab-addition	elaboration
The following proposal is for a Japanese sentence analysis method	to be used in a Japanese book reading machine .	1<2	unknown	enablement	purpose
The following proposal is for a Japanese sentence analysis method	This method is designed to allow for several candidates in case of ambiguous characters .	1<2	unknown	elab-addition	elaboration
The following proposal is for a Japanese sentence analysis method	Each sentence is analyzed	1<2	unknown	elab-aspect	elaboration
Each sentence is analyzed	to compose a data structure	1<2	unknown	enablement	purpose
Each sentence is analyzed	by defining the relationship between words and phrases .	1<2	unknown	manner-means	mode
The following proposal is for a Japanese sentence analysis method	This structure <*> involves all possible combinations of syntactically collect phrases .	1<2	unknown	elab-addition	elaboration
This structure <*> involves all possible combinations of syntactically collect phrases .	( named network structure )	1<2	unknown	elab-addition	elaboration
After network structure has been completed ,	heuristic rules are applied	1>2	unknown	temporal	temporal
The following proposal is for a Japanese sentence analysis method	heuristic rules are applied	1<2	unknown	elab-aspect	elaboration
heuristic rules are applied	in order to determine the most probable way	1<2	unknown	enablement	purpose
in order to determine the most probable way	to arrange the phrases	1<2	unknown	enablement	purpose
in order to determine the most probable way	and thus organize the best sentence .	1<2	unknown	progression	organization
The following proposal is for a Japanese sentence analysis method	All information about each sentence ---- the pronunciation of each word with its accent and the structure of phrases ---- will be used during speech synthesis .	1<2	unknown	bg-general	frame
Experiment results reveal :	99.1 % of all characters were given their correct pronunciation .	1>2	unknown	attribution	attribution
The following proposal is for a Japanese sentence analysis method	99.1 % of all characters were given their correct pronunciation .	1<2	unknown	evaluation	comment
99.1 % of all characters were given their correct pronunciation .	Using several recognized character candidates is more efficient	1<2	unknown	progression	organization
Using several recognized character candidates is more efficient	than only using first ranked characters as the input for sentence analysis .	1<2	unknown	comparison	concession
Using several recognized character candidates is more efficient	Also this facility increases the efficiency of the book reading machine	1<2	unknown	joint	conjunction
Also this facility increases the efficiency of the book reading machine	in that it enables the user to select other ways	1<2	unknown	elab-addition	elaboration
in that it enables the user to select other ways	to organize sentences .	1<2	unknown	enablement	purpose
A computer program <*> implements our theory of Japanese intonation .	This theory provides a complete qualitative description of the known characteristics of Japanese intonation , as well as a quantitative model of tone-scaling and timing	1>2	unknown	bg-general	frame
A computer program <*> implements our theory of Japanese intonation .	for synthesizing Japanese fundamental frequency contours	1<2	unknown	enablement	purpose
This theory provides a complete qualitative description of the known characteristics of Japanese intonation , as well as a quantitative model of tone-scaling and timing	precise enough to translate straightforwardly into a computational algorithm .	1<2	unknown	elab-addition	elaboration
This theory provides a complete qualitative description of the known characteristics of Japanese intonation , as well as a quantitative model of tone-scaling and timing	An important aspect of the description is that various features of the intonation pattern are designated to be phonological properties of different types of phrasal units in a hierarchical organization .	1<2	unknown	elab-aspect	elaboration
This theory provides a complete qualitative description of the known characteristics of Japanese intonation , as well as a quantitative model of tone-scaling and timing	This phrasal organization is known to play an important role	1<2	unknown	elab-addition	elaboration
This phrasal organization is known to play an important role	in parsing speech .	1<2	unknown	elab-addition	elaboration
This theory provides a complete qualitative description of the known characteristics of Japanese intonation , as well as a quantitative model of tone-scaling and timing	Our research shows it also to be one reflex of intonational prominence ,	1<2	unknown	evaluation	comment
Our research shows it also to be one reflex of intonational prominence ,	and hence of focus and other discourse structures .	1<2	unknown	joint	conjunction
This theory provides a complete qualitative description of the known characteristics of Japanese intonation , as well as a quantitative model of tone-scaling and timing	The qualitative features of each phrasal level and their implementation in the synthesis program are described .	1<2	unknown	elab-aspect	elaboration
In this paper , I describe	how Donnellan 's distinction between referential and attributive uses of definite descriptions should be represented in a computational model of reference .	1>2	unknown	attribution	attribution
After briefly discussing the significance of Donnellan 's distinction ,	I reinterpret it as being three-tiered , relating to object representation , referring intentions , and choice of referring expression .	1>2	unknown	temporal	temporal
how Donnellan 's distinction between referential and attributive uses of definite descriptions should be represented in a computational model of reference .	I reinterpret it as being three-tiered , relating to object representation , referring intentions , and choice of referring expression .	1<2	unknown	elab-aspect	elaboration
I reinterpret it as being three-tiered , relating to object representation , referring intentions , and choice of referring expression .	I then present a cognitive model of referring ,	1<2	unknown	progression	organization
I then present a cognitive model of referring ,	the components of which correspond to this analysis ,	1<2	unknown	elab-addition	elaboration
I then present a cognitive model of referring ,	and discuss the interaction	1<2	unknown	joint	conjunction
and discuss the interaction	that takes place among those components .	1<2	unknown	elab-addition	elaboration
I then present a cognitive model of referring ,	Finally , the implementation of this model , now in progress , is described .	1<2	unknown	progression	organization
Ambiguities	related to intension and their consequent inference failures	1<2	unknown	elab-addition	elaboration
<*> Ambiguities <*> are a diverse group , both syntactically and semantically .	One particular kind of ambiguity <*> is whether it is the speaker or the third party	1>2	unknown	bg-general	frame
One particular kind of ambiguity <*> is whether it is the speaker or the third party	that a unified approach to the representation of the alternative readings of intension-related ambiguities can be based on the notion of a descriptor	1>2	unknown	bg-general	frame
One particular kind of ambiguity <*> is whether it is the speaker or the third party	that has received little attention so far	1<2	unknown	elab-addition	elaboration
is whether it is the speaker or the third party	to whom a description in an opaque third-party attitude report should be attributed .	1<2	unknown	elab-addition	elaboration
The different readings lead to different inferences in a system	that a unified approach to the representation of the alternative readings of intension-related ambiguities can be based on the notion of a descriptor	1>2	unknown	bg-general	frame
The different readings lead to different inferences in a system	modeling the beliefs of external agents .	1<2	unknown	elab-addition	elaboration
We propose	that a unified approach to the representation of the alternative readings of intension-related ambiguities can be based on the notion of a descriptor	1>2	unknown	attribution	attribution
that a unified approach to the representation of the alternative readings of intension-related ambiguities can be based on the notion of a descriptor	We describe such a representation ,	1>2	unknown	bg-general	frame
that a unified approach to the representation of the alternative readings of intension-related ambiguities can be based on the notion of a descriptor	that is evaluated with respect to intensionality ,	1<2	unknown	elab-addition	elaboration
that is evaluated with respect to intensionality ,	the beliefs of agents , and a time of application .	1<2	unknown	joint	conjunction
We describe such a representation ,	built on a standard modal logic ,	1<2	unknown	elab-addition	elaboration
and show	how it may be used in conjunction with a knowledge base of background assumptions	1>2	unknown	attribution	attribution
We describe such a representation ,	how it may be used in conjunction with a knowledge base of background assumptions	1<2	unknown	joint	conjunction
how it may be used in conjunction with a knowledge base of background assumptions	to license restricted substitution of equals in opaque contexts .	1<2	unknown	enablement	purpose
A constraint is proposed in the Centering approach to pronoun resolution in discourse .	"This "" property-sharing "" constraint requires that two pronominal expressions <*> share a certain common grammatical property ."	1<2	unknown	elab-addition	elaboration
"This "" property-sharing "" constraint requires that two pronominal expressions <*> share a certain common grammatical property ."	that retain the same Cb across adjacent utterances	1<2	unknown	elab-addition	elaboration
"This "" property-sharing "" constraint requires that two pronominal expressions <*> share a certain common grammatical property ."	This property is expressed along the dimension of the grammatical function SUBJECT for both Japanese and English discourses ,	1<2	unknown	elab-aspect	elaboration
This property is expressed along the dimension of the grammatical function SUBJECT for both Japanese and English discourses ,	where different pronominal forms are primarily used	1<2	unknown	elab-addition	elaboration
where different pronominal forms are primarily used	to realize the Cb .	1<2	unknown	enablement	purpose
This property is expressed along the dimension of the grammatical function SUBJECT for both Japanese and English discourses ,	It is the zero pronominal in Japanese , and the ( unstressed ) overt pronoun in English .	1<2	unknown	elab-addition	elaboration
A constraint is proposed in the Centering approach to pronoun resolution in discourse .	The resulting constraint complements the original Centering ,	1<2	unknown	elab-aspect	elaboration
The resulting constraint complements the original Centering ,	accounting for its apparent violations	1<2	unknown	elab-addition	elaboration
accounting for its apparent violations	and providing a solution to the interpretation of multi-pronominal utterances .	1<2	unknown	joint	conjunction
The resulting constraint complements the original Centering ,	It also provides an alternative account of anaphora interpretation	1<2	unknown	elab-aspect	elaboration
It also provides an alternative account of anaphora interpretation	that appears to be due to structural parallelism .	1<2	unknown	elab-addition	elaboration
The resulting constraint complements the original Centering ,	This reconciliation of centering/focusing and parallelism is a major advantage .	1<2	unknown	elab-aspect	elaboration
A constraint is proposed in the Centering approach to pronoun resolution in discourse .	I will then add another dimension <*> to the constraint	1<2	unknown	elab-aspect	elaboration
I will then add another dimension <*> to the constraint	"called the "" speaker identification """	1<2	unknown	elab-addition	elaboration
I will then add another dimension <*> to the constraint	to handle a group of special eases in Japanese discourse .	1<2	unknown	enablement	purpose
I will then add another dimension <*> to the constraint	It indicates a close association between centering and the speaker 's viewpoint ,	1<2	unknown	elab-aspect	elaboration
It indicates a close association between centering and the speaker 's viewpoint ,	and sheds light on what underlies the effect of perception reports on pronoun resolution in general.	1<2	unknown	joint	conjunction
These results , <*> demonstrate the cross-linguistic applicability of the centering framework .	by drawing on facts in two very different languages ,	1<2	unknown	manner-means	mode
A constraint is proposed in the Centering approach to pronoun resolution in discourse .	<*> These results , <*> demonstrate the cross-linguistic applicability of the centering framework .	1<2	unknown	evaluation	comment
Existing models of plan inference ( PI ) in conversation have assumed	<*> that the agent <*> have identical beliefs about actions in the domain .	1>2	unknown	attribution	attribution
that the agent	whose plan is being inferred ( the actor )	1<2	unknown	elab-addition	elaboration
that the agent	and the agent	1<2	unknown	joint	conjunction
and the agent	drawing the inference ( the observer )	1<2	unknown	elab-addition	elaboration
<*> that the agent <*> have identical beliefs about actions in the domain .	that this assumption often results in failure of both the PI process and the communicative process	1>2	unknown	bg-general	frame
I argue	that this assumption often results in failure of both the PI process and the communicative process	1>2	unknown	attribution	attribution
that this assumption often results in failure of both the PI process and the communicative process	I describe a model of P1	1>2	unknown	bg-goal	frame
that this assumption often results in failure of both the PI process and the communicative process	that PI is meant to support .	1<2	unknown	elab-addition	elaboration
that this assumption often results in failure of both the PI process and the communicative process	In particular , it precludes the principled generation of appropriate responses to queries	1<2	unknown	joint	conjunction
In particular , it precludes the principled generation of appropriate responses to queries	that arise from invalid plans .	1<2	unknown	elab-addition	elaboration
I describe a model of P1	that abandons this assumption .	1<2	unknown	elab-addition	elaboration
I describe a model of P1	It rests on an analysis of plans as mental phenomena .	1<2	unknown	elab-addition	elaboration
Judgements	that a plan is invalid	1<2	unknown	elab-addition	elaboration
I describe a model of P1	<*> Judgements <*> are associated with particular discrepancies between the beliefs	1<2	unknown	elab-aspect	elaboration
<*> Judgements <*> are associated with particular discrepancies between the beliefs	that the observer ascribes to the actor	1<2	unknown	elab-addition	elaboration
when the former believes	that the latter has some plan ,	1>2	unknown	attribution	attribution
<*> Judgements <*> are associated with particular discrepancies between the beliefs	that the latter has some plan ,	1<2	unknown	temporal	temporal
<*> Judgements <*> are associated with particular discrepancies between the beliefs	and the beliefs	1<2	unknown	joint	conjunction
and the beliefs	that the observer herself holds .	1<2	unknown	elab-addition	elaboration
I show	that the content of an appropriate response to a query is affected by the types of any such discrepancies of belief	1>2	unknown	attribution	attribution
I describe a model of P1	that the content of an appropriate response to a query is affected by the types of any such discrepancies of belief	1<2	unknown	elab-aspect	elaboration
that the content of an appropriate response to a query is affected by the types of any such discrepancies of belief	judged to be present in the plan	1<2	unknown	elab-addition	elaboration
judged to be present in the plan	inferred to underlie that query .	1<2	unknown	elab-addition	elaboration
The PI model	described here	1<2	unknown	elab-addition	elaboration
I describe a model of P1	<*> The PI model <*> has been implemented in SPIRIT , a small demonstration system	1<2	unknown	evaluation	comment
<*> The PI model <*> has been implemented in SPIRIT , a small demonstration system	that answers questions about the domain of computer mail .	1<2	unknown	elab-addition	elaboration
To fully understand a sequence of utterances ,	one must be able to infer implicit relationships between the utterances .	1>2	unknown	enablement	purpose
one must be able to infer implicit relationships between the utterances .	This paper presents a plan-based approach to the representation and recognition of implicit relationships between utterances .	1>2	unknown	bg-goal	frame
Although the identification of sets of utterance relationships forms the basis for many theories of discourse ,	the formalization and recognition of such relationships has proven to be an extremely difficult computational task .	1>2	unknown	contrast	contrast
the formalization and recognition of such relationships has proven to be an extremely difficult computational task .	This paper presents a plan-based approach to the representation and recognition of implicit relationships between utterances .	1>2	unknown	bg-goal	frame
This paper presents a plan-based approach to the representation and recognition of implicit relationships between utterances .	Relationships are formulated as discourse plans ,	1<2	unknown	elab-aspect	elaboration
Relationships are formulated as discourse plans ,	which allows their representation in terms of planning operators and their computation via a plan recognition process .	1<2	unknown	elab-addition	elaboration
By incorporating complex inferential processes	relating utterances into a plan-based framework , a formalization and computability not available in the earlier works is provided .	1>2	unknown	manner-means	mode
This paper presents a plan-based approach to the representation and recognition of implicit relationships between utterances .	relating utterances into a plan-based framework , a formalization and computability not available in the earlier works is provided .	1<2	unknown	elab-aspect	elaboration
Novice users engaged in task-oriented dialogues with an adviser	to learn how to use an unfamiliar statistical package .	1<2	unknown	enablement	purpose
Novice users engaged in task-oriented dialogues with an adviser	The users ' , task was analyzed	1<2	unknown	elab-aspect	elaboration
The users ' , task was analyzed	and a task structure was derived .	1<2	unknown	joint	conjunction
Novice users engaged in task-oriented dialogues with an adviser	The task structure was used	1<2	unknown	elab-aspect	elaboration
The task structure was used	to segment the dialogue into subdialogues	1<2	unknown	enablement	purpose
to segment the dialogue into subdialogues	associated with the subtasks of the overall task .	1<2	unknown	elab-addition	elaboration
Novice users engaged in task-oriented dialogues with an adviser	The representation of the dialogue structure into a hierarchy of subdialogues , <*> was validated by three converging analyses .	1<2	unknown	elab-aspect	elaboration
The representation of the dialogue structure into a hierarchy of subdialogues , <*> was validated by three converging analyses .	partly corresponding to the task structure ,	1<2	unknown	elab-addition	elaboration
The representation of the dialogue structure into a hierarchy of subdialogues , <*> was validated by three converging analyses .	First , the distribution of non-pronominal noun phrases and the distribution of pronominal noun phrases exhibited a pattern consistent with the derived dialogue structure .	1<2	unknown	elab-process_step	elaboration
First , the distribution of non-pronominal noun phrases and the distribution of pronominal noun phrases exhibited a pattern consistent with the derived dialogue structure .	Non-pronominal noun phrases occurred more frequently at the beginning of subdialogues than later ,	1<2	unknown	elab-aspect	elaboration
Non-pronominal noun phrases occurred more frequently at the beginning of subdialogues than later ,	as can be expected	1<2	unknown	elab-addition	elaboration
Non-pronominal noun phrases occurred more frequently at the beginning of subdialogues than later ,	since one of their functions is to indicate topic shifts .	1<2	unknown	exp-reason	explanation
Non-pronominal noun phrases occurred more frequently at the beginning of subdialogues than later ,	On the other hand , pronominal noun phrases occurred less frequently in the first sentence of the subdialogues than in the following sentences of the subdialogues ,	1<2	unknown	joint	conjunction
On the other hand , pronominal noun phrases occurred less frequently in the first sentence of the subdialogues than in the following sentences of the subdialogues ,	as can be expected	1<2	unknown	elab-addition	elaboration
On the other hand , pronominal noun phrases occurred less frequently in the first sentence of the subdialogues than in the following sentences of the subdialogues ,	since they are used	1<2	unknown	exp-reason	explanation
since they are used	to indicate topic continuity .	1<2	unknown	enablement	purpose
The representation of the dialogue structure into a hierarchy of subdialogues , <*> was validated by three converging analyses .	Second , the distributions of the antecedents of pronominal noun phrases and of non-pronominal noun phrases showed a pattern consistent with the derived dialogue structure .	1<2	unknown	elab-process_step	elaboration
The representation of the dialogue structure into a hierarchy of subdialogues , <*> was validated by three converging analyses .	FinMly , distinctive clue words and phrases were found reliably at the boundaries of subdialogues with different functions .	1<2	unknown	elab-process_step	elaboration
A new method is presented	for simplifying the logical expressions	1<2	unknown	enablement	purpose
for simplifying the logical expressions	used to represent utterance meaning in a natural language system .	1<2	unknown	elab-addition	elaboration
A new method is presented	This simplification method utilizes the encoded knowledge and the limited inference-making capability of a taxonomic knowledge representation system	1<2	unknown	elab-addition	elaboration
This simplification method utilizes the encoded knowledge and the limited inference-making capability of a taxonomic knowledge representation system	to reduce the constituent structure of logical expressions .	1<2	unknown	enablement	purpose
A new method is presented	The specific application is to the problem	1<2	unknown	bg-goal	frame
The specific application is to the problem	of mapping expressions of the meaning representation language to a database language	1<2	unknown	elab-addition	elaboration
of mapping expressions of the meaning representation language to a database language	capable of retrieving actual responses .	1<2	unknown	elab-addition	elaboration
A new method is presented	Particular account is taken of the model-theoretic aspects of this problem .	1<2	unknown	elab-aspect	elaboration
Consideration of the question of meaning in the framework of linguistics often requires an allusion to sets and other higher-order notions .	The traditional approach to representing and reasoning about meaning in a computational setting has been to use knowledge representation systems	1>2	unknown	bg-general	frame
The traditional approach to representing and reasoning about meaning in a computational setting has been to use knowledge representation systems	In this paper we shall consider the use of a higher-order logic for this task .	1>2	unknown	bg-compare	frame
The traditional approach to representing and reasoning about meaning in a computational setting has been to use knowledge representation systems	that are either based on first-order logic	1<2	unknown	elab-addition	elaboration
that are either based on first-order logic	or that use mechanisms	1<2	unknown	joint	conjunction
or that use mechanisms	whose formal justifications are to be provided after the fact .	1<2	unknown	elab-addition	elaboration
In this paper we shall consider the use of a higher-order logic for this task .	We first present a version of definite clauses ( positive Horn clauses )	1<2	unknown	elab-aspect	elaboration
We first present a version of definite clauses ( positive Horn clauses )	that is based on this logic .	1<2	unknown	elab-addition	elaboration
We first present a version of definite clauses ( positive Horn clauses )	Predicate and function variables may occur in such clauses	1<2	unknown	elab-aspect	elaboration
Predicate and function variables may occur in such clauses	and the terms in the language are the typed λ-terms .	1<2	unknown	joint	conjunction
We first present a version of definite clauses ( positive Horn clauses )	Such term structures have a richness	1<2	unknown	elab-aspect	elaboration
Such term structures have a richness	that may be exploited in representing meanings .	1<2	unknown	elab-addition	elaboration
Predicate and function variables may occur in such clauses	We also describe a higher-order logic programming language ,	1<2	unknown	joint	conjunction
We also describe a higher-order logic programming language ,	called λProlog ,	1<2	unknown	elab-addition	elaboration
We also describe a higher-order logic programming language ,	which represents programs as higher-order definite clauses	1<2	unknown	elab-addition	elaboration
We also describe a higher-order logic programming language ,	and interprets them	1<2	unknown	joint	conjunction
and interprets them	using a depth-first interpreter .	1<2	unknown	manner-means	mode
We also describe a higher-order logic programming language ,	A virtue of this language is that it is possible to write programs in it	1<2	unknown	elab-aspect	elaboration
A virtue of this language is that it is possible to write programs in it	that integrate syntactic and semantic analyses into one computational paradigm .	1<2	unknown	elab-addition	elaboration
We also describe a higher-order logic programming language ,	This is to be contrasted with the more common practice	1<2	unknown	elab-aspect	elaboration
This is to be contrasted with the more common practice	of using two entirely different computation paradigms ,	1<2	unknown	elab-addition	elaboration
of using two entirely different computation paradigms ,	such as DCGs or ATNs for parsing and frames or semantic nets for semantic processing .	1<2	unknown	elab-example	elaboration
We illustrate such an integration in this language	that its use makes the task of providing formal justifications for the computations specified much more direct .	1>2	unknown	joint	conjunction
We illustrate such an integration in this language	by considering a simple example ,	1<2	unknown	manner-means	mode
and we claim	that its use makes the task of providing formal justifications for the computations specified much more direct .	1>2	unknown	attribution	attribution
In this paper we shall consider the use of a higher-order logic for this task .	that its use makes the task of providing formal justifications for the computations specified much more direct .	1<2	unknown	evaluation	comment
Unification-based grammar formalisms use structures	We have developed a model	1>2	unknown	bg-general	frame
Unification-based grammar formalisms use structures	containing sets of features	1<2	unknown	elab-addition	elaboration
Unification-based grammar formalisms use structures	to describe linguistic objects .	1<2	unknown	enablement	purpose
Although computational algorithms for unification of feature structures have been worked out in experimental research ,	these algcwithms become quite complicated ,	1>2	unknown	contrast	contrast
these algcwithms become quite complicated ,	We have developed a model	1>2	unknown	bg-compare	frame
these algcwithms become quite complicated ,	and a more precise description of feature structures is desirable .	1<2	unknown	joint	conjunction
We have developed a model	in which descriptions of feature structures can be regarded as logical formulas ,	1<2	unknown	elab-addition	elaboration
in which descriptions of feature structures can be regarded as logical formulas ,	and interpreted by sets of directed graphs	1<2	unknown	joint	conjunction
and interpreted by sets of directed graphs	which satisfy them .	1<2	unknown	elab-addition	elaboration
and interpreted by sets of directed graphs	These graphs are , in fact , transition graphs for a special type of deterministic finite automaton .	1<2	unknown	elab-addition	elaboration
We have developed a model	This semantics for feature structures extends the ideas of Pereira and Shieber -LSB-11 -RSB- ,	1<2	unknown	elab-aspect	elaboration
This semantics for feature structures extends the ideas of Pereira and Shieber -LSB-11 -RSB- ,	by providing an interpretation for values	1<2	unknown	manner-means	mode
by providing an interpretation for values	which are specified by disjunctions and path values	1<2	unknown	elab-addition	elaboration
which are specified by disjunctions and path values	embedded within disjunctions .	1<2	unknown	elab-addition	elaboration
We have developed a model	Our interpretati6n differs from that of Pereira and Shieber	1<2	unknown	elab-aspect	elaboration
Our interpretati6n differs from that of Pereira and Shieber	by using a logical model in place of a denotational semantics .	1<2	unknown	manner-means	mode
We have developed a model	This logical model yields a calculus of equivalences ,	1<2	unknown	elab-aspect	elaboration
This logical model yields a calculus of equivalences ,	which can be used	1<2	unknown	elab-addition	elaboration
which can be used	to simplify formulas .	1<2	unknown	enablement	purpose
Unification is attractive ,	but it is often computationally inefficient .	1>2	unknown	contrast	contrast
Unification is attractive ,	because of its generality ,	1<2	unknown	exp-reason	explanation
We have developed a model	but it is often computationally inefficient .	1<2	unknown	elab-aspect	elaboration
We have developed a model	Our mode -RSB- allows a careful examination of the computational complexity of unification .	1<2	unknown	elab-aspect	elaboration
We have shown	that the consistency problem for formulas with disjunctive values is NP-complete .	1>2	unknown	attribution	attribution
that the consistency problem for formulas with disjunctive values is NP-complete .	how disjunctive values can be specified in a way	1>2	unknown	bg-goal	frame
To deal with this complexity ,	how disjunctive values can be specified in a way	1>2	unknown	enablement	purpose
we describe	how disjunctive values can be specified in a way	1>2	unknown	attribution	attribution
We have developed a model	how disjunctive values can be specified in a way	1<2	unknown	elab-aspect	elaboration
how disjunctive values can be specified in a way	which delays expansion	1<2	unknown	elab-addition	elaboration
which delays expansion	to disjunctive normal form .	1<2	unknown	enablement	purpose
In this paper , we show	that Higher-Order Coloured Unification - a form of unification <*> provides a general theory	1>2	unknown	attribution	attribution
that Higher-Order Coloured Unification - a form of unification <*> provides a general theory	developed for automated theorem proving -	1<2	unknown	elab-addition	elaboration
that Higher-Order Coloured Unification - a form of unification <*> provides a general theory	for modeling the interface between the interpretation process and other sources of linguistic , non semantic information .	1<2	unknown	enablement	purpose
that Higher-Order Coloured Unification - a form of unification <*> provides a general theory	In particular , it provides the general theory for the Primary Occurrence Restriction	1<2	unknown	elab-aspect	elaboration
In particular , it provides the general theory for the Primary Occurrence Restriction	which ( Dalrymple et al. , 1991 ) 's analysis called for .	1<2	unknown	elab-addition	elaboration
A natural next step in the evolution of constraint-based grammar formalisms from rewriting formalisms is to abstract fully away from the details of the grammar mechanism	this model-theoretic approach can offer simpler and significantly clearer expression of theories	1>2	unknown	bg-goal	frame
A natural next step in the evolution of constraint-based grammar formalisms from rewriting formalisms is to abstract fully away from the details of the grammar mechanism	--to express syntactic theories purely in terms of the properties of the class of structures	1<2	unknown	elab-addition	elaboration
--to express syntactic theories purely in terms of the properties of the class of structures	they license .	1<2	unknown	elab-addition	elaboration
By focusing on the structural properties of languages rather than on mechanisms	this model-theoretic approach can offer simpler and significantly clearer expression of theories	1>2	unknown	manner-means	mode
By focusing on the structural properties of languages rather than on mechanisms	for generating or checking structures	1<2	unknown	enablement	purpose
for generating or checking structures	that exhibit those properties ,	1<2	unknown	elab-addition	elaboration
this model-theoretic approach can offer simpler and significantly clearer expression of theories	We discuss L2 , p , a monadic second-order logical framework for such an approach to syntax	1>2	unknown	bg-general	frame
this model-theoretic approach can offer simpler and significantly clearer expression of theories	and can potentially provide a uniform formalization ,	1<2	unknown	joint	conjunction
and can potentially provide a uniform formalization ,	allowing disparate theories to be compared on the basis of those properties .	1<2	unknown	elab-addition	elaboration
We discuss L2 , p , a monadic second-order logical framework for such an approach to syntax	that has the distinctive virtue of being superficially expressive - <*> languages are definable in L2K , p iff	1<2	unknown	elab-addition	elaboration
that has the distinctive virtue of being superficially expressive - <*> languages are definable in L2K , p iff	supporting direct statement of most linguistically significant syntactic properties -	1<2	unknown	elab-addition	elaboration
supporting direct statement of most linguistically significant syntactic properties -	but having well-defined strong generative capacity -	1<2	unknown	contrast	contrast
We discuss L2 , p , a monadic second-order logical framework for such an approach to syntax	they are strongly context-free .	1<2	unknown	elab-addition	elaboration
We discuss L2 , p , a monadic second-order logical framework for such an approach to syntax	We draw examples from the realms of GPSG and GB .	1<2	unknown	elab-aspect	elaboration
Information retrieval is an important application area of natural-language processing	This paper reports on the application of a few simple , yet robust and efficient nounphrase analysis techniques	1>2	unknown	bg-goal	frame
Information retrieval is an important application area of natural-language processing	where one encounters the genuine challenge	1<2	unknown	elab-addition	elaboration
where one encounters the genuine challenge	of processing large quantities of unrestricted natural-language text .	1<2	unknown	elab-addition	elaboration
This paper reports on the application of a few simple , yet robust and efficient nounphrase analysis techniques	to create better indexing phrases for information retrieval.	1<2	unknown	enablement	purpose
This paper reports on the application of a few simple , yet robust and efficient nounphrase analysis techniques	In particular , we describe a hybrid approach to the extraction of meaningful ( continuous or discontinuous ) subcompounds from complex noun phrases	1<2	unknown	elab-aspect	elaboration
In particular , we describe a hybrid approach to the extraction of meaningful ( continuous or discontinuous ) subcompounds from complex noun phrases	using both corpus statistics and linguistic heuristics .	1<2	unknown	manner-means	mode
Results of experiments show	that indexing based on such extracted subcompounds improves both recall and precision in an information retrieval system .	1>2	unknown	attribution	attribution
This paper reports on the application of a few simple , yet robust and efficient nounphrase analysis techniques	that indexing based on such extracted subcompounds improves both recall and precision in an information retrieval system .	1<2	unknown	evaluation	comment
that indexing based on such extracted subcompounds improves both recall and precision in an information retrieval system .	The noun-phrase analysis techniques are also potentially useful for book indexing and automatic thesaurus extraction .	1<2	unknown	elab-aspect	elaboration
Most natural language processing tasks require lexical semantic information .	This paper describes an acquisition method	1>2	unknown	bg-goal	frame
Most natural language processing tasks require lexical semantic information .	Automated acquisition of this information would thus increase the robustness and portability of NLP systems .	1<2	unknown	elab-aspect	elaboration
This paper describes an acquisition method	which makes use of fixed correspondences between derivational affixes and lexical semantic information .	1<2	unknown	elab-addition	elaboration
This paper describes an acquisition method	One advantage of this method , and of other methods <*> is that the necessary input is currently available .	1<2	unknown	elab-aspect	elaboration
One advantage of this method , and of other methods <*> is that the necessary input is currently available .	that rely only on surface characteristics of language ,	1<2	unknown	elab-addition	elaboration
This paper deals with the discovery , representation , and use of lexical rules ( LRs ) during large-scale semi-automatic computational lexicon acquisition .	The analysis is based on a set of LRs	1<2	unknown	elab-addition	elaboration
The analysis is based on a set of LRs	implemented and tested on the basis of Spanish and English business- and finance-related corpora .	1<2	unknown	elab-addition	elaboration
We show that ,	they do not come costfree .	1>2	unknown	attribution	attribution
though the use of LRs is justified ,	they do not come costfree .	1>2	unknown	contrast	contrast
This paper deals with the discovery , representation , and use of lexical rules ( LRs ) during large-scale semi-automatic computational lexicon acquisition .	they do not come costfree .	1<2	unknown	elab-aspect	elaboration
Semi-automatic output checking is required , even with blocking and preemtion procedures	Nevertheless , largescope LRs are justified	1>2	unknown	contrast	contrast
Semi-automatic output checking is required , even with blocking and preemtion procedures	built in .	1<2	unknown	elab-addition	elaboration
This paper deals with the discovery , representation , and use of lexical rules ( LRs ) during large-scale semi-automatic computational lexicon acquisition .	Nevertheless , largescope LRs are justified	1<2	unknown	elab-aspect	elaboration
Nevertheless , largescope LRs are justified	because they facilitate the unavoidable process of large-scale semi-automatic lexical acquisition .	1<2	unknown	exp-reason	explanation
We also argue	that the place of LRs in the computational process is a complex issue .	1>2	unknown	attribution	attribution
This paper deals with the discovery , representation , and use of lexical rules ( LRs ) during large-scale semi-automatic computational lexicon acquisition .	that the place of LRs in the computational process is a complex issue .	1<2	unknown	elab-aspect	elaboration
In this paper , we present a new approach for word sense disambiguation ( WSD )	using an exemplar-based learning algorithm .	1<2	unknown	manner-means	mode
In this paper , we present a new approach for word sense disambiguation ( WSD )	This approach integrates a diverse set of knowledge sources	1<2	unknown	elab-aspect	elaboration
This approach integrates a diverse set of knowledge sources	to disambiguate word sense ,	1<2	unknown	enablement	purpose
This approach integrates a diverse set of knowledge sources	including part of speech of neighboring words , morphological form , the unordered set of surrounding words , local collocations , and verb-object syntactic relation .	1<2	unknown	elab-enumember	elaboration
In this paper , we present a new approach for word sense disambiguation ( WSD )	We tested our WSD program ,	1<2	unknown	elab-aspect	elaboration
We tested our WSD program ,	named LEXAS ,	1<2	unknown	elab-addition	elaboration
We tested our WSD program ,	on both a common data set	1<2	unknown	elab-addition	elaboration
on both a common data set	used in previous work ,	1<2	unknown	elab-addition	elaboration
on both a common data set	as well as on a large sense-tagged corpus	1<2	unknown	joint	conjunction
as well as on a large sense-tagged corpus	that we separately constructed .	1<2	unknown	elab-addition	elaboration
In this paper , we present a new approach for word sense disambiguation ( WSD )	LEXAS achieves a higher accuracy on the common data set ,	1<2	unknown	evaluation	comment
LEXAS achieves a higher accuracy on the common data set ,	and performs better than the most frequent heuristic on the highly ambiguous words in the large corpus	1<2	unknown	joint	conjunction
and performs better than the most frequent heuristic on the highly ambiguous words in the large corpus	tagged with the refined senses of WoRDNET .	1<2	unknown	elab-addition	elaboration
We present an overview of recent work	in which eye movements are monitored	1<2	unknown	elab-addition	elaboration
We present an overview of recent work	as people follow spoken instructions	1<2	unknown	temporal	temporal
as people follow spoken instructions	to move objects or pictures in a visual workspace .	1<2	unknown	enablement	purpose
We present an overview of recent work	Subjects naturally make saccadic eye-movements to objects	1<2	unknown	bg-general	frame
Subjects naturally make saccadic eye-movements to objects	that are closely time-locked to relevant information in the instruction .	1<2	unknown	elab-addition	elaboration
Subjects naturally make saccadic eye-movements to objects	Thus the eye-movements provide a window into the rapid mental processes	1<2	unknown	cause	causal
Thus the eye-movements provide a window into the rapid mental processes	that underlie spoken language comprehension .	1<2	unknown	elab-addition	elaboration
We present an overview of recent work	We review studies of reference resolution , word recognition , and pragmatic effects on syntactic ambiguity resolution .	1<2	unknown	elab-aspect	elaboration
Our studies show	that people seek to establish reference with respect to their behavioral goals during the earliest moments of linguistic processing .	1>2	unknown	attribution	attribution
We present an overview of recent work	that people seek to establish reference with respect to their behavioral goals during the earliest moments of linguistic processing .	1<2	unknown	evaluation	comment
that people seek to establish reference with respect to their behavioral goals during the earliest moments of linguistic processing .	Moreover , referentially relevant non-linguistic information immediately affects how the linguistic input is initially structured .	1<2	unknown	elab-addition	elaboration
We present a natural language interface system	which is based entirely on trained statistical models .	1<2	unknown	elab-addition	elaboration
We present a natural language interface system	The system consists of three stages of processing :	1<2	unknown	elab-addition	elaboration
The system consists of three stages of processing :	parsing , semantic interpretation , and discourse .	1<2	unknown	elab-enumember	elaboration
The system consists of three stages of processing :	Each of these stages is modeled as a statistical process .	1<2	unknown	elab-addition	elaboration
We present a natural language interface system	The models are fully integrated ,	1<2	unknown	evaluation	comment
The models are fully integrated ,	resulting in an end-to-end system	1<2	unknown	elab-addition	elaboration
resulting in an end-to-end system	that maps input utterances into meaning representation frames .	1<2	unknown	elab-addition	elaboration
This paper describes a system	that leads us to believe in the feasibility	1<2	unknown	elab-addition	elaboration
that leads us to believe in the feasibility	of constructing natural spoken dialogue systems in task-oriented domains .	1<2	unknown	elab-addition	elaboration
This paper describes a system	It specifically addresses the issue of robust interpretation of speech in the presence of recognition errors .	1<2	unknown	elab-addition	elaboration
This paper describes a system	Robustness is achieved by a combination of statistical error post-correction , syntactically- and semantically-driven robust parsing , and extensive use of the dialogue context .	1<2	unknown	elab-aspect	elaboration
We present an evaluation of the system	that most native speakers of English can use the system successfully with virtually no training .	1>2	unknown	result	causal
We present an evaluation of the system	using time-to-completion and the quality of the final solution	1<2	unknown	manner-means	mode
that suggests	that most native speakers of English can use the system successfully with virtually no training .	1>2	unknown	attribution	attribution
This paper describes a system	that most native speakers of English can use the system successfully with virtually no training .	1<2	unknown	evaluation	comment
This paper addresses the problem	of correcting spelling errors	1<2	unknown	elab-addition	elaboration
of correcting spelling errors	that result in valid , though unintended words	1<2	unknown	elab-addition	elaboration
that result in valid , though unintended words	( such as peace and piece , or quiet and quite )	1<2	unknown	elab-example	elaboration
This paper addresses the problem	and also the problem	1<2	unknown	joint	conjunction
and also the problem	of correcting particular word usage errors	1<2	unknown	elab-addition	elaboration
of correcting particular word usage errors	( such as amount and number , or among and between ) .	1<2	unknown	elab-example	elaboration
This paper addresses the problem	Such corrections require contextual information	1<2	unknown	elab-addition	elaboration
Such corrections require contextual information	and are not handled by conventional spelling programs	1<2	unknown	progression	organization
and are not handled by conventional spelling programs	such as Unix spell .	1<2	unknown	elab-example	elaboration
This paper addresses the problem	First , we introduce a method	1<2	unknown	elab-aspect	elaboration
First , we introduce a method	called Trigrams	1<2	unknown	elab-addition	elaboration
First , we introduce a method	that uses part-of-speech trigrams	1<2	unknown	elab-addition	elaboration
that uses part-of-speech trigrams	to encode the context .	1<2	unknown	enablement	purpose
First , we introduce a method	This method uses a small number of parameters	1<2	unknown	elab-addition	elaboration
This method uses a small number of parameters	compared to previous methods	1<2	unknown	comparison	concession
compared to previous methods	based on word trigrams .	1<2	unknown	bg-general	frame
However , it is effectively unable to distinguish among words	For this case , an alternative feature-based method	1>2	unknown	bg-goal	frame
However , it is effectively unable to distinguish among words	that have the same part of speech .	1<2	unknown	elab-addition	elaboration
For this case , an alternative feature-based method	but Bayes is less effective than Trigrams	1>2	unknown	comparison	concession
For this case , an alternative feature-based method	called Bayes performs better ;	1<2	unknown	elab-addition	elaboration
This paper addresses the problem	but Bayes is less effective than Trigrams	1<2	unknown	elab-aspect	elaboration
but Bayes is less effective than Trigrams	when the distinction among words depends on syntactic constraints .	1<2	unknown	temporal	temporal
A hybrid method	called Tribayes	1<2	unknown	elab-addition	elaboration
<*> A hybrid method <*> is then introduced	that combines the best of the previous two methods .	1>2	unknown	attribution	attribution
This paper addresses the problem	that combines the best of the previous two methods .	1<2	unknown	elab-aspect	elaboration
that combines the best of the previous two methods .	The improvement in performance of Tribayes over its components is verified experimentally .	1<2	unknown	evaluation	comment
The improvement in performance of Tribayes over its components is verified experimentally .	Tribayes is also compared with the grammar checker in Microsoft Word ,	1<2	unknown	joint	conjunction
Tribayes is also compared with the grammar checker in Microsoft Word ,	and is found to have substantially higher performance .	1<2	unknown	joint	conjunction
Under categorial grammars	a simple n-word sentence can have exponentially many parses .	1>2	unknown	bg-general	frame
Under categorial grammars	that have powerful rules like composition ,	1<2	unknown	elab-addition	elaboration
a simple n-word sentence can have exponentially many parses .	This paper addresses the problem for a fairly general form of Combinatory Categorial Grammar ,	1>2	unknown	bg-general	frame
Generating all parses is inefficient	This paper addresses the problem for a fairly general form of Combinatory Categorial Grammar ,	1>2	unknown	bg-goal	frame
Generating all parses is inefficient	and obscures whatever true semantic ambiguities are in the input .	1<2	unknown	joint	conjunction
This paper addresses the problem for a fairly general form of Combinatory Categorial Grammar ,	by means of an efficient , correct , and easy to implement normal-form parsing technique .	1<2	unknown	manner-means	mode
This paper addresses the problem for a fairly general form of Combinatory Categorial Grammar ,	The parser is proved to find exactly one parse in each semantic equivalence class of allowable parses ;	1<2	unknown	evaluation	comment
that is , spurious ambiguity <*> is shown to be both safely and completely eliminated .	( as carefully defined )	1<2	unknown	elab-addition	elaboration
The parser is proved to find exactly one parse in each semantic equivalence class of allowable parses ;	<*> that is , spurious ambiguity <*> is shown to be both safely and completely eliminated .	1<2	unknown	elab-addition	elaboration
In this paper we present a new parsing algorithm for linear indexed grammars ( LIGs ) in the same spirit as the one	described in ( Vijay-Shanker and Weir , 1993 ) for tree adjoining grammars .	1<2	unknown	elab-addition	elaboration
In this paper we present a new parsing algorithm for linear indexed grammars ( LIGs ) in the same spirit as the one	For a LIG L and an input string x of length n , we build a non ambiguous context-free grammar	1<2	unknown	elab-aspect	elaboration
For a LIG L and an input string x of length n , we build a non ambiguous context-free grammar	whose sentences are all ( and exclusively ) valid derivation sequences in L	1<2	unknown	elab-addition	elaboration
whose sentences are all ( and exclusively ) valid derivation sequences in L	which lead to x .	1<2	unknown	elab-addition	elaboration
We show	that this grammar can be built in ( O ( n^6 ) ) time	1>2	unknown	attribution	attribution
In this paper we present a new parsing algorithm for linear indexed grammars ( LIGs ) in the same spirit as the one	that this grammar can be built in ( O ( n^6 ) ) time	1<2	unknown	elab-aspect	elaboration
that this grammar can be built in ( O ( n^6 ) ) time	and that individual parses can be extracted in linear time with the size of the extracted parse tree .	1<2	unknown	joint	conjunction
Though this O ( n^6 ) upper bound does not improve over previous results ,	the average case behaves much better .	1>2	unknown	contrast	contrast
In this paper we present a new parsing algorithm for linear indexed grammars ( LIGs ) in the same spirit as the one	the average case behaves much better .	1<2	unknown	evaluation	comment
the average case behaves much better .	Moreover , practical parsing times can be decreased by some statically performed computations .	1<2	unknown	joint	conjunction
We study the computational complexity of the parsing problem of a variant of Lambek Categorial Grammar	that we call semidirectional.	1<2	unknown	elab-addition	elaboration
We study the computational complexity of the parsing problem of a variant of Lambek Categorial Grammar	In semidirectional Lambek calculus SD-LSB- there is an additional nondirectional abstraction rule	1<2	unknown	elab-aspect	elaboration
In semidirectional Lambek calculus SD-LSB- there is an additional nondirectional abstraction rule	allowing the formula	1<2	unknown	elab-addition	elaboration
allowing the formula	abstracted over	1<2	unknown	elab-addition	elaboration
allowing the formula	to appear anywhere in the premise sequent 's left-hand side ,	1<2	unknown	enablement	purpose
to appear anywhere in the premise sequent 's left-hand side ,	thus permitting non-peripheral extraction .	1<2	unknown	cause	causal
We study the computational complexity of the parsing problem of a variant of Lambek Categorial Grammar	SD-LSB- grammars are able to generate each context-free language and more than that .	1<2	unknown	elab-aspect	elaboration
We show	that the parsing problem for semidireetional Lambek Grammar is NP-complete by a reduction of the 3-Partition problem .	1>2	unknown	attribution	attribution
We study the computational complexity of the parsing problem of a variant of Lambek Categorial Grammar	that the parsing problem for semidireetional Lambek Grammar is NP-complete by a reduction of the 3-Partition problem .	1<2	unknown	evaluation	comment
This paper describes an algorithm	for computing optimal structural descriptions for Optimality Theory grammars with context-free position structures .	1<2	unknown	enablement	purpose
This paper describes an algorithm	This algorithm extends Tesar 's dynamic programming approach ( Tesar , 1994 ) ( Tesar , 1995 )	1<2	unknown	elab-addition	elaboration
This algorithm extends Tesar 's dynamic programming approach ( Tesar , 1994 ) ( Tesar , 1995 )	to computing optimal structural descriptions from regular to context-free structures .	1<2	unknown	enablement	purpose
This paper describes an algorithm	The generalization to context free structures creates several complications ,	1<2	unknown	elab-aspect	elaboration
The generalization to context free structures creates several complications ,	all of which are overcome	1<2	unknown	elab-addition	elaboration
all of which are overcome	without compromising the core dynamic programming approach .	1<2	unknown	elab-addition	elaboration
This paper describes an algorithm	The resulting algorithm has a time complexity cubic in the length of the input ,	1<2	unknown	evaluation	comment
The resulting algorithm has a time complexity cubic in the length of the input ,	and is applicable to grammars with universal constraints	1<2	unknown	joint	conjunction
and is applicable to grammars with universal constraints	that exhibit context-free locality .	1<2	unknown	elab-addition	elaboration
In contrast to the simple replace expression , UPPER -> LOWER ,	the new directed version , UPPER ©-> LOWER , yields an unambiguous transducer	1>2	unknown	contrast	contrast
In contrast to the simple replace expression , UPPER -> LOWER ,	defined in Karttunen ( 1995 ) ,	1<2	unknown	elab-addition	elaboration
This paper introduces to the finite-state calculus a family of directed replace operators .	the new directed version , UPPER ©-> LOWER , yields an unambiguous transducer	1<2	unknown	elab-aspect	elaboration
the new directed version , UPPER ©-> LOWER , yields an unambiguous transducer	if the lower language consists of a single string .	1<2	unknown	condition	condition
This paper introduces to the finite-state calculus a family of directed replace operators .	It transduces the input string from left to right ,	1<2	unknown	elab-addition	elaboration
It transduces the input string from left to right ,	making only the longest possible replacement at each point .	1<2	unknown	elab-addition	elaboration
This paper introduces to the finite-state calculus a family of directed replace operators .	A new type of replacement expression , UPPER @ -> PREFIX ... SUFFIX , yields a transducer	1<2	unknown	elab-aspect	elaboration
A new type of replacement expression , UPPER @ -> PREFIX ... SUFFIX , yields a transducer	that inserts text around strings	1<2	unknown	elab-addition	elaboration
that inserts text around strings	that are instances of UPPER .	1<2	unknown	elab-addition	elaboration
A new type of replacement expression , UPPER @ -> PREFIX ... SUFFIX , yields a transducer	The symbol ... denotes the matching part of the input	1<2	unknown	elab-aspect	elaboration
The symbol ... denotes the matching part of the input	which itself remains unchanged .	1<2	unknown	elab-addition	elaboration
A new type of replacement expression , UPPER @ -> PREFIX ... SUFFIX , yields a transducer	PREFIX and SUFFIX are regular expressions	1<2	unknown	elab-aspect	elaboration
PREFIX and SUFFIX are regular expressions	describing the insertions .	1<2	unknown	elab-addition	elaboration
A new type of replacement expression , UPPER @ -> PREFIX ... SUFFIX , yields a transducer	Expressions of the type UPPER @ -> PREFIX ... SUFFIX may be used	1<2	unknown	elab-aspect	elaboration
Expressions of the type UPPER @ -> PREFIX ... SUFFIX may be used	to compose a deterministic parser for a `` local grammar '' in the sense of Gross ( 1989 ) .	1<2	unknown	enablement	purpose
This paper introduces to the finite-state calculus a family of directed replace operators .	Other useful applications of directed replacement include tokenization and filtering of text streams .	1<2	unknown	elab-aspect	elaboration
In synchronous rewriting , the productions of two rewriting systems are paired and applied synchronously in the derivation of a pair of strings .	We present a new synchronous rewriting system	1>2	unknown	bg-general	frame
and argue	that it can handle certain phenomena	1>2	unknown	attribution	attribution
We present a new synchronous rewriting system	that it can handle certain phenomena	1<2	unknown	joint	conjunction
that it can handle certain phenomena	that are not covered by existing synchronous systems .	1<2	unknown	elab-addition	elaboration
We present a new synchronous rewriting system	We also prove some interesting formal/computational properties of our system .	1<2	unknown	joint	conjunction
We propose a treatment of coordination	based on the concepts of functor , argument and subcategorization .	1<2	unknown	bg-general	frame
We propose a treatment of coordination	Its formalization comprises two parts	1<2	unknown	elab-aspect	elaboration
Its formalization comprises two parts	which are conceptually independent .	1<2	unknown	elab-addition	elaboration
We propose a treatment of coordination	On one hand , we have extended the feature structure unification	1<2	unknown	elab-aspect	elaboration
On one hand , we have extended the feature structure unification	to disjunctive and set values	1<2	unknown	enablement	purpose
to disjunctive and set values	in order to check the compatibility and the satisfiability of subcategorization requirements by structured complements .	1<2	unknown	enablement	purpose
We propose a treatment of coordination	"On the other hand , we have considered the conjunction "" et "" ( and ) as the head of the coordinate structure ,"	1<2	unknown	elab-aspect	elaboration
"On the other hand , we have considered the conjunction "" et "" ( and ) as the head of the coordinate structure ,"	so that coordinate structures stem simply from the subcategorization specifications of et and the general schemata of a head saturation .	1<2	unknown	enablement	purpose
We propose a treatment of coordination	Both parts have been encoded within HPSG	1<2	unknown	elab-aspect	elaboration
Both parts have been encoded within HPSG	using the same resource	1<2	unknown	manner-means	mode
using the same resource	that is the subcategorization and its principle	1<2	unknown	elab-addition	elaboration
that is the subcategorization and its principle	which we have just extended .	1<2	unknown	elab-addition	elaboration
This paper describes an accurate and robust text alignment system for structurally different languages .	Among structurally different languages such as Japanese and English , there is a limitation on the amount of word correspondences	1<2	unknown	bg-general	frame
Among structurally different languages such as Japanese and English , there is a limitation on the amount of word correspondences	that can be statistically acquired .	1<2	unknown	elab-addition	elaboration
This paper describes an accurate and robust text alignment system for structurally different languages .	The proposed method makes use of two kinds of word correspondences	1<2	unknown	elab-addition	elaboration
The proposed method makes use of two kinds of word correspondences	in aligning bilingual texts .	1<2	unknown	elab-addition	elaboration
The proposed method makes use of two kinds of word correspondences	One is a bilingual dictionary of general use .	1<2	unknown	elab-enumember	elaboration
The proposed method makes use of two kinds of word correspondences	The other is the word correspondences	1<2	unknown	elab-enumember	elaboration
The other is the word correspondences	that are statistically acquired in the alignment process .	1<2	unknown	elab-addition	elaboration
This paper describes an accurate and robust text alignment system for structurally different languages .	Our method gradually determines sentence pairs ( anchors )	1<2	unknown	elab-aspect	elaboration
Our method gradually determines sentence pairs ( anchors )	that correspond to each other	1<2	unknown	elab-addition	elaboration
Our method gradually determines sentence pairs ( anchors )	by relaxing parameters .	1<2	unknown	manner-means	mode
The method , <*> achieves adequate word correspondences for complete alignment .	by combining two kinds of word correspondences ,	1<2	unknown	manner-means	mode
<*> The method , <*> achieves adequate word correspondences for complete alignment .	As a result , texts of various length and of various genres in structurally different languages can be aligned with high precision .	1>2	unknown	result	causal
The proposed method makes use of two kinds of word correspondences	As a result , texts of various length and of various genres in structurally different languages can be aligned with high precision .	1<2	unknown	elab-aspect	elaboration
Experimental results show	our system outperforms conventional methods for various kinds of Japanese-English texts .	1>2	unknown	attribution	attribution
This paper describes an accurate and robust text alignment system for structurally different languages .	our system outperforms conventional methods for various kinds of Japanese-English texts .	1<2	unknown	evaluation	comment
We present an iterative procedure	to build a Chinese language model ( LM ) .	1<2	unknown	enablement	purpose
We segment Chinese text into words	However , the construction of a Chinese LM itself requires word boundaries .	1>2	unknown	contrast	contrast
We segment Chinese text into words	based on a word-based Chinese language model .	1<2	unknown	bg-general	frame
We present an iterative procedure	However , the construction of a Chinese LM itself requires word boundaries .	1<2	unknown	bg-goal	frame
To get out of the chicken-and-egg problem ,	we propose an iterative procedure	1>2	unknown	enablement	purpose
We present an iterative procedure	we propose an iterative procedure	1<2	unknown	elab-addition	elaboration
we propose an iterative procedure	that alternates two operations :	1<2	unknown	elab-addition	elaboration
that alternates two operations :	segmenting text into words	1<2	unknown	elab-enumember	elaboration
segmenting text into words	and building an LM .	1<2	unknown	joint	conjunction
Starting with an initial segmented corpus and an LM	we use a Viterbi-liek algorithm	1>2	unknown	elab-addition	elaboration
Starting with an initial segmented corpus and an LM	based upon it ,	1<2	unknown	bg-general	frame
We present an iterative procedure	we use a Viterbi-liek algorithm	1<2	unknown	elab-aspect	elaboration
we use a Viterbi-liek algorithm	to segment another set of data .	1<2	unknown	enablement	purpose
We present an iterative procedure	Then , we build an LM	1<2	unknown	elab-aspect	elaboration
Then , we build an LM	based on the second set	1<2	unknown	bg-general	frame
Then , we build an LM	and use the resulting LM	1<2	unknown	joint	conjunction
and use the resulting LM	to segment again the first corpus .	1<2	unknown	enablement	purpose
We present an iterative procedure	The alternating procedure provides a self-organized way for the segmenter	1<2	unknown	elab-aspect	elaboration
The alternating procedure provides a self-organized way for the segmenter	to detect automatically unseen words	1<2	unknown	enablement	purpose
to detect automatically unseen words	and correct segmentation errors .	1<2	unknown	joint	conjunction
Our preliminary experiment shows	that the alternating procedure not only improves the accuracy of our segmentation ,	1>2	unknown	attribution	attribution
We present an iterative procedure	that the alternating procedure not only improves the accuracy of our segmentation ,	1<2	unknown	evaluation	comment
that the alternating procedure not only improves the accuracy of our segmentation ,	but discovers unseen words surprisingly well .	1<2	unknown	joint	conjunction
that the alternating procedure not only improves the accuracy of our segmentation ,	The resulting word-based LM has a perplexity of 188 for a general Chinese corpus .	1<2	unknown	exp-evidence	explanation
"This paper proposes the use of "" patternbased "" context-free grammars as a basis"	for building machine translation ( MT ) systems ,	1<2	unknown	enablement	purpose
for building machine translation ( MT ) systems ,	which are now being adopted as personal tools by a broad range of users in the cyberspace society .	1<2	unknown	elab-addition	elaboration
"This paper proposes the use of "" patternbased "" context-free grammars as a basis"	We discuss major requirements for such tools ,	1<2	unknown	elab-aspect	elaboration
We discuss major requirements for such tools ,	including easy customization for diverse domains , the efficiency of the translation algorithm , and scalability ( incremental improvement in translation quality through user interaction ) ,	1<2	unknown	elab-enumember	elaboration
and describe	how our approach meets these requirements .	1>2	unknown	attribution	attribution
We discuss major requirements for such tools ,	how our approach meets these requirements .	1<2	unknown	joint	conjunction
We introduce a polynomial-time algorithm for statistical machine translation .	This algorithm can be used in place of the expensive , slow best-first search strategies in current statistical translation architectures .	1<2	unknown	elab-addition	elaboration
We introduce a polynomial-time algorithm for statistical machine translation .	The approach employs the stochastic bracketing transduction grammar ( SBTG ) model	1<2	unknown	elab-aspect	elaboration
The approach employs the stochastic bracketing transduction grammar ( SBTG ) model	we recently introduced	1<2	unknown	elab-addition	elaboration
The approach employs the stochastic bracketing transduction grammar ( SBTG ) model	to replace earlier word alignment channel models ,	1<2	unknown	enablement	purpose
to replace earlier word alignment channel models ,	while retaining a bigram language model .	1<2	unknown	temporal	temporal
We introduce a polynomial-time algorithm for statistical machine translation .	The new algorithm in our experience yields major speed improvement with no significant loss of accuracy .	1<2	unknown	evaluation	comment
This paper presents a generalised two level implementation	which can handle linear and non-linear morphological operations .	1<2	unknown	elab-addition	elaboration
This paper presents a generalised two level implementation	An algorithm for the interpretation of multi-tape two-level rules is described .	1<2	unknown	elab-aspect	elaboration
This paper presents a generalised two level implementation	In addition , a number of issues <*> are discussed with examples from Syriac .	1<2	unknown	elab-aspect	elaboration
In addition , a number of issues <*> are discussed with examples from Syriac .	which arise	1<2	unknown	elab-addition	elaboration
which arise	when developing non-linear grammars	1<2	unknown	temporal	temporal
We present a language model	consisting of a collection of costed bidirectional finite state automata	1<2	unknown	elab-addition	elaboration
consisting of a collection of costed bidirectional finite state automata	associated with the head words of phrases .	1<2	unknown	elab-addition	elaboration
We present a language model	The model is suitable for incremental application of lexical associations in a dynamic programming search for optimal dependency tree derivations .	1<2	unknown	elab-addition	elaboration
We present a language model	We also present a model and algorithm for machine translation	1<2	unknown	joint	conjunction
We also present a model and algorithm for machine translation	"involving optimal "" tiling "" of a dependency tree with entries of a costed bilingual lexicon ."	1<2	unknown	elab-addition	elaboration
Experimental results are reported	We conclude with a discussion of the adequacy of annotated linguistic strings as representations for machine translation .	1>2	unknown	result	causal
Experimental results are reported	comparing methods	1<2	unknown	elab-addition	elaboration
comparing methods	for assigning cost functions	1<2	unknown	enablement	purpose
comparing methods	to these models .	1<2	unknown	comparison	concession
We present a language model	We conclude with a discussion of the adequacy of annotated linguistic strings as representations for machine translation .	1<2	unknown	summary	organization
Many different metrics exist	<*> However , most parsing algorithms , <*> attempt to optimize the same metric , namely the probability	1>2	unknown	contrast	contrast
Many different metrics exist	for evaluating parsing results ,	1<2	unknown	enablement	purpose
Many different metrics exist	including Viterbi , Crossing Brackets Rate , Zero Crossing Brackets Rate , and several others .	1<2	unknown	elab-enumember	elaboration
However , most parsing algorithms ,	including the Viterbi algorithm ,	1<2	unknown	elab-enumember	elaboration
<*> However , most parsing algorithms , <*> attempt to optimize the same metric , namely the probability	We present two new algorithms :	1>2	unknown	bg-goal	frame
<*> However , most parsing algorithms , <*> attempt to optimize the same metric , namely the probability	of getting the correct labelled tree .	1<2	unknown	elab-addition	elaboration
By choosing a parsing algorithm appropriate for the evaluation metric ,	better performance can be achieved .	1>2	unknown	manner-means	mode
better performance can be achieved .	We present two new algorithms :	1>2	unknown	exp-reason	explanation
We present two new algorithms :	"the "" Labelled Recall Algorithm , """	1<2	unknown	elab-addition	elaboration
"the "" Labelled Recall Algorithm , """	which maximizes the expected Labelled Recall Rate ,	1<2	unknown	elab-addition	elaboration
"the "" Labelled Recall Algorithm , """	"and the "" Bracketed Recall Algorithm , """	1<2	unknown	joint	conjunction
"and the "" Bracketed Recall Algorithm , """	which maximizes the Bracketed Recall Rate .	1<2	unknown	elab-addition	elaboration
We present two new algorithms :	Experimental results are given ,	1<2	unknown	evaluation	comment
Experimental results are given ,	showing that the two new algorithms have improved performance over the Viterbi algorithm on many criteria , especially the ones	1<2	unknown	elab-addition	elaboration
showing that the two new algorithms have improved performance over the Viterbi algorithm on many criteria , especially the ones	that they optimize .	1<2	unknown	elab-addition	elaboration
This paper describes a new statistical parser	which is based on probabilities of dependencies between head-words in the parse tree .	1<2	unknown	elab-addition	elaboration
This paper describes a new statistical parser	Standard bigram probability estimation techniques are extended	1<2	unknown	elab-aspect	elaboration
Standard bigram probability estimation techniques are extended	to calculate probabilities of dependencies between pairs of words .	1<2	unknown	enablement	purpose
Tests	using Wall Street Journal data	1<2	unknown	elab-addition	elaboration
This paper describes a new statistical parser	<*> show that the method performs at least as well as SPATTER ( Magerman 95 ; Jelinek et al. 94 ) ,	1<2	unknown	evaluation	comment
<*> show that the method performs at least as well as SPATTER ( Magerman 95 ; Jelinek et al. 94 ) ,	which has the best published results for a statistical parser on this task .	1<2	unknown	elab-addition	elaboration
This paper describes a new statistical parser	The simplicity of the approach means the model trains on 40,000 sentences in under 15 minutes .	1<2	unknown	elab-aspect	elaboration
With a beam search strategy parsing	speed can be improved to over 200 sentences a minute with negligible loss in accuracy .	1>2	unknown	elab-addition	elaboration
This paper describes a new statistical parser	speed can be improved to over 200 sentences a minute with negligible loss in accuracy .	1<2	unknown	elab-aspect	elaboration
Charts constitute a natural uniform architecture for parsing and generation	provided string position is replaced by a notion more appropriate to logical forms	1<2	unknown	elab-addition	elaboration
Charts constitute a natural uniform architecture for parsing and generation	and that measures are taken to curtail generation paths	1<2	unknown	joint	conjunction
and that measures are taken to curtail generation paths	containing semantically incomplete phrases .	1<2	unknown	elab-addition	elaboration
This paper presents a quantitative evaluation of the portability to the stock market domain of the revision rule hierarchy	used by the system STREAK	1<2	unknown	elab-addition	elaboration
This paper presents a quantitative evaluation of the portability to the stock market domain of the revision rule hierarchy	to incrementally generate newswire sports summaries .	1<2	unknown	enablement	purpose
The evaluation consists of searching a test corpus of stock market reports for sentence pairs	that at least 59 % of all rule classes are fully portable , with at least another 7 % partially portable .	1>2	unknown	result	causal
The evaluation consists of searching a test corpus of stock market reports for sentence pairs	whose ( semantic and syntactic ) structures respectively match the triggering condition and application result of each revision rule .	1<2	unknown	elab-addition	elaboration
The results show	that at least 59 % of all rule classes are fully portable , with at least another 7 % partially portable .	1>2	unknown	attribution	attribution
This paper presents a quantitative evaluation of the portability to the stock market domain of the revision rule hierarchy	that at least 59 % of all rule classes are fully portable , with at least another 7 % partially portable .	1<2	unknown	evaluation	comment
We show	how a general grammar may be automatically adapted for fast parsing of utterances from a specific domain by means of constituent pruning and grammar specialization	1>2	unknown	attribution	attribution
how a general grammar may be automatically adapted for fast parsing of utterances from a specific domain by means of constituent pruning and grammar specialization	based on explanation-based learning .	1<2	unknown	bg-general	frame
how a general grammar may be automatically adapted for fast parsing of utterances from a specific domain by means of constituent pruning and grammar specialization	These methods together give an order of magnitude increase in speed ,	1<2	unknown	elab-aspect	elaboration
and the coverage loss	entailed by grammar specialization	1<2	unknown	elab-addition	elaboration
These methods together give an order of magnitude increase in speed ,	<*> and the coverage loss <*> is reduced to approximately half	1<2	unknown	joint	conjunction
<*> and the coverage loss <*> is reduced to approximately half	that reported in previous work .	1<2	unknown	elab-addition	elaboration
Experiments	described here	1<2	unknown	elab-addition	elaboration
how a general grammar may be automatically adapted for fast parsing of utterances from a specific domain by means of constituent pruning and grammar specialization	<*> Experiments <*> suggest that the loss of coverage has been reduced to the point	1<2	unknown	evaluation	comment
<*> Experiments <*> suggest that the loss of coverage has been reduced to the point	where it no longer causes significant performance degradation in the context of a real application .	1<2	unknown	elab-addition	elaboration
Context-dependent rewrite rules are used in many areas of natural language and speech processing .	such rewrite rules can be represented as finite-state transducers ( FSTs ) .	1>2	unknown	bg-general	frame
Work in computational phonology has demonstrated	such rewrite rules can be represented as finite-state transducers ( FSTs ) .	1>2	unknown	attribution	attribution
that , given certain conditions ,	such rewrite rules can be represented as finite-state transducers ( FSTs ) .	1>2	unknown	condition	condition
such rewrite rules can be represented as finite-state transducers ( FSTs ) .	We describe a new algorithm	1>2	unknown	bg-goal	frame
We describe a new algorithm	for compiling rewrite rules into FSTs .	1<2	unknown	enablement	purpose
We describe a new algorithm	We show the algorithm to be simpler and more efficient than existing algorithms .	1<2	unknown	evaluation	comment
We describe a new algorithm	Further , many of our applications demand the ability	1<2	unknown	elab-aspect	elaboration
Further , many of our applications demand the ability	to compile weighted rules into weighted FSTs ,	1<2	unknown	enablement	purpose
to compile weighted rules into weighted FSTs ,	transducers generalized	1<2	unknown	elab-addition	elaboration
transducers generalized	by providing transitions with weights .	1<2	unknown	manner-means	mode
We describe a new algorithm	We have extended the algorithm	1<2	unknown	elab-aspect	elaboration
We have extended the algorithm	to allow for this .	1<2	unknown	enablement	purpose
We give a new treatment of tabular LR parsing ,	which is an alternative to Tomita 's generalized LR algorithm .	1<2	unknown	elab-addition	elaboration
We give a new treatment of tabular LR parsing ,	The advantage is twofold .	1<2	unknown	elab-aspect	elaboration
The advantage is twofold .	Firstly , our treatment is conceptually more attractive	1<2	unknown	elab-enumember	elaboration
Firstly , our treatment is conceptually more attractive	because it uses simpler concepts , such as grammar transformations and standard tabulation techniques	1<2	unknown	exp-reason	explanation
because it uses simpler concepts , such as grammar transformations and standard tabulation techniques	also know as chart parsing .	1<2	unknown	joint	conjunction
The advantage is twofold .	Secondly , the static and dynamic complexity of parsing , both in space and time , is significantly reduced .	1<2	unknown	elab-enumember	elaboration
Off-line compilation of logic grammars <*> allows an incorporation of filtering into the logic	Two filter optimizations <*> are discussed	1>2	unknown	bg-general	frame
Off-line compilation of logic grammars <*> allows an incorporation of filtering into the logic	using Magic	1<2	unknown	elab-addition	elaboration
allows an incorporation of filtering into the logic	underlying the grammar .	1<2	unknown	elab-addition	elaboration
The explicit definite clause characterization of filtering <*> allows processor independent and logically clean optimizations of dynamic bottom-up processing with respect to goal-directedness .	Two filter optimizations <*> are discussed	1>2	unknown	bg-general	frame
The explicit definite clause characterization of filtering <*> allows processor independent and logically clean optimizations of dynamic bottom-up processing with respect to goal-directedness .	resulting from Magic compilation	1<2	unknown	elab-addition	elaboration
Two filter optimizations <*> are discussed	based on the program transformation technique of Unfolding	1<2	unknown	bg-general	frame
are discussed	which are of practical and theoretical interest .	1<2	unknown	elab-addition	elaboration
In transformation-based parsing , a finite sequence of tree rewriting rules are checked for application to an input structure .	We exploit this sparseness in rule applications	1>2	unknown	bg-general	frame
Since in practice only a small percentage of rules are applied to any particular structure ,	the naive parsing algorithm is rather inefficient .	1>2	unknown	temporal	temporal
the naive parsing algorithm is rather inefficient .	We exploit this sparseness in rule applications	1>2	unknown	bg-goal	frame
We exploit this sparseness in rule applications	to derive an algorithm two to three orders of magnitude faster than the standard parsing algorithm .	1<2	unknown	enablement	purpose
We propose an Mgorithm to resolve anaphors ,	tackling mainly the problem of intrasentential antecedents .	1<2	unknown	elab-addition	elaboration
We propose an Mgorithm to resolve anaphors ,	We base our methodology on the fact	1<2	unknown	elab-aspect	elaboration
We base our methodology on the fact	that such antecedents are likely to occur in embedded sentences .	1<2	unknown	elab-addition	elaboration
We propose an Mgorithm to resolve anaphors ,	Sidner 's focusing mechanism is used as the basic algorithm in a more complete approach .	1<2	unknown	elab-aspect	elaboration
We propose an Mgorithm to resolve anaphors ,	The proposed algorithm has been tested and implemented as a part of a conceptual analyser , mainly	1<2	unknown	elab-aspect	elaboration
The proposed algorithm has been tested and implemented as a part of a conceptual analyser , mainly	to process pronouns .	1<2	unknown	elab-addition	elaboration
We propose an Mgorithm to resolve anaphors ,	Details of an evaluation are given .	1<2	unknown	elab-aspect	elaboration
Based on empirical evidence from a free word order language ( German )	we propose a fundamental revision of the principles	1>2	unknown	bg-general	frame
we propose a fundamental revision of the principles	guiding the ordering of discourse entities in the forward-looking centers within the centering model .	1<2	unknown	elab-addition	elaboration
We claim	that grammatical role criteria should be replaced by indicators of the functional information structure of the utterances , i.e. , the distinction between context-bound and unbound discourse elements .	1>2	unknown	attribution	attribution
we propose a fundamental revision of the principles	that grammatical role criteria should be replaced by indicators of the functional information structure of the utterances , i.e. , the distinction between context-bound and unbound discourse elements .	1<2	unknown	summary	organization
that grammatical role criteria should be replaced by indicators of the functional information structure of the utterances , i.e. , the distinction between context-bound and unbound discourse elements .	This claim is backed up by an empirical evaluation of functional centering .	1<2	unknown	elab-addition	elaboration
We show	how to incorporate initiative changing in a task-oriented human-computer dialogue system ,	1>2	unknown	attribution	attribution
In this paper , we examine mechanisms for automatic dialogue initiative setting .	how to incorporate initiative changing in a task-oriented human-computer dialogue system ,	1<2	unknown	elab-addition	elaboration
how to incorporate initiative changing in a task-oriented human-computer dialogue system ,	and we evaluate the effects of initiative both analytically and via computer-computer dialogue simulation .	1<2	unknown	joint	conjunction
This paper presents an architecture for the generation of spoken monologues with contextually appropriate intonation .	A twotiered information structure representation is used in the high-level content planning and sentence planning stages of generation	1<2	unknown	elab-aspect	elaboration
A twotiered information structure representation is used in the high-level content planning and sentence planning stages of generation	to produce efficient , coherent speech	1<2	unknown	enablement	purpose
to produce efficient , coherent speech	that makes certain discourse relationships , such as explicit contrasts , appropriately salient .	1<2	unknown	elab-addition	elaboration
This paper presents an architecture for the generation of spoken monologues with contextually appropriate intonation .	The system is able to produce appropriate intonational patterns	1<2	unknown	evaluation	comment
The system is able to produce appropriate intonational patterns	that cannot be generated by other systems	1<2	unknown	elab-addition	elaboration
that cannot be generated by other systems	which rely solely on word class and given/new distinctions .	1<2	unknown	elab-addition	elaboration
We present an extensive empirical comparison of several smoothing techniques in the domain of language modeling ,	including those	1<2	unknown	elab-addition	elaboration
including those	described by Jelinek and Mercer ( 1980 ) , Katz ( 1987 ) , and Church and Gale ( 1991 ) .	1<2	unknown	elab-addition	elaboration
We investigate for the first time	how factors such as training data size , corpus ( e.g. , Brown versus Wall Street Journal ) , and n-gram order ( bigram versus trigram ) affect the relative performance of these methods ,	1>2	unknown	attribution	attribution
We present an extensive empirical comparison of several smoothing techniques in the domain of language modeling ,	how factors such as training data size , corpus ( e.g. , Brown versus Wall Street Journal ) , and n-gram order ( bigram versus trigram ) affect the relative performance of these methods ,	1<2	unknown	elab-aspect	elaboration
how factors such as training data size , corpus ( e.g. , Brown versus Wall Street Journal ) , and n-gram order ( bigram versus trigram ) affect the relative performance of these methods ,	which we measure through the cross-entropy of test data .	1<2	unknown	elab-addition	elaboration
We present an extensive empirical comparison of several smoothing techniques in the domain of language modeling ,	In addition , we introduce two novel smoothing techniques , one a variation of Jelinek-Mercer smoothing and one a very simple linear interpolation technique ,	1<2	unknown	evaluation	comment
In addition , we introduce two novel smoothing techniques , one a variation of Jelinek-Mercer smoothing and one a very simple linear interpolation technique ,	both of which outperform existing methods .	1<2	unknown	elab-addition	elaboration
Corpus-based methods for natural language processing often use supervised training ,	This paper investigates methods	1>2	unknown	bg-goal	frame
Corpus-based methods for natural language processing often use supervised training ,	requiring expensive manual annotation of training corpora .	1<2	unknown	elab-addition	elaboration
This paper investigates methods	for reducing annotation cost	1<2	unknown	enablement	purpose
for reducing annotation cost	by sample selection .	1<2	unknown	manner-means	mode
In this approach , during training	the learning program examines many unlabeled examples	1>2	unknown	temporal	temporal
This paper investigates methods	the learning program examines many unlabeled examples	1<2	unknown	elab-aspect	elaboration
the learning program examines many unlabeled examples	and selects for labeling ( annotation ) only those	1<2	unknown	joint	conjunction
and selects for labeling ( annotation ) only those	that are most informative at each stage .	1<2	unknown	elab-addition	elaboration
the learning program examines many unlabeled examples	This avoids redundantly annotating examples	1<2	unknown	elab-addition	elaboration
This avoids redundantly annotating examples	that contribute little new information .	1<2	unknown	elab-addition	elaboration
This paper investigates methods	This paper extends our previous work on committee-based sample selection for probabilistic classifiers .	1<2	unknown	elab-aspect	elaboration
This paper investigates methods	We describe a family of methods for committee-based sample selection ,	1<2	unknown	elab-aspect	elaboration
We describe a family of methods for committee-based sample selection ,	and report experimental results for the task of stochastic part-of speech tagging .	1<2	unknown	joint	conjunction
We find	that all variants achieve a significant reduction in annotation cost ,	1>2	unknown	attribution	attribution
This paper investigates methods	that all variants achieve a significant reduction in annotation cost ,	1<2	unknown	evaluation	comment
that all variants achieve a significant reduction in annotation cost ,	though their computational efficiency differs .	1<2	unknown	manner-means	mode
that all variants achieve a significant reduction in annotation cost ,	In particular , the simplest method , <*> gives excellent results .	1<2	unknown	elab-addition	elaboration
In particular , the simplest method , <*> gives excellent results .	which has no parameters to tune ,	1<2	unknown	elab-addition	elaboration
We also show	that sample selection yields a significant reduction in the size of the model	1>2	unknown	attribution	attribution
that all variants achieve a significant reduction in annotation cost ,	that sample selection yields a significant reduction in the size of the model	1<2	unknown	joint	conjunction
that sample selection yields a significant reduction in the size of the model	used by the tagger .	1<2	unknown	elab-addition	elaboration
Words unknown to the lexicon present a substantial problem to part-of-speech tagging .	In this paper we present a technique for fully unsupervised statistical acquisition of rules	1>2	unknown	bg-goal	frame
In this paper we present a technique for fully unsupervised statistical acquisition of rules	which guess possible partsof-speech for unknown words .	1<2	unknown	elab-addition	elaboration
In this paper we present a technique for fully unsupervised statistical acquisition of rules	Three complementary sets of word-guessing rules are induced from the lexicon and a raw corpus :	1<2	unknown	elab-aspect	elaboration
Three complementary sets of word-guessing rules are induced from the lexicon and a raw corpus :	prefix morphological rules , suffix morphological rules and ending-guessing rules .	1<2	unknown	elab-enumember	elaboration
The learning was performed on the Brown Corpus data	and rule-sets , with a highly competitive performance , were produced and compared with the state-of-the-art .	1>2	unknown	progression	organization
In this paper we present a technique for fully unsupervised statistical acquisition of rules	and rule-sets , with a highly competitive performance , were produced and compared with the state-of-the-art .	1<2	unknown	evaluation	comment
This paper discusses the problem	of learning language from unprocessed text and speech signals ,	1<2	unknown	elab-addition	elaboration
of learning language from unprocessed text and speech signals ,	concentrating on the problem of learning a lexicon .	1<2	unknown	elab-addition	elaboration
This paper discusses the problem	In particular , it argues for a representation of language	1<2	unknown	elab-aspect	elaboration
In particular , it argues for a representation of language	in which linguistic parameters like words are built	1<2	unknown	elab-addition	elaboration
in which linguistic parameters like words are built	by perturbing a composition of existing parameters .	1<2	unknown	manner-means	mode
This paper discusses the problem	The power of the representation is demonstrated by several examples in text segmentation and compression , acquisition of a lexicon from raw speech , and the acquisition of mappings between text and artificial representations of meaning .	1<2	unknown	evaluation	comment
Lexicalized Tree Adjoining Grammars have proved useful for NLP .	However , numerous redundancy problems face LTAGs developers ,	1>2	unknown	contrast	contrast
However , numerous redundancy problems face LTAGs developers ,	We present and a tool	1>2	unknown	bg-goal	frame
However , numerous redundancy problems face LTAGs developers ,	as highlighted by Vijay-Shanker and Schabes ( 92 ) .	1<2	unknown	elab-addition	elaboration
We present and a tool	that automatically generates the tree families of an LTAG .	1<2	unknown	elab-addition	elaboration
We present and a tool	It starts from a compact hierarchical organization of syntactic descriptions	1<2	unknown	elab-addition	elaboration
It starts from a compact hierarchical organization of syntactic descriptions	that is linguistically motivated	1<2	unknown	elab-addition	elaboration
It starts from a compact hierarchical organization of syntactic descriptions	and carries out all the relevant combinations of linguistic phenomena .	1<2	unknown	joint	conjunction
This paper describes a prototype disambiguation module , KANKEI ,	which was tested on two corpora of the TRAINS project .	1<2	unknown	elab-addition	elaboration
This paper describes a prototype disambiguation module , KANKEI ,	In ambiguous verb phrases of form V ... NP PP or V ... NP adverb ( s ) , the two corpora have very different PP and adverb attachment patterns ;	1<2	unknown	elab-aspect	elaboration
In ambiguous verb phrases of form V ... NP PP or V ... NP adverb ( s ) , the two corpora have very different PP and adverb attachment patterns ;	in the first , the correct attachment is to the VP 88.7 % of the time ,	1<2	unknown	elab-addition	elaboration
in the first , the correct attachment is to the VP 88.7 % of the time ,	while in the second , the correct attachment is to the NP 73.5 % of the time .	1<2	unknown	comparison	concession
This paper describes a prototype disambiguation module , KANKEI ,	KANKEI uses various n-gram patterns of the phrase heads around these ambiguities ,	1<2	unknown	elab-addition	elaboration
KANKEI uses various n-gram patterns of the phrase heads around these ambiguities ,	and assigns parse trees ( with these ambiguities ) a score	1<2	unknown	joint	conjunction
and assigns parse trees ( with these ambiguities ) a score	based on a linear combination of the frequencies	1<2	unknown	bg-general	frame
and assigns parse trees ( with these ambiguities ) a score	with which these patterns appear with NP and VP attachments in the TRAINS corpora .	1<2	unknown	elab-addition	elaboration
This paper describes a prototype disambiguation module , KANKEI ,	Unlike previous statistical disambiguation systems , this technique thus combines evidence from bigrams , trigrams , and the 4-gram around an ambiguous attachment .	1<2	unknown	elab-addition	elaboration
In the current experiments , equal weights are used for simplicity	but results are still good on the TRAINS corpora ( 92.2 % and 92.4 % accuracy ) .	1>2	unknown	contrast	contrast
This paper describes a prototype disambiguation module , KANKEI ,	but results are still good on the TRAINS corpora ( 92.2 % and 92.4 % accuracy ) .	1<2	unknown	evaluation	comment
Despite the large statistical differences in attachment preferences in the two corpora ,	training on the first corpus and testing on the second gives an accuracy of 90.9 % .	1>2	unknown	contrast	contrast
but results are still good on the TRAINS corpora ( 92.2 % and 92.4 % accuracy ) .	training on the first corpus and testing on the second gives an accuracy of 90.9 % .	1<2	unknown	joint	conjunction
This paper stems from an ongoing research project on verb phrase ellipsis .	The project 's goals are to implement a verb phrase ellipsis resolution algorithm ,	1<2	unknown	bg-goal	frame
The project 's goals are to implement a verb phrase ellipsis resolution algorithm ,	automatically test the algorithm on corpus data ,	1<2	unknown	progression	organization
automatically test the algorithm on corpus data ,	then automatically evaluate the algorithm against human-generated answers .	1<2	unknown	progression	organization
This paper stems from an ongoing research project on verb phrase ellipsis .	The paper will establish the current status of the algorithm	1<2	unknown	elab-addition	elaboration
The paper will establish the current status of the algorithm	based on this automatic evaluation ,	1<2	unknown	bg-general	frame
The paper will establish the current status of the algorithm	categorizing current problem situations .	1<2	unknown	elab-addition	elaboration
An algorithm	to handle one of these problems , the ease of subdeletion ,	1<2	unknown	enablement	purpose
<*> An algorithm <*> will be described and evaluated .	The algorithm attempts to detect and solve subdeletion	1>2	unknown	result	causal
This paper stems from an ongoing research project on verb phrase ellipsis .	The algorithm attempts to detect and solve subdeletion	1<2	unknown	evaluation	comment
The algorithm attempts to detect and solve subdeletion	by locating adjuncts of similar types in a verb phrase ellipsis and corresponding antecedent .	1<2	unknown	manner-means	mode
In this paper , we propose a textual clue approach	to help metaphor detection ,	1<2	unknown	enablement	purpose
to help metaphor detection ,	in order to improve the semantic processing of this figure .	1<2	unknown	enablement	purpose
In this paper , we propose a textual clue approach	The previous works in the domain studied the semantic regularities only ,	1<2	unknown	bg-compare	frame
The previous works in the domain studied the semantic regularities only ,	overlooking an obvious set of regularities .	1<2	unknown	elab-addition	elaboration
In this paper , we propose a textual clue approach	A corpus-based analysis shows the existence of surface regularities	1<2	unknown	elab-aspect	elaboration
A corpus-based analysis shows the existence of surface regularities	related to metaphors .	1<2	unknown	elab-addition	elaboration
A corpus-based analysis shows the existence of surface regularities	These clues can be characterized by syntactic structures and lexical markers .	1<2	unknown	elab-addition	elaboration
In this paper , we propose a textual clue approach	We present an object oriented model	1<2	unknown	elab-aspect	elaboration
We present an object oriented model	for representing the textual clues	1<2	unknown	enablement	purpose
for representing the textual clues	that were found .	1<2	unknown	elab-addition	elaboration
We present an object oriented model	This representation is designed to help the choice of a semantic processing , in terms of possible non-literal meanings .	1<2	unknown	elab-addition	elaboration
A prototype	implementing this model	1<2	unknown	elab-addition	elaboration
In this paper , we propose a textual clue approach	<*> A prototype <*> is currently under development , within an incremental approach	1<2	unknown	evaluation	comment
<*> A prototype <*> is currently under development , within an incremental approach	allowing step-by-step evaluations .	1<2	unknown	elab-addition	elaboration
Optimality Theory , a constraint-based phonology and morphology paradigm , has allowed linguists to make elegant analyses of many phenomena ,	In this work-in-progress , we build on the work of Ellison ( 1994 )	1>2	unknown	bg-general	frame
Optimality Theory , a constraint-based phonology and morphology paradigm , has allowed linguists to make elegant analyses of many phenomena ,	including infixation and reduplication .	1<2	unknown	elab-addition	elaboration
In this work-in-progress , we build on the work of Ellison ( 1994 )	to investigate the possibility	1<2	unknown	enablement	purpose
to investigate the possibility	of using OT as a parsing tool	1<2	unknown	elab-addition	elaboration
of using OT as a parsing tool	that derives underlying forms from surface forms .	1<2	unknown	elab-addition	elaboration
The development of natural language processing ( NLP ) systems	This work develops an approach to multilingual name recognition	1>2	unknown	bg-goal	frame
The development of natural language processing ( NLP ) systems	that perform machine translation ( MT ) and information retrieval ( IR ) has highlighted the need for the automatic recognition of proper names .	1<2	unknown	elab-addition	elaboration
While various name recognizers have been developed ,	they suffer from being too limited ;	1>2	unknown	temporal	temporal
The development of natural language processing ( NLP ) systems	they suffer from being too limited ;	1<2	unknown	elab-addition	elaboration
they suffer from being too limited ;	some only recognize one name class ,	1<2	unknown	elab-enumember	elaboration
they suffer from being too limited ;	and all are language specific .	1<2	unknown	elab-enumember	elaboration
This work develops an approach to multilingual name recognition	that uses machine learning and a portable framework	1<2	unknown	elab-addition	elaboration
that uses machine learning and a portable framework	to simplify the porting task	1<2	unknown	enablement	purpose
This work develops an approach to multilingual name recognition	by maximizing reuse and automation .	1<2	unknown	manner-means	mode
This paper presents a method for word sense disambiguation and coherence understanding of prepositional relations .	The method relies on information	1<2	unknown	elab-addition	elaboration
The method relies on information	provided by WordNet 1.5 .	1<2	unknown	elab-addition	elaboration
This paper presents a method for word sense disambiguation and coherence understanding of prepositional relations .	We first classify prepositional attachments according to semantic equivalence of phrase heads	1<2	unknown	elab-aspect	elaboration
We first classify prepositional attachments according to semantic equivalence of phrase heads	and then apply inferential heuristics	1<2	unknown	joint	conjunction
and then apply inferential heuristics	for understanding the validity of prepositional structures .	1<2	unknown	enablement	purpose
Little work has been done in NLP on the subject of punctuation ,	This paper described early work in progress	1>2	unknown	bg-general	frame
Little work has been done in NLP on the subject of punctuation ,	owing mainly to a lack of a good theory	1<2	unknown	elab-addition	elaboration
owing mainly to a lack of a good theory	on which computational treatments could be based .	1<2	unknown	elab-addition	elaboration
This paper described early work in progress	to try to construct such a theory .	1<2	unknown	enablement	purpose
This paper described early work in progress	Two approaches <*> are discussed ,	1<2	unknown	elab-aspect	elaboration
Two approaches <*> are discussed ,	to finding the syntactic function of punctuation marks	1<2	unknown	enablement	purpose
Two approaches <*> are discussed ,	and procedures are described	1<2	unknown	joint	conjunction
and procedures are described	by which the results from these approaches can be tested and evaluated both against each other as well as against other work .	1<2	unknown	manner-means	mode
This paper described early work in progress	Suggestions are made for the use of these results , and for future work .	1<2	unknown	elab-aspect	elaboration
I examine how terminological languages can be used	to manage linguistic data during NL research and development .	1<2	unknown	enablement	purpose
I examine how terminological languages can be used	In particular , I consider the lexical semantics task	1<2	unknown	joint	conjunction
In particular , I consider the lexical semantics task	of characterizing semantic verb classes	1<2	unknown	elab-addition	elaboration
and show	how the language can be extended	1>2	unknown	attribution	attribution
In particular , I consider the lexical semantics task	how the language can be extended	1<2	unknown	progression	organization
how the language can be extended	to flag inconsistencies in verb class definitions ,	1<2	unknown	enablement	purpose
to flag inconsistencies in verb class definitions ,	identify the need for new verb classes ,	1<2	unknown	joint	conjunction
identify the need for new verb classes ,	and identify appropriate linguistic hypotheses for a new verb 's behavior .	1<2	unknown	joint	conjunction
This paper describes an on-going study	which applies the concept of transitivity to news discourse for text processing tasks .	1<2	unknown	elab-addition	elaboration
This paper describes an on-going study	The complex notion of transitivity is defined	1<2	unknown	elab-aspect	elaboration
The complex notion of transitivity is defined	and the relationship between transitivity and information foregrounding is explained .	1<2	unknown	joint	conjunction
This paper describes an on-going study	A sample corpus of news articles has been coded for transitivity .	1<2	unknown	evaluation	comment
A sample corpus of news articles has been coded for transitivity .	The corpus is being used in two text processing experiments .	1<2	unknown	elab-addition	elaboration
We use a statistical method	to select the most probable structure	1<2	unknown	enablement	purpose
to select the most probable structure	or parse for a given sentence .	1<2	unknown	joint	conjunction
We use a statistical method	It takes as input the dependency structures generated for the sentence by a dependency grammar ,	1<2	unknown	elab-aspect	elaboration
It takes as input the dependency structures generated for the sentence by a dependency grammar ,	finds all triple of modifier , particle and modificant relations ,	1<2	unknown	progression	organization
finds all triple of modifier , particle and modificant relations ,	calculates mutual information of each relation	1<2	unknown	progression	organization
calculates mutual information of each relation	and chooses the structure	1<2	unknown	progression	organization
and chooses the structure	for which the product of the mutual information of its relations is the highest .	1<2	unknown	elab-addition	elaboration
The algorithm presented handles modifications to the input grammar	In this paper , a lazy generation of LRtype parsers for TALs is defined	1>2	unknown	bg-compare	frame
The algorithm presented handles modifications to the input grammar	by updating the parser	1<2	unknown	manner-means	mode
by updating the parser	generated so far .	1<2	unknown	elab-addition	elaboration
This paper describes the incremental generation of parse tables for the LRtype parsing of Tree Adjoining Languages ( TALs ) .	In this paper , a lazy generation of LRtype parsers for TALs is defined	1<2	unknown	elab-addition	elaboration
In this paper , a lazy generation of LRtype parsers for TALs is defined	in which parse tables are created by need	1<2	unknown	elab-addition	elaboration
in which parse tables are created by need	while parsing .	1<2	unknown	temporal	temporal
This paper describes the incremental generation of parse tables for the LRtype parsing of Tree Adjoining Languages ( TALs ) .	We then describe an incremental parser generator for TALs	1<2	unknown	elab-aspect	elaboration
We then describe an incremental parser generator for TALs	which responds to modification of the input grammar	1<2	unknown	elab-addition	elaboration
which responds to modification of the input grammar	by updating parse tables	1<2	unknown	manner-means	mode
by updating parse tables	built so far .	1<2	unknown	elab-addition	elaboration
and specify	how to handle complex sentences .	1>2	unknown	attribution	attribution
We extend the centering model for the resolution of intia-sentential anaphora	how to handle complex sentences .	1<2	unknown	joint	conjunction
An empirical evaluation <*> that the functional information structure guides the search for an antecedent within the sentence .	indicates	1<2	unknown	attribution	attribution
We extend the centering model for the resolution of intia-sentential anaphora	<*> An empirical evaluation <*> that the functional information structure guides the search for an antecedent within the sentence .	1<2	unknown	evaluation	comment
A left-corner parsing algorithm with topdown filtering has been reported to show very efficient performance for unificationbased systems .	However , due to the nontermination of parsing with left-recursive grammars ,	1>2	unknown	contrast	contrast
However , due to the nontermination of parsing with left-recursive grammars ,	top-down constraints must be weakened .	1>2	unknown	exp-reason	explanation
top-down constraints must be weakened .	In this paper , a general method <*> is proposed .	1>2	unknown	bg-goal	frame
In this paper , a general method <*> is proposed .	of maximizing top-down constraints	1<2	unknown	elab-addition	elaboration
In this paper , a general method <*> is proposed .	The method provides a procedure	1<2	unknown	elab-addition	elaboration
The method provides a procedure	to dynamically compute restrictor , a minimum set of features	1<2	unknown	enablement	purpose
to dynamically compute restrictor , a minimum set of features	involved in an infinite loop for every propagation path ;	1<2	unknown	elab-addition	elaboration
The method provides a procedure	thus top-down constraints are maximally propagated .	1<2	unknown	cause	causal
