unit1_txt	unit2_txt	dir	rel_type	orig_label	label
la intranet è cambiata	ci sono diverse diciamo modifiche nel nelle interfacce	1<2	implicit	expansion.restatement.specification	reformulation
qua ci ci sono dei problemi	nel senso che <*> sono finito in un ufficio d' appoggio e adesso il mio computer e ho avuto problemi già a recuperarlo e farlo risistemare però ho problemi ha collegarlo e gli sto usando il PC di un collega	1<2	explicit	expansion.restatement.specification	reformulation
dopo <*> sono finito in un ufficio d' appoggio	essere rientrato da questa <*> aspettativa	1>2	explicit	temporal.asynchronous	temporal
siccome qua siamo ci siamo riorganizzando	sono finito in un ufficio d' appoggio	1>2	explicit	contingency.cause	causal
sono finito in un ufficio d' appoggio	e adesso il mio computer e ho avuto problemi già a recuperarlo e farlo risistemare	1<2	explicit	expansion.conjunction	conjunction
ho avuto problemi già a recuperarlo e farlo risistemare	però ho problemi ha collegarlo	1<2	explicit	comparison.concession	concession
ho problemi ha collegarlo e	gli sto usando il PC di un collega	1>2	explicit	contingency.cause	causal
comunque io gli estremi della mia macchina gliele do	giusto per almeno fare riferimento a una macchina	1<2	explicit	contingency.goal	purpose
insomma utilizzi quella di un collega	non è un problema	1<2	implicit	contingency.cause	causal
insomma utilizzi quella di un collega	mi dia soltanto l' RWS dellaì sua sì	1<2	implicit	comparison.contrast	contrast
mi dia soltanto l' RWS dellaì sua sì	tanto per l' intervento non ci interessa particolarmente	1<2	explicit	comparison.concession	concession
tanto per l' intervento non ci interessa particolarmente <*> il numero della macchina	però devo compilarlo per la richiesta	1<2	explicit	comparison.contrast	contrast
non ciò una borchia <*> poter attaccare il computer	sto usando quella dei colleghi	1>2	explicit	contingency.cause	causal
anche questo non è attivo	le lascio un cellulare	1>2	implicit	contingency.cause	causal
anche questo non è attivo quindi	possiamo contattarla al	1>2	explicit	contingency.cause	causal
anche questo non è attivo	sto aspettando che me l' attivino	1<2	implicit	expansion.conjunction	conjunction
io le lascio il numero di richiesta	giro la chiamata ai colleghi delle abilitazioni	1<2	implicit	temporal.synchrony	temporal
giro la chiamata ai colleghi delle abilitazioni	loro invieranno il codice PIN al suo referente	1<2	implicit	temporal.asynchronous	temporal
loro invieranno il codice PIN al suo referente	e lui a sua volta le le consegnerà il il nuovo ol nuovo insomma il codice PIN per poter <*> fare accesso alle procedure	1<2	explicit	temporal.asynchronous	temporal
la chiamata è la numero <DIGIT> <DIGIT> <DIGIT> <DIGIT>	aspetti è che me lo segno	1<2	implicit	comparison.contrast	contrast
il mio referente dovrebbe essere l' architetto <PER>	è il referente	1<2	implicit	repetition	reformulation
è il referente	è il referente informatico di sede	1<2	implicit	repetition	reformulation
è il referente informatico di sede <*> allora	loro manderanno il codice PIN a lui	1>2	explicit	contingency.condition	condition
perfetto allora loro manderanno il codice PIN a lui	a sua volta glielo consegnerà con la busta chiusa e sigillata con il nuovo codice	1<2	altlex	temporal.asynchronous	temporal
non è più in possesso del codice <*> PIN vero	e dato questo necessita per poter vedere le timbrature	1<2	explicit	expansion.conjunction	conjunction
lei ha la smart card	io ho la smart card	1<2	implicit	repetition	reformulation
ce l' aveva	ce l' aveva sì	1<2	implicit	repetition	reformulation
la lettera è a casa sicuramente in un archivio non a ben organizzato	ma a casa c' è	1<2	explicit	comparison.concession	concession
a casa c' è	ma dato che mi mi necessita è per quello che telefono	1<2	explicit	comparison.concession	concession
dato che mi mi necessita	è per quello che telefono	1>2	explicit	contingency.cause	causal
ma dato che mi mi necessita è per quello che telefono	ma deve entrare subito	1<2	explicit	comparison.concession	concession
non devo entrare subito	devo entrare però per poter vedere le timbrature quanto prima	1<2	explicit	comparison.contrast	contrast
io eventualmente le posso far rimandare il <*> la lettra	se non la trova più	1<2	explicit	contingency.condition	condition
io eventualmente le posso far rimandare <*> la lettra	allora <*> la manderanno in sede quindi <LOC> <NUM>	1<2	explicit	contingency.condition	condition
mi confermi solo per favore il telefono	caso mai avessi bisogno di chiamarla per qualche motivo	1<2	explicit	contingency.condition	condition
invio il PUC allora	io signora la giro subito al gruppo che si occupa <*> dell' abilitazione	1<2	implicit	temporal.synchrony	temporal
dicevamo per la remedy	hai bisogno di modificare <*> una remedy che hai aperto	1<2	implicit	expansion.restatement.specification	reformulation
quella che mi è stata segnalata che non è corretta la rifaccio	perchè <*> mi han detto che devo fare nuova richiesta	1<2	explicit	contingency.cause	causal
duplicare un numero e richiedere un nuovo apparecchio	invece <*> devo fare nuova richiesta	1<2	explicit	expansion.alternative	alternation
mi han detto che devo fare nuova richiesta <*> quindi	questa la la riscrivo	1>2	explicit	contingency.cause	causal
questa la la riscrivo	invece quella che si chiama <NUM> <NUM> <NUM>	1<2	explicit	interrupted	organization
allora il numero non dovrebbe essere il <NUM> <NUM> ma <PER> <NUM> <NUM> <DIGIT> <DIGIT> ma <NUM> <DIGIT> <DIGIT>	è il <NUM> <DIGIT> <DIGIT> quello da spostare	1<2	implicit	contingency.cause	causal
è il <NUM> <DIGIT> <DIGIT> quello da spostare <*> allora	te lo modifico	1>2	explicit	contingency.condition	condition
sì sì	tra l' altro è solo un numero da modificare <NUM>	1<2	explicit	expansion.conjunction	conjunction
è solo un numero da modificare <NUM>	anche perchè vedo che non è ancora stato preso in carico	1<2	explicit	contingency.cause	causal
tutti <*> invariato tranne quel numero lì	anche l' apparecchio deve venire nel mio ufficio okay	1<2	implicit	comparison.concession	concession
dovrebbe andar bene	aspetti che verifichiamo	1<2	implicit	comparison.concession	concession
se no	ho quella del settore informatico	1>2	explicit	contingency.condition	condition
ce l' ha allora	mi dia quello del settore informatico	1>2	implicit	contingency.cause	causal
ho quella del settore informatico <*> allora	ce l' ha	1>2	explicit	expansion.restatement.equivalence	reformulation
adesso ho tolto tutti i fogli	però mi dà comunque errore <NUM>	1<2	explicit	comparison.concession	concession
mi dà comunque errore <NUM>	e non riesco proprio più a lavorare	1<2	explicit	expansion.conjunction	conjunction
mi dà comunque errore <NUM>	allora sul display glielo segnala <*> questo errore	1<2	explicit	expansion.restatement.specification	reformulation
è rimasta in rosso	non non va proprio più	1<2	implicit	expansion.conjunction	conjunction
non non va proprio più	allora ha provato anche a spegnerla riaccenderla	1<2	explicit	contingency.condition	condition
non non va proprio più	ogni tanto dà anche errore <CHAR> <NUM>	1<2	implicit	expansion.conjunction	conjunction
ogni tanto dà anche errore <CHAR> <NUM>	però quando è venuto il tecnico mi aveva spiegato come come sbloccarlo	1<2	explicit	comparison.concession	concession
quando è venuto il tecnico	mi aveva spiegato come come sbloccarlo	1>2	explicit	temporal.synchrony	temporal
mi aveva spiegato come come sbloccarlo	questo qua invece non so	1<2	explicit	comparison.contrast	contrast
errore <CHAR> <NUM> si inceppa la carta allora adesso ho tolto tutti i fogli però mi dà comunque errore <NUM> e non riesco proprio più a lavorare <*> quindi	inceppa proprio i fogli all' interno	1>2	explicit	expansion.restatement.specification	reformulation
allora le lascio <*> il numero della chiamata	vedo di mandargli l' assistenza hardware	1<2	implicit	temporal.asynchronous	temporal
eccomi qua <*> allora	ci siamo	1>2	explicit	contingency.condition	condition
allora ci siamo <*> allora	dimmi tutto	1>2	explicit	contingency.condition	condition
mi chiedevi informazioni su una richiesta che avevi aperto	io ho aperto vero questa richiesta per cui praticamente da ieri non riesco più ad accedere alla <SW> <SW>	1<2	implicit	contingency.cause	causal
io ho aperto <*> questa richiesta	per cui praticamente da ieri non riesco più ad accedere alla <SW> <SW>	1<2	explicit	contingency.cause	causal
il motivo può essere legato a alla password man mancat match tra la password della user <*> quindi	avrebbero dovuto resettarmela resettarmela	1>2	explicit	contingency.cause	causal
quindi avrebbero dovuto resettarmela resettarmela	soltanto io sono fuori sede	1<2	explicit	comparison.concession	concession
soltanto io sono fuori sede quindi	avrei proprio bisogno di entrare nella posta	1>2	explicit	contingency.cause	causal
avrei proprio bisogno di entrare nella posta	e i suoi colleghi già due volte hanno sollecitato l' intervento ai sistemisti	1<2	explicit	expansion.conjunction	conjunction
i suoi colleghi già due volte hanno sollecitato l' intervento ai sistemisti	ma non non so se adesso sia <*> sbloccata la	1<2	explicit	comparison.concession	concession
non hanno mica <*> fatto sai	ma <*> vedo che c' è la la richiesta aperta	1<2	explicit	comparison.concession	concession
vedo che c' è la la richiesta aperta che è la <NUM> <DIGIT> <DIGIT> <DIGIT> <DIGIT> vero	però vedo che aimè i sistemisti non hanno ancora chiuso l' intervento	1<2	explicit	comparison.contrast	contrast
i sistemisti non hanno ancora chiuso l' intervento quindi	devo assolutamente sollecitartela con urgenza	1>2	explicit	contingency.cause	causal
richiamo	richiama tranquillamente	1<2	implicit	repetition	reformulation
bisogna connettere una stampante di rete	ma in teoria io questa con connessione l' avrei	1<2	explicit	comparison.concession	concession
in teoria io questa con connessione l' avrei	perché a me risultava	1<2	explicit	contingency.cause	causal
a me risultava	sarebbe una stampante <CHAR> <CHAR> <DIGIT> <DIGIT> <CHAR> <DIGIT> <DIGIT> su <CHAR> <CHAR> <CHAR> <NUM> off <DIGIT> <DIGIT>	1<2	implicit	expansion.restatement.specification	reformulation
in teoria io questa con connessione l' avrei	però nella realtà <*> ecco questa stampante qua mi risulta essere al <ORD> piano dove in effetti sono io però dovrebbe esser nell' ufficio di questa persona <PER>	1<2	explicit	comparison.concession	concession
ecco questa stampante qua mi risulta essere al <ORD> piano dove in effetti sono io	però dovrebbe esser nell' ufficio di questa persona <PER>	1<2	explicit	comparison.concession	concession
dovrebbe esser nell' ufficio di questa persona <PER>	infatti qua <*> c' è scritto ufficio <PER>	1<2	explicit	contingency.cause	causal
c' è scritto ufficio <PER>	però mi dice che non è la <DIGIT> <DIGIT> quella c' è da <PER> ma è la <DIGIT> <DIGIT>	1<2	explicit	comparison.concession	concession
non è la <DIGIT> <DIGIT> quella c' è da <PER>	ma è la <DIGIT> <DIGIT>	1<2	explicit	comparison.contrast	contrast
ho parlato con <PER>	m' ha detto che è la <DIGIT> <DIGIT>	1<2	implicit	temporal.asynchronous	temporal
m' ha detto che è la <DIGIT> <DIGIT> quindi	io ho mandato in stampa allo <DIGIT> <DIGIT>	1>2	explicit	contingency.cause	causal
io ho mandato in stampa allo <DIGIT> <DIGIT>	adesso per fortuna sono riuscita ad anullarlo	1<2	implicit	comparison.concession	concession
<DIGIT> <DIGIT> <DIGIT> qua pare <PER>	invece la <DIGIT> mi ha detto giusto	1<2	explicit	comparison.contrast	contrast
ma che sia stata una stampante maga stampante tolta	magari non hanno fatto le modifiche	1<2	implicit	expansion.conjunction	conjunction
è un <BRAND> <BRAND> quella del signor <PER> vero	invece qua pare che il signor <PER> abbia una <BRAND>	1<2	explicit	comparison.concession	concession
invece qua pare che il signor <PER> abbia una <BRAND> <*> allora	io le connetto la stampante giusta	1>2	explicit	contingency.cause	causal
vado a vedere un attimo una <*> cosa	intanto <*> esco solo dal <*> ufficio un secondo	1<2	explicit	temporal.synchrony	temporal
esco solo dal <*> ufficio un secondo	e guardo se ce n' è una così	1<2	explicit	contingency.goal	purpose
forse è come abbiamo detto <*> allora	provo a lanciare una stampa	1>2	explicit	contingency.cause	causal
cerca una stampante	cerca di prova	1<2	implicit	repetition	reformulation
c' è una stampante c' è	però non è collegata	1<2	explicit	comparison.concession	concession
non è collegata	può darsi che un tempo fosse stata collegata	1<2	implicit	comparison.contrast	contrast
sì sì sta venendo	sta venendo	1<2	implicit	repetition	reformulation
sta venendo <*> allora	siamo a posto	1>2	explicit	contingency.condition	condition
sta venendo	sta venendo	1<2	implicit	repetition	reformulation
no no no	perché io utilizzo un' altra che in questo momento sta funzionando male	1<2	explicit	contingency.cause	causal
perché io utilizzo un' altra che in questo momento sta funzionando male	la la tengo <*> tengo come seconda	1<2	implicit	expansion.conjunction	conjunction
allora è in carico al gruppo fonia del <ORG> il gruppo praticamente di <PER>	io adesso devo fare un sollecito perchè vedo che non hanno ancora presa in carico	1<2	implicit	comparison.concession	concession
io adesso devo fare un sollecito	perchè vedo che non hanno ancora presa in carico	1<2	explicit	contingency.cause	causal
io adesso devo fare un sollecito	faccio subito un sollecito telefonico urgente	1<2	implicit	repetition	reformulation
faccio subito un sollecito telefonico urgente	chiamo <PER> un attimino	1<2	implicit	expansion.restatement	reformulation
chiamo <PER> un attimino	chiedo appunto di intervenire al più presto possibile	1<2	implicit	temporal.asynchronous	temporal
il problema è che non riesco ad entrare io	non so se vuol provare	1<2	implicit	expansion.conjunction	conjunction
il problema è che non riesco ad entrare io	io metto il mio badge eccetera digito il PIN però non entra	1<2	implicit	expansion.restatement	reformulation
io metto il mio badge eccetera digito il PIN	però non entra	1<2	explicit	comparison.concession	concession
non entra	cioè <*> viene fuori una videata bianca	1<2	explicit	expansion.restatement.specification	reformulation
viene fuori una videata bianca	ma non non	1<2	explicit	interrupted	organization
sì	perchè appare una videata bianca	1<2	explicit	contingency.cause	causal
digito il PIN <*> quindi	lei arriva all' inserimento del PIN	1>2	explicit	contingency.condition	condition
se vede l' alberatura con le procedure	okay	1>2	explicit	contingency.condition	condition
io metto il mio badge eccetera digito il PIN	ho anche provato a spegnere e riaccendere	1<2	explicit	expansion.conjunction	conjunction
ho anche provato a spegnere e riaccendere	ma no niente	1<2	explicit	comparison.concession	concession
digito	però questo è quello vecchio	1<2	explicit	comparison.concession	concession
però questo è quello vecchio	questo qua è quello vecchio infatti	1<2	explicit	expansion.restatement.equivalence	reformulation
chiudiamo un attimo	e allora riapriamo da capo	1<2	explicit	temporal.asynchronous	temporal
metta il PIN	diamo sì diamo okay	1<2	implicit	temporal.asynchronous	temporal
diamo sì diamo okay	ridiamo sì	1<2	implicit	temporal.asynchronous	temporal
diamo sì diamo okay ridiamo sì	poi viene fuori okay area personale	1<2	explicit	temporal.asynchronous	temporal
ecco poi viene fuori okay area personale	poi apriamo le procedure	1<2	explicit	temporal.asynchronous	temporal
okay poi apriamo le procedure poi delibere delibere e determine e determine atti amministrativi okay deli determine determine	poi viene così	1<2	explicit	temporal.asynchronous	temporal
poi viene così	e adesso non so se viene	1<2	explicit	comparison.concession	concession
mi arrabbio	perchè ho provato già dieci volte	1<2	explicit	contingency.cause	causal
viene così	viene una cosa così	1<2	implicit	repetition	reformulation
rimane così	rimane lì in schermata bianca	1<2	implicit	expansion.restatement.specification	reformulation
appare	ci appare proprio per qualche istante	1<2	implicit	repetition	reformulation
rimane lì in schermata bianca	no no no non compare niente	1<2	implicit	expansion.restatement.equivalence	reformulation
no no no non compare niente	invece delibera va	1<2	explicit	comparison.contrast	contrast
invece delibera va	delibere va	1<2	implicit	repetition	reformulation
delibere va	delibere va	1<2	implicit	repetition	reformulation
provo con delibere	usciamo di nuovo da qua	1<2	implicit	temporal.asynchronous	temporal
ho cercato di trasmettere una determina come diciamo ultimo passaggio	poi sono uscita	1<2	explicit	temporal.asynchronous	temporal
poi sono uscita	e mi è mi è venuto fuori che non non poteva essere trasmessa	1<2	explicit	temporal.asynchronous	temporal
mi è venuto fuori che non non poteva essere trasmessa	io però sono uscita da tutto perchè ho detto ancora qui	1<2	explicit	comparison.concession	concession
io però sono uscita da tutto	perchè ho detto ancora qui	1<2	explicit	contingency.cause	causal
io però sono uscita da tutto perchè ho detto ancora qui	e ho provato a ricercarla	1<2	explicit	temporal.asynchronous	temporal
ho provato a ricercarla	e <*> rimane tutto bloccato	1<2	explicit	temporal.asynchronous	temporal
lo uso solo io	lo usa solo lei	1<2	implicit	repetition	reformulation
lo uso solo io	però potrei provare io e andare in un altro computer	1<2	explicit	comparison.concession	concession
potrei provare io e andare in un altro computer	c' è una mia collega che ogni tanto lo fa	1<2	implicit	contingency.cause	causal
c' è una mia collega che ogni tanto lo fa quando io non ci sono	potrei andare da lei	1>2	implicit	contingency.cause	causal
c' è una mia collega che ogni tanto lo fa	quando io non ci sono	1<2	explicit	temporal.synchrony	temporal
potrei andare da lei	ma mi dispiace farla mandare di là	1<2	explicit	comparison.contrast	contrast
le dà applicazione già attiva adesso	ma sempre mi ha dato così	1<2	explicit	comparison.concession	concession
chiedo ai colleghi delle degli atti amministrativi se ci sono problemi su le determine	io poi intanto magari provo a andare a vedere di là se	1<2	explicit	expansion.conjunction	conjunction
chiedo ai colleghi delle degli atti amministrativi se ci sono problemi su le determine	io poi intanto magari provo a andare a vedere di là se	1<2	explicit	temporal.synchrony	temporal
ma è meglio col mio badge	o faccio provare col badge della signora	1<2	explicit	expansion.alternative	alternation
almeno capisco se	più che altro è per capire se è un problema	1<2	explicit	expansion.restatement.equivalence	reformulation
più che altro è per capire se è un problema	voglio capire se è un problema centralizzato su determine o vi verifica solo sul sul mio <*> computer	1<2	implicit	expansion.restatement.specification	reformulation
è un problema centralizzato su determine	o vi verifica solo sul <*> suo computer	1<2	explicit	expansion.alternative	alternation
vado a provare	mi fa eventualmente saper qualcosa	1<2	implicit	temporal.asynchronous	temporal
io sono <PER>	chieda di me	1<2	implicit	expansion.conjunction	conjunction
chieda di me	chiedo di lei	1<2	implicit	repetition	reformulation
mi diceva	mi dica tutto	1<2	implicit	repetition	reformulation
adesso ha quello nuovo	e ha urgente bisogno di avere di nuovo il PIN e il PUC	1<2	explicit	expansion.conjunction	conjunction
adesso ha quello nuovo	gli hanno dato un sì nuovo un nuovo badge	1<2	implicit	expansion.restatement.equivalence	reformulation
ha urgente bisogno di avere di nuovo il PIN e il PUC	ed è un sollecito proprio urgente	1<2	explicit	expansion.conjunction	conjunction
è un sollecito proprio urgente	perchè come dirigente deve entrare nelle procedure	1<2	explicit	contingency.cause	causal
ed è un sollecito proprio urgente perchè come dirigente deve entrare nelle procedure	in realtà i solleciti sono due	1<2	explicit	comparison.concession	concession
in realtà i solleciti sono due	un altro è per un collega <PER> <PER>	1<2	implicit	expansion.instantiation	elaboration
in realtà i solleciti sono due <*> allora	sono due cose diverse	1>2	explicit	contingency.condition	condition
sono due cose diverse	<PER> <PER> ha smarrito il badge e quindi ha la necessità di un PIN e un PUC nuovo <*> <PER> <PER> <*> il badge non l' ha smarrito ma ha smarrito il PIN e il PUC	1<2	implicit	contingency.cause	causal
<PER> <PER> ha smarrito il badge	e quindi ha la necessità di un PIN e un PUC nuovo	1<2	explicit	expansion.conjunction	conjunction
<PER> <PER> ha smarrito il badge <*> quindi	ha la necessità di un PIN e un PUC nuovo	1>2	explicit	contingency.cause	causal
<PER> <PER> ha smarrito il badge e quindi ha la necessità di un PIN e un PUC nuovo e	io sollecito	1>2	explicit	contingency.cause	causal
<PER> <PER> ha smarrito il badge e quindi ha la necessità di un PIN e un PUC nuovo	<PER> <PER> <*> il badge non l' ha smarrito ma ha smarrito il PIN e il PUC	1<2	implicit	comparison.contrast	contrast
il badge non l' ha smarrito	ma ha smarrito il PIN e il PUC	1<2	explicit	comparison.contrast	contrast
oggi è la giornata dei PIN e i PUC <*> ma tantissimi	perchè con la nuova procedura intranet se non hanno il PIN e il PUC non possono neanche vedersi le <*> bollature	1<2	explicit	contingency.cause	causal
se non hanno il PIN e il PUC	non possono neanche vedersi le <*> bollature	1>2	explicit	contingency.condition	condition
oggi è la giornata dei PIN e i PUC	nel senso che è la giornata dei PIN e PUC	1<2	explicit	expansion.restatement	reformulation
è la giornata dei PIN e PUC	nel senso che tanti <*> stanno chiamando che l' hanno persi	1<2	explicit	contingency.cause	causal
prima stavano bene così	sono cambiate un pò di <*> cose con la nuova <*> intranet	1<2	implicit	temporal.asynchronous	temporal
quello del dirigente è un sollicitone grandissimo <*> per la per l' accesso alla procedura	perfetto qua mettiamo urgentissimo	1>2	implicit	contingency.cause	causal
questo glielo mettiamo <*> come massima urgenza	insomma <*> qua mettiamo urgentissimo	1<2	explicit	expansion.restatement.equivalence	reformulation
diciamo che quello del dirigente è un sollicitone grandissimo <*> per la per l' accesso alla procedura	poi se va viaggiano insieme va bene lo stesso	1<2	explicit	comparison.concession	concession
se va viaggiano insieme	va bene lo stesso	1>2	explicit	contingency.condition	condition
devo aprire solo due due chiamate due chiamate due richieste diverse	e questo è per il dirigente	1<2	explicit	expansion.instantiation	elaboration
questo è per il dirigente	l' altro mi ha detto che si chiama il suo collega	1<2	implicit	expansion.conjunction	conjunction
devo aprire solo due due chiamate due chiamate due richieste diverse okay	l' altro mi ha detto che si chiama il suo collega <PER> <PER>	1<2	implicit	expansion.instantiation	elaboration
ha smarrito il PIN e il PUC <*> quindi	chiediamo appunto il reinvio dei dati	1>2	explicit	contingency.cause	causal
dove si trova questa persona <LOC> <LOC>	si trova in <LOC> <*> <LOC> questa persona	1<2	implicit	repetition	reformulation
<PER> <PER> <*> ha smarrito il PIN e il PUC PIN e PUC e quindi chiediamo appunto il reinvio dei dati	allora <PER> <PER> richiede invio dati <*> PIN e PUC	1<2	explicit	expansion.restatement.equivalence	reformulation
devo aprire solo due due chiamate due chiamate due richieste diverse	apro per entrambe	1<2	implicit	expansion.restatement.equivalence	reformulation
mi preoccupavo per <PER> <PER>	nel senso che lui non è abilitato a nessuna procedura all' interno	1<2	explicit	contingency.cause	causal
lui non è abilitato a nessuna procedura all' interno allora	dovete fare richiesta di <*> abilitazione	1>2	explicit	contingency.cause	causal
dovete fare richiesta di <*> abilitazione	a questo punto devo non devo prima fare la richiesta <*> di abilitazione al protocollo ad esempio	1>2	explicit	contingency.cause	causal
se non è abilitato alle <*> procedure	gliel' apro io o fa richiesta	1>2	explicit	contingency.condition	condition
quindi a questo punto devo non devo prima fare la richiesta	perchè <*> un tempo mandavate la lettera del PIN e il PUC anche se non eravamo abilitati no	1<2	explicit	contingency.cause	causal
gliel' apro io	o fa richiesta	1<2	explicit	expansion.alternative	alternation
un tempo mandavate la lettera del PIN e il PUC anche se	non eravamo abilitati	1>2	explicit	comparison.concession	concession
un tempo mandavate la lettera del PIN e il PUC anche se non eravamo abilitati	però guardi le dico io mi mi è capitato in passato di aprire delle chiamate di questo tipo nel <*> senso di reinvio PIN e PUC per <*> persone che magari non erano abilitate <*> e il gruppo delle abilitazioni mi ha detto guarda <*> prima va fatta la richiesta di abilitazione per questa persona	1<2	explicit	comparison.concession	concession
mi è capitato in passato di aprire delle chiamate di questo tipo nel <*> senso di reinvio PIN e PUC per <*> persone che magari non erano abilitate	e il gruppo delle abilitazioni mi ha detto guarda <*> prima va fatta la richiesta di abilitazione per questa persona	1<2	explicit	temporal.asynchronous	temporal
allora <*> prima va fatta la richiesta di abilitazione per questa persona	niente	1>2	explicit	contingency.cause	causal
allora <*> prima va fatta la richiesta di abilitazione per questa persona	faccio prima la richiesta	1>2	explicit	contingency.cause	causal
prima va fatta la richiesta di abilitazione per questa persona allora	cancelli <*> <PER>	1>2	explicit	contingency.condition	condition
allora cancelli <*> <PER>	annulliamo <*> <PER>	1<2	implicit	expansion.restatement	reformulation
allora ca <PER> annulliamo <*> <PER>	però per il dirigente <*> la manteniamo buona urgente	1<2	explicit	comparison.contrast	contrast
è abilitato	non c' è problema	1>2	implicit	contingency.cause	causal
per il dirigente <*> la manteniamo buona urgente	facciamo così	1>2	altlex	expansion.restatement.specification	reformulation
sì	perchè quando sì perchè quando apro appunto con <SW> <SW> <SW> <*> mi dice impossibile riprodurre i file effettuare la connessione a internet o introdurre il supporto removibile	1<2	explicit	contingency.cause	causal
quando <*> mi dice impossibile riprodurre i file effettuare la connessione a internet o introdurre il supporto removibile	apro appunto con <SW> <SW> <SW>	1>2	explicit	temporal.synchrony	temporal
effettuare la connessione a internet	o introdurre il supporto removibile	1<2	explicit	expansion.alternative	alternation
aprire il contenuto in cui è contenuto il file	e quindi riprovare a riprodurre i file	1<2	explicit	temporal.asynchronous	temporal
aprire il contenuto in cui è contenuto il file	quindi riprovare a riprodurre i file	1<2	explicit	temporal.asynchronous	temporal
aprire il contenuto in cui è contenuto il file e quindi riprovare a riprodurre i file	ma io non ho mai	1<2	explicit	interrupted	organization
potrebbe essere una radio una cosa del genere	ma quello non ciò provato	1<2	explicit	comparison.contrast	contrast
dà solo l' RWS del computer	provo a collegarmi un attimo	1<2	implicit	contingency.goal	purpose
provo a collegarmi un attimo	così <*> vediamo cosa può essere	1<2	explicit	contingency.goal	purpose
c' è solo una opzione da impostare su <SW> <SW> <SW> che di solito risolve il problema	proviamo magari a impostare questa cosa	1>2	implicit	contingency.cause	causal
proviamo magari a impostare questa cosa	e vediamo se se funziona	1<2	explicit	contingency.goal	purpose
mi dà solo l' RWS del computer provo a collegarmi un attimo così	tra l' altro però io non riesco a collegarmi sull' RWS	1<2	explicit	comparison.contrast	contrast
non so se ce l' ha	perchè forse <*> ce l' ha è dinamico	1<2	explicit	contingency.cause	causal
perchè forse <*> ce l' ha	è dinamico	1<2	implicit	comparison.concession	concession
è dinamico	cambia sempre	1<2	implicit	expansion.restatement	reformulation
non ce l' ho <*> allora	le faccio <*> vedere come fare per ricavarlo	1>2	explicit	contingency.condition	condition
le faccio allora vedere come fare per ricavarlo	dovrebbe andare su start <*> sulla voce esegui esegui	1<2	implicit	expansion.instantiation	elaboration
andare su start <*> sulla voce esegui	e poi cliccare su	1<2	explicit	expansion.conjunction	conjunction
dovrebbe andare su start <*> sulla voce esegui	poi cliccare su	1<2	explicit	temporal.asynchronous	temporal
e poi cliccare su	le si aprirà una <*> finestra nera di <SW>	1<2	implicit	temporal.asynchronous	temporal
le si aprirà una <*> finestra nera di <SW>	dove c' è il cursore che lampeggia deve scrivere I P config	1<2	implicit	temporal.asynchronous	temporal
allora proviamo a mettere quell' opzione che le dicevo	bisogna impostare questa opzione qui	1<2	implicit	expansion.restatement	reformulation
sente quindi	era solo <*> quella opzione lì da <*> impostare	1>2	explicit	contingency.cause	causal
allora quindi accesso a procedure sulla extranet	però le richiede l' installazione di qualche componente sulla macchina giusto	1<2	explicit	comparison.concession	concession
le richiede l' installazione di qualche componente sulla macchina giusto	presumo di file di programma	1>2	implicit	contingency.cause	causal
RWS <*> <DIGIT> <DIGIT> <*> <NUM> <*> <NUM> <DIGIT>	posso collegarmici	1>2	explicit	contingency.condition	condition
a me sono stati dati i codici di acceso	però entrando nel sito extranet <ORG> ecco anagrafe strutture sanitarie mi dà tutto una una serie di file che dovrebbero essere scaricati sulla mia postazione	1<2	explicit	comparison.concession	concession
sì	perchè è un programma che va installato comunque questo	1<2	explicit	contingency.cause	causal
perchè è un programma che va installato comunque questo	e lei non avendo i privilegi di amministratore non può da qua	1<2	explicit	comparison.concession	concession
ho provato ad aprire	ma io ho provato a inserire quello che mi era stato dato	1<2	explicit	comparison.concession	concession
io ho provato a inserire quello che mi era stato dato	ma ovviamente non entro	1<2	explicit	comparison.concession	concession
ho provato ad aprire ma io ho provato a inserire quello che mi era stato dato ma ovviamente non entro	ma non le accetta però le credenziali	1<2	explicit	comparison.concession	concession
non le accetta però le credenziali	a questo punto è diversa la cosa	1>2	implicit	contingency.condition	condition
ho provato ad aprire ma io ho provato a inserire quello che mi era stato dato ma ovviamente non entro	non le accetta però le credenziali	1<2	explicit	comparison.concession	concession
a questo punto è diversa la cosa	perchè qua qua non dobbiamo ancora scaricare nulla qua dobbiamo semplicemente entrare nell' area riservata	1<2	explicit	contingency.cause	causal
qua non dobbiamo ancora scaricare nulla	qua dobbiamo semplicemente entrare nell' area riservata	1<2	implicit	contingency.cause	causal
io ho messo <*> <PER>	poi ho messo la pa <*> la chiave appliccativa ASN	1<2	explicit	temporal.asynchronous	temporal
accedere al programma una volta che	però è stato installato	1>2	explicit	temporal.asynchronous	temporal
accedere al programma	una volta che però è stato installato	1<2	explicit	comparison.concession	concession
poi ho messo la pa <*> la chiave appliccativa	poi la chiave <SW> mi è stato dato l' user e il password	1<2	explicit	temporal.asynchronous	temporal
ecco io ho provato sì	io ho provato a inserire <PER> e la password che mi è stata data	1<2	implicit	repetition	reformulation
io ho provato a inserire <PER> e la password che mi è stata data	ma proprio non accede a <*> niente	1<2	explicit	comparison.concession	concession
mi è stato dato l' user e il <*> password e la password	poi ma avevo provato io sotto la password <PUNC> poi minuscolo	1<2	explicit	temporal.asynchronous	temporal
la password <PUNC> poi minuscolo ASN	poi presumo che sia <DIGIT> <DIGIT> però non c' è il taglietto	1<2	explicit	expansion.conjunction	conjunction
presumo che sia <DIGIT> <DIGIT>	però non c' è il taglietto c' è una coso c' è un <DIGIT>	1<2	explicit	comparison.concession	concession
non c' è il taglietto	c' è una coso	1<2	implicit	comparison.contrast	contrast
c' è una coso	c' è un <DIGIT>	1<2	implicit	expansion.restatement.specification	reformulation
presumo che sia <DIGIT> <DIGIT>	presumo che sia comunque <DIGIT> <DIGIT>	1<2	implicit	repetition	reformulation
non c' è il taglietto <*> comunque	presumo che sia <*> <DIGIT> <DIGIT>	1>2	explicit	comparison.concession	concession
mi fa lo stesso scherzetto quindi	non le accetta proprio	1<2	implicit	expansion.restatement.equivalence	reformulation
non le accetta proprio <*> quindi	cioè devo essere accreditata	1>2	explicit	contingency.cause	causal
non le accetta proprio <*> cioè	devo essere accreditata	1>2	explicit	contingency.cause	causal
devo essere accreditata	e poi si può fare lo <*> scarico del dei file	1<2	explicit	contingency.goal	purpose
devo essere accreditata	poi si può fare lo <*> scarico del dei file	1<2	explicit	temporal.asynchronous	temporal
il problema è proprio quello <*> allora	parlo <*> con la referente di direzione	1>2	explicit	contingency.cause	causal
pensavo che fosse solo	non è così	1<2	implicit	comparison.concession	concession
magari ha provato	sì sì sì sì ho provato	1<2	implicit	repetition	reformulation
ho provato anche allora <PUNC> sia con lo <DIGIT> che con la <CHAR> <*> allora	ci vuole proprio l' autorizzazione	1>2	explicit	contingency.condition	condition
allora devo parla con	probabilmente c' è qualche	1<2	implicit	contingency.cause	causal
siccome sono state <*> usate queste chiavi	pensavo che fosse stato fatto tutto allora	1>2	explicit	contingency.cause	causal
siccome sono state <*> usate queste chiavi	pensavo che fosse stato fatto tutto allora	1>2	explicit	interrupted	organization
senta la referente	perchè noi non ci occupiamo di di dare le chiavi per questo	1<2	explicit	contingency.cause	causal
siccome sono state date	pensavo che tutto fosse stato fatto e bastava solo accedere	1>2	explicit	contingency.cause	causal
certo no io pensavo	pensavo che tutto fosse stato fatto	1<2	implicit	repetition	reformulation
tutto fosse stato fatto	e bastava solo accedere	1<2	explicit	expansion.conjunction	conjunction
pensavo che tutto fosse stato fatto e bastava solo accedere	a quanto pare allora ci vuole proprio	1<2	implicit	comparison.concession	concession
c' è qualcosa che non quadra ancora	perchè mancando questa mancando questa <*> questa chiave	1<2	explicit	contingency.cause	causal
senta la referente	e <*> eventualmente una volta che riesce a accedere alla sezione dove può scaricare l' applicativo allora se ci fossero dei problemi lì ci sentiamo	1<2	explicit	temporal.asynchronous	temporal
senta la referente	poi eventualmente una volta che riesce a accedere alla sezione dove può scaricare l' applicativo allora se ci fossero dei problemi lì ci sentiamo e vediamo di insomma di darle tutta l' assistenza del caso	1<2	explicit	temporal.asynchronous	temporal
se ci fossero dei problemi	lì ci sentiamo e vediamo di insomma di darle tutta l' assistenza del caso	1>2	explicit	contingency.condition	condition
lì ci sentiamo	e vediamo di insomma di darle tutta l' assistenza del caso	1<2	explicit	contingency.goal	purpose
purtroppo la chiave di <*> di utenza la password per l' accesso all' area riservata non ci occupiamo direttamente <*> noi di darla	deve deve sentire il proprio re	1>2	explicit	contingency.cause	causal
ho detto ho telefonato pensando che tutto fosse stato fatto è solo	ma probabilmente è stato fatto	1<2	explicit	comparison.concession	concession
magari è stato trascritto male la la user name o la password	perchè se gliel' hanno comunicate pro presumo che siano quelle	1<2	explicit	contingency.cause	causal
se gliel' hanno comunicate	presumo che siano quelle	1>2	explicit	contingency.condition	condition
presumo che siano quelle	magari c' è stato un errore di di di comunicazione	1<2	implicit	contingency.cause	causal
magari c' è stato un errore di di di comunicazione <*> allora	adesso provo a contattare la collega	1>2	explicit	contingency.condition	condition
no	perchè praticamente mi hanno collegato in modo da poter leggere la la posta dell' ufficio anche dalla mia postazione di casa purtroppo niente	1<2	explicit	contingency.cause	causal
praticamente mi hanno collegato in modo da poter leggere la la posta dell' ufficio anche dalla mia postazione di casa	purtroppo niente	1<2	implicit	comparison.concession	concession
no perchè praticamente mi hanno collegato in modo da poter leggere la la posta dell' ufficio anche dalla mia postazione di casa purtroppo niente ho	ma so che questo problema si è verificato anche per altri colleghi quindi non so	1<2	explicit	comparison.concession	concession
purtroppo niente ho ma so che questo problema si è verificato anche per altri colleghi quindi	non so	1>2	explicit	contingency.cause	causal
mi dà l' RWS	così le faccio vedere	1<2	explicit	contingency.goal	purpose
se mi dà il settore informatica	è meglio	1>2	explicit	contingency.condition	condition
le do l' indirizzo IP	se mi dà il settore informatica è meglio	1<2	implicit	comparison.contrast	contrast
l' indirizzo che le deve mettere è <SW> <SW>	poi me lo segno	1<2	explicit	temporal.asynchronous	temporal
e la password la sua solita password quella che metteva	non quella che usa su <SW> però	1<2	explicit	comparison.concession	concession
non la conosce quella che usa per accedere al al alla posta via web	se mai ci ha fatto accesso	1<2	explicit	contingency.condition	condition
se no	la resettiamo	1>2	explicit	contingency.condition	condition
se no	la resettiamo	1>2	altlex	contingency.cause	causal
forse lei prima rius tentava io di accedere come iniziali del nome più il cognome	han fatto esatto sì sì sì sì un paio di modifiche al server	1<2	implicit	temporal.asynchronous	temporal
perfetto quindi ecco perchè non riuscivamo	invece in questo modo possiamo	1<2	explicit	comparison.contrast	contrast
parte la ventola fa un rumore fortissimo	poi si bloccano i file	1<2	explicit	temporal.asynchronous	temporal
si bloccano i file	qua devo spegnere il computer e riaccenderlo	1>2	implicit	contingency.cause	causal
questo discorso è iniziato ieri pomeriggio	me la rifatto sta mattina	1<2	implicit	temporal.asynchronous	temporal
me la rifatto sta mattina e	poi ieri anche quando usavo dei file semplicemente di <SW> si chiudevano senza salvare le ultime cose che avevo fatto	1>2	explicit	temporal.asynchronous	temporal
me la rifatto sta mattina <*> poi	ieri anche quando usavo dei file semplicemente di <SW> si chiudevano senza salvare le ultime cose che avevo fatto	1>2	explicit	temporal.asynchronous	temporal
quando usavo dei file semplicemente di <SW>	si chiudevano senza salvare le ultime cose che avevo fatto	1>2	explicit	temporal.synchrony	temporal
dove lo leggo	lo legge	1<2	implicit	repetition	reformulation
proprio quello	proprio quello	1<2	implicit	repetition	reformulation
allora meritiamo appunto come soggetto pentola rumorosa	allora le lascio il numero il numero di di intervento	1<2	implicit	temporal.asynchronous	temporal
allora le lascio il numero il numero di di intervento	così faccio attivare subito l' IDS che è la ditta che fa assisten <*> sulle macchine	1<2	explicit	contingency.goal	purpose
allora le lascio il numero il numero di di intervento	allora la richiesta è la numero <NUM> <*> <NUM> <*> <NUM>	1<2	explicit	expansion.restatement.specification	reformulation
chiedo solo conferma del telefono	caso mai avessi bisogno di chiamarla	1<2	explicit	contingency.condition	condition
io ho provato a entrare in Intranet per accedere alle mie timbrature	ma non ci riesco	1<2	explicit	comparison.concession	concession
ma non ci riesco	perchè io infilo il badge <*> digito PIN che è quello giusto perchè sono andata a controllarlo anche sulla mail <*> cioè sulla cosa che mi avete mandato e mi dice il PIN non è corretto riprova	1<2	explicit	contingency.cause	causal
io infilo il badge	digito PIN che è quello giusto	1<2	implicit	temporal.asynchronous	temporal
che è quello giusto	perchè sono andata a controllarlo anche sulla mail	1<2	explicit	contingency.cause	causal
digito PIN	e mi dice il PIN non è corretto	1<2	explicit	comparison.concession	concession
il PIN non è corretto	riprova	1>2	implicit	contingency.cause	causal
mi dice il PIN non è corretto riprova	allora si è bloccato si è bloccato il codice PIN	1<2	explicit	expansion.restatement.specification	reformulation
si è bloccato si è bloccato il codice PIN	devo farglielo sbloccare dai colleghi delle abilitazioni	1>2	implicit	contingency.cause	causal
solo un secondo che apriamo la richiesta	ma io devo guardarmi le cose delle ferie per poter	1<2	explicit	comparison.contrast	contrast
io ho inserito <*> subito il numero corretto	non ho inserito un altro <*> numero	1<2	implicit	expansion.restatement.equivalence	reformulation
ma in teoria si blocca	ma in teoria <*> si blocca dopo due o tre tentativi errati	1<2	implicit	repetition	reformulation
ma in teoria <*> si blocca dopo due o tre tentativi errati	poi magari da quant' è che non lo utilizza	1<2	explicit	expansion.conjunction	conjunction
si blocca dopo due o tre tentativi errati	glielo faccio sbloccare insomma con l' urgenza massima	1<2	implicit	contingency.cause	causal
glielo faccio sbloccare insomma con l' urgenza massima	massimo una mezzoretta la richiamano e glielo sbloccano in tempo reale	1<2	implicit	expansion.restatement.specification	reformulation
massimo una mezzoretta la richiamano	e glielo sbloccano in tempo reale	1<2	explicit	temporal.asynchronous	temporal
se non mi si sblocca quello	devo	1>2	explicit	interrupted	organization
anche perchè io dovrei lavorare <*> infatti	la chiamano in fretta	1>2	explicit	contingency.cause	causal
le dico che la chiamano in fretta	perchè sappiamo come cioè il problema è risolvibile abbastanza in fretta semplicemente facendoglielo sbloccare	1<2	explicit	contingency.cause	causal
all' in qualunque caso adesso digitando il codice PIN per accesso a procedure informatiche le direbbe che è sbagliato sia dal vecchio accesso che da che da quello nuovo allora	è senza senso	1>2	explicit	comparison.concession	concession
allora è senza senso	è proprio senza senso dover lavorare così	1<2	implicit	repetition	reformulation
se tra mezz' ora non è sbloccato	io devo comunicare alla mia dirigente che non posso segnare gli eventuali mancanze di orario o gli eventuali straordinari entro la fine del mese	1>2	explicit	contingency.condition	condition
io devo comunicare alla mia dirigente che non posso segnare gli eventuali mancanze di orario o gli eventuali straordinari entro la fine del mese	poi devo andare in ferie	1<2	explicit	temporal.asynchronous	temporal
non posso segnare gli eventuali mancanze di orario o gli eventuali straordinari entro la fine del mese che poi devo andare in ferie	perchè non riesco a vedere le mie timbrature	1<2	explicit	contingency.cause	causal
se tra mezz' ora non è sbloccato io devo comunicare alla mia dirigente che non posso segnare gli eventuali mancanze di orario o gli eventuali straordinari entro la fine del mese che poi devo andare in ferie perchè non riesco a vedere le mie timbrature	ma io gli assicuro che glielo faccio <*> sbloccare il suo numero di telefono signora	1<2	explicit	comparison.contrast	contrast
le lascio solo il numero di richiesta signora	almeno se lo tenga	1<2	explicit	expansion.conjunction	conjunction
sono <PER>	chiamo da <LOC> <LOC>	1<2	implicit	expansion.conjunction	conjunction
è <PER> <PER> <PER>	sono un consulente	1<2	implicit	expansion.conjunction	conjunction
ho un problema al computer	praticamente lo accendo parte e poi dopo un po che che è acceso non arriva più nessun segnale al monitor	1<2	explicit	expansion.restatement.specification	reformulation
lo accendo	parte	1<2	implicit	temporal.asynchronous	temporal
parte	e poi dopo un po che che è acceso non arriva più nessun segnale al monitor	1<2	explicit	temporal.asynchronous	temporal
parte	poi dopo un po che che è acceso non arriva più nessun segnale al monitor	1<2	explicit	temporal.asynchronous	temporal
dopo <*> non arriva più nessun segnale al monitor	un po che che è acceso	1>2	explicit	temporal.asynchronous	temporal
non arriva più nessun segnale al monitor	il monitor funziona perfettamente	1>2	implicit	comparison.concession	concession
il monitor funziona perfettamente	rimane lì tutto buio	1<2	implicit	comparison.concession	concession
ho provato a collegarlo a altri monitor	ma fa lo stesso scherzo	1<2	explicit	comparison.concession	concession
fa lo stesso scherzo	fa lo stesso problema	1<2	implicit	repetition	reformulation
non lo fa diciamo sempre	a volte funziona per un po' e dopo un po' non funziona più	1<2	implicit	contingency.cause	causal
a volte funziona per un po'	e dopo un po' non funziona più	1<2	explicit	expansion.conjunction	conjunction
tu mi hai detto il monitor non funziona	perché hai provato a collegarne altri ma ti da lo stesso problema	1<2	explicit	contingency.cause	causal
hai provato a collegarne altri	ma ti da lo stesso problema	1<2	explicit	comparison.concession	concession
ti da lo stesso problema	mi da lo stesso problema	1<2	implicit	repetition	reformulation
purtroppo non posso controllare la mail quindi	mi dai la reme di	1>2	explicit	contingency.cause	causal
ti lascio subito il numero di richiesta	ti lascio il numero di richiesta urgente	1<2	implicit	repetition	reformulation
non riesco ad accedere alla procedura de delibera determina	mi dice impossibile visualizzare la pagina	1<2	implicit	contingency.cause	causal
allora solo un secondo	mi dà i dati della sua postazione intanto	1<2	explicit	temporal.synchrony	temporal
si è bloccato <*> allora	provi un pò di nuovo a fare accesso	1>2	explicit	contingency.cause	causal
se no	mi lascia un' a	1>2	explicit	contingency.condition	condition
se no	mi lascia la macchina	1>2	explicit	contingency.condition	condition
ci lavoro sopra un attimo	e poi la richiamo	1<2	explicit	temporal.asynchronous	temporal
ci lavoro sopra un attimo	poi la richiamo	1<2	explicit	temporal.asynchronous	temporal
la richiamo non appena	ho finito	1>2	explicit	temporal.asynchronous	temporal
è impossibile <*> allora	ho bisogno <*> di <*> lavorarci un attimino	1>2	explicit	contingency.condition	condition
ho bisogno allora di <*> lavorarci un attimino	perchè pensavo fosse un pò più semplice	1<2	explicit	contingency.cause	causal
quando apre <SW> <SW>	vede queste pagine un pò particolari	1>2	explicit	temporal.asynchronous	temporal
mi dà l' RWS della macchina	così vediamo insieme	1<2	explicit	contingency.goal	purpose
<DIGIT> <DIGIT> <NUM> <DIGIT> <DIGIT> <DIGIT> allora	mi collego	1>2	explicit	contingency.condition	condition
allora mi collego	iniziamo a mettere come pagina predefinita una vuota	1<2	implicit	temporal.asynchronous	temporal
iniziamo a mettere come pagina predefinita una vuota	così non danno fastidio	1<2	explicit	contingency.goal	purpose
iniziamo a mettere come pagina predefinita una vuota	ma <*> mi apre l' altra pagina	1<2	explicit	comparison.concession	concession
iniziamo a mettere come pagina predefinita una vuota	però mi apre l' altra pagina	1<2	explicit	comparison.concession	concession
iniziamo a mettere come pagina predefinita una vuota	chiudiamo questo	1<2	implicit	temporal.asynchronous	temporal
chiudiamo questo	andiamo sulle proprietà di internet	1<2	implicit	temporal.asynchronous	temporal
andiamo sulle proprietà di internet	anzi no	1<2	explicit	expansion.alternative	alternation
ora svuoto il cestino	adesso dovrebbe comparire una pagina bianca	1<2	implicit	temporal.asynchronous	temporal
casetta funziona	ma molto probabilmente è successo questo	1<2	explicit	comparison.concession	concession
molto probabilmente è successo questo	questo succede che navigando su internet si possono trovare delle pubblicità o qualcosa del genere che in automatico si impostano come pagina iniziale e poi danno fastidio	1<2	altlex	expansion.restatement.specification	reformulation
in automatico si impostano come pagina iniziale	e <*> danno fastidio	1<2	explicit	temporal.asynchronous	temporal
in automatico si impostano come pagina iniziale	poi danno fastidio	1<2	explicit	temporal.asynchronous	temporal
danno fastidio	perchè chiedono sempre se voglio possono stare come pagine iniziale oppure le aprono anche tante tante pagine di <SW> <SW> in contemporanea	1<2	explicit	contingency.cause	causal
chiedono sempre se voglio possono stare come pagine iniziale	oppure le aprono anche tante tante pagine di <SW> <SW> in contemporanea	1<2	explicit	expansion.alternative	alternation
allora m' ha detto <PER>	allora m' ha detto che non riusciva ad accedere al computer	1<2	implicit	temporal.asynchronous	temporal
non riusciva ad accedere al computer	e le manca la procedura <SW>	1<2	explicit	temporal.synchrony	temporal
esatto <*> allora	avrei bisogno del RWS del PC	1>2	explicit	contingency.condition	condition
avrei bisogno del RWS del PC	però quel PC è fuori rete	1<2	explicit	comparison.concession	concession
ci dev' essere stato un problema di rete più o meno per tutta la sede	e quindi ci sono stati vari problemi	1<2	explicit	expansion.conjunction	conjunction
ci dev' essere stato un problema di rete più o meno per tutta la sede	quindi ci sono stati vari problemi	1<2	explicit	contingency.cause	causal
ieri ci dev' essere stato un problema di rete più o meno per tutta la sede	io ieri non c' ero	1<2	implicit	comparison.concession	concession
io ieri non c' ero	quindi non so bene se il computer possa essere stato apre aperto o comunque insomma se possa essere stato risolto il problema	1<2	explicit	contingency.cause	causal
se il computer possa essere stato apre aperto	o comunque insomma se possa essere stato risolto il problema	1<2	explicit	expansion.alternative	alternation
ieri ci dev' essere stato un problema di rete più o meno per tutta la sede	infatti il problema di <SW> è legato proprio a questo	1<2	explicit	expansion.conjunction	conjunction
il problema di <SW> è legato proprio a questo	perchè lui si deve collegarsi a un server e quindi non le carica l' icona	1<2	explicit	contingency.cause	causal
lui si deve collegarsi a un server	e <*> non le carica l' icona	1<2	explicit	interrupted	organization
lui si deve collegarsi a un server	quindi non le carica l' icona	1<2	explicit	interrupted	organization
ieri ci dev' essere stato un problema di rete più o meno per tutta la sede e quindi ci sono stati vari problemi	ieri c' è stato <*> un problema di rete lì in <LOC> <LOC>	1<2	implicit	repetition	reformulation
allora stiamo facendo solo una verifica	mi può solo fare una prova	1<2	implicit	expansion.conjunction	conjunction
fare una prova	vedere se il cavo di rete è collegato bene sia sul muro che dietro il computer	1<2	implicit	expansion.restatement.specification	reformulation
vedere se il cavo di rete è collegato bene sia sul muro che dietro il computer	al limite provare a scollegarlo e ricollegarlo	1<2	explicit	expansion.conjunction	conjunction
al limite provare a scollegarlo e ricollegarlo	io la attendo in linea	1<2	implicit	temporal.synchrony	temporal
dovrebbe essere tutto a posto allora	aspetti che verifico	1>2	explicit	contingency.condition	condition
in questo momento sì	perchè le colleghe l' hanno risolto ieri appunto	1<2	explicit	contingency.cause	causal
in questo momento sì	ci sia qualcun' altro è comunque nella sede che ha problemi	1<2	implicit	comparison.contrast	contrast
volevo solo vedere se avevo qualche segnalazione	perchè qui non mi dicono nulla	1<2	explicit	contingency.cause	causal
volevo solo vedere se avevo qualche segnalazione	vediamo un attimino	1<2	implicit	repetition	reformulation
credo che ci sia qualcun' altro è comunque nella sede che ha problemi	infatti ieri non entravano nella posta	1<2	explicit	contingency.cause	causal
ieri non entravano nella posta	ci fossero problemi proprio nella procedura	1<2	implicit	expansion.conjunction	conjunction
ci fossero problemi proprio nella procedura	c' era anche problemi sulle stampanti di rete	1<2	explicit	expansion.conjunction	conjunction
ci fossero problemi proprio nella procedura	è stata un pò una giornata dove sì ci sono ci sono stati i computer facevano un pò le bizze	1<2	implicit	expansion.restatement.equivalence	reformulation
non credo proprio	perchè ognuno c' ha la sua torretta e ognuno c' ha il <*> suo computer collegato	1<2	explicit	contingency.cause	causal
ognuno c' ha la sua torretta	e ognuno c' ha il <*> suo computer collegato	1<2	explicit	temporal.synchrony	temporal
ognuno c' ha il <*> suo computer collegato	e sono tutti attivi in questo momento	1<2	explicit	expansion.conjunction	conjunction
sono tutti già in linea che stanno lavorando	e <*> devo vedere di mandare qualcuno lì	1<2	explicit	expansion.conjunction	conjunction
sono tutti già in linea che stanno lavorando	allora devo vedere di mandare qualcuno lì	1<2	explicit	contingency.cause	causal
mi riesce solo a recuperare il numero della della presa di rete della torretta	se ce l' ha	1<2	explicit	contingency.condition	condition
mi ricordo il numero	non ci ricordiamo	1<2	implicit	repetition	reformulation
le lascio solo il numero della chiamata	vedo di mandarle lì il tecnico	1<2	implicit	expansion.conjunction	conjunction
non mi riconosce la password allora	è possibile che abbia fatto dei pasticci	1>2	explicit	contingency.condition	condition
è possibile che abbia fatto dei pasticci	ma non mi sembra la solita password	1<2	explicit	comparison.contrast	contrast
non mi sembra la solita password	non l' ha cambiata	1>2	implicit	contingency.cause	causal
<PER> <*> allora	praticamente io penso questa cosina qua	1>2	explicit	contingency.condition	condition
anche se non abbiamo ancora avuto ad oggi la certezza di quanto le sto per dire	io presumo che fino alla scorsa settimana praticamente vi avessero concesso la possibilità di entrare in due modi o con l' iniziale del nome con attaccato il cognome oppure sì nome spazio cognome tutti in minuscolo	1>2	explicit	comparison.concession	concession
presumo che fino alla scorsa settimana praticamente vi avessero concesso la possibilità di entrare in due modi o con l' iniziale del nome con attaccato il cognome oppure sì nome spazio cognome tutti in minuscolo	perchè <*> io da che conosco <SW> <SW> so che le persone sono sempre entrate con nome spazio cognome però tanti adesso ci stanno chiamando dicendo che entravano con nome iniziale del nome più il cognome	1<2	explicit	contingency.cause	causal
io <*> conosco <SW> <SW>	da che <*> so che le persone sono sempre entrate con nome spazio cognome	1<2	explicit	temporal.synchrony	temporal
le persone sono sempre entrate con nome spazio cognome	però tanti adesso ci stanno chiamando dicendo che entravano con nome iniziale del nome più il cognome	1<2	explicit	comparison.concession	concession
entravano con nome iniziale del nome più il cognome	perchè è la nostra utenza interna interna	1<2	explicit	contingency.cause	causal
entravano con nome iniziale del nome più il cognome	però <*> adesso bisogna solo più entrare con nome spazio cognome	1<2	explicit	comparison.contrast	contrast
provo subito	provi provi un pò a entrare	1<2	implicit	repetition	reformulation
provi provi un pò a entrare	così vediamo subito se è giusto o meno	1<2	explicit	contingency.goal	purpose
la postazione multimediale per il pubblico che non funziona già dall' altra settimana	in pratica non si acce	1<2	explicit	expansion.restatement.specification	reformulation
io questa mattino lo ho acceso <*> il computer	se non che a un certo punto è comparso lo schermo blu senza nessuna icona	1<2	explicit	comparison.concession	concession
a un certo punto è comparso lo schermo blu senza nessuna icona	poi ho provato a spegnerlo per poi riaccenderlo con la spina	1<2	explicit	temporal.asynchronous	temporal
ho provato a spegnerlo per poi riaccenderlo con la spina	e <*> non si accende	1<2	explicit	expansion.conjunction	conjunction
ho provato a spegnerlo per poi riaccenderlo con la spina	però non si accende	1<2	explicit	comparison.concession	concession
la spia verde è lampeggiante	la spia verde sotto <*> lampeggiante	1<2	implicit	repetition	reformulation
la spia verde sotto <*> lampeggiante	la spia verde sotto è lampeggiante	1<2	implicit	repetition	reformulation
mi può solo fare una una prova	dovrebbe provare a tenere premuto il pulsante di accensione	1<2	implicit	expansion.restatement.specification	reformulation
dovrebbe provare a tenere premuto il pulsante di accensione	soltanto che io mi devo staccare dal telefono	1<2	explicit	comparison.concession	concession
io mi devo staccare dal telefono	perchè è leggermente distante	1<2	explicit	contingency.cause	causal
io mi devo staccare dal telefono <*> allora	le dico <*> solo cosa fare	1>2	explicit	contingency.condition	condition
le dico allora solo cosa fare	tenerlo premuto al posto del pulsante d' accensione	1<2	implicit	expansion.restatement.specification	reformulation
tenerlo premuto al posto del pulsante d' accensione	in modo che dopo cinque secondi dovrebbe spegnere tutto quanto	1<2	explicit	contingency.goal	purpose
lo tiene premuto automaticamente	e vede che e si spengono tutte le luci	1<2	explicit	contingency.condition	condition
si spengono tutte le luci	dopo di che provi a riaccenderlo	1<2	explicit	temporal.asynchronous	temporal
provi a riaccenderlo	che vediamo se si riprende	1<2	explicit	contingency.goal	purpose
no	in realtà continua a lampeggiare	1<2	explicit	expansion.restatement.specification	reformulation
continua a lampeggiare	non si spegne	1<2	implicit	contingency.condition	condition
continua a lampeggiare	continua a lampeggiare	1<2	implicit	repetition	reformulation
continua a lampeggiare quindi	non si spegno <*> proprio nulla	1>2	explicit	contingency.condition	condition
non si spegno <*> proprio nulla	bisognerebbe solo provare a staccare proprio l' alimentazione la presa	1>2	explicit	contingency.condition	condition
è quello <*> che ho provato prima	e non si spegneva	1<2	explicit	expansion.conjunction	conjunction
aspetti un attimo	lo faccio di nuovo	1<2	implicit	contingency.goal	purpose
lo faccio di nuovo	a parte che comunque io ho qui il tecnico adesso	1<2	explicit	comparison.concession	concession
lo faccio di nuovo	comunque io ho qui il tecnico adesso	1<2	explicit	comparison.concession	concession
io ho qui il tecnico adesso	il tecnico che che sta arrivando in questo momento qua	1<2	implicit	expansion.restatement	reformulation
io ho qui il tecnico adesso il tecnico che che sta arrivando in questo momento qua	ma avevate già fatto una chiamata per <*> per questo problema	1<2	explicit	comparison	concession
mi ha chiesto appunto di aprire la chiamata	però siccome che si trova praticamente da noi sarebbe venuto immediatamente a vederlo	1<2	explicit	comparison.concession	concession
siccome che si trova praticamente da noi	sarebbe venuto immediatamente a vederlo	1>2	explicit	contingency.cause	causal
sarebbe venuto immediatamente a vederlo <*> quindi	è venuto già lui	1>2	explicit	contingency.condition	condition
schiacciare il pulsante tenendolo premuto per cinque secondi	però in realtà non si spegne	1<2	explicit	comparison.concession	concession
m' ha chiesto in pratica di schiacciare il pulsante tenendolo premuto per cinque secondi che però in realtà non si spegne	e poi m' ha detto di	1<2	explicit	expansion.conjunction	conjunction
m' ha chiesto in pratica di schiacciare il pulsante tenendolo premuto per cinque secondi che però in realtà non si spegne	poi m' ha detto di	1<2	explicit	temporal.asynchronous	temporal
non so se vuole parlarci lei	ma se già intervenendo lui	1<2	explicit	comparison.contrast	contrast
se già intervenendo lui	sta già intervenendo lui in questo momento qua	1<2	implicit	repetition	reformulation
mi lascia <*> solo il nome del tecnico	così io gli faccio assegnare la chiamata	1<2	explicit	contingency.goal	purpose
così io gli faccio assegnare la chiamata	allora io gli faccio assegnare la chiamata	1<2	implicit	repetition	reformulation
io gli faccio assegnare la chiamata	visto che sta verificando <*> lui	1<2	explicit	contingency.cause	causal
sta verificando <*> lui	sta verificando già lui	1<2	implicit	repetition	reformulation
il monitor tutto rosa	tutto rosa	1<2	implicit	repetition	reformulation
difficilmente leggibile	le icone si vedevano ma con difficoltà	1<2	implicit	expansion.restatement.equivalence	reformulation
le icone si vedevano ma con difficoltà	e <*> questo funzionava	1<2	explicit	temporal.asynchronous	temporal
le icone si vedevano ma con difficoltà	poi questo funzionava	1<2	explicit	temporal.asynchronous	temporal
avevo fatto qualche	ho aperto la posta	1<2	implicit	expansion.restatement.specification	reformulation
ho aperto la posta	poi <*> s' è spento	1<2	explicit	temporal.asynchronous	temporal
ho aperto la posta	però <*> s' è spento	1<2	explicit	comparison.concession	concession
s' è spento	e non riesco più a riaccenderlo adesso	1<2	explicit	temporal.asynchronous	temporal
non riesco più a riaccenderlo adesso	non si accende <*> proprio più	1<2	implicit	repetition	reformulation
non si accende <*> proprio più	compare la scritta vado a dormire tanti saluti	1<2	implicit	expansion.conjunction	conjunction
sì	ma il il monitor è buio	1<2	explicit	comparison.concession	concession
il monitor è buio	il monitor è buio	1<2	implicit	repetition	reformulation
posso solo provare a collegarmi	ma faccia	1<2	explicit	interrupted	organization
un attimo	perché <*> volevo vedere se segnalava qualche errore	1<2	explicit	contingency.cause	causal
visto che <*> volevo vedere se segnalava qualche errore	mi risponde in rete	1>2	explicit	contingency.cause	causal
volevo vedere se segnalava qualche errore	visto che io comunque riesco a vedere eventuali messaggi	1<2	explicit	contingency.cause	causal
ce l' ho qua <*> quindi	il computer è a posto	1>2	explicit	contingency.cause	causal
il computer è a posto allora	vuol dire che mi sa che è proprio il monitor al	1>2	explicit	contingency.condition	condition
sia il cavo elettrico a duecentoventi volt che l' altro cavetto piccolo sono ben collegati allora	tutto collegato	1>2	explicit	contingency.condition	condition
sia il cavo elettrico a duecentoventi volt che l' altro cavetto piccolo sono ben collegati <*> quindi	tutto collegato	1>2	explicit	contingency.cause	causal
tutto collegato	mi sa che è il monitor lì che ha qualche problema	1>2	implicit	contingency.cause	causal
siccome riesco a collegarmi	volevo solo provare a riavviarle un attimo il sistema	1>2	explicit	contingency.cause	causal
volevo solo provare a riavviarle un attimo il sistema	e vediamo se per caso dà qualche visualizza qualche cosa durante il riavvio	1<2	explicit	contingency.goal	purpose
adesso dovrebbe riavviarsi	mi dica solo se sul monitor le visualizza qualcosa	1>2	implicit	contingency.cause	causal
ho premuto il pulsante di accensione	è comparsa la scritta <BRAND>	1<2	implicit	temporal.asynchronous	temporal
è comparsa la scritta <BRAND>	e <*> è comparsa l' altra icona quella piccola	1<2	explicit	temporal.asynchronous	temporal
è comparsa la scritta <BRAND>	poi <*> è comparsa l' altra icona quella piccola	1<2	explicit	temporal.asynchronous	temporal
è comparsa la scritta <BRAND>	però è comparsa l' altra icona quella piccola	1<2	explicit	comparison.concession	concession
è comparsa la scritta <BRAND>	quindi lei ha visualizzato solo <BRAND> e basta	1<2	explicit	expansion.restatement.specification	reformulation
quindi lei ha visualizzato solo <BRAND> e basta <*> allora	mi sa che <*> devo mandarle lì l' assistenza	1>2	explicit	contingency.condition	condition
lei per non ha per caso la possibilità di provare a collegare un altro monitor	riesce a farmi questa prova	1>2	implicit	expansion.restatement.specification	reformulation
ne posso smontare uno	mi ci vuole un pò di tempo naturalmente	1<2	implicit	comparison.concession	concession
<DIGIT> <NUM> <*> <DIGIT> <DIGIT> <DIGIT> <*> <DIGIT> <DIGIT> <DIGIT> <DIGIT>	oppure un attimo le do il cellulare	1<2	explicit	expansion.alternative	alternation
le do il cellulare	che sono in giro nei laboratori	1<2	explicit	contingency.cause	causal
mi dica solo verso che ora	io verso che ora la chiamo domani	1<2	implicit	repetition	reformulation
le lascio anche solo il il numero della chiamata	così ha il riferimento della <*> chiamata	1<2	explicit	contingency.goal	purpose
lei si chiama	e mi dica	1<2	explicit	expansion.conjunction	conjunction
facciamo le <NUM>	ci sentiamo allora domani verso le <NUM>	1<2	explicit	expansion.restatement.equivalence	reformulation
ci sentiamo allora domani verso le <NUM>	così vediamo di capire se è un problema del monitor o della scheda video	1<2	explicit	contingency.goal	purpose
capire se è un problema del monitor o della scheda video	io le mando poi l' assistenza	1<2	explicit	temporal.asynchronous	temporal
hai aperto una remedy	ho aperto una remedy web	1<2	implicit	repetition	reformulation
ho aperto una remedy web giusto per per una richiesta su un' assistenza per il plotter	poi <*> è stata registrata	1<2	explicit	temporal.asynchronous	temporal
l' altro sarebbe anche un pò urgente	perchè abbiamo un pò di consegne da fare presso gli utenti	1<2	explicit	contingency.cause	causal
abbiamo un pò di consegne da fare presso gli utenti	se non ci funziona il plotter c' è un pò di problema	1>2	implicit	contingency.cause	causal
se non ci funziona il plotter	c' è un pò di problema	1>2	explicit	contingency.condition	condition
l' inventario che vedo censimento è il <NUM> <NUM> <*> <NUM>	e <*> ho messo anche il numero di matricola	1<2	explicit	expansion.conjunction	conjunction
l' inventario che vedo censimento è il <NUM> <NUM> <*> <NUM>	poi ho messo anche il numero di matricola	1<2	explicit	temporal.asynchronous	temporal
adesso tanto vedo le mie colleghe stanno già registrando comunque	stanno già gestendo la remedy	1<2	implicit	expansion.restatement.equivalence	reformulation
le mie colleghe <*> stanno già gestendo la remedy	io gliela sollecito	1<2	implicit	comparison.concession	concession
ti ho anche il riferimento di un collega	se ci fosse necessità di informazione in più	1<2	explicit	contingency.condition	condition
noi abbiamo tre computer	e nessuno dei tre	1<2	explicit	expansion.conjunction	conjunction
nessuno dei tre	a parte che uno non funziona proprio	1<2	explicit	comparison.concession	concession
uno non funziona proprio	non si accende nemmeno	1<2	implicit	contingency.cause	causal
non si accende nemmeno	però gli altri due che sono comunque funzionanti non non si riesce ad accedere a Intranet	1<2	explicit	comparison.concession	concession
sì <*> scritto tutto in inglese	non riusciamo a capire	1>2	explicit	contingency.cause	causal
posso collegarmi un attimo	così vediamo l' errore che vi dà	1<2	explicit	contingency.goal	purpose
avrei bisogno solo del censimento del settore informatica del computer	e cosa le le serve praticamente	1<2	explicit	expansion.conjunction	conjunction
avrei bisogno solo del censimento del settore informatica del computer	e <*> ce l' ha <*> RWS	1<2	explicit	expansion.conjunction	conjunction
io adesso sono su questo <*> PC	però c' è anche l' altro	1<2	explicit	comparison.concession	concession
io adesso sono su questo <*> PC però c' è anche l' altro	però <*> se va uno va anche l' altro	1<2	explicit	comparison.concession	concession
se va uno	va anche l' altro	1>2	explicit	contingency.condition	condition
se va uno va anche l' altro poi	dovrebbe essere così	1>2	implicit	contingency.cause	causal
provo a collegarmi un attimo	così vediamo	1<2	explicit	contingency.goal	purpose
vediamo	perché probabilmente è un problema che è rimasto da quando è stata cambiata la la Intranet	1<2	explicit	contingency.cause	causal
probabilmente è un problema che è rimasto da quando	è stata cambiata la la Intranet	1>2	explicit	temporal.asynchronous	temporal
probabilmente è un problema che è rimasto da quando è stata cambiata la la Intranet	ho paura che sia dovuto a quello	1<2	implicit	expansion.conjunction	conjunction
vediamo se riesco a collegarmi	perché è molto lento	1<2	explicit	contingency.cause	causal
è molto lento	è lentissimo	1<2	implicit	repetition	reformulation
è lentissimo	lentissimo purtroppo	1<2	implicit	repetition	reformulation
lentissimo purtroppo	è così infatti	1<2	explicit	expansion.restatement.equivalence	reformulation
vanno abilitati determinati indirizzi IP	e probabilmente i vostri non sono stati correttamente abilitati	1<2	explicit	expansion.conjunction	conjunction
devo verificare con i sistemisti	probabilmente ci sono degli indirizzi IP che non sono stati correttamente abilitati	1<2	implicit	contingency.cause	causal
faccio solo un' operazione qui	perché <*> devo recuperarmi un dato che è <*> quella del gateway	1<2	explicit	contingency.cause	causal
se riesco	perché lì ci mette <*> parecchio	1<2	explicit	contingency.cause	causal
devo recuperarmi un dato	e se vuole <*> glielo do io	1<2	explicit	expansion.conjunction	conjunction
<NUM> <NUM> per tutti c' è scritto quindi	penso che sia tra i computer <NUM> <NUM>	1>2	explicit	contingency.cause	causal
ce l' ha questo dato	perché non riesco a raggiungerlo con l' IP	1<2	explicit	contingency.cause	causal
non riesco a raggiungerlo con l' IP	dovrebbe essere raggiungibile	1<2	implicit	comparison.contrast	contrast
aspetti	che proviamo <*> a recuperarlo <*> direttamente	1<2	explicit	contingency.goal	purpose
sono due settimane	e allora c' è da quando è stata cambiata la Intranet	1<2	explicit	contingency.condition	condition
in sede di stampa non riesco a validare	perchè non mi da la voce valida piano	1<2	explicit	contingency.cause	causal
non mi da la voce valida piano	non non compare proprio la voce	1<2	implicit	expansion.restatement.equivalence	reformulation
non non compare proprio la voce	non compare	1<2	implicit	repetition	reformulation
non compare	c' è solo stampa	1<2	implicit	expansion.conjunction	conjunction
avrei bisogno solo di un recapito telefonico	perchè giro una segnalazione per l' assistenza	1<2	explicit	contingency.cause	causal
giro una segnalazione per l' assistenza	così faccio verificare la procedura	1<2	explicit	contingency.goal	purpose
le metto anche l' urgenza nella chiamata	pensavo fosse una cosa che purtroppo si potesse fare subito	1<2	implicit	comparison.concession	concession
no	perche io non ho accesso alla procedura	1<2	explicit	contingency.cause	causal
io non ho accesso alla procedura per quello	devo per forza farla richiamare	1>2	explicit	contingency.cause	causal
tra quanto	perchè io tra mezz' ora esco	1<2	explicit	contingency.cause	causal
io tra mezz' ora esco	nel pomeriggio poi c' è	1<2	explicit	temporal.asynchronous	temporal
non ci sono	non la troviamo	1>2	implicit	contingency.cause	causal
no	fino a <WD> poi non ci sono	1<2	explicit	temporal.asynchronous	temporal
fino a <WD> poi non ci sono	perchè <WD> è festa	1<2	explicit	contingency.cause	causal
fino a <WD> poi non ci sono <*> allora	lo segnalo	1>2	explicit	contingency.condition	condition
non so neanche se ci sono i tecnici	perchè non siamo proprio nella stessa sede	1<2	explicit	contingency.cause	causal
io vedo di fare una cosa urgente	se se ci va bene tra mezz' ora la la contattano	1<2	implicit	contingency.goal	purpose
se ci va bene	tra mezz' ora la la contattano	1>2	explicit	contingency.condition	condition
guardi un pò dovrebbe	esserci l' etichetta del settore informatica <*> sulla base	1<2	implicit	contingency.cause	causal
mi collego un attimo al suo computer	così gliela installo	1<2	explicit	contingency.goal	purpose
è proprio scollegata	nel senso che è ancora impacchettata	1<2	explicit	expansion.restatement.specification	reformulation
è proprio scollegata <*> allora	me la deve collegare signora	1>2	explicit	contingency.condition	condition
no non non no	perchè ho già provato una volta ho fatto un casino	1<2	explicit	contingency.cause	causal
ho già provato una volta	ho fatto un casino	1<2	implicit	temporal.asynchronous	temporal
ho già provato una volta ho fatto un casino allora	è per quello che vi ho chiamato	1>2	explicit	contingency.cause	causal
è per quello che vi ho chiamato	ho proprio bisogno che <*> qualcuno <*> venga	1<2	implicit	contingency.cause	causal
se mi può avvertire	perchè <*> il <NUM> poi sono in ferie	1<2	explicit	contingency.cause	causal
questa settimana ci sona	ma il <NUM> poi sono in ferie	1<2	explicit	contingency.goal	purpose
visto che ci sono solo io e nessun altro può entrare in ufficio	se qualcuno mi avverte prima	1>2	explicit	contingency.cause	causal
ci sono solo io	e nessun altro può entrare in ufficio	1<2	explicit	expansion.conjunction	conjunction
nessun altro può entrare in ufficio	perchè è chiuso a chiave	1<2	explicit	contingency.cause	causal
allora le lascio il numero di intervento	così le sì mando mando lì qualcuno	1<2	explicit	contingency.goal	purpose
le lascio il numero di intervento	allora la richiesta è la numero <NUM> <*> <NUM> <DIGIT> <DIGIT>	1<2	explicit	expansion.restatement.specification	reformulation
mi conferma solo il telefono	così <*> la faccio chiamare	1<2	explicit	contingency.goal	purpose
noi siamo in <LOC> <LOC> <NUM>	questa è la mia sede	1<2	implicit	expansion.restatement.specification	reformulation
questa è la mia sede	però abbiamo un computer ancora delle della vecchia guardia	1<2	explicit	comparison.concession	concession
è una <*> fotocopiatrice	è una fotocopiatrice multifunzione	1<2	implicit	repetition	reformulation
questa questo computer non è collegato alla rete	perchè il palazzo non è in rete	1<2	explicit	contingency.cause	causal
questo computer non è collegato alla rete	però la <*> macchina il tecnico della fotocopiatrice non ha potuto attivarla	1<2	explicit	comparison.concession	concession
la <*> macchina il tecnico della fotocopiatrice non ha potuto attivarla	perchè non può installare i drive sul computer	1<2	explicit	contingency.cause	causal
non può installare i drive sul computer	però ad	1<2	explicit	interrupted	organization
per mettere il cavetto deve avere la scheda di rete	secondo me hanno tutte le nostre macchine la scheda di rete	1<2	implicit	comparison.contrast	contrast
non è ancora stata fisicamente collegata	però ha il cavetto che è un cavetto di rete	1<2	explicit	comparison.concession	concession
ha il cavetto che è un cavetto di rete	non una porta seriale	1<2	implicit	expansion.conjunction	conjunction
non una porta seriale	ma un cavetto di quelli tipo telefonici	1<2	explicit	expansion.restatement.specification	reformulation
è un cavetto di rete non una porta seriale <*> quindi	è è questa stampante è dotata è sicuramente di una scheda di rete	1>2	explicit	contingency.cause	causal
quindi è è questa stampante è dotata è sicuramente di una scheda di rete	è <*> una stampante che dovrà essere predisposta per diventare stampante di rete	1>2	implicit	contingency.cause	causal
in questo momento il palazzo non è cablato <*> allora	è me è meglio collegarlo	1>2	explicit	contingency.condition	condition
è possibile	però appunto preferirei che il tecnico chiamasse il tecnico del <ORG> chiamasse direttamente la sede	1<2	explicit	comparison.concession	concession
preferirei che il tecnico chiamasse il tecnico del <ORG> chiamasse direttamente la sede	le do il numero di telefono	1>2	implicit	contingency.cause	causal
il tecnico chiamasse	il tecnico del <ORG> chiamasse direttamente la sede	1<2	implicit	repetition	reformulation
è del museo	ma è stata collocata lassù	1<2	explicit	comparison.concession	concession
è urgente	perchè dobbiamo attivarla per delle mostre	1<2	explicit	contingency.cause	causal
sì	ma in questo momento non ho sotto mano il il numero	1<2	explicit	comparison.concession	concession
sì	però se può telefonare fare questa telefonata il tecnico risolve direttamente là	1<2	explicit	comparison.contrast	contrast
ha marca e modello	o chiedo poi a lei	1<2	explicit	expansion.alternative	alternation
se <*> mi fa <*> un piacere	chiede lei	1>2	explicit	contingency.condition	condition
se chiede lei mi fa <*> un piacere	perchè per me io devo fare tutto un' altra serie di cose di scadenze e questi sono degli intoppi	1<2	explicit	contingency.cause	causal
io devo fare tutto un' altra serie di cose di scadenze	e questi sono degli intoppi	1<2	explicit	expansion.conjunction	conjunction
telefonate a lei	così vi spiegate	1<2	explicit	contingency.goal	purpose
vi spiegate	e <*> è competente a sufficienza per potervi descrivere la situazione	1<2	explicit	expansion.conjunction	conjunction
vi spiegate	oltretutto è competente a sufficienza per potervi descrivere la situazione	1<2	explicit	expansion.conjunction	conjunction
la chiamata è fatta a mio nome	perchè il computer comunque è registrato a mio nome come dipendente regionale	1<2	explicit	contingency.cause	causal
adesso faccio una chiamata alla <PER>	così le faccio dare i dati del computer	1<2	explicit	contingency.goal	purpose
ha un problema sulla diretta del <ORG> <ORG>	allora non si avvia la diretta	1<2	explicit	expansion.restatement.specification	reformulation
quando <*> mi compare una finestra sì in <SW> <SW> <SW> che dice che è impossibile riprodurre il file	io clicco sul sito del <ORG> <ORG> per poter accedere alla diretta	1>2	explicit	temporal.asynchronous	temporal
dice che è impossibile riprodurre il file	chiede di effettuare la connessione ad internet o inserire il supporto rimovibile in cui è contenuto il file	1<2	implicit	expansion.conjunction	conjunction
effettuare la connessione ad internet	o inserire il supporto rimovibile in cui è contenuto il file	1<2	explicit	expansion.alternative	alternation
effettuare la connessione ad internet o inserire il supporto rimovibile in cui è contenuto il file	quindi provare a riprodurre il file	1<2	explicit	temporal.asynchronous	temporal
ha un problema sulla diretta del <ORG> <ORG>	è un problema però solo mio	1<2	explicit	comparison.concession	concession
è un problema però solo mio	perchè il mio collega nella stessa stanza si connette tranquillamente	1<2	explicit	contingency.cause	causal
il mio collega nella stessa stanza si connette tranquillamente allora	dovrebbe esserci un' opzione da impostare in <*> in <SW> <SW>	1>2	explicit	contingency.condition	condition
sì sì sì allora	provi solo a fare questo	1>2	explicit	contingency.cause	causal
provi solo a fare questo	poi al limite se	1<2	explicit	interrupted	organization
è l' unica cosa che non c' è non c' è	ho selezioni interfaccia servizi premium copia su CD sintonizzatore catalogo copia guida informazioni di esecuzione e basta	1<2	implicit	expansion.restatement.specification	reformulation
l' unica cosa che non c' è non c' è <*> allora	verso il basso dovrebbe trovare un' opzione con scritto connetti ad internet tra parentesi	1>2	explicit	contingency.condition	condition
se fa clic col tasto destro su proprio sulla barra dove c' è scritto <SW> <SW> <SW>	le si apre un menù okay <*> strumenti <*> strumenti <*> opzioni	1>2	explicit	contingency.condition	condition
le si apre un menù <*> strumenti <*> strumenti <*> opzioni	verso il basso dovrebbe trovare un' opzione con scritto connetti ad internet	1<2	implicit	temporal.asynchronous	temporal
no non c' era allora	metta il segno di spunta	1>2	explicit	contingency.condition	condition
metta il segno di spunta	poi faccia applica	1<2	explicit	temporal.asynchronous	temporal
faccia applica	adesso dovrebbe chiuderlo	1<2	implicit	temporal.asynchronous	temporal
chiuderlo	e provare nuovamente ad accedere alla diretta video	1<2	explicit	temporal.asynchronous	temporal
adesso non c' è la diretta	però fà gia tutta un' altra videata	1<2	explicit	comparison.contrast	contrast
fà gia tutta un' altra videata <*> allora	è a posto	1>2	explicit	contingency.condition	condition
è a posto	è a posto	1<2	implicit	repetition	reformulation
non riuscite a visualizzare le timbrature	cioè nel senso che noi abbiamo le quattro timbrature giornaliere <*> però non ci compare il saldo giornaliero del dell' orario effettuato	1<2	explicit	expansion.restatement.specification	reformulation
non riuscite a visualizzare le timbrature	nel senso che noi abbiamo le quattro timbrature giornaliere <*> però non ci compare il saldo giornaliero del dell' orario effettuato	1<2	explicit	expansion.restatement.specification	reformulation
noi abbiamo le quattro timbrature giornaliere quindi sì quella all' ingresso le pa le <DIGIT> di pausa mensa e quella di uscita	però non ci compare il saldo giornaliero del dell' orario effettuato	1<2	explicit	comparison.concession	concession
non ci compare il saldo giornaliero del dell' orario effettuato	non mi compare <*> a fine settimana il saldo delle ore settimanali che ho appunto effettuato	1<2	implicit	expansion.conjunction	conjunction
non mi compare <*> a fine settimana il saldo delle ore settimanali che ho appunto effettuato	ho ad esempio preso le ferie la settimana scorsa non compare il codice delle ferie	1<2	explicit	expansion.instantiation	elaboration
ho ad esempio preso le ferie la settimana scorsa	non compare il codice delle ferie	1<2	implicit	comparison.concession	concession
non compare il codice delle ferie	tutti i dati che puntualmente ho verificato all' ufficio personale invece sono stati sono stati inseriti	1<2	explicit	comparison.concession	concession
aspetti	che vedo se ce l' ho il dunque	1<2	explicit	contingency.goal	purpose
lei riesce ad entrare nelle timbrature	però <*> non vede i dati aggiornati	1<2	explicit	comparison.concession	concession
non vede i dati aggiornati	ad esempio non so lei se adesso <*> sta vedendo quello che vedo io	1<2	explicit	expansion.instantiation	elaboration
non vede i dati aggiornati	il <WD> <NUM> tanto per dirne una io lì avevo <*> preso del permesso che <*> è stato puntualmente codificato e inserito come codice dalla persona addetta al personale del <*> mio della mia direzione ma lì non mi compare nulla	1<2	altlex	expansion.instantiation	elaboration
il <WD> <NUM> tanto per dirne una io lì avevo <*> preso del permesso che <*> è stato puntualmente codificato e inserito come codice dalla persona addetta al personale del <*> mio della mia direzione	ma lì non mi compare nulla	1<2	explicit	comparison.concession	concession
lì non mi compare nulla	così <*> il <WD> se lei vede non c' è il totale delle ore giornaliere così anche il <WD>	1<2	explicit	expansion.conjunction	conjunction
lì non mi compare nulla	ad esempio il <WD> <*> non c' è il totale delle ore giornaliere così anche il <WD>	1<2	explicit	expansion.instantiation	elaboration
lì non mi compare nulla	nella settimana successiva ad esempio sono state inserite altre codifiche e anche lì queste non appaiono	1<2	explicit	expansion.instantiation	elaboration
nella settimana successiva ad esempio sono state inserite altre codifiche	e anche lì queste non appaiono	1<2	explicit	expansion.conjunction	conjunction
anche lì queste non appaiono	e <*> oggi stesso ieri stesso ad esempio o alle timbrature non c' è comunque una una non sono aggiornati comunque i dati	1<2	explicit	expansion.conjunction	conjunction
lì non mi compare nulla	oggi stesso ieri stesso ad esempio o alle timbrature non c' è comunque una una non sono aggiornati comunque i dati	1<2	explicit	expansion.instantiation	elaboration
al personale risulta tutto inserito correttamente tutto	quanto meno al personale risulta quelle che sono sia le ferie che i codici	1<2	explicit	expansion.restatement.specification	reformulation
sono inseriti da loro	perchè avendo preso io del permesso o avendo io preso ferie loro devono comunque inserirli manualmente	1<2	explicit	contingency.cause	causal
fino al <NUM> va tutto bene	compare tutto dal <NUM> in avanti	1<2	implicit	expansion.restatement.equivalence	reformulation
compare tutto dal <NUM> in avanti	praticamente ho solo le timbrature senza senza tutto quello che è in acce	1<2	explicit	expansion.restatement.specification	reformulation
praticamente ho solo le timbrature senza senza tutto quello che è in acce	ad esempio dal <DIGIT> in avanti fino a tutta la settimana del <NUM> io ho preso ferie e dovrebbe con quanto meno comparire quel <NUM> che lei ha visto non so al <WD> <NUM> che è stato sicuramente inserito a conferma della <*> però non non ha non compare	1<2	explicit	expansion.instantiation	elaboration
ad esempio dal <DIGIT> in avanti fino a tutta la settimana del <NUM> io ho preso ferie	e dovrebbe con quanto meno comparire quel <NUM> che lei ha visto non so al <WD> <NUM>	1<2	explicit	expansion.conjunction	conjunction
dovrebbe con quanto meno comparire quel <NUM> che lei ha visto non so al <WD> <NUM>	però non non ha non compare come anche la la timbratura giornaliera di ieri del <NUM>	1<2	explicit	comparison.concession	concession
non non ha non compare come anche la la timbratura giornaliera di ieri del <NUM>	ho le quattro timbrature ma non ho l' orario finale giornaliero	1<2	implicit	expansion.restatement.specification	reformulation
ho le quattro timbrature	ma non ho l' orario finale giornaliero	1<2	explicit	comparison.contrast	contrast
ho capito	e come a lei mi ha detto anche <*> le colleghe vero hanno questo problema	1<2	explicit	expansion.conjunction	conjunction
io questa cosa qui l' avevo già segnalata anche al nostro nostro settore che si occupa dello stato giuridico rile rilevamento badge	mi han detto che avrebbero provveduto a a informare il <ORG>	1<2	implicit	expansion.conjunction	conjunction
mi han detto che avrebbero provveduto a a informare il <ORG> ma questo <*> a inizio mese	e non è successo ancora nulla	1<2	explicit	comparison.concession	concession
non è successo ancora nulla	e adesso non so se è un problema	1<2	explicit	expansion.conjunction	conjunction
magari appunto ci state lavorando	e questo problema non è stato risolto	1<2	explicit	expansion.conjunction	conjunction
mi informo	cerco di capire appunto chi si occupa di dell' inserimento più che altro dei dati	1<2	implicit	contingency.goal	purpose
cerco di capire appunto chi si occupa di dell' inserimento più che altro dei dati	e sulla procedura delle timbrature <*> me ne occupo io un attimo	1<2	explicit	expansion.conjunction	conjunction
sulla procedura delle timbrature <*> me ne occupo io un attimo	e <*> mi dia mi lasci un numero di telefono	1<2	explicit	expansion.conjunction	conjunction
non riusciamo a visualizzare il le sedute del <ORG> <ORG> <*> da qualche gior da qualche giorno	poi ci sono state le vacanze	1<2	explicit	temporal.asynchronous	temporal
su <SW> <SW> <SW> <*> c' è un' opzione che ho scoperto bisogna impostare	le dico come fare	1>2	implicit	contingency.cause	causal
su <SW> <SW> <SW> <*> c' è un' opzione che <*> bisogna impostare	dovrebbe risolvere il problema su <SW> <SW> <SW>	1<2	implicit	contingency.cause	causal
le dico come fare	tanto è una cosa molto semplice	1<2	explicit	expansion.conjunction	conjunction
le dico come fare	dovrebbe aprire <SW> <SW> sì <SW>	1<2	implicit	expansion.restatement.specification	reformulation
se <*> c' è la voce opzioni opzioni internet	va su strumenti opzioni	1>2	explicit	contingency.condition	condition
deve aprire questa	deve aprire proprio <SW> <SW> <SW>	1<2	implicit	expansion.restatement.specification	reformulation
dovrebbe avere un menù strumenti	non lo vedo	1<2	implicit	comparison.concession	concession
deve cliccare sulla casellina	in modo che compaia il segno di spunta	1<2	explicit	contingency.goal	purpose
deve cliccare sulla casellina	e dovrebbe bastare questo	1<2	explicit	expansion.conjunction	conjunction
dovrebbe bastare questo	provi solo a chiudere <*> sia in sia <SW> <SW> che <SW> <SW>	1<2	explicit	comparison.concession	concession
chiudere <*> sia in sia <SW> <SW> che <SW> <SW>	e ha provare a entrare sulla sulla seduta	1<2	explicit	temporal.asynchronous	temporal
e ha provare a entrare sulla sulla seduta	a vedere se riesce <*> a visualizzarla	1<2	implicit	contingency.goal	purpose
provi solo a chiudere <*> sia <SW> <SW> che <SW> <SW> <*> e ha provare a entrare sulla sulla seduta	quindi riapro internet <*> <SW>	1<2	explicit	expansion.restatement.equivalence	reformulation
quindi riapro internet <*> <SW>	vado su su consiglio	1<2	implicit	temporal.asynchronous	temporal
vado su su consiglio	mi dà messaggio di errore	1<2	implicit	temporal.asynchronous	temporal
è un pò lungo	dovrebbe metterci un attimo	1<2	implicit	expansion.restatement.equivalence	reformulation
dovrebbe metterci un attimo	perchè si carica tutto il <*> il file in streaming	1<2	explicit	contingency.cause	causal
dovrebbe metterci un attimo	però se non le dà l' errore siamo già sulla buona	1<2	explicit	comparison.contrast	contrast
se non le dà l' errore	siamo già sulla buona strada	1>2	explicit	contingency.condition	condition
mi dà un' immagine un pò strana	però <*> funziona	1<2	explicit	comparison.concession	concession
faccia solo impostare anche questa opzione per i suoi colleghi	e dovrebbe risolverli <*> risolvere anche a loro	1<2	explicit	contingency.goal	purpose
faccia solo impostare anche questa opzione per i suoi colleghi	ma gliela <*> imposto io	1<2	explicit	comparison.contrast	contrast
la casella di posta per il quale bisogna effettuare il reset è la sua personale	ma è solo da <SW> <*> l' accesso esterno	1<2	explicit	comparison.concession	concession
ma lei mi faccia <*> capire	lei ha sia <SW> programma che poi quando va fuori <*> dalla <SW>	1<2	implicit	expansion.restatement.specification	reformulation
esatto <*> quindi	adesso lei è sul suo computer	1>2	explicit	contingency.condition	condition
no	adesso sono sul computer nella postazione a a <LOC>	1<2	implicit	expansion.restatement.specification	reformulation
adesso sono sul computer nella postazione a a <LOC> quindi	non abbiamo la possibilità di	1>2	explicit	interrupted	organization
ho ho un' accesso <SW> anche <*> che mi era stato fatto come accesso ospite	perchè io utilizzo sempre la stessa macchina macchina e quindi avevo chiesto per comodità però caso mai fosse proprio anche esternamente o a casa cioè ho necessità di <*> vedere la posta	1<2	explicit	contingency.cause	causal
io utilizzo sempre la stessa macchina macchina	e <*> avevo chiesto per comodità	1<2	explicit	expansion.conjunction	conjunction
io utilizzo sempre la stessa macchina macchina <*> quindi	avevo chiesto per comodità	1>2	explicit	contingency.cause	causal
avevo chiesto per comodità	caso mai fosse proprio anche esternamente o a casa cioè ho necessità di <*> vedere la posta	1<2	explicit	contingency.condition	condition
le spiego	le spiego come come funziona	1<2	implicit	repetition	reformulation
visto che lei sulla macchina quella di <LOC> in teoria ha ancora <SW> <*> programma <*> ha ancora <SW> programma proprio <*> installato	da lì c' è la possibilità di andare a cambiare la password per la <SW>	1>2	explicit	contingency.cause	causal
le spiego come come funziona	da lì c' è la possibilità di andare a cambiare la password per la <SW>	1<2	implicit	expansion.restatement.specification	reformulation
da lì c' è la possibilità di andare a cambiare la password per la <SW>	però non è detto che funzioni	1<2	explicit	comparison.concession	concession
però non è detto che funzioni	perchè se le è scaduta non l' ha utilizzata per tot mesi quindi è scaduta	1<2	explicit	contingency.cause	causal
se le è scaduta	non l' ha utilizzata per tot mesi	1>2	explicit	contingency.condition	condition
non l' ha utilizzata per tot mesi quindi	è scaduta	1>2	explicit	contingency.cause	causal
quindi è scaduta in quel caso	in quel caso dobbiamo <*> intervenire noi	1>2	altlex	contingency.condition	condition
lo facciamo	lo facciamo noi	1<2	implicit	repetition	reformulation
richiede <*> allora il suo recapito telefonico al quale eventualmente posso ricontattarla <*> nel corso della giornata	le posso dare o il cellulare o altrimenti <NUM> <NUM> come interno	1>2	explicit	contingency.condition	condition
altrimenti <NUM> <NUM> come interno	oppure <*> mi dica il <*> cellulare	1<2	explicit	expansion.alternative	alternation
che stato fatto l' intervento	e che quindi è a posto	1<2	explicit	expansion.conjunction	conjunction
stato fatto l' intervento <*> quindi	è a posto	1>2	explicit	contingency.cause	causal
finisco solo di chiudere questo	e poi vediamo l' altro	1<2	explicit	temporal.asynchronous	temporal
finisco solo di chiudere questo	poi vediamo l' altro	1<2	explicit	temporal.asynchronous	temporal
mentre <*> si segni il numero di chiamata	ci siamo	1>2	explicit	temporal.synchrony	temporal
si segni il numero di chiamata	e questa è quella per la <SW> casella di posta per <SW> <SW>	1<2	explicit	expansion.conjunction	conjunction
fanno il reset	la richiamo	1<2	implicit	temporal.asynchronous	temporal
la richiamo	proviamo poi insieme a vedere se effettivamente <*> si si riesce a accedere	1<2	explicit	temporal.asynchronous	temporal
non me lo ricordo più	era stato fatto per la postazione di <LOC>	1<2	implicit	comparison.concession	concession
avevo precedentemente chiesto di installare <SW> <SW> nuova versione	perchè altrimenti non mi funzionavano	1<2	explicit	contingency.cause	causal
installare <SW> <SW> nuova versione	altrimenti non mi funzionavano	1<2	explicit	expansion.alternative	alternation
avevo precedentemente chiesto di installare <SW> <SW> nuova versione	poi non andava	1<2	explicit	temporal.asynchronous	temporal
non andava allora	io ho chiesto <*> ho chiesto a <PER> di farmelo	1>2	explicit	contingency.cause	causal
non andava	poi io ho chiesto <*> ho chiesto a <PER> di farmelo	1<2	explicit	temporal.asynchronous	temporal
ho chiesto <*> ho chiesto a <PER> di farmelo	mentre ero qui a <LOC>	1<2	explicit	temporal.synchrony	temporal
ho chiesto a <PER> di farmelo	e mi ha detto quando sei una volta a <LOC> mi telefoni	1<2	explicit	temporal.asynchronous	temporal
quando <*> mi telefoni	sei una volta a <LOC>	1>2	explicit	contingency.condition	condition
questa qua poi è stata risolta <WD> <NUM> <*> dal signor <PER>	e mi ha detto di comunicarlo a voi	1<2	explicit	expansion.conjunction	conjunction
mi ha detto di comunicarlo a voi	in maniera che risulti che lui l' ha fatta	1<2	explicit	contingency.goal	purpose
non è che per caso è la richiesta quella che faceva riferimento all' impossibilità di accedere alle <*> procedure informatiche	perchè in teoria qua non è ancora stata assegnata al tecnico	1<2	explicit	contingency.cause	causal
mi ha detto di comunicarlo a voi in maniera che risulti che lui l' ha fatta <*> allora	io chiamo chi di dovere	1>2	explicit	contingency.condition	condition
io chiamo chi di dovere	e la faccio assegnare a lui	1<2	explicit	contingency.goal	purpose
la faccio assegnare a lui	almeno lui poi ce la ce la chiude	1<2	explicit	temporal.asynchronous	temporal
almeno lui poi ce la ce la chiude	e ci fa pervenire la sua <*> chiusura	1<2	explicit	temporal.asynchronous	temporal
io la richiamo più tardi <*> non appena	mi comunicano l' avvenuto reset della password <*> di <SW>	1>2	explicit	temporal.asynchronous	temporal
io <*> faccio un test anche da un' altra macchina	così almeno vedo se se va bene	1<2	explicit	contingency.goal	purpose
non riesco	sì non riesco a collegarmi	1<2	implicit	repetition	reformulation
non riesce a sentire le <*> le sedute del consiglio	non riesco a collegarmi	1<2	implicit	contingency.cause	causal
impossibile riprodurre il file	effettuare la connessione a internet	1>2	implicit	contingency.cause	causal
effettuare la connessione a internet	o inserire un supporto rimovibile in cui è contenuto il file	1<2	explicit	expansion.alternative	alternation
inserire un supporto rimovibile in cui è contenuto il file	e quindi riprovare a riprodurre il file	1<2	explicit	temporal.asynchronous	temporal
inserire un supporto rimovibile in cui è contenuto il file	quindi riprovare a riprodurre il file	1<2	explicit	temporal.asynchronous	temporal
effettuare la connessione a internet o inserire un supporto rimovibile in cui è contenuto il file e quindi riprovare a riprodurre il file <*> allora	dovrebbe essere una cosa abbastanza semplice	1>2	explicit	contingency.cause	causal
e in alto dovrebbe avere il menù file modifica	dev' esserci una voce strumenti	1<2	implicit	expansion.conjunction	conjunction
lei è su <SW> <SW> adesso allora	devo uscire	1>2	explicit	contingency.cause	causal
se guarda verso il basso	troverà un' opzione con scritto connetti a internet	1>2	explicit	contingency.condition	condition
troverà un' opzione con scritto connetti a internet	dev' esserci il segno di spunto	1<2	implicit	contingency.condition	condition
dev' esserci il segno di spunto	e <*> dia pure okay	1<2	explicit	expansion.conjunction	conjunction
dev' esserci il segno di spunto	poi dia pure okay	1<2	explicit	temporal.asynchronous	temporal
dia pure okay	e adesso può chiudere in <SW> <SW>	1<2	explicit	expansion.conjunction	conjunction
adesso può chiudere in <SW> <SW>	e provi un pò a collegarsi alla seduta del consiglio	1<2	explicit	expansion.conjunction	conjunction
provi un pò a collegarsi alla seduta del consiglio	penso che sia fattibile adesso	1<2	implicit	contingency.cause	causal
se ha tempo solo un attimo	vediamo	1>2	explicit	contingency.condition	condition
abbiamo la presa di una torretta di alimentazione per un <*> computer	e la presa collegata che dovrebbe essere collegata al gruppo di continuità non funziona	1<2	explicit	expansion.conjunction	conjunction
la presa collegata che dovrebbe essere collegata al gruppo di continuità non funziona quindi	stiamo collegando la macchina alla presa normale con i problemi conseguenti	1>2	explicit	contingency.cause	causal
il la torretta in questione è nel	e che numero è la torretta	1<2	explicit	expansion.conjunction	conjunction
io non vedo nessuno numero	non è numerata	1>2	implicit	contingency.cause	causal
non è numerata	perchè <*> attorno io non ho trovato niente	1<2	explicit	contingency.cause	causal
sono già andata sotto anche io	ma non è numerata	1<2	explicit	comparison.concession	concession
segnalo appunto che la torretta non è numerata	allora signora le lascio il numero di intervento	1<2	explicit	temporal.asynchronous	temporal
allora lei è la signora <PER> <PER>	e mi diceva che aveva ha problemi ad aprire le libere determine	1<2	explicit	expansion.conjunction	conjunction
aveva ha problemi ad aprire le libere determine	mi dice impossibile visualizzare la pagina	1<2	implicit	expansion.restatement.specification	reformulation
mi dice impossibile visualizzare la pagina	tutto il resto funziona	1<2	implicit	comparison.concession	concession
tutto il resto funziona	perchè sono già entrata nel nel protocollo nel portale della formazione in workflow	1<2	explicit	contingency.cause	causal
sono già entrata nel nel protocollo nel portale della formazione in workflow quindi	tutto il resto funziona	1>2	explicit	contingency.cause	causal
tutto il resto funziona	solo qui non va	1<2	implicit	comparison.contrast	contrast
mi dà solo l' RWS della macchina	che mi collego	1<2	explicit	contingency.goal	purpose
numero <*> di posta settore informatica	perchè me l' hanno cambiato ultimamente	1<2	explicit	contingency.cause	causal
me l' hanno cambiato ultimamente e	non me lo ricordo più	1>2	explicit	contingency.cause	causal
no	stamattina funzionava	1<2	implicit	contingency.cause	causal
funzionava	funzionava	1<2	implicit	repetition	reformulation
ho questo problema da quando	avete mandato quel messaggio che il server non veniva veniva interrotto	1>2	explicit	temporal.asynchronous	temporal
ho questo problema da quando avete mandato quel messaggio che il server non veniva veniva interrotto	e insomma è da lì che ha questo problema <*> da quel momento lì	1<2	explicit	expansion.restatement.equivalence	reformulation
ho questo problema da quando avete mandato quel messaggio che il server non veniva veniva interrotto	insomma è da lì che ha questo problema <*> da quel momento lì	1<2	explicit	expansion.restatement.equivalence	reformulation
allora vediamo solo un attimo lei dove si trova come sede signora	le stavo guardando se per caso avevano segnalato qualcosa <LOC> <LOC> <LOC> server giù per intervento hardware ma questo questa mattina	1<2	implicit	contingency.cause	causal
adesso va vero	perchè a volte signora non parte in automatico	1<2	explicit	contingency.cause	causal
a volte signora non parte in automatico <*> questo componente qua lo <SW> <SW>	quando lei avvia una procedura che sia delibera che sia determine	1<2	explicit	temporal.synchrony	temporal
a volte signora non parte in automatico <*> lo <SW> <SW>	magari bisogna provare a chiudere la la pagina	1>2	explicit	contingency.cause	causal
chiudere la la pagina	avviare questo questo elemento questo componente	1<2	implicit	temporal.asynchronous	temporal
andando su <SW> <SW> start	e <*> cliccando una volta con il tasto sinistro	1<2	explicit	temporal.asynchronous	temporal
avviare questo questo elemento questo componente	e <*> riaprire le procedure	1<2	explicit	temporal.asynchronous	temporal
avviare questo questo elemento questo componente	poi riaprire le procedure	1<2	explicit	temporal.asynchronous	temporal
a volte parte	a meno che proprio non ci siano problemi di altro genere	1<2	explicit	expansion.alternative	alternation
a meno che proprio non ci siano problemi di altro genere	però se dà impossibile visualizzare la pagina selezionando sulla procedura provare a fare questo operazione qui <*> va bene	1<2	explicit	comparison.contrast	contrast
se <*> va bene	dà impossibile visualizzare la pagina selezionando sulla procedura provare a fare questo operazione qui	1>2	explicit	contingency.condition	condition
impossibile visualizzare la pagina selezionando sulla procedura	provare a fare questo operazione qui	1>2	implicit	contingency.cause	causal
posso collegarmi alla macchina	almeno vediamo cosa è che non le permette di navigare	1<2	explicit	contingency.goal	purpose
almeno vediamo cosa è che non le permette di navigare	perchè la macchina è in rete quindi <*> dovrebbe poter navigare	1<2	explicit	contingency.cause	causal
la macchina è in rete quindi	dovrebbe poter navigare	1>2	explicit	contingency.cause	causal
dovrebbe poter navigare	magari è qualche impostazione di internet che è venuta meno	1<2	implicit	comparison.concession	concession
magari è qualche impostazione di internet che è venuta meno	magari ho fatto qualche casino io	1<2	implicit	comparison.contrast	contrast
magari ho fatto qualche casino io	così almeno vi rendete conto che casino faccio	1<2	explicit	contingency.goal	purpose
almeno vi rendete conto che casino faccio	ma sarà sicuramente una una stupidaggine	1<2	explicit	comparison.contrast	contrast
ieri avevano anche altri	però oggi proprio di nuovo ho detto bom	1<2	explicit	comparison.concession	concession
funziona bom	funziona	1<2	implicit	repetition	reformulation
mi vede che mi sono collegato	intanto verifichiamo solo che non ci siano connessioni anomale	1<2	explicit	temporal.synchrony	temporal
verifichiamo solo che non ci siano connessioni anomale	perchè il problema <*> su questa pagina qua aspettiamo un attimo se riesce a caricarcela adesso	1<2	explicit	contingency.cause	causal
vede che adesso le sta caricando tutto	provi magari lei a vedere se carica le pagine che ha intenzione di <*> visitare	1<2	implicit	expansion.conjunction	conjunction
un file <*> si apre	fai chiudi	1>2	implicit	contingency.condition	condition
lei non vuole questa <*> cosa	vuole l' intranet	1<2	implicit	expansion.restatement.specification	reformulation
sì	allora cancelliamo questa su cosa	1<2	explicit	contingency.condition	condition
cancelliamo questa su cosa	mettiamo W W W punto regione punto <LOC> <*> punto I T	1<2	implicit	temporal.asynchronous	temporal
è stato cambiato il contratto	visto che il contratto di lavoro anche <*> è stato rinnovato	1<2	explicit	contingency.cause	causal
scadeva a fine mese scorso	adesso non so come lo hanno rinnovato sinceramente	1<2	implicit	expansion.conjunction	conjunction
adesso non so come lo hanno rinnovato sinceramente	bisogna chiedere all' azienda	1>2	implicit	contingency.cause	causal
l' unica cosa strana appunto che i tornelli invece che ci sia stata la disattivazione della vecchia	perchè erano i primi che mi bloccavano di solito alla scaden	1<2	explicit	contingency.cause	causal
vediamo se è arrivata la mail dall' ufficio commesse	perchè noi siamo <*> subordinati a quella mail	1<2	explicit	contingency.cause	causal
noi siamo <*> subordinati a quella mail	nel senso che una volta che ci arriva la <*> comunicazione noi riattiviamo l' utente	1<2	explicit	contingency.cause	causal
una volta che <*> noi riattiviamo l' utente	ci arriva la <*> comunicazione	1>2	explicit	temporal.asynchronous	temporal
ti risulta che ti ha mandato la mail il reparto delle commesse	perchè la loro han bloccato <*> han bloccato la l' utenza	1<2	explicit	contingency.cause	causal
la loro han bloccato <*> han bloccato la l' utenza	è finito il <NUM> il <NUM>	1<2	implicit	expansion.conjunction	conjunction
han bloccato la l' utenza	però <*> adesso sta controllando se è arrivata la mail per l' attivazione	1<2	explicit	comparison.concession	concession
stanno registrando per <MISC> il progetto <MISC>	il riconoscitore vocale è tutto in automatico telefonico	1<2	implicit	expansion.conjunction	conjunction
la remedy che hanno aperto quindi	la mail c' è arrivata	1>2	explicit	contingency.cause	causal
la mail c' è arrivata	invece <*> allora si abbiamo reinoltrato	1<2	explicit	expansion.alternative	alternation
responsabile chi è segnato	perchè <*> nel frattempo è cambiato	1<2	explicit	contingency.cause	causal
nel frattempo è cambiato quindi	che non sia arrivato a	1>2	explicit	contingency.cause	causal
quà non ci sono riferimenti	mi metto in contatto un attimo con la collega che ci ha gestito questa richiesta	1>2	implicit	contingency.cause	causal
facciamo una cosa	mi metto in contatto un attimo con la collega che ci ha gestito questa richiesta	1<2	implicit	expansion.restatement.specification	reformulation
mi metto in contatto un attimo con la collega che ci ha gestito questa richiesta	le do un colpo di telefono io tra un paio di minuti	1<2	implicit	temporal.asynchronous	temporal
le do un colpo di telefono io tra un paio di minuti	ci risentiamo fra due cinque minuti	1<2	implicit	expansion.restatement.equivalence	reformulation
io non ho nel senso l' utente	visto che le regole sono di mettere nome e cognome <*> e poi la password però io non ce l' ho	1<2	explicit	contingency.cause	causal
le regole sono di mettere nome e cognome <*> e poi la password	però io non ce l' ho	1<2	explicit	comparison.concession	concession
no	perchè non ho ancora il PC	1<2	explicit	contingency.cause	causal
non ho ancora il PC	non hai ancora niente	1>2	implicit	repetition	reformulation
io posso fare una cosa di questo tipo	posso <*> posso aprire un intervento e chiedere il reset della password della <SW> <SW>	1<2	implicit	expansion.restatement.specification	reformulation
non non c' è una una password di default	perchè nessuno m' ha detto niente	1<2	explicit	contingency.cause	causal
m' hanno abilitato da poco	m' hanno detto che poi mi avrebbero attivato la <SW> <SW>	1<2	implicit	temporal.synchrony	temporal
dalle regole c' è nome e cognome come utente	però password resettate cosa vuol dire	1<2	explicit	comparison.contrast	contrast
te l' impostano una loro i miei colle	i sistemisti te ne impostano una	1<2	implicit	repetition	reformulation
i sistemisti te ne impostano una	e <*> ti mettono l' obbligo di cambio al primo accesso	1<2	explicit	expansion.conjunction	conjunction
i sistemisti te ne impostano una	poi ti mettono l' obbligo di cambio al primo accesso	1<2	explicit	temporal.asynchronous	temporal
ti mettono l' obbligo di cambio al primo accesso	così tu <*> fai accesso con quella poi te la cambi e ta la metti come vuoi	1<2	explicit	contingency.goal	purpose
tu <*> fai accesso con quella	poi te la cambi	1<2	explicit	temporal.asynchronous	temporal
te la cambi	e ta la metti come vuoi	1<2	explicit	expansion.restatement.equivalence	reformulation
io ti chiamo al <NUM> <NUM> di interno <*> appena	mi danno l' okay	1>2	explicit	temporal.asynchronous	temporal
metteranno una <*> cosa tipo <*> una cosa tipo <WORD> <WORD> <PUNC> <DIGIT> <CHAR> <DIGIT> <*> una cosa del genere	però <*> con precisione te la comunico poi quando ti richiamo più tardi	1<2	explicit	comparison.concession	concession
metteranno una <*> cosa tipo <*> una cosa tipo <WORD> <WORD> <PUNC> <DIGIT> <CHAR> <DIGIT> <*> una cosa del genere	comunque <*> con precisione te la comunico poi quando ti richiamo più tardi	1<2	explicit	comparison.concession	concession
con precisione te la comunico poi quando	ti richiamo più tardi	1>2	explicit	temporal.synchrony	temporal
deve modificare il flag di una determina	<DIGIT> che da <CHAR> deve diventare una <CHAR>	1<2	implicit	expansion.restatement.specification	reformulation
allora un secondo	così le lascio il numero della chiamata	1<2	explicit	contingency.goal	purpose
sembrerebbe che la <SW> non funzioni	non mi accetta l' utente a la <*> password mi dice utente e password non validi	1<2	implicit	contingency.cause	causal
non mi accetta l' utente a la <*> password	mi dice utente e password non validi	1<2	implicit	expansion.restatement.equivalence	reformulation
mi dice utente e password non validi	tra l' altro ho anche provato con un altro mio collega qui vicino e anche a lui gli dà lo stesso problema	1<2	explicit	expansion.conjunction	conjunction
ho anche provato con un altro mio collega qui vicino	e anche a lui gli dà lo stesso problema	1<2	explicit	expansion.conjunction	conjunction
anche a lui gli dà lo stesso problema	avete entrambi problemi di accesso	1>2	implicit	expansion.restatement.equivalence	reformulation
avete entrambi problemi di accesso	e l' ultima volta che avete che avete regolarmente fatto accesso alla <SW>	1<2	explicit	expansion.conjunction	conjunction
anche a lui gli dà lo stesso problema	tra l' altro anche un mio collega qui a fianco non <*> non entra	1<2	explicit	expansion.conjunction	conjunction
con quale nome utente facevate accesso regolarmente	allora voi con quale nome utente avete accesso	1<2	implicit	repetition	reformulation
nome spazio cognome regolarmente <*> allora	provi un pò <*> provi un pò a fare così a accedere con nome spazio cognome	1>2	explicit	contingency.condition	condition
provi un pò <*> provi un pò a fare così a accedere con nome spazio cognome	e la vecchia password quella che utilizzava <*> dovrebbe chiederle immediatamente di farle un cambio	1<2	explicit	contingency.goal	purpose
la vecchia password quella che utilizzava <*> dovrebbe chiederle immediatamente di farle un cambio	se tutto va bene	1<2	explicit	contingency.condition	condition
la vecchia password quella che utilizzava <*> dovrebbe chiederle immediatamente di farle un cambio	in realtà <*> non mi ha chiesto nulla	1<2	explicit	expansion.alternative	alternation
sono entrato	non mi ha chiesto nulla	1<2	implicit	temporal.asynchronous	temporal
devo inserire nome e cognome <*> tutte le volte	non posso mettere un alias	1<2	implicit	expansion.alternative	alternation
non posso mettere un alias	c' ho un nome chilometrico	1<2	implicit	contingency.cause	causal
c' ho un nome chilometrico	non posso ogni ogni dieci minuti <*> scrivere <PER> <PER> <PER>	1>2	implicit	contingency.cause	causal
le spiego	le spiego un attimo come funziona	1<2	implicit	repetition	reformulation
inizialmente l' accesso alla <SW> era era consentito con <*> l' iniziale del nome e un' altra parte del cognome	da parecchio tempo a questa parte l' accesso è consentito con nome spazio cognome	1<2	implicit	comparison.contrast	contrast
da parecchio tempo a questa parte l' accesso è consentito con nome spazio cognome	alcuni utenti avevano ancora il vecchio accesso con lo short I D	1<2	implicit	comparison.contrast	contrast
alcuni utenti avevano ancora il vecchio accesso con lo short I D	hanno fatto si vede dei lavori sul server <*> e da oggi	1<2	implicit	interrupted	organization
è così così per tutti	infatti non è la prima chiamata di questo tipo <*> che ricevo	1<2	explicit	contingency.cause	causal
come al solito fanno i lavori	e non lo segnalano	1<2	explicit	temporal.asynchronous	temporal
non credo pro	non credo <*> proprio	1<2	implicit	repetition	reformulation
non credo pro	non credo <*> proprio	1<2	altlex	temporal.asynchronous	temporal
già mi era lungo scrivere <PER> <PER> e poi la password <*> adesso devo scrivere <PER> <PER> tutto <PER> <*> <PER>	gia rincoglionivo prima adesso devo rincoglionire due volte	1>2	explicit	expansion.restatement.specification	reformulation
già mi era lungo scrivere <PER> <PER> e poi la password <*> adesso devo scrivere <PER> <PER> tutto <PER> <*> <PER>	gia rincoglionivo prima adesso devo rincoglionire due volte	1>2	altlex	temporal.asynchronous	temporal
provare a mandarci una mail	provi a mandarci una mail	1<2	implicit	repetition	reformulation
provi a mandarci una mail	purtroppo non sono io che faccio questo tipo di operazioni	1<2	implicit	contingency.cause	causal
provi a mandarci una mail	noi vediamo di di mandarla ai sistemisti di posta	1<2	implicit	contingency.goal	purpose
mandarla ai sistemisti di posta	inoltrare la richiesta	1<2	implicit	expansion.conjunction	conjunction
non non sono a conoscenza che l' abbiano se l' abbiano già fatto o meno	tentar non nuoce	1<2	implicit	comparison.concession	concession
ci sono due colleghi che hanno perso il PIN	due colleghi che hanno perso il PIN	1<2	implicit	repetition	reformulation
ci sono due colleghi che hanno perso il PIN <*> allora	avrei bisogno del nominativo delle di queste due persone	1>2	explicit	contingency.condition	condition
ha mica il numero di matricola	mi dà dare il numero di matricula di <PER>	1<2	implicit	repetition	reformulation
è al <ORD> piano l' ufficio	è al <ORD> piano	1<2	implicit	repetition	reformulation
aspetti	che <*> prendo il numero di <*> matricola	1<2	explicit	contingency.goal	purpose
aspetti	che prendo il numero di <*> matricola	1<2	explicit	contingency.goal	purpose
aspetti un attimo	che veda se funziona	1<2	explicit	contingency.goal	purpose
<PER> <PER> mi dice che l' ha trovato	invece di <PER> <PER> quello è sicuro che non c' è	1<2	explicit	expansion.alternative	alternation
intanto le lascio il numero di chiamata	allora il numero di chiamata è <DIGIT> <DIGIT> <DIGIT> <*> <DIGIT> <DIGIT> <DIGIT> <DIGIT>	1<2	explicit	expansion.restatement.specification	reformulation
è andata a vedere se funziona	che la mia collega è la prima volta che si collega	1<2	explicit	contingency.cause	causal
la mia collega è la prima volta che si collega	perché prima non si entrava con il PIN	1<2	explicit	contingency.cause	causal
le dava qualche errore prima	quando la collega non riusciva ad accedere	1<2	explicit	temporal.synchrony	temporal
siccome non aveva bisogno di entrare	il le bollature le le vedeva comunque	1>2	explicit	contingency.cause	causal
non aveva bisogno di entrare	perché lei non è che fa protocollo	1<2	explicit	contingency.cause	causal
il le bollature le le vedeva comunque	perché entravi nella smart	1<2	explicit	contingency.cause	causal
entravi nella smart	bastava che sapesse il numero invece di entrare nel protoco	1>2	implicit	contingency.goal	purpose
mi può attendere un attimo	che mi <*> squilla l' altro tele	1<2	explicit	contingency.cause	causal
la <PER> <PER> è a posto	è a posto	1<2	implicit	repetition	reformulation
avrei bisogno che mi facesse una cortesia	provi a andare su su risorse del computer	1<2	implicit	expansion.restatement.specification	reformulation
provi a andare su su risorse del computer	poi vada in C	1<2	explicit	temporal.asynchronous	temporal
è proprio risorse del computer	ma dovrebbe vederlo da entrambi sia <*> da esplora	1<2	explicit	comparison.contrast	contrast
dovrebbe vederlo da entrambi sia <*> da esplora	lo vedo solo dal C da risorse del computer	1<2	implicit	expansion.alternative	alternation
ho aperto disco locale C	poi guardi se già qui in questa directory c' è una cartella che si chiama <SW>	1<2	explicit	temporal.asynchronous	temporal
se non c' è	andiamo dentro programmi	1>2	explicit	contingency.condition	condition
apro	ho aperto	1<2	implicit	temporal.asynchronous	temporal
apriamo anche quella	entriamo dentro la cartella data	1<2	implicit	temporal.asynchronous	temporal
se lei va a cercarne uno che si chiama dovrebbe chiamarsi <CHAR> <PER> o qualcosa del genere	mi serve che mi dica nel dettaglio proprio	1>2	explicit	contingency.condition	condition
la richiamo io non appena	mi comunicano l' avvenuta ricertificazione	1>2	explicit	temporal.asynchronous	temporal
mi comunicano l' avvenuta ricertificazione	e proviamo poi a effettua a effettuare accesso	1<2	explicit	temporal.asynchronous	temporal
mi comunicano l' avvenuta ricertificazione	proviamo poi a effettua a effettuare accesso	1<2	explicit	temporal.asynchronous	temporal
ha problemi	compongo il numero di col telefono telefono e al terzo numero va giù la lina	1<2	implicit	expansion.restatement.specification	reformulation
al terzo numero va giù la lina	va giù la linea	1<2	implicit	repetition	reformulation
lei si <*> chiama signora	lei è in <LOC> <LOC> <LOC> giusto	1<2	implicit	expansion.conjunction	conjunction
lei è in <LOC> <LOC> <LOC> giusto	qual' è il suo interno	1<2	implicit	expansion.conjunction	conjunction
qual' è il suo interno	a che piano e stanza signora	1<2	implicit	expansion.conjunction	conjunction
non hai problemi alla linea dati vero solo fisso linea fonia	non hai problemi di altro tipo	1>2	implicit	expansion.restatement.specification	reformulation
non hai problemi di altro tipo	allora ti mando lì attivo il gruppo di <PER>	1<2	explicit	contingency.condition	condition
aspetta	che la salvo fonia fissa telefono fisso	1<2	explicit	contingency.goal	purpose
ti lascio il numero di remedy	allora la remedy è la numero <NUM> <*> <DIGIT> <DIGIT> <*> <NUM>	1<2	explicit	expansion.restatement.specification	reformulation
c' è l' aspetto <*> urgente	visto che naturalmente <*> uno del telefono ha estrema necessità	1<2	explicit	contingency.condition	condition
si è spenta proprio <*> il computer improvvisamente	spento il computer	1<2	implicit	repetition	reformulation
si è spenta proprio <*> il computer improvvisamente	e adesso non si accendo più	1<2	explicit	temporal.asynchronous	temporal
adesso non si accendo più	ho provato ma non dà segni di vita	1<2	implicit	expansion.restatement.equivalence	reformulation
ho provato	ma non dà segni di vita	1<2	explicit	comparison.concession	concession
è già capitato un mese fa circa un mese e mezzo fa che si rompesse la scheda dell' avviamento quindi	io non vorrei <*> ecco non vorrei che sia la stessa cosa	1>2	explicit	contingency.cause	causal
non vorrei che sia la stessa cosa	perchè non si accende nessuno LED neanche davanti	1<2	explicit	contingency.cause	causal
non si accende nessuno LED neanche davanti	fa uno strano rumore	1<2	implicit	expansion.conjunction	conjunction
fa uno strano rumore	quando schiaccio il pulsante	1<2	explicit	temporal.synchrony	temporal
fa uno strano rumore	però non parte la macchina	1<2	explicit	comparison.concession	concession
non parte la macchina quindi	proprio <CHARS>	1>2	explicit	contingency.cause	causal
spetti	che guardo	1<2	explicit	contingency.goal	purpose
credo proprio di sì	perchè se non si accende <*> proprio	1<2	explicit	contingency.cause	causal
credo proprio di sì	se non si accende <*> proprio	1<2	explicit	contingency.condition	condition
riesce solo a vedere dietro se c' è il pulsantino	di solito c' è un <*> pulsante dell' alimentatore	1<2	implicit	contingency.cause	causal
se è scattato	per caso è sullo zero	1>2	explicit	contingency.condition	condition
per caso è sullo zero	dovrebbe essere sull' uno	1<2	implicit	contingency.cause	causal
è sull' uno	è sull' uno	1<2	implicit	repetition	reformulation
è sull' uno <*> allora	c' è proprio qualche qualche problema di tipo hardware	1>2	explicit	contingency.condition	condition
c' è proprio qualche qualche problema di tipo hardware	invece il monitor si accende correttamente	1<2	explicit	comparison.concession	concession
no	però gli arriva l' alimentazione	1<2	explicit	comparison.concession	concession
gli arriva l' alimentazione	si è acceso	1<2	implicit	expansion.conjunction	conjunction
si è acceso	la luce c' è	1<2	implicit	expansion.restatement.equivalence	reformulation
la luce c' è	però non va	1<2	explicit	comparison.concession	concession
non va	perchè il PC non parte	1<2	explicit	contingency.cause	causal
il PC non parte	infatti <*> non ha segnale	1<2	explicit	contingency.cause	causal
massima urgenza per favore	perchè sono fermo adesso accidenti	1<2	explicit	contingency.cause	causal
le lascio solo il numero della <*> chiamata	allora il numero di chiamata è <DIGIT> <DIGIT> <DIGIT> <*> <DIGIT> <DIGIT> <DIGIT> <DIGIT>	1<2	explicit	expansion.restatement.specification	reformulation
il numero di chiamata è <DIGIT> <DIGIT> <DIGIT> <*> <DIGIT> <DIGIT> <DIGIT> <DIGIT>	e <*> per quanto riguarda la registrazione non avevo capito prima esattamente di che cosa si <*> tratta questo progetto	1<2	explicit	expansion.conjunction	conjunction
per quanto riguarda la registrazione non avevo capito prima esattamente di che cosa si <*> tratta questo progetto	mo lo può <*> ripetere per favore	1>2	implicit	contingency.cause	causal
come capo progetto <*> c' è <ORG>	ci sono vari enti internazionali tra cui alcune università	1<2	implicit	expansion.conjunction	conjunction
è un progetto di ricerca che il <ORG> sta seguendo assieme	è proprio solo un progetto <*> esclusivamente per lo sviluppo delle tecnologie di riconoscimento <*> vocale	1<2	implicit	expansion.restatement.specification	reformulation
è proprio solo un progetto <*> esclusivamente per lo sviluppo delle tecnologie di riconoscimento <*> vocale	devono essere registrate delle <*> delle delle voci	1>2	explicit	contingency.cause	causal
devono essere registrate delle <*> delle delle voci	noi ci <*> registriamo delle chiamate	1>2	implicit	contingency.cause	causal
noi ci <*> registriamo delle chiamate	e <*> ci saranno delle persone che le trascrivono	1<2	explicit	expansion.conjunction	conjunction
noi ci <*> registriamo delle chiamate	poi ci saranno delle persone che le trascrivono	1<2	explicit	temporal.asynchronous	temporal
le trascrivono	e cercano di sviluppare questi software che fanno il riconoscimento	1<2	explicit	expansion.conjunction	conjunction
ho capito	ho capito	1<2	implicit	repetition	reformulation
io inoltro subito la richiesta con massima urgenza	e arriverà qualcuno del della parte hardware	1<2	explicit	temporal.asynchronous	temporal
