unit1_txt	unit2_txt	dir	rel_type	orig_label	label
آثار نظامیگنجوی تواناییهای منحصربهفردی دارد	و ب دین سبب است که نظامی یکی از پنج سخنسرای بزرگ ایران و یکی از سرایندگان بزرگ ادبیات جهان است .	1>2	unknown	explanation	explanation
آثار نظامیگنجوی تواناییهای منحصربهفردی دارد	که فراتر از مرزهای فرهنگیای میرود	1<2	unknown	attribution	attribution
که فراتر از مرزهای فرهنگیای میرود	که آن را تولید کرده است	1<2	unknown	elaboration	elaboration
که فراتر از مرزهای فرهنگیای میرود	و میتواند با مخاطبان مختلف در جهان با سنجهها و سلیقههای متفاوت گفتوگو کند	1<2	unknown	joint	conjunction
و ب دین سبب است که نظامی یکی از پنج سخنسرای بزرگ ایران و یکی از سرایندگان بزرگ ادبیات جهان است .	نظامی بزرگترین سراینده منظومههای عاشقانه است	1>2	unknown	background	frame
نظامی بزرگترین سراینده منظومههای عاشقانه است	و شاعری ایراندوست و ایرانستاست	1<2	unknown	joint	conjunction
و مروری بر آثاری <*> نشان میدهد	که نظامیپژوهی از نظر انتشار آثار بدیع و تحلیلی رشد مناسبی نداشته	1>2	unknown	attribution	attribution
و مروری بر آثاری <*> نشان میدهد	که در یکسال گذشته از نظامی و درباره او در ایران منتشر شده ،	1<2	unknown	elaboration	elaboration
نظامی بزرگترین سراینده منظومههای عاشقانه است	که نظامیپژوهی از نظر انتشار آثار بدیع و تحلیلی رشد مناسبی نداشته	1<2	unknown	contrast	contrast
که نظامیپژوهی از نظر انتشار آثار بدیع و تحلیلی رشد مناسبی نداشته	و آثاری <*> تکرار حرفهای گذشتگان است .	1<2	unknown	joint	conjunction
و آثاری <*> تکرار حرفهای گذشتگان است .	که منتشر میشود ،	1<2	unknown	elaboration	elaboration
نظامی بزرگترین سراینده منظومههای عاشقانه است	ضرورت دارد که دانشگاهها و مراکز فرهنگی توجه بیشتری به گنجینه ادبی نظامی بکنند .	1<2	unknown	cause	causal
نظامی بزرگترین سراینده منظومههای عاشقانه است	در سال ۹۷ مجموعا ۵۵ عنوان کتاب با شمارگان ۴۶هزار نسخه از نظامی و درباره نظامی منتشر شده	1<2	unknown	elaboration	elaboration
در سال ۹۷ مجموعا ۵۵ عنوان کتاب با شمارگان ۴۶هزار نسخه از نظامی و درباره نظامی منتشر شده	که لیلیومجنون با ۱۵ بار انتشار و ۱۲۳۰۰نسخه و خسرووشیرین با ۱۴ بار انتشار و شمارگان دوازدههزار نسخه با اقبال بیشتری روبهرو بوده است .	1<2	unknown	elaboration	elaboration
که لیلیومجنون با ۱۵ بار انتشار و ۱۲۳۰۰نسخه و خسرووشیرین با ۱۴ بار انتشار و شمارگان دوازدههزار نسخه با اقبال بیشتری روبهرو بوده است .	پس از آن هفتپیکر ۹ بار در این سال منتشر شده است .	1<2	unknown	joint	conjunction
که لیلیومجنون با ۱۵ بار انتشار و ۱۲۳۰۰نسخه و خسرووشیرین با ۱۴ بار انتشار و شمارگان دوازدههزار نسخه با اقبال بیشتری روبهرو بوده است .	درباره اندیشه و آرای نظامی نیز ۷ عنوان کتاب به چاپ رسیده است .	1<2	unknown	joint	conjunction
نظامی بزرگترین سراینده منظومههای عاشقانه است	نظامی شاعری است	1<2	unknown	topic-change	conjunction
نظامی شاعری است	که شاعری را با اشعار کوتاه آغاز کرد	1<2	unknown	elaboration	elaboration
که شاعری را با اشعار کوتاه آغاز کرد	و سپس در حدود چهلسالگی به منظومهسرایی پرداخت	1<2	unknown	joint	conjunction
و سپس در حدود چهلسالگی به منظومهسرایی پرداخت	و از این بابت به فردوسی شباهت دارد	1<2	unknown	evaluation	comment
که شاعری را با اشعار کوتاه آغاز کرد	و بیش از همه از فردوسی و شاهنامه تاثیر پذیرفته است ،	1<2	unknown	joint	conjunction
که شاعری را با اشعار کوتاه آغاز کرد	ولی پس از نظامی ، سرایندگان بسیاری در هند و ایران و ترکیه به تقلید از منظومههای نظامی پرداختهاند	1<2	unknown	joint	conjunction
ولی پس از نظامی ، سرایندگان بسیاری در هند و ایران و ترکیه به تقلید از منظومههای نظامی پرداختهاند	از امیرخسرو دهلوی تا جامی ، وحشیبافقی ، مکتبیشیرازی ، فضولیبغدادی و شاعران دیگر .	1<2	unknown	elaboration	elaboration
ولی پس از نظامی ، سرایندگان بسیاری در هند و ایران و ترکیه به تقلید از منظومههای نظامی پرداختهاند	کمتر شاعری در ادب فارسی مانند نظامی داریم	1<2	unknown	evaluation	comment
کمتر شاعری در ادب فارسی مانند نظامی داریم	که این تعداد مقلد داشته باشد	1<2	unknown	elaboration	elaboration
کمتر شاعری در ادب فارسی مانند نظامی داریم	و در میان آثار شاعران پارسیگوی ، منظومههای نظامی بیش از کتابهای دیگر سرمشق شاعران قرنهای بعد شده	1<2	unknown	joint	conjunction
کمتر شاعری در ادب فارسی مانند نظامی داریم	و نظیرههای بسیاری برای آنها پدید آورده است .	1<2	unknown	joint	conjunction
نظامی شاعری است	هنوز اندیشهها و حکمت نظامی به خوبی تبیین و تحلیل نشده	1<2	unknown	contrast	contrast
نظامی شاعری است	و در آثار نظامی حکمت و گرایشهای فلسفی مشهود است	1<2	unknown	joint	conjunction
نظامی شاعری است	و بیسبب نیست که لقب حکیم گرفته است .	1<2	unknown	joint	conjunction
نظامی شاعری است	ایراندوستی نظامی به همراه دینورزی	1<2	unknown	joint	conjunction
نظامی شاعری است	او	1<2	unknown	joint	conjunction
او	ست	1<2	unknown	elaboration	elaboration
ست	همه آثارش سرشار از اشاره به اساطیر و تاریخ و روایات کهن است	1<2	unknown	joint	conjunction
نظامی شاعری است	که همیشه با غرور و احترام از آن یاد میکند	1<2	unknown	joint	conjunction
نظامی شاعری است	و ب دان میبالد	1<2	unknown	joint	conjunction
نظامی بزرگترین سراینده منظومههای عاشقانه است	و توجه او به آموزههای دینی در تمام آثارش به ویژه دیباچههای او در خمسه ، حکایت از ایمان عمیق او به توحید و دیانت اسلام و ارادت به پیامبر ( ص ) دارد	1<2	unknown	topic-change	conjunction
و توجه او به آموزههای دینی در تمام آثارش به ویژه دیباچههای او در خمسه ، حکایت از ایمان عمیق او به توحید و دیانت اسلام و ارادت به پیامبر ( ص ) دارد	و در آثار ش بارها به اخلاق زهد و گوشهنشینی و شبزندهداری و روزه گرفتن و چله نشستن خود اشاره کرده است .	1<2	unknown	contrast	contrast
و در آثار ش بارها به اخلاق زهد و گوشهنشینی و شبزندهداری و روزه گرفتن و چله نشستن خود اشاره کرده است .	با اینکه نظامیپژوهان جهان چون هلموت ریتر ، یان ریپکا ، برتلس ، الساندرو بایوزانی ، کریستوف بورگل ، کارلو سکونه و پایولا اورساتی آثار نظامی را ترجمه و درباره او مقاله و کتاب نوشتهاند ،	1<2	unknown	joint	conjunction
و توجه او به آموزههای دینی در تمام آثارش به ویژه دیباچههای او در خمسه ، حکایت از ایمان عمیق او به توحید و دیانت اسلام و ارادت به پیامبر ( ص ) دارد	اما این نظامیپژوهان بیشتر در آلمان ، چک ، روسیه ، ایتالیا ، فرانسه ، انگلیس و . . . به این زبانها اثر	1<2	unknown	evaluation	comment
نظامی بزرگترین سراینده منظومههای عاشقانه است	آفریدها	1<2	unknown	topic-change	conjunction
آفریدها	ند <*> و امید است که با تلاش ایرانشناسان ، دپارتمانهای زبان در کشورهای دیگر ، رایزنیهای فرهنگی جمهوری اسلامی در ایران و مراکز ادبی و فرهنگی در سالهای آتی ، نظامیپژوهی رونق بیشتری در داخل و خارج از کشور داشته باشد .	1<2	unknown	contrast	contrast
ند <*> و امید است که با تلاش ایرانشناسان ، دپارتمانهای زبان در کشورهای دیگر ، رایزنیهای فرهنگی جمهوری اسلامی در ایران و مراکز ادبی و فرهنگی در سالهای آتی ، نظامیپژوهی رونق بیشتری در داخل و خارج از کشور داشته باشد .	و آثار نظامی به بسیاری از زبانها ترجمه نشده	1<2	unknown	elaboration	elaboration
ند <*> و امید است که با تلاش ایرانشناسان ، دپارتمانهای زبان در کشورهای دیگر ، رایزنیهای فرهنگی جمهوری اسلامی در ایران و مراکز ادبی و فرهنگی در سالهای آتی ، نظامیپژوهی رونق بیشتری در داخل و خارج از کشور داشته باشد .	نامگذاری روزهایی برای بزرگداشت مفاخر ادبی و فلسفی و دینی در تقویمها فقط برای افتخار کردن به این بزرگان نیست ،	1<2	unknown	joint	conjunction
ند <*> و امید است که با تلاش ایرانشناسان ، دپارتمانهای زبان در کشورهای دیگر ، رایزنیهای فرهنگی جمهوری اسلامی در ایران و مراکز ادبی و فرهنگی در سالهای آتی ، نظامیپژوهی رونق بیشتری در داخل و خارج از کشور داشته باشد .	بلکه همه ما در برابر آثاری	1<2	unknown	joint	conjunction
طرح شفافیت آرای نمایندگان از طرف دوست ما جناب آقای فتحی مطرح شد .	من نه تنها به این طرح رای مثبت دادم ،	1>2	unknown	background	frame
من نه تنها به این طرح رای مثبت دادم ،	بلکه با استفاده از جایگاه عضو هیات رییسه چهار انگشت خود را برای اعلام موافقت با این طرح بالا بردم	1<2	unknown	joint	conjunction
بلکه با استفاده از جایگاه عضو هیات رییسه چهار انگشت خود را برای اعلام موافقت با این طرح بالا بردم	تا سایر دوستان نیز برای دادن رای مثبت به این طرح تشویق شوند .	1<2	unknown	enablement	purpose
من نه تنها به این طرح رای مثبت دادم ،	اما موجی <*> خالی از صداقت است	1<2	unknown	contrast	contrast
اما موجی <*> خالی از صداقت است	که این روزها درباره این طرح به راه افتاده	1<2	unknown	elaboration	elaboration
اما موجی <*> خالی از صداقت است	زیرا کسانی <*> به هیچ کدام از ملزومات شفافیت پایبند نیستند .	1<2	unknown	explanation	explanation
زیرا کسانی <*> به هیچ کدام از ملزومات شفافیت پایبند نیستند .	که اکنون در فضای عمومی خود را منادی و علمدار شفافیت آرای نمایندگان قلمداد میکنند ،	1<2	unknown	elaboration	elaboration
شفافیت مانند آزادی موازین دارد .	یکی از لازمههای آزادی بیان آن است که آزادی پس از بیان وجود داشته باشد .	1>2	unknown	background	frame
من نه تنها به این طرح رای مثبت دادم ،	یکی از لازمههای آزادی بیان آن است که آزادی پس از بیان وجود داشته باشد .	1<2	unknown	topic-drift	conjunction
گاهی برخی با سواستفاده از واژه آزادی ، آزادی را قربانی میکنند .	این اتفاق سبب قربانی آزادی میشود .	1>2	unknown	summary	organization
اگر در آزادی بیان مصونیت پس از بیان وجود نداشته باشد ،	این اتفاق سبب قربانی آزادی میشود .	1>2	unknown	condition	condition
یکی از لازمههای آزادی بیان آن است که آزادی پس از بیان وجود داشته باشد .	این اتفاق سبب قربانی آزادی میشود .	1<2	unknown	summary	organization
یکی از لازمههای آزادی بیان آن است که آزادی پس از بیان وجود داشته باشد .	شفافیت آرای نمایندگان نیز شرایطی مشابه آزادی بیان دارد .	1<2	unknown	comparison	concession
شفافیت آرای نمایندگان نیز شرایطی مشابه آزادی بیان دارد .	شفافیت نقطه کانونی گفتمان اصلاح طلبی است .	1<2	unknown	explanation	explanation
شفافیت نقطه کانونی گفتمان اصلاح طلبی است .	شفافیت عناصر و شاخصههایی دارد	1<2	unknown	joint	conjunction
شفافیت عناصر و شاخصههایی دارد	که یکی از مهم ترین شاخصههای شفافیت ، گردش آزاد اطلاعات و دسترسی آزاد به اطلاعات است .	1<2	unknown	elaboration	elaboration
که یکی از مهم ترین شاخصههای شفافیت ، گردش آزاد اطلاعات و دسترسی آزاد به اطلاعات است .	دسترسی مردم به اطلاعات حق مردم است	1<2	unknown	explanation	explanation
دسترسی مردم به اطلاعات حق مردم است	و سلب این حق نیازمند دلیل و برهان است	1<2	unknown	elaboration	elaboration
و سلب این حق نیازمند دلیل و برهان است	و ابتدا به ساکن نمیتوان مردم را از اطلاعات محروم کرد .	1<2	unknown	joint	conjunction
که یکی از مهم ترین شاخصههای شفافیت ، گردش آزاد اطلاعات و دسترسی آزاد به اطلاعات است .	اینها تنها بخشی از شاخصههای شفافیت محسوب میشود .	1<2	unknown	elaboration	elaboration
من نه تنها به این طرح رای مثبت دادم ،	مواردی که این روزها برای برخی نمایندگان نسبت به موضوع شفافیت طلبی در آرای نمایندگان تردید ایجاد کرده ، آن است که :	1<2	unknown	topic-drift	conjunction
مواردی که این روزها برای برخی نمایندگان نسبت به موضوع شفافیت طلبی در آرای نمایندگان تردید ایجاد کرده ، آن است که :	۱ - باید قبل از شفافیت آرای نمایندگان ما مصونیت طلبی پس از رای را مطالبه کنیم .	1<2	unknown	elaboration	elaboration
چرا یک نماینده باید از افشا شدن رای خود هراس داشته باشد ؟	کسانی <*> باید به این سوال پاسخ دهند که چرا ساختار ما به گونهای است که نمایندگان از مشخص شدن رای خود هراس داشته باشند ؟	1>2	unknown	summary	organization
چرا یک نماینده باید از افشا شدن رای خود هراس داشته باشد ؟	چرا فضای ساختاری ما باید به گونهای باشد که نماینده از رای خود بترسد ؟	1<2	unknown	joint	conjunction
۱ - باید قبل از شفافیت آرای نمایندگان ما مصونیت طلبی پس از رای را مطالبه کنیم .	کسانی <*> باید به این سوال پاسخ دهند که چرا ساختار ما به گونهای است که نمایندگان از مشخص شدن رای خود هراس داشته باشند ؟	1<2	unknown	manner-means	mode
کسانی <*> باید به این سوال پاسخ دهند که چرا ساختار ما به گونهای است که نمایندگان از مشخص شدن رای خود هراس داشته باشند ؟	که منادی آرای شفافیت نمایندگان هستند	1<2	unknown	elaboration	elaboration
۱ - باید قبل از شفافیت آرای نمایندگان ما مصونیت طلبی پس از رای را مطالبه کنیم .	۲ - ما باید مصونیت یکسان داشته باشیم .	1<2	unknown	joint	conjunction
۲ - ما باید مصونیت یکسان داشته باشیم .	نباید طیفی از مجلس رویین تن باشند .	1<2	unknown	summary	organization
اگر طیفی در ساختار قدرت رویین تن نبوده	حتما نمایندگان از این طرح استقبال خواهند کرد .	1>2	unknown	condition	condition
اگر طیفی در ساختار قدرت رویین تن نبوده	و برای مصونیت پس از شفافیت آرا معیار واحد وجود داشته باشد ،	1<2	unknown	joint	conjunction
نباید طیفی از مجلس رویین تن باشند .	حتما نمایندگان از این طرح استقبال خواهند کرد .	1<2	unknown	explanation	explanation
حتما نمایندگان از این طرح استقبال خواهند کرد .	مردم اکنون باید بدانند این تردیدی <*> ریشه در کجا دارد .	1<2	unknown	evaluation	comment
مردم اکنون باید بدانند این تردیدی <*> ریشه در کجا دارد .	که در میان نمایندگان برای این طرح به وجود آمده	1<2	unknown	elaboration	elaboration
این تردید به آن دلیل است که عدهای در مناسبات قدرت رویین تن بوده	این جریان نمی تواند در موضوع شفافیت آرای نمایندگان صداقت داشته باشد .	1>2	unknown	explanation	explanation
عدهای در مناسبات قدرت رویین تن بوده	و از مواهب دوگانه بهره میبرند .	1<2	unknown	joint	conjunction
این تردید به آن دلیل است که عدهای در مناسبات قدرت رویین تن بوده	همین جریان این روزها علمدار شفافیت آرای نمایندگان شده و	1<2	unknown	joint	conjunction
به همین دلایل است که ما میگوییم	این جریان نمی تواند در موضوع شفافیت آرای نمایندگان صداقت داشته باشد .	1>2	unknown	attribution	attribution
مردم اکنون باید بدانند این تردیدی <*> ریشه در کجا دارد .	این جریان نمی تواند در موضوع شفافیت آرای نمایندگان صداقت داشته باشد .	1<2	unknown	explanation	explanation
من نه تنها به این طرح رای مثبت دادم ،	شفافیت آرای نمایندگان یک مصداق از هزاران مصداق شفافیت است .	1<2	unknown	summary	organization
شفافیت آرای نمایندگان یک مصداق از هزاران مصداق شفافیت است .	دوستانی <*> اجازه دهند شفافیت در تمامی حوزههای قدرت انجام شود	1<2	unknown	evaluation	comment
دوستانی <*> اجازه دهند شفافیت در تمامی حوزههای قدرت انجام شود	که این روزها کباده شفافیت آرای نمایندگان را به دوش میکشند ،	1<2	unknown	elaboration	elaboration
اجازه دهند شفافیت در تمامی حوزههای قدرت انجام شود	و به تمامی ارکان به لوازم شفافیت تمکین کنند .	1<2	unknown	joint	conjunction
دوستانی <*> اجازه دهند شفافیت در تمامی حوزههای قدرت انجام شود	پایبندی به لوازم شفافیت در جمهوری اسلامی ایران معنابخش دموکراسی است .	1<2	unknown	explanation	explanation
عدهای هستند که در کنار عدم پایبندی به لوازم شفافیت ، شعار شفافیت میدهند	که این اتفاق سبب شده تا عدهای متصور شوند این جریان به جای شفافیت به دنبال مچ گیری است .	1>2	unknown	explanation	explanation
دوستانی <*> اجازه دهند شفافیت در تمامی حوزههای قدرت انجام شود	که این اتفاق سبب شده تا عدهای متصور شوند این جریان به جای شفافیت به دنبال مچ گیری است .	1<2	unknown	explanation	explanation
اقتصاد هر کشوری برای کارکرد مناسب نیازمند نهادهای مختلف است	و اقتصاد ایران نیز از این موضوع مستثنی نیست .	1<2	unknown	elaboration	elaboration
اقتصاد هر کشوری برای کارکرد مناسب نیازمند نهادهای مختلف است	از جمله نهادهایی <*> نهاد قانون است .	1<2	unknown	elaboration	elaboration
از جمله نهادهایی <*> نهاد قانون است .	که طرفداران تفکر نهادگرا به آن معتقد ند ،	1<2	unknown	elaboration	elaboration
از جمله نهادهایی <*> نهاد قانون است .	طرفداران تفکر نهاد گرا در کنار حاکمیت قانون به حقوق مالکیت نیز پایبند هستند .	1<2	unknown	joint	conjunction
طرفداران تفکر نهاد گرا در کنار حاکمیت قانون به حقوق مالکیت نیز پایبند هستند .	حاکمیت قانون به حقوق مالکیت کمک میکند تضمین اجرای قراردادهای امضا شده به حکم قانون عملی شود .	1<2	unknown	cause	causal
متاسفانه ما امروز در جامعه به کرات شاهد نقض قانون مالکیت افراد هستیم .	در چنین شرایطی حقوق عموم مردم و طرفین قراردادهای مختلف تضمین میشود	1>2	unknown	summary	organization
به عنوان مثال اگر در موارد مختلف از جمله بازار خودرو به قراردادهایی <*> دقت کنیم ،	شاهد نقض حقوق مالکیت خریدار هستیم .	1>2	unknown	condition	condition
به عنوان مثال اگر در موارد مختلف از جمله بازار خودرو به قراردادهایی <*> دقت کنیم ،	که میان خریدار و فروشنده امضا شده	1<2	unknown	elaboration	elaboration
متاسفانه ما امروز در جامعه به کرات شاهد نقض قانون مالکیت افراد هستیم .	شاهد نقض حقوق مالکیت خریدار هستیم .	1<2	unknown	explanation	explanation
شاهد نقض حقوق مالکیت خریدار هستیم .	دلیل این نقض حقوق خریدار توسط فروشنده ، ارتباط میان فروشنده با نهادهای قدرت است .	1<2	unknown	cause	causal
در چنین شرایطی خریدار <*> برای پیگیری حقوق مالکیت خود به کجا باید مراجعه کنند ؟	بعضا هزینه پیگیری در کشور ما آنچنان زیاد است	1>2	unknown	topic-comment	comment
در چنین شرایطی خریدار <*> برای پیگیری حقوق مالکیت خود به کجا باید مراجعه کنند ؟	که عموما مردم بدون ارتباط با نهادهای قدرت هستند ،	1<2	unknown	elaboration	elaboration
در چنین شرایطی خریدار <*> برای پیگیری حقوق مالکیت خود به کجا باید مراجعه کنند ؟	هزینه پیگیری برای مردم عادی چه مقدار خواهد بود ؟	1<2	unknown	joint	conjunction
دلیل این نقض حقوق خریدار توسط فروشنده ، ارتباط میان فروشنده با نهادهای قدرت است .	بعضا هزینه پیگیری در کشور ما آنچنان زیاد است	1<2	unknown	background	frame
بعضا هزینه پیگیری در کشور ما آنچنان زیاد است	که مردم عادی از پیگیری منصرف میشوند .	1<2	unknown	cause	causal
یکی از موارد اساسی <*> آن است که حاکمیت قانون یک الزام باشد .	در چنین شرایطی حقوق عموم مردم و طرفین قراردادهای مختلف تضمین میشود	1>2	unknown	condition	condition
یکی از موارد اساسی <*> آن است که حاکمیت قانون یک الزام باشد .	که یک نظام بازار بتواند فعالیت کند ،	1<2	unknown	enablement	purpose
از جمله نهادهایی <*> نهاد قانون است .	در چنین شرایطی حقوق عموم مردم و طرفین قراردادهای مختلف تضمین میشود	1<2	unknown	evaluation	comment
در چنین شرایطی حقوق عموم مردم و طرفین قراردادهای مختلف تضمین میشود	اما متاسفانه امروز شاهد نقض صریح حقوق مردم توسط کانونهای قدرت هستیم .	1<2	unknown	contrast	contrast
در چنین شرایطی حقوق عموم مردم و طرفین قراردادهای مختلف تضمین میشود	درکنار این موارد ، همزمان شاهد نقض مالکیت مردم توسط دولتها هستیم .	1<2	unknown	temporal	temporal
درکنار این موارد ، همزمان شاهد نقض مالکیت مردم توسط دولتها هستیم .	یکی از مواردی <*> مبادرت دولت به کاهش ارزش پول ملی است	1<2	unknown	explanation	explanation
یکی از مواردی <*> مبادرت دولت به کاهش ارزش پول ملی است	که نقض حقوق مالکیت مردم توسط دولت محسوب میشود ،	1<2	unknown	elaboration	elaboration
در چنین شرایطی حقوق عموم مردم و طرفین قراردادهای مختلف تضمین میشود	بنابراین آنچه توسط برخی دولتمردان نهادگرا عنوان میشود دارای مولفههایی است	1<2	unknown	evaluation	comment
بنابراین آنچه توسط برخی دولتمردان نهادگرا عنوان میشود دارای مولفههایی است	که باید رعایت شود .	1<2	unknown	elaboration	elaboration
بنابراین آنچه توسط برخی دولتمردان نهادگرا عنوان میشود دارای مولفههایی است	نخستین مولفه حاکمیت قانون و دومین مولفه احترام به حقوق مالکیت است .	1<2	unknown	elaboration	elaboration
اگر به این مولفه توجه شده	نهادگرایی گسترش پیدا خواهد کرد	1>2	unknown	condition	condition
اگر به این مولفه توجه شده	و به آن جامه عمل پوشانده شود ،	1<2	unknown	joint	conjunction
نخستین مولفه حاکمیت قانون و دومین مولفه احترام به حقوق مالکیت است .	نهادگرایی گسترش پیدا خواهد کرد	1<2	unknown	elaboration	elaboration
اما مادامی که ما شاهد نقض مکرر حاکمیت مردم و همچنین ناتوانی دستگاه قضایی در مقابله با این موارد <*> هستیم ،	نهادگرایی معنا ندارد .	1>2	unknown	condition	condition
به دلیل گستردگی و شدت	هستیم ،	1>2	unknown	cause	causal
نهادگرایی گسترش پیدا خواهد کرد	نهادگرایی معنا ندارد .	1<2	unknown	contrast	contrast
دراین میان صحبت از بازار آزاد فرصتی را برای صاحبان ثروت فراهم میکند	بنابراین خلا نهادی <*> احساس میشود .	1>2	unknown	evaluation	comment
دراین میان صحبت از بازار آزاد فرصتی را برای صاحبان ثروت فراهم میکند	تا در کارکرد درست بازار آزاد اخلال کنند .	1<2	unknown	enablement	purpose
دراین میان صحبت از بازار آزاد فرصتی را برای صاحبان ثروت فراهم میکند	این اتفاقی است که به کرات در ایران رخ داده	1<2	unknown	explanation	explanation
این اتفاقی است که به کرات در ایران رخ داده	و مردم شاهد تضییع حقوق شان موارد متعدد توسط نهادهای قدرتمند بوده اند	1<2	unknown	joint	conjunction
اقتصاد هر کشوری برای کارکرد مناسب نیازمند نهادهای مختلف است	بنابراین خلا نهادی <*> احساس میشود .	1<2	unknown	evaluation	comment
بنابراین خلا نهادی <*> احساس میشود .	که در چنین شرایطی مردم را همراهی و پشتیبانی کند ،	1<2	unknown	elaboration	elaboration
بنابراین خلا نهادی <*> احساس میشود .	به بیان دیگر نهادی <*> وجود ندارد .	1<2	unknown	summary	organization
به بیان دیگر نهادی <*> وجود ندارد .	که حامی منافع مردم باشد ،	1<2	unknown	elaboration	elaboration
بنابراین خلا نهادی <*> احساس میشود .	مطرح شدن موضوع بازنگری در ساختار اقتصادی ، بحث تازهای نیست .	1<2	unknown	topic-comment	comment
مطرح شدن موضوع بازنگری در ساختار اقتصادی ، بحث تازهای نیست .	در سه دهه گذشته ما همواره شاهد حضور سیاستهایی به اسم بازار آزاد بودیم	1<2	unknown	cause	causal
در سه دهه گذشته ما همواره شاهد حضور سیاستهایی به اسم بازار آزاد بودیم	و این سیاستها در شرایطی پدیدار میشدند	1<2	unknown	elaboration	elaboration
و این سیاستها در شرایطی پدیدار میشدند	که بستر نهادی تحقق بازار آزاد وجود نداشت .	1<2	unknown	elaboration	elaboration
که بستر نهادی تحقق بازار آزاد وجود نداشت .	در آن دوران اقداماتی صورت گرفت	1<2	unknown	attribution	attribution
در آن دوران اقداماتی صورت گرفت	که منافع گروههای خاص تامین شد	1<2	unknown	elaboration	elaboration
در آن دوران اقداماتی صورت گرفت	و این تامین منافع ، سبب بروز شکاف طبقاتی ، اختلاف درآمدی و از دست رفتن فرصتهای اجتماعی برای جمعیت کثیری از مردم شد .	1<2	unknown	cause	causal
و این تامین منافع ، سبب بروز شکاف طبقاتی ، اختلاف درآمدی و از دست رفتن فرصتهای اجتماعی برای جمعیت کثیری از مردم شد .	خروجی دیگر این دیدگاه ، فقر بیش از حد مردم بود .	1<2	unknown	joint	conjunction
خروجی دیگر این دیدگاه ، فقر بیش از حد مردم بود .	باید بدانیم ناامنی به دنبال فقر وارد جامعه میشود .	1<2	unknown	evaluation	comment
خروجی دیگر این دیدگاه ، فقر بیش از حد مردم بود .	مصداق یکی از ناامنیهای موجود در کشور گله مندی مردم از رفتار دیگر شهروندان است	1<2	unknown	explanation	explanation
مصداق یکی از ناامنیهای موجود در کشور گله مندی مردم از رفتار دیگر شهروندان است	که این مهم خود را به شکل یک ناهنجاری مانند کلاه برداری بروز و ظهور میکند .	1<2	unknown	elaboration	elaboration
ما برای آنکه بتوانیم یک اقتصاد سالم داشته باشیم ،	نیازمند کارکرد نهادهای اصلی و اساسی برای کارکردهای اقتصادی هستیم .	1>2	unknown	enablement	purpose
مطرح شدن موضوع بازنگری در ساختار اقتصادی ، بحث تازهای نیست .	نیازمند کارکرد نهادهای اصلی و اساسی برای کارکردهای اقتصادی هستیم .	1<2	unknown	joint	conjunction
در اقتصاد سالم ، مهم ترین کارکرد عبارت است از اعتماد عمومیبه ساختار اقتصادی .	و این مولفه مهم همان سرمایه اجتماعی است .	1>2	unknown	elaboration	elaboration
در اقتصاد سالم ، مهم ترین کارکرد عبارت است از اعتماد عمومیبه ساختار اقتصادی .	این اعتماد عمومی هم باید به ساختار باشد و هم مسوولان	1<2	unknown	elaboration	elaboration
نیازمند کارکرد نهادهای اصلی و اساسی برای کارکردهای اقتصادی هستیم .	و این مولفه مهم همان سرمایه اجتماعی است .	1<2	unknown	elaboration	elaboration
و این مولفه مهم همان سرمایه اجتماعی است .	سرمایهای که در سه دهه گذشته <*> به شدت آسیب دیده است	1<2	unknown	elaboration	elaboration
سرمایهای که در سه دهه گذشته <*> به شدت آسیب دیده است	به دلیل سیاستهای اشتباه اقتصادی	1<2	unknown	cause	causal
سرمایهای که در سه دهه گذشته <*> به شدت آسیب دیده است	که مواردی از این آسیب در بالا به آن اشاره شد .	1<2	unknown	elaboration	elaboration
برای بازسازی این سرمایه آسیب خورده	نیازمند استقرار نهادها و ساختارهای نهادی متناسب هستیم	1>2	unknown	enablement	purpose
سرمایهای که در سه دهه گذشته <*> به شدت آسیب دیده است	نیازمند استقرار نهادها و ساختارهای نهادی متناسب هستیم	1<2	unknown	topic-comment	comment
و مادامی که این نهادها مستقر نشوند ،	عملا امکان بازسازی اقتصاد کشور وجود ندارد .	1>2	unknown	condition	condition
نیازمند استقرار نهادها و ساختارهای نهادی متناسب هستیم	عملا امکان بازسازی اقتصاد کشور وجود ندارد .	1<2	unknown	elaboration	elaboration
نرخ ارز تحتتاثیر عوامل مختلفی قرار دارد	که بدون دقت در آنها نمیتوانیم شرایط بازار و تغییرات یا التهابات ارزی را بررسی کنیم .	1<2	unknown	elaboration	elaboration
که بدون دقت در آنها نمیتوانیم شرایط بازار و تغییرات یا التهابات ارزی را بررسی کنیم .	یکی از این عوامل شرایط حاکم بر اقتصاد است .	1<2	unknown	elaboration	elaboration
زمانی که نرخ ارز افزایش یافت ،	حبابهای قیمتی در بخشهای مختلف ایجاد شد .	1>2	unknown	background	frame
نرخ ارز تحتتاثیر عوامل مختلفی قرار دارد	حبابهای قیمتی در بخشهای مختلف ایجاد شد .	1<2	unknown	elaboration	elaboration
حبابهای قیمتی در بخشهای مختلف ایجاد شد .	اما با ورود نرخ ارز به کانال ١٢ و ١۳ هزار تومان ، قدری از حبابهای قیمتی تخلیه شد .	1<2	unknown	contrast	contrast
اما با ورود نرخ ارز به کانال ١٢ و ١۳ هزار تومان ، قدری از حبابهای قیمتی تخلیه شد .	از سوی دیگر تقاضا برای ارز و برخی کالاهای ارزبر نیز متعادل شد .	1<2	unknown	joint	conjunction
از سوی دیگر تقاضا برای ارز و برخی کالاهای ارزبر نیز متعادل شد .	نرخ ارز در واقع نسبت قیمت کالاهای قابل تجارت است به کالاهای غیرقابل تجارت .	1<2	unknown	elaboration	elaboration
زمانی که نرخ بیش از اندازه افزایش یافت ،	تقاضا برای برخی کالاهایی <*> تعدیل شد	1>2	unknown	background	frame
حبابهای قیمتی در بخشهای مختلف ایجاد شد .	تقاضا برای برخی کالاهایی <*> تعدیل شد	1<2	unknown	joint	conjunction
تقاضا برای برخی کالاهایی <*> تعدیل شد	که اساسی نیز نیستند ،	1<2	unknown	elaboration	elaboration
تقاضا برای برخی کالاهایی <*> تعدیل شد	و ادامه این روند نرخ ارز را پایین آورد .	1<2	unknown	joint	conjunction
تقاضا برای برخی کالاهایی <*> تعدیل شد	اما وجود شرایط رکود تورمی بر اقتصاد نیز بر کاهش نرخ ارز بیتاثیر نبوده است .	1<2	unknown	contrast	contrast
طبعا وقتی رکود بر اقتصاد حاکم باشد	تقاضای ارزی نیزبرای بازارها تاحدی کاهش مییابد .	1>2	unknown	background	frame
اما وجود شرایط رکود تورمی بر اقتصاد نیز بر کاهش نرخ ارز بیتاثیر نبوده است .	تقاضای ارزی نیزبرای بازارها تاحدی کاهش مییابد .	1<2	unknown	explanation	explanation
حبابهای قیمتی در بخشهای مختلف ایجاد شد .	از سوی دیگر ، واقعی شدن نرخ ارز ، از هم گسیختگی در بازار ارز را کم کرد	1<2	unknown	joint	conjunction
از سوی دیگر ، واقعی شدن نرخ ارز ، از هم گسیختگی در بازار ارز را کم کرد	و باعث شد دستگاهها خود شان را با شرایط و قیمتهای جدید تطبیق دهند .	1<2	unknown	joint	conjunction
از سوی دیگر ، واقعی شدن نرخ ارز ، از هم گسیختگی در بازار ارز را کم کرد	به عنوان مثال بسیاری از سفرهای دستگاههای اجرایی کاهش یافت .	1<2	unknown	elaboration	elaboration
به عنوان مثال بسیاری از سفرهای دستگاههای اجرایی کاهش یافت .	همچنین بخشی از تقاضای ارز توسط خود مردم نیز کم شد .	1<2	unknown	joint	conjunction
اما نکته مهمی <*> اهتمام بانک مرکزی بود به کنترل ارز .	به عبارت دیگر صداقت بانک مرکزی در ادعای خود مبنی بر سر و سامان دادن بازار ارز ، باعث کاهش قیمتها شد .	1>2	unknown	summary	organization
اما نکته مهمی <*> اهتمام بانک مرکزی بود به کنترل ارز .	که نباید از خاطر دور نگه داریم ،	1<2	unknown	elaboration	elaboration
اما نکته مهمی <*> اهتمام بانک مرکزی بود به کنترل ارز .	رییس کل بانک مرکزی ، جناب همتی بارها از مدیریت نوسانهای ارز توسط سیاستهای ارزی سخن گفتند	1<2	unknown	explanation	explanation
رییس کل بانک مرکزی ، جناب همتی بارها از مدیریت نوسانهای ارز توسط سیاستهای ارزی سخن گفتند	و این سیاست به اجرا درآمدو	1<2	unknown	temporal	temporal
رییس کل بانک مرکزی ، جناب همتی بارها از مدیریت نوسانهای ارز توسط سیاستهای ارزی سخن گفتند	مدیریت بازار ارز عملا باعث ثبات نسبی در بازار شد .	1<2	unknown	temporal	temporal
حبابهای قیمتی در بخشهای مختلف ایجاد شد .	به عبارت دیگر صداقت بانک مرکزی در ادعای خود مبنی بر سر و سامان دادن بازار ارز ، باعث کاهش قیمتها شد .	1<2	unknown	joint	conjunction
حبابهای قیمتی در بخشهای مختلف ایجاد شد .	تعدیل التهاب بازار ارز در کنار بهکارگیری مکانیزمهایی مانند بازار ثانویه و سامانه سنا به کاهش نرخ ارز کمک میکند .	1<2	unknown	joint	conjunction
تعدیل التهاب بازار ارز در کنار بهکارگیری مکانیزمهایی مانند بازار ثانویه و سامانه سنا به کاهش نرخ ارز کمک میکند .	رویکردها و بازارهای ارزی ، ما را به سمت بازار یکنواخت شدهای هدایت میکند	1<2	unknown	joint	conjunction
رویکردها و بازارهای ارزی ، ما را به سمت بازار یکنواخت شدهای هدایت میکند	که به تثبیت شرایط در بازار ارز کمک خواهد کرد ،	1<2	unknown	elaboration	elaboration
تعدیل التهاب بازار ارز در کنار بهکارگیری مکانیزمهایی مانند بازار ثانویه و سامانه سنا به کاهش نرخ ارز کمک میکند .	اما نکته مهمی <*> استقلال بانک مرکزی است .	1<2	unknown	contrast	contrast
اما نکته مهمی <*> استقلال بانک مرکزی است .	که نباید از قلم انداخت ،	1<2	unknown	elaboration	elaboration
تعدیل التهاب بازار ارز در کنار بهکارگیری مکانیزمهایی مانند بازار ثانویه و سامانه سنا به کاهش نرخ ارز کمک میکند .	بعد از التهابهای ارزی بانک مرکزی توانست در سایه استقلال نسبی و عدم دخالت ارگانهای دولتی تصمیمگیریهای خوب و به دور از شرایط سیاسی اتخاذ کند	1<2	unknown	explanation	explanation
بعد از التهابهای ارزی بانک مرکزی توانست در سایه استقلال نسبی و عدم دخالت ارگانهای دولتی تصمیمگیریهای خوب و به دور از شرایط سیاسی اتخاذ کند	که این عامل هم به کاهش التهابها کمک کرد .	1<2	unknown	elaboration	elaboration
نرخ ارز تحتتاثیر عوامل مختلفی قرار دارد	فلذا ، با دقت و بررسی عواملی <*> میتوان نسبت به ادامه ثبات در بازار ارز خوشبین بود .	1<2	unknown	evaluation	comment
فلذا ، با دقت و بررسی عواملی <*> میتوان نسبت به ادامه ثبات در بازار ارز خوشبین بود .	که برشمردهام	1<2	unknown	elaboration	elaboration
من منتقد رفتارها و برخوردهای خشن با دختران و زنان هستم	ابتدا باید ببینیم وزارت کشور چه اقدامی در این خصوص انجام میدهد	1>2	unknown	cause	causal
و به نظر م اینگونه برخوردها باعث نمیشود که زنان به حجاب روی بیاورند .	به عبارت دگیر این رفتارها دینی نیست .	1>2	unknown	summary	organization
من منتقد رفتارها و برخوردهای خشن با دختران و زنان هستم	به عبارت دگیر این رفتارها دینی نیست .	1<2	unknown	joint	conjunction
به عبارت دگیر این رفتارها دینی نیست .	اسلام دین رحمت است	1<2	unknown	cause	causal
اسلام دین رحمت است	و به مسلمانان امر نشده	1<2	unknown	joint	conjunction
و به مسلمانان امر نشده	تا با مردم خشونتآمیز برخورد کنند .	1<2	unknown	enablement	purpose
البته باید این موضوع را بررسی کرد	ابتدا باید ببینیم وزارت کشور چه اقدامی در این خصوص انجام میدهد	1>2	unknown	cause	causal
و از وزیر کشور هم تشکر میکنیم	ابتدا باید ببینیم وزارت کشور چه اقدامی در این خصوص انجام میدهد	1>2	unknown	background	frame
و از وزیر کشور هم تشکر میکنیم	که سریعا دستور پیگیری صادر دادند	1<2	unknown	explanation	explanation
و از وزیر کشور هم تشکر میکنیم	و البته ما نیز در مجلس پیگیر ماجرا هستیم .	1<2	unknown	joint	conjunction
ابتدا باید ببینیم وزارت کشور چه اقدامی در این خصوص انجام میدهد	میتوانیم بازنگری کنیم	1>2	unknown	background	frame
ابتدا باید ببینیم وزارت کشور چه اقدامی در این خصوص انجام میدهد	متعاقب آن ما نیز نظارت و نتایج بررسیهای وزارت کشور را پس از پیگیری به اطلاع مردم میرسانیم .	1<2	unknown	temporal	temporal
گفتنی است که راهحل رفع خشونت علیه زنان در جامعه ، در لایحه امنیت خشونت در فضای عمومی نیز تعریف شده است .	این رفتارها خشونت در فضای عمومی هستند	1>2	unknown	background	frame
این رفتارها خشونت در فضای عمومی هستند	میتوانیم بازنگری کنیم	1>2	unknown	cause	causal
و اگر در این لایحه هم موضوع خشونت علیه زنان دیده نشده باشد ،	میتوانیم بازنگری کنیم	1>2	unknown	condition	condition
میتوانیم بازنگری کنیم	پس شما میبینید برخوردهای سلبی این چنینی خیلی سریع و فوری صورت میگیرد	1>2	unknown	topic-comment	comment
میتوانیم بازنگری کنیم	در این قانون به آن اشاره کنیم	1<2	unknown	temporal	temporal
میتوانیم بازنگری کنیم	و قانونا اعلام کنیم که کسی حق اعمال خشونت نسبت به زنان و دختران را ندارد .	1<2	unknown	temporal	temporal
با این اوصاف فکر نمیکنم که افراد جامعه ما شایسته برخورد به این شکل <*> باشند .	باید با افراد جامعه اعم از زن و مرد ، کودک و حتی با حیوانات با احترام رفتار کنیم .	1>2	unknown	cause	causal
با این اوصاف فکر نمیکنم که افراد جامعه ما شایسته برخورد به این شکل <*> باشند .	که در این فیلم بخصوص دیده میشود ،	1<2	unknown	elaboration	elaboration
میتوانیم بازنگری کنیم	باید با افراد جامعه اعم از زن و مرد ، کودک و حتی با حیوانات با احترام رفتار کنیم .	1<2	unknown	cause	causal
باید با افراد جامعه اعم از زن و مرد ، کودک و حتی با حیوانات با احترام رفتار کنیم .	ما حق آزار و اذیت نداریم .	1<2	unknown	cause	causal
در حال حاضر ضرورت تصویب قانون و الزام ماموران پلیس به نصب دوربین برای حمایت و حفاظت از حقوق شهروندان و حتی متهمان و مجرمان بیش از هر زمانی احساس میشود .	پس شما میبینید برخوردهای سلبی این چنینی خیلی سریع و فوری صورت میگیرد	1>2	unknown	background	frame
ما میبینیم دادستان تهران ، شهردار پایتخت را <*> بلافاصله ساعت ١۰ و ١١ شب فرا میخواند .	پس شما میبینید برخوردهای سلبی این چنینی خیلی سریع و فوری صورت میگیرد	1>2	unknown	explanation	explanation
به سبب این که در برنامه نمایشی یک سری دختر بچه حضور پیدا کرده	و هیچ اتفاق خاصی هم نیفتاده ،	1<2	unknown	joint	conjunction
به سبب این که در برنامه نمایشی یک سری دختر بچه حضور پیدا کرده	هیچ شووناتی هم زیر پا گذاشته نشده ،	1<2	unknown	joint	conjunction
ما میبینیم دادستان تهران ، شهردار پایتخت را <*> بلافاصله ساعت ١۰ و ١١ شب فرا میخواند .	از طرف دیگر ، میبینیم که <*> و به فاصله یک روز پس از وقوع آن روز پنجشنبه ، بلافاصله مدیرکل ارشاد از کار برکنار میشود .	1<2	unknown	joint	conjunction
در پی برگزاری مراسمی در یک مجتمع تجاری در مشهد	و به فاصله یک روز پس از وقوع آن روز پنجشنبه ، بلافاصله مدیرکل ارشاد از کار برکنار میشود .	1>2	unknown	temporal	temporal
پس شما میبینید برخوردهای سلبی این چنینی خیلی سریع و فوری صورت میگیرد	فکر میکنم باید بیش از گذشته به حریم مردم احترام گذاشته شود	1>2	unknown	topic-comment	comment
پس شما میبینید برخوردهای سلبی این چنینی خیلی سریع و فوری صورت میگیرد	ولی در مقابله با خشونت روا شده با مردم ، میبینیم که روند برخورد کاملا تغییر میکند .	1<2	unknown	contrast	contrast
گویی وقتی به مردم ظلم شود	برخورد مناسبی با آن صورت نمیگیرد .	1>2	unknown	condition	condition
ولی در مقابله با خشونت روا شده با مردم ، میبینیم که روند برخورد کاملا تغییر میکند .	برخورد مناسبی با آن صورت نمیگیرد .	1<2	unknown	elaboration	elaboration
ما وزیر کشور را دیدیم که گفت	برخورد میکند	1>2	unknown	attribution	attribution
برخورد میکند	ما واقعا از وزیر کشور و نیروی انتظامی انتظار داشتیم که بلافاصله اقدامی صورت دهند .	1>2	unknown	cause	causal
و خانم دکتر ابتکار هم گفت	پیگیراین ماجرا هستند .	1>2	unknown	attribution	attribution
برخورد میکند	پیگیراین ماجرا هستند .	1<2	unknown	joint	conjunction
ما نمایندگان هم گفتیم	پیگیری میکنیم .	1>2	unknown	attribution	attribution
برخورد میکند	پیگیری میکنیم .	1<2	unknown	joint	conjunction
پس شما میبینید برخوردهای سلبی این چنینی خیلی سریع و فوری صورت میگیرد	ما واقعا از وزیر کشور و نیروی انتظامی انتظار داشتیم که بلافاصله اقدامی صورت دهند .	1<2	unknown	explanation	explanation
ما واقعا از وزیر کشور و نیروی انتظامی انتظار داشتیم که بلافاصله اقدامی صورت دهند .	اما الان معلوم نیست چه سیاستی برای مواجهه با این ماجرا در پیش گرفته شده	1<2	unknown	contrast	contrast
اما الان معلوم نیست چه سیاستی برای مواجهه با این ماجرا در پیش گرفته شده	و چه بسا مدل برخورد برعکس شده باشد	1<2	unknown	evaluation	comment
و چه بسا مدل برخورد برعکس شده باشد	زیرا صحبتهای جدیدی مطرح شده است .	1<2	unknown	cause	causal
زیرا صحبتهای جدیدی مطرح شده است .	حالا برای تبریه کردن فردی <*> موارد دیگری مطرح شده است .	1<2	unknown	cause	causal
حالا برای تبریه کردن فردی <*> موارد دیگری مطرح شده است .	که این کار را کرده	1<2	unknown	elaboration	elaboration
حالا برای تبریه کردن فردی <*> موارد دیگری مطرح شده است .	چیزی که برای من نگرانکننده است و واقعا جای تاسف دارد ، این که چه اصراری توسط بعضیها وجود دارد	1<2	unknown	topic-comment	comment
چیزی که برای من نگرانکننده است و واقعا جای تاسف دارد ، این که چه اصراری توسط بعضیها وجود دارد	که در مقابله با جامعه مدنی حرف بزنند ؟	1<2	unknown	enablement	purpose
باید به این نکته توجه کنیم	که در بسیاری موارد مردم برای آنکه نارضایتی خود را نشان دهند دست به حرکاتی میزنند	1>2	unknown	background	frame
چیزی که برای من نگرانکننده است و واقعا جای تاسف دارد ، این که چه اصراری توسط بعضیها وجود دارد	که در بسیاری موارد مردم برای آنکه نارضایتی خود را نشان دهند دست به حرکاتی میزنند	1<2	unknown	joint	conjunction
که در بسیاری موارد مردم برای آنکه نارضایتی خود را نشان دهند دست به حرکاتی میزنند	تا فرد معترض به خود را عصبانی کنند .	1<2	unknown	enablement	purpose
متاسفانه به جای این که سعی کنیم از آجرها و قطعات دیوار بلند بیاعتمادی <*> کم کنیم ،	فکر میکنم باید بیش از گذشته به حریم مردم احترام گذاشته شود	1>2	unknown	background	frame
متاسفانه به جای این که سعی کنیم از آجرها و قطعات دیوار بلند بیاعتمادی <*> کم کنیم ،	که دارد ایجاد میشود	1<2	unknown	elaboration	elaboration
متاسفانه به جای این که سعی کنیم از آجرها و قطعات دیوار بلند بیاعتمادی <*> کم کنیم ،	روز به روز به این قطعات ، اضافه میکنیم ،	1<2	unknown	comparison	concession
روز به روز به این قطعات ، اضافه میکنیم ،	به گونهای که کسانی <*> در یک طرف قرار گرفتهاند و مردم در طرف دیگر .	1<2	unknown	explanation	explanation
به گونهای که کسانی <*> در یک طرف قرار گرفتهاند و مردم در طرف دیگر .	که مسوولیت دارند ،	1<2	unknown	elaboration	elaboration
حتی اگر بخواهند بپذیرند یا نپذیرند ،	در یک طرف قرار گرفتهاند و مردم در طرف دیگر .	1>2	unknown	elaboration	elaboration
به گونهای که کسانی <*> در یک طرف قرار گرفتهاند و مردم در طرف دیگر .	نشانهای ش را این روزها در اصفهان و ورزنه ، در کازرون و خیلی نقاط دیگر میبینیم .	1<2	unknown	joint	conjunction
باید توجه داشته باشیم که سالها ست فشارهایی بر مردم وجود داشته است	و اینها مقاومتی مدنی است .	1>2	unknown	cause	causal
متاسفانه به جای این که سعی کنیم از آجرها و قطعات دیوار بلند بیاعتمادی <*> کم کنیم ،	و اینها مقاومتی مدنی است .	1<2	unknown	elaboration	elaboration
و وقتی دولت شعار حقوق شهروندی سر میدهد	باید بیشتر آن را مورد توجه قرار دهد .	1>2	unknown	condition	condition
فکر میکنم باید بیش از گذشته به حریم مردم احترام گذاشته شود	باید بیشتر آن را مورد توجه قرار دهد .	1<2	unknown	joint	conjunction
اگر میتوانید پاس بدارید	بگویید ،	1>2	unknown	condition	condition
باید بیشتر آن را مورد توجه قرار دهد .	بگویید ،	1<2	unknown	elaboration	elaboration
اگر به هر دلیلی نمیتوانید ،	صادقانه بگویید چه کسانی نمیگذارند و مردم در مواجهه با نقض حقوق شهروندی باید به کجا مراجعه کنند ؟	1>2	unknown	attribution	attribution
بگویید ،	صادقانه بگویید چه کسانی نمیگذارند و مردم در مواجهه با نقض حقوق شهروندی باید به کجا مراجعه کنند ؟	1<2	unknown	joint	conjunction
این را از سر دلسوزی برای جامعه مان میگویم ؛	و نباید به آنها <*> دامن زد .	1>2	unknown	background	frame
این روزها میزان نارضایتی خیلی زیاد است	و نباید به آنها <*> دامن زد .	1>2	unknown	elaboration	elaboration
باید بیشتر آن را مورد توجه قرار دهد .	و نباید به آنها <*> دامن زد .	1<2	unknown	cause	causal
با رفتاری مشابه آنچه در این فیلم دیده شد ،	دامن زد .	1>2	unknown	manner-means	mode
باید مبارزه با پولشویی را به عنوان یک فرصت پاس بداریم ؛	اما مبارزه با پولشویی را در دستور کار قرار ندهیم .	1>2	unknown	summary	organization
باید مبارزه با پولشویی را به عنوان یک فرصت پاس بداریم ؛	روشن است که این اتفاق نفع اقتصاد ایران است ؛	1<2	unknown	explanation	explanation
روشن است که این اتفاق نفع اقتصاد ایران است ؛	مبارزه با پولشویی ، مبارزه با پولهای کثیف ، قاچاق کالا و ارز ، مواد مخدر و …	1<2	unknown	elaboration	elaboration
باید مبارزه با پولشویی را به عنوان یک فرصت پاس بداریم ؛	این مبارزه باید در دستور کار تمام حاکمیت قرار گیرد .	1<2	unknown	evaluation	comment
نکته این است که امکان ندارد با فساد مبارزه کنیم	اما مبارزه با پولشویی را در دستور کار قرار ندهیم .	1>2	unknown	condition	condition
اما مبارزه با پولشویی را در دستور کار قرار ندهیم .	عمدهترین مشکل اقتصاد ایران <*> فرار مالیاتی و پولشویی است .	1<2	unknown	cause	causal
عمدهترین مشکل اقتصاد ایران <*> فرار مالیاتی و پولشویی است .	که متاسفانه تندروها و محافظه کاران به آن توجهی نشان نمیدهند ،	1<2	unknown	elaboration	elaboration
عمدهترین مشکل اقتصاد ایران <*> فرار مالیاتی و پولشویی است .	چه کسانی در این کشور پولشویی میکنند ؟	1<2	unknown	elaboration	elaboration
چه کسانی در این کشور پولشویی میکنند ؟	کسانی که فرار مالیاتی دارند .	1<2	unknown	topic-comment	comment
شما نگاه کنید	آقای ظریف هفته گذشته از وجود پولشویی گسترده در کشور خبر داد	1>2	unknown	background	frame
آقای ظریف هفته گذشته از وجود پولشویی گسترده در کشور خبر داد	وقتی ایران بهشت دلالان و واسطه گران است .	1>2	unknown	background	frame
آقای ظریف هفته گذشته از وجود پولشویی گسترده در کشور خبر داد	اما متاسفانه حتی از این چهره <*> ست	1<2	unknown	contrast	contrast
اما متاسفانه حتی از این چهره <*> ست	که یکی از بهترین دیپلماتهای	1<2	unknown	contrast	contrast
که یکی از بهترین دیپلماتهای	ما	1<2	unknown	joint	conjunction
آقای ظریف هفته گذشته از وجود پولشویی گسترده در کشور خبر داد	و حرف درست و مستندی زد ،	1<2	unknown	topic-comment	comment
و حرف درست و مستندی زد ،	حمایت نکردند .	1<2	unknown	background	frame
پرسش این است که چرا به ظریف حمله میشود ،	وقتی ایران بهشت دلالان و واسطه گران است .	1>2	unknown	background	frame
اما مبارزه با پولشویی را در دستور کار قرار ندهیم .	وقتی ایران بهشت دلالان و واسطه گران است .	1<2	unknown	explanation	explanation
وقتی ایران بهشت دلالان و واسطه گران است .	توجه کنید	1<2	unknown	contrast	contrast
وقتی ایران بهشت دلالان و واسطه گران است .	نسبت مالیات به تولید ناخالص داخلی در کشور ما ۷ . ۵ درصد است ،	1<2	unknown	topic-comment	comment
وقتی ایران بهشت دلالان و واسطه گران است .	در حالی که این شاخص در ترکیه ۲۰ درصد و در کشورهای اسکاندیناوی مثل سوید ، نروژ ، دانمارک و فنلاند این رقم حدود ۵۰ درصد است .	1<2	unknown	topic-comment	comment
قضیه روشن نیست ؟	به خاطر این است که ما باید جلوی فرار مالیاتی را بگیریم	1>2	unknown	condition	condition
در حالی که این شاخص در ترکیه ۲۰ درصد و در کشورهای اسکاندیناوی مثل سوید ، نروژ ، دانمارک و فنلاند این رقم حدود ۵۰ درصد است .	به خاطر این است که ما باید جلوی فرار مالیاتی را بگیریم	1<2	unknown	explanation	explanation
به خاطر این است که ما باید جلوی فرار مالیاتی را بگیریم	چون اگر جلوی فرار مالیاتی گرفته شود	1<2	unknown	temporal	temporal
به خاطر این است که ما باید جلوی فرار مالیاتی را بگیریم	پولشویی هم به تبع آن کاهش مییابد	1<2	unknown	temporal	temporal
و اقتصاد ما به شفافیت بیشتری میرسد .	از آن سو درآمدهای دولت هم افزایش مییابد . <*> کسانی	1>2	unknown	evaluation	comment
در حالی که این شاخص در ترکیه ۲۰ درصد و در کشورهای اسکاندیناوی مثل سوید ، نروژ ، دانمارک و فنلاند این رقم حدود ۵۰ درصد است .	از آن سو درآمدهای دولت هم افزایش مییابد . <*> کسانی	1<2	unknown	manner-means	mode
از آن سو درآمدهای دولت هم افزایش مییابد . <*> کسانی	مساله شاقی نیست .	1<2	unknown	elaboration	elaboration
از آن سو درآمدهای دولت هم افزایش مییابد . <*> کسانی	که در این کشور درآمدهای نجومی دارند	1<2	unknown	cause	causal
درآمدهای آنها قابل رصد و پیگیری است .	سازمانهای اطلاعاتی و امنیتی کشور میتوانند این درآمدها را رصد کنند .	1>2	unknown	background	frame
در حالی که این شاخص در ترکیه ۲۰ درصد و در کشورهای اسکاندیناوی مثل سوید ، نروژ ، دانمارک و فنلاند این رقم حدود ۵۰ درصد است .	سازمانهای اطلاعاتی و امنیتی کشور میتوانند این درآمدها را رصد کنند .	1<2	unknown	elaboration	elaboration
شما توجه کنید	فقط در سال گذشته مطابق آمارهای رسمی ۱۲ . ۵ میلیارد دلار کالای قاچاق وارد این کشور شده است	1>2	unknown	condition	condition
سازمانهای اطلاعاتی و امنیتی کشور میتوانند این درآمدها را رصد کنند .	فقط در سال گذشته مطابق آمارهای رسمی ۱۲ . ۵ میلیارد دلار کالای قاچاق وارد این کشور شده است	1<2	unknown	elaboration	elaboration
سازمانهای اطلاعاتی و امنیتی کشور میتوانند این درآمدها را رصد کنند .	و اگر شما این عدد را در ۴۵۰۰ تومان ضرب کنید	1<2	unknown	elaboration	elaboration
و اگر شما این عدد را در ۴۵۰۰ تومان ضرب کنید	یعنی ۵۰ هزار میلیارد تومان کالای قاچاق .	1<2	unknown	elaboration	elaboration
این فقط یک قلم پولشویی است	که در این کشور روی داده است .	1>2	unknown	topic-comment	comment
سازمانهای اطلاعاتی و امنیتی کشور میتوانند این درآمدها را رصد کنند .	که در این کشور روی داده است .	1<2	unknown	evaluation	comment
سازمانهای اطلاعاتی و امنیتی کشور میتوانند این درآمدها را رصد کنند .	خب من که کالای قاچاق وارد کشور نکرده ام ،	1<2	unknown	elaboration	elaboration
خب من که کالای قاچاق وارد کشور نکرده ام ،	چه کسی کالای قاچاق وارد کرده است ؟	1<2	unknown	joint	conjunction
۵۰ هزار میلیارد تومان که از طریق چمدان رد و بدل نمیشود ،	این تبادلات مالی از طریق همین سیستم بانکی صورت میگیرد .	1>2	unknown	background	frame
اما مبارزه با پولشویی را در دستور کار قرار ندهیم .	این تبادلات مالی از طریق همین سیستم بانکی صورت میگیرد .	1<2	unknown	evaluation	comment
این تبادلات مالی از طریق همین سیستم بانکی صورت میگیرد .	در واقع وقتی از پولشویی گسترده در اقتصاد ایران سخن میگوییم	1<2	unknown	joint	conjunction
در واقع وقتی از پولشویی گسترده در اقتصاد ایران سخن میگوییم	یک گزاره یا ادعای سیاسی را طرح نمیکنیم	1<2	unknown	elaboration	elaboration
و کاملا یک حرف اقتصادی میزنیم	به عنوان مثال وقتی که لایحه بودجه ۹۷ توسط رییس جمهور ارایه شد	1>2	unknown	background	frame
که در قالب اعداد امکان مطالعه دارد .	به عنوان مثال وقتی که لایحه بودجه ۹۷ توسط رییس جمهور ارایه شد	1>2	unknown	attribution	attribution
این تبادلات مالی از طریق همین سیستم بانکی صورت میگیرد .	به عنوان مثال وقتی که لایحه بودجه ۹۷ توسط رییس جمهور ارایه شد	1<2	unknown	elaboration	elaboration
به عنوان مثال وقتی که لایحه بودجه ۹۷ توسط رییس جمهور ارایه شد	ایشان گفت	1<2	unknown	elaboration	elaboration
این تبادلات مالی از طریق همین سیستم بانکی صورت میگیرد .	که ۲۵ درصد نقدینگی در اختیار موسسات غیرمجاز است <*> متاسفانه تندروها در داخل	1<2	unknown	contrast	contrast
که زمینه برای هر گونه فسادی را فراهم کرده است .	متاسفانه تندروها در داخل	1>2	unknown	explanation	explanation
شهرداری پایتخت در جهان یکی از نهادهای بسیار مهم و دارای ابعادی فرهنگی ، اجتماعی ، اقتصادی و به سبب ماموریتهای ش دارای جنبههایی سیاسی است .	معمولا شهرداری پایتخت در جهان در کنار نهاد ریاست جمهوری و دولت قرار میگیرد .	1>2	unknown	explanation	explanation
معمولا شهرداری پایتخت در جهان در کنار نهاد ریاست جمهوری و دولت قرار میگیرد .	فکر و ذکر شهردار باید خدمات رسانی به مردم ، بالا بردن سطح رفاه و آشنا کردن آنان با حقوق شهروندی و آشنایی با ویژگیهای شهروندی باشد .	1>2	unknown	explanation	explanation
معمولا شهرداری پایتخت در جهان در کنار نهاد ریاست جمهوری و دولت قرار میگیرد .	شهرداری تهران نیز در سطح و جایگاه هیات وزیران است .	1<2	unknown	comparison	concession
شهرداری تهران نیز در سطح و جایگاه هیات وزیران است .	از این رو باید با تمام دستگاهها تعامل داشته باشد .	1<2	unknown	explanation	explanation
شهرداری تهران نیز در سطح و جایگاه هیات وزیران است .	شهرداری حداقل ۳۷ ماموریت در حوزههای فرهنگی ، اجتماعی ، اقتصادی ، زیربنایی ، زیست محیطی و خدماتی دارد .	1<2	unknown	explanation	explanation
اگر شهردار فردی با تجربه و اجرایی باشد ،	می تواند در بسیاری از زمینهها نقش آفرینی کند .	1>2	unknown	condition	condition
فکر و ذکر شهردار باید خدمات رسانی به مردم ، بالا بردن سطح رفاه و آشنا کردن آنان با حقوق شهروندی و آشنایی با ویژگیهای شهروندی باشد .	می تواند در بسیاری از زمینهها نقش آفرینی کند .	1<2	unknown	elaboration	elaboration
می تواند در بسیاری از زمینهها نقش آفرینی کند .	برنامه ریزی شهری ، تامین منابع پایدار برای شهرداری ، داشتن برنامه در امور زیربنایی ، بهبود وضعیت محیط زیست ، ارتقای بهداشت روانی شهروندان و برنامه ریزی در حوزه اقتصادی از جمله مواردی است	1<2	unknown	elaboration	elaboration
برنامه ریزی شهری ، تامین منابع پایدار برای شهرداری ، داشتن برنامه در امور زیربنایی ، بهبود وضعیت محیط زیست ، ارتقای بهداشت روانی شهروندان و برنامه ریزی در حوزه اقتصادی از جمله مواردی است	که شهردار باید در آنها نقش آفرین باشد .	1<2	unknown	elaboration	elaboration
برنامه ریزی شهری ، تامین منابع پایدار برای شهرداری ، داشتن برنامه در امور زیربنایی ، بهبود وضعیت محیط زیست ، ارتقای بهداشت روانی شهروندان و برنامه ریزی در حوزه اقتصادی از جمله مواردی است	همچنین شهردار باید با سازمانها تعامل داشته باشد :	1<2	unknown	joint	conjunction
برنامه ریزی شهری ، تامین منابع پایدار برای شهرداری ، داشتن برنامه در امور زیربنایی ، بهبود وضعیت محیط زیست ، ارتقای بهداشت روانی شهروندان و برنامه ریزی در حوزه اقتصادی از جمله مواردی است	با متخصصین در زمینههای مختلف ارتباط جدی بگیرد	1<2	unknown	joint	conjunction
برنامه ریزی شهری ، تامین منابع پایدار برای شهرداری ، داشتن برنامه در امور زیربنایی ، بهبود وضعیت محیط زیست ، ارتقای بهداشت روانی شهروندان و برنامه ریزی در حوزه اقتصادی از جمله مواردی است	و از مردم در خدمات رسانی و رفع مشکلات کمک بگیرد .	1<2	unknown	joint	conjunction
اکنون که شهردار تهران استعفا داده	شورای شهر و مردم نباید از او گله مند باشند .	1>2	unknown	background	frame
فکر و ذکر شهردار باید خدمات رسانی به مردم ، بالا بردن سطح رفاه و آشنا کردن آنان با حقوق شهروندی و آشنایی با ویژگیهای شهروندی باشد .	شورای شهر و مردم نباید از او گله مند باشند .	1<2	unknown	topic-change	conjunction
شورای شهر و مردم نباید از او گله مند باشند .	استعفای شهردار تهران به دلیل عارضه بیماری بوده است .	1<2	unknown	explanation	explanation
او اعلام کرده	که از قبل بیماری داشته	1>2	unknown	attribution	attribution
استعفای شهردار تهران به دلیل عارضه بیماری بوده است .	که از قبل بیماری داشته	1<2	unknown	summary	organization
که از قبل بیماری داشته	و اخیرا بیماری جدیدی بر ایشان عارض شده است .	1<2	unknown	joint	conjunction
نباید فراموش کرد که آقای نجفی فردی متعهد بوده	بنابراین بسیار بعید است که در صورت نبود مشکلی اساسی استعفا داده باشد .	1>2	unknown	explanation	explanation
که آقای نجفی فردی متعهد بوده	و به لحاظ اجرایی مدیری دارای انگیزه است .	1<2	unknown	joint	conjunction
استعفای شهردار تهران به دلیل عارضه بیماری بوده است .	بنابراین بسیار بعید است که در صورت نبود مشکلی اساسی استعفا داده باشد .	1<2	unknown	joint	conjunction
شورای شهر و مردم نباید از او گله مند باشند .	آقای نجفی ۴۰ سال خدمت صادقانه کرده و	1<2	unknown	evaluation	comment
آقای نجفی ۴۰ سال خدمت صادقانه کرده و	امروز <*> زمان تجلیل از خدمات ۴۰ ساله او است .	1<2	unknown	joint	conjunction
امروز <*> زمان تجلیل از خدمات ۴۰ ساله او است .	که عذری برای کنار رفتن دارد ،	1<2	unknown	elaboration	elaboration
آقای نجفی ۴۰ سال خدمت صادقانه کرده و	نظام جمهوری اسلامی باید قدر مدیرانی را بداند	1<2	unknown	summary	organization
نظام جمهوری اسلامی باید قدر مدیرانی را بداند	که خدمت صادقانه و خالصانه داشته	1<2	unknown	elaboration	elaboration
که خدمت صادقانه و خالصانه داشته	و کارآمد و اثربخش بوده اند .	1<2	unknown	joint	conjunction
فکر و ذکر شهردار باید خدمات رسانی به مردم ، بالا بردن سطح رفاه و آشنا کردن آنان با حقوق شهروندی و آشنایی با ویژگیهای شهروندی باشد .	امیدوار یم در ادامه نیز چنین فردی از سوی شورای شهر تهران انتخاب شود .	1<2	unknown	topic-change	conjunction
بدون شک رفتن نجفی یک لطمه خواهد بود	به هر حال میتوان هر لطمه و خسارتی را مدیریت و هر نقطه ضعفی را با انتخاب فردی اجرایی و همه جانبه به نقطه قوت و فرصت تبدیل کرد .	1>2	unknown	elaboration	elaboration
بدون شک رفتن نجفی یک لطمه خواهد بود	زیرا شورای شهر برای تصدی گری این نهاد انتخاب مناسبی کرده	1<2	unknown	explanation	explanation
زیرا شورای شهر برای تصدی گری این نهاد انتخاب مناسبی کرده	و شهرداری نیز در این مدت موفقیتهای خوبی به دست آورده است .	1<2	unknown	joint	conjunction
امیدوار یم در ادامه نیز چنین فردی از سوی شورای شهر تهران انتخاب شود .	به هر حال میتوان هر لطمه و خسارتی را مدیریت و هر نقطه ضعفی را با انتخاب فردی اجرایی و همه جانبه به نقطه قوت و فرصت تبدیل کرد .	1<2	unknown	explanation	explanation
امیدوار یم در ادامه نیز چنین فردی از سوی شورای شهر تهران انتخاب شود .	به اعتقاد من شورای شهر با ترکیب و دیدگاهی <*> می تواند فرد جایگزین مناسبی را انتخاب کند .	1<2	unknown	evaluation	comment
به اعتقاد من شورای شهر با ترکیب و دیدگاهی <*> می تواند فرد جایگزین مناسبی را انتخاب کند .	که دارد	1<2	unknown	elaboration	elaboration
مذاکره یکی از اصول جدی ، کم هزینه و مهم ترین راهبرد بین دولتها و قدرتها برای پیشبرد منافع ملی شان است .	مساله کره شمالی یکی از منازعات چندین ساله در جهان است .	1>2	unknown	background	frame
مذاکره یکی از اصول جدی ، کم هزینه و مهم ترین راهبرد بین دولتها و قدرتها برای پیشبرد منافع ملی شان است .	همیشه در دنیای سیاست برای پیگیری منافع ملی با یک مشکل جدی رو به رو هستیم	1<2	unknown	cause	causal
همیشه در دنیای سیاست برای پیگیری منافع ملی با یک مشکل جدی رو به رو هستیم	و آن محدودیت منابع است .	1<2	unknown	elaboration	elaboration
مذاکره یکی از اصول جدی ، کم هزینه و مهم ترین راهبرد بین دولتها و قدرتها برای پیشبرد منافع ملی شان است .	ممکن است رودررویی و غیرهمسو بودن منافع کشورها باعث منازعه و کشمک ش بین کشورها شود	1<2	unknown	summary	organization
ممکن است رودررویی و غیرهمسو بودن منافع کشورها باعث منازعه و کشمک ش بین کشورها شود	و مشکلات جدی در دنیا به وجود بیاورد .	1<2	unknown	joint	conjunction
ممکن است رودررویی و غیرهمسو بودن منافع کشورها باعث منازعه و کشمک ش بین کشورها شود	مذاکره یکی از شناخته شده ترین توصیه شده ترین و بهترین راهکارها برای حل چنین منازعههایی است	1<2	unknown	topic-comment	comment
مذاکره یکی از شناخته شده ترین توصیه شده ترین و بهترین راهکارها برای حل چنین منازعههایی است	که کارشناسان روابط بین الملل آن را توصیه میکنند .	1<2	unknown	elaboration	elaboration
مذاکره یکی از شناخته شده ترین توصیه شده ترین و بهترین راهکارها برای حل چنین منازعههایی است	این مذاکرات میتواند به صورت دو یا چندجانبه پیگیری شود .	1<2	unknown	elaboration	elaboration
این مذاکرات میتواند به صورت دو یا چندجانبه پیگیری شود .	همچنین میتواند با حضور چند دولت در مذاکرات سازمانهای بین المللی نیز دخیل شوند .	1<2	unknown	joint	conjunction
مساله کره شمالی یکی از منازعات چندین ساله در جهان است .	از سال ۱۹۵۱ با دخالت امریکا شاهد جنگی جدی بودیم	1<2	unknown	elaboration	elaboration
از سال ۱۹۵۱ با دخالت امریکا شاهد جنگی جدی بودیم	که نهایتا باعث شد تا کره به دو کشور تقسیم شود .	1<2	unknown	elaboration	elaboration
از سال ۱۹۵۱ با دخالت امریکا شاهد جنگی جدی بودیم	از آن زمان رهبران کره شمالی چیزی حدود سه نسل در فضای تخاصم با امریکا حکمرانی کرده اند .	1<2	unknown	joint	conjunction
مساله کره شمالی یکی از منازعات چندین ساله در جهان است .	این اتفاق نادر است	1<2	unknown	evaluation	comment
این اتفاق نادر است	و باید در این مساله تامل کرد .	1<2	unknown	joint	conjunction
مساله کره شمالی یکی از منازعات چندین ساله در جهان است .	البته باید منتظر بمانیم	1<2	unknown	evaluation	comment
البته باید منتظر بمانیم	تا ببینیم نتیجه مثبتی از این مذاکرات به دست میآید یا نه .	1<2	unknown	enablement	purpose
در این مذاکره رهبر کره شمالی شخصیتی جوان و غیر قابل پیش بینی است .	بنابراین پیش بینی سرنوشت این مذاکرات بسیار سخت خواهد بود .	1>2	unknown	cause	causal
در این مذاکره رهبر کره شمالی شخصیتی جوان و غیر قابل پیش بینی است .	ترامپ هم چنین ویژگیهایی دارد .	1<2	unknown	comparison	concession
البته باید منتظر بمانیم	بنابراین پیش بینی سرنوشت این مذاکرات بسیار سخت خواهد بود .	1<2	unknown	explanation	explanation
مساله کره شمالی یکی از منازعات چندین ساله در جهان است .	در چنین شرایطی شاید عدهای به فکر مذاکره بین ایران و امریکا بیفتند	1<2	unknown	topic-change	conjunction
در چنین شرایطی شاید عدهای به فکر مذاکره بین ایران و امریکا بیفتند	اما به هر حال این مساله نیازمند مطالعه جدی در ویژگیهای هیات حاکمه امریکا و بررسی امکانات است .	1<2	unknown	contrast	contrast
اما به هر حال این مساله نیازمند مطالعه جدی در ویژگیهای هیات حاکمه امریکا و بررسی امکانات است .	به هر حال رییس جمهور امریکا معروف به ضدیت با ایران است .	1<2	unknown	explanation	explanation
به هر حال رییس جمهور امریکا معروف به ضدیت با ایران است .	از این رو باید مساله مورد تامل قرار بگیرد .	1<2	unknown	evaluation	comment
در چنین شرایطی شاید عدهای به فکر مذاکره بین ایران و امریکا بیفتند	نه میتوان امکان تحقق این مذاکره را رد کرد	1<2	unknown	evaluation	comment
نه میتوان امکان تحقق این مذاکره را رد کرد	و نه به صورت یکجانبه در مورد آن بحث کرد .	1<2	unknown	joint	conjunction
در چنین شرایطی شاید عدهای به فکر مذاکره بین ایران و امریکا بیفتند	این مساله باید از طریق قوه عاقله نظام حل و فصل شود .	1<2	unknown	topic-comment	comment
این مساله باید از طریق قوه عاقله نظام حل و فصل شود .	به هر حال هیات حاکمه امریکا معاهده بین المللی برجام را زیر پا گذاشته	1<2	unknown	explanation	explanation
به هر حال هیات حاکمه امریکا معاهده بین المللی برجام را زیر پا گذاشته	و تصمیماتی از این دست نیازمند بررسی دقیق است .	1<2	unknown	joint	conjunction
آقای جهانگیری یکی از امتیازات ویژه دولت بود	اما آقای رییس جمهور <*> از این ظرفیت بهره گیری نکرد .	1<2	unknown	contrast	contrast
آنچنان که شایسته و بایسته است	از این ظرفیت بهره گیری نکرد .	1>2	unknown	manner-means	mode
معاون اول با برخی وزرای اقتصادی از جمله وزیر صنعت و معدن ، وزیر نفت ، وزیر کشاورزی و … سابقه همکاری چند ساله دارد	و با اتکا به همین سابقه میتوانست نقش موثری در هماهنگی و رفع نابسامانیهایی <*> ایفا کند .	1>2	unknown	cause	causal
و با اتکا به همین سابقه میتوانست نقش موثری در هماهنگی و رفع نابسامانیهایی <*> ایفا کند .	جهانگیری در سطوح مختلف از بخشداری گرفته تا فرمانداری ، استانداری ، معاونت وزیر و نمایندگی مجلس تا معاون اولی تجربه کسب کرده	1>2	unknown	summary	organization
و با اتکا به همین سابقه میتوانست نقش موثری در هماهنگی و رفع نابسامانیهایی <*> ایفا کند .	که در چینش کابینه دوازدهم وجود داشت ،	1<2	unknown	elaboration	elaboration
و با اتکا به همین سابقه میتوانست نقش موثری در هماهنگی و رفع نابسامانیهایی <*> ایفا کند .	معاون اول رییس جمهور در زمینه اقتصادی تجربه و سبقه زیادی دارد .	1<2	unknown	joint	conjunction
معاون اول رییس جمهور در زمینه اقتصادی تجربه و سبقه زیادی دارد .	تصمیم قاطع دولت در مورد تک نرخی شدن ارز نیز به همت آقای جهانگیری گرفته شد .	1<2	unknown	elaboration	elaboration
نوسانات بازار ارز بسیار حساس و بحرانی بود	و دولت باید زودتر از اینها دراین باره تصمیم میگرفت .	1>2	unknown	cause	causal
تصمیم قاطع دولت در مورد تک نرخی شدن ارز نیز به همت آقای جهانگیری گرفته شد .	و دولت باید زودتر از اینها دراین باره تصمیم میگرفت .	1<2	unknown	explanation	explanation
و دولت باید زودتر از اینها دراین باره تصمیم میگرفت .	بالاخره هم آقای جهانگیری به عنوان میدان دار این ماجرا تصمیم خوبی گرفت .	1<2	unknown	temporal	temporal
تصمیم قاطع دولت در مورد تک نرخی شدن ارز نیز به همت آقای جهانگیری گرفته شد .	البته این تصمیم برای اجرایی شدن اقداماتی را میطلبد	1<2	unknown	elaboration	elaboration
البته این تصمیم برای اجرایی شدن اقداماتی را میطلبد	و زمانی میتوان گفت عملی شده است	1<2	unknown	joint	conjunction
و زمانی میتوان گفت عملی شده است	که ارز به سیستم بانکی کشور و صرافیها تزریق و قیمت اعلام شده فروخته شود .	1<2	unknown	elaboration	elaboration
آقای جهانگیری یکی از امتیازات ویژه دولت بود	جهانگیری در سطوح مختلف از بخشداری گرفته تا فرمانداری ، استانداری ، معاونت وزیر و نمایندگی مجلس تا معاون اولی تجربه کسب کرده	1<2	unknown	contrast	contrast
جهانگیری در سطوح مختلف از بخشداری گرفته تا فرمانداری ، استانداری ، معاونت وزیر و نمایندگی مجلس تا معاون اولی تجربه کسب کرده	و اشراف خوبی بر مسایل اقتصادی دارد .	1<2	unknown	joint	conjunction
آقای جهانگیری یکی از امتیازات ویژه دولت بود	جای تعجب دارد که در دولت آقای روحانی به خوبی از این ظرفیت استفاده نشد .	1<2	unknown	evaluation	comment
آقای جهانگیری یکی از امتیازات ویژه دولت بود	به اعتقاد من به نفع رییس جمهور است که با دادن اختیارات به او از ظرفیت جهانگیری استفاده کند .	1<2	unknown	evaluation	comment
علاقهمندی نهادهای مختلف به تاسیس بانک غیر قابل درک است .	اوایل انقلاب همه نهادها و وزارتخانهها قصد تاسیس دانشگاه را داشتند	1<2	unknown	elaboration	elaboration
اوایل انقلاب همه نهادها و وزارتخانهها قصد تاسیس دانشگاه را داشتند	تا در این دانشگاهها نیروهای متخصص تربیت کنند .	1<2	unknown	enablement	purpose
اوایل انقلاب همه نهادها و وزارتخانهها قصد تاسیس دانشگاه را داشتند	در حال حاضر هم همه قصد تاسیس بانک دارند	1<2	unknown	comparison	concession
در حال حاضر هم همه قصد تاسیس بانک دارند	که اقدام درستی نیست .	1<2	unknown	evaluation	comment
علاقهمندی نهادهای مختلف به تاسیس بانک غیر قابل درک است .	نهادها با تشکیلاتی <*> نمیتوانند یک بانک را به صورت حرفهای اداره کنند ،	1<2	unknown	explanation	explanation
نهادها با تشکیلاتی <*> نمیتوانند یک بانک را به صورت حرفهای اداره کنند ،	که دارند	1<2	unknown	elaboration	elaboration
نهادها با تشکیلاتی <*> نمیتوانند یک بانک را به صورت حرفهای اداره کنند ،	زیرا در این شرایط صاحب بانک دارای قدرتی است	1<2	unknown	explanation	explanation
زیرا در این شرایط صاحب بانک دارای قدرتی است	که نحوه استفاده از این قدرتها با منافع سپرده گذاران سازش ندارد .	1<2	unknown	elaboration	elaboration
نمونه آن بانک های وابسته به نیروهای مسلح است .	نظام این بانکها فرماندهی است ،	1>2	unknown	background	frame
نهادها با تشکیلاتی <*> نمیتوانند یک بانک را به صورت حرفهای اداره کنند ،	نظام این بانکها فرماندهی است ،	1<2	unknown	elaboration	elaboration
نظام این بانکها فرماندهی است ،	یعنی زیردست باید از مافوق خود اطاعت کند .	1<2	unknown	summary	organization
نظام این بانکها فرماندهی است ،	این درحالی است که بانک باید استقلال رای داشته باشد	1<2	unknown	contrast	contrast
این درحالی است که بانک باید استقلال رای داشته باشد	و طوری رفتار کند	1<2	unknown	joint	conjunction
و طوری رفتار کند	که بیش از رعایت منافع سهامدار ، منافع سپرده گذاران را رعایت کند .	1<2	unknown	manner-means	mode
نقش بانک مرکزی حفظ امنیت صاحبان سپرده است .	بانک مرکزی نباید به هیچ بانکی اجازه دهد از سپرده گذاران برای اعطای اعتبار به صاحبان آن بانک استفاده کند .	1>2	unknown	cause	causal
علاقهمندی نهادهای مختلف به تاسیس بانک غیر قابل درک است .	بانک مرکزی نباید به هیچ بانکی اجازه دهد از سپرده گذاران برای اعطای اعتبار به صاحبان آن بانک استفاده کند .	1<2	unknown	topic-change	conjunction
بانک مرکزی نباید به هیچ بانکی اجازه دهد از سپرده گذاران برای اعطای اعتبار به صاحبان آن بانک استفاده کند .	درحالی که آستان مقدس قصد دارد بانک تاسیس کند	1<2	unknown	contrast	contrast
درحالی که آستان مقدس قصد دارد بانک تاسیس کند	تا از سرمایه سپرده گذاران استفاده کند .	1<2	unknown	enablement	purpose
درحالی که آستان مقدس قصد دارد بانک تاسیس کند	این کار خلاف ضوابط حرفهای بانکداری است .	1<2	unknown	evaluation	comment
این کار خلاف ضوابط حرفهای بانکداری است .	بانک باید بررسی کند که چگونه ریسک از دست رفتن سپرده مردم را مدیریت کند	1<2	unknown	explanation	explanation
و زمانی که وام پرداخت میکند	باید این نکته را رعایت کند	1>2	unknown	background	frame
بانک باید بررسی کند که چگونه ریسک از دست رفتن سپرده مردم را مدیریت کند	باید این نکته را رعایت کند	1<2	unknown	joint	conjunction
باید این نکته را رعایت کند	که به یک وام گیرنده بیش از حد معینی تسهیلات نپردازد .	1<2	unknown	elaboration	elaboration
اما زمانی که غولی مانند آستان قدس صاحب بانک باشد	مدیر بانک نمیتواند جوانب را رعایت کند	1>2	unknown	background	frame
بانک باید بررسی کند که چگونه ریسک از دست رفتن سپرده مردم را مدیریت کند	مدیر بانک نمیتواند جوانب را رعایت کند	1<2	unknown	contrast	contrast
مدیر بانک نمیتواند جوانب را رعایت کند	و مجبور میشود هر آنچه آستان قدس میخواهد را در اختیار ش قرار دهد .	1<2	unknown	joint	conjunction
درحالی که آستان مقدس قصد دارد بانک تاسیس کند	هدف آستان قدس برای تاسیس بانک استفاده از سپرده های مردم برای شرکتها و موسسات تولیدی خود است .	1<2	unknown	summary	organization
هدف آستان قدس برای تاسیس بانک استفاده از سپرده های مردم برای شرکتها و موسسات تولیدی خود است .	زیرا مبالغی طلب میکند	1<2	unknown	explanation	explanation
زیرا مبالغی طلب میکند	که یک بانک معمولی حرفهای حاضر نیست ، بپردازد .	1<2	unknown	elaboration	elaboration
بانک مرکزی نباید به هیچ بانکی اجازه دهد از سپرده گذاران برای اعطای اعتبار به صاحبان آن بانک استفاده کند .	نباید این تصور به وجود آید که برخی نهادها میخواهند از وجوه مردم استفاده کنند	1<2	unknown	evaluation	comment
نباید این تصور به وجود آید که برخی نهادها میخواهند از وجوه مردم استفاده کنند	و دیر یا زود به سرنوشت موسسات غیرمجاز گرفتار شوند .	1<2	unknown	elaboration	elaboration
بانک مرکزی نباید به هیچ بانکی اجازه دهد از سپرده گذاران برای اعطای اعتبار به صاحبان آن بانک استفاده کند .	امیدوار م آستان قدس در این دام گرفتار نشود .	1<2	unknown	evaluation	comment
مایکل کوهن ؛ <*> در برابر دیدگان اعضای کمیته نظارت مجلس نمایندگان و دیدگان بهت زده میلیونها تن در داخل و خارج از امریکا <*> سنگین ترین اتهامات ممکن را به رییس جمهوری امریکا وارد کرد .	فردی که روزگاری وکیل شخصی و کارچاق کن غول مسکن نیویورکی بود ،	1<2	unknown	elaboration	elaboration
در برابر دیدگان اعضای کمیته نظارت مجلس نمایندگان و دیدگان بهت زده میلیونها تن در داخل و خارج از امریکا	که به صفحه تلویزیونهای خود خیره مانده بودند ،	1<2	unknown	elaboration	elaboration
مایکل کوهن ؛ <*> در برابر دیدگان اعضای کمیته نظارت مجلس نمایندگان و دیدگان بهت زده میلیونها تن در داخل و خارج از امریکا <*> سنگین ترین اتهامات ممکن را به رییس جمهوری امریکا وارد کرد .	کوهن در همان دقایقی <*> نه فقط رییس جمهوری امریکا را نژادپرست ، کلاهبردار و فریبکار خواند	1<2	unknown	elaboration	elaboration
کوهن در همان دقایقی <*> نه فقط رییس جمهوری امریکا را نژادپرست ، کلاهبردار و فریبکار خواند	که دونالد ترامپ دومین دیدار خود با کیم جونگ اون ، رهبر کره شمالی را در هانوی ویتنام میگذراند ،	1<2	unknown	elaboration	elaboration
کوهن در همان دقایقی <*> نه فقط رییس جمهوری امریکا را نژادپرست ، کلاهبردار و فریبکار خواند	که چک حق السکوت دونالد ترامپ برای استورمی دنیلز ، بازیگر فیلمهای مستهجن را نیز در برابر دوربینها گرفت	1<2	unknown	joint	conjunction
و گفت ،	ترامپ در مورد فعالیتهای تجاری با روسها در زمان رقابتهای انتخابات ۲۰۱۶ دروغ گفته	1>2	unknown	attribution	attribution
که چک حق السکوت دونالد ترامپ برای استورمی دنیلز ، بازیگر فیلمهای مستهجن را نیز در برابر دوربینها گرفت	ترامپ در مورد فعالیتهای تجاری با روسها در زمان رقابتهای انتخابات ۲۰۱۶ دروغ گفته	1<2	unknown	joint	conjunction
ترامپ در مورد فعالیتهای تجاری با روسها در زمان رقابتهای انتخابات ۲۰۱۶ دروغ گفته	و اعضای ستاد انتخاباتی وی با سایت افشاگر ویکی لیکس برای تخریب وجهه هیلاری کلینتون ، رقیب دموکرات ، در تماس بودهاند .	1<2	unknown	joint	conjunction
مایکل کوهن ؛ <*> در برابر دیدگان اعضای کمیته نظارت مجلس نمایندگان و دیدگان بهت زده میلیونها تن در داخل و خارج از امریکا <*> سنگین ترین اتهامات ممکن را به رییس جمهوری امریکا وارد کرد .	افشاگری کوهن در کمیتهای <*> بزرگ ترین حمله به اعتبار ، حیثیت و جایگاه رییس جمهوری کنونی امریکا طی دو سال گذشته به شمار میآید ؛	1<2	unknown	evaluation	comment
افشاگری کوهن در کمیتهای <*> بزرگ ترین حمله به اعتبار ، حیثیت و جایگاه رییس جمهوری کنونی امریکا طی دو سال گذشته به شمار میآید ؛	که دموکراتها هدایت آن را بر عهده دارند ،	1<2	unknown	elaboration	elaboration
افشاگری کوهن در کمیتهای <*> بزرگ ترین حمله به اعتبار ، حیثیت و جایگاه رییس جمهوری کنونی امریکا طی دو سال گذشته به شمار میآید ؛	البته ترامپ و مشاوران وی ، اظهارات کوهن را دروغ و تلاشی <*> عنوان کردهاند .	1<2	unknown	contrast	contrast
برای فرار از مجازات	عنوان کردهاند .	1>2	unknown	enablement	purpose
البته ترامپ و مشاوران وی ، اظهارات کوهن را دروغ و تلاشی <*> عنوان کردهاند .	با این حال ، این برعهده دموکراتهای کنگره است که روایت وکیل سابق را بپذیرند یا روایت موکل سابق را .	1<2	unknown	contrast	contrast
مایکل کوهن ؛ <*> در برابر دیدگان اعضای کمیته نظارت مجلس نمایندگان و دیدگان بهت زده میلیونها تن در داخل و خارج از امریکا <*> سنگین ترین اتهامات ممکن را به رییس جمهوری امریکا وارد کرد .	با توجه به جنگ تمام عیاری <*> به نظر میرسد که ادای شهادت کوهن زمینه را برای گشودن مسیری فراهم کند	1<2	unknown	evaluation	comment
با توجه به جنگ تمام عیاری <*> به نظر میرسد که ادای شهادت کوهن زمینه را برای گشودن مسیری فراهم کند	که میان کاخ سفید جمهوریخواه و دموکراتهای کنگره در جریان است	1<2	unknown	enablement	purpose
که میان کاخ سفید جمهوریخواه و دموکراتهای کنگره در جریان است	و با موضوع احداث دیوار و اعلام وضعیت فوق العاده ملی از جانب ترامپ شعلهورتر شده است ،	1<2	unknown	joint	conjunction
به نظر میرسد که ادای شهادت کوهن زمینه را برای گشودن مسیری فراهم کند	که انتهای آن ، درخواست محاکمه و استیضاح رییس جمهوری امریکا باشد ؛	1<2	unknown	elaboration	elaboration
با توجه به جنگ تمام عیاری <*> به نظر میرسد که ادای شهادت کوهن زمینه را برای گشودن مسیری فراهم کند	البته شاید دموکراتها برای گشودن این مسیر مشکل زیادی نداشته باشند	1<2	unknown	elaboration	elaboration
البته شاید دموکراتها برای گشودن این مسیر مشکل زیادی نداشته باشند	اما برای به سرانجام رساندن آن ، باید از سد اکثریت سنای تحت کنترل جمهوریخواهان بگذرند .	1<2	unknown	contrast	contrast
مایکل کوهن ؛ <*> در برابر دیدگان اعضای کمیته نظارت مجلس نمایندگان و دیدگان بهت زده میلیونها تن در داخل و خارج از امریکا <*> سنگین ترین اتهامات ممکن را به رییس جمهوری امریکا وارد کرد .	فضای عمیقا دوقطبی شده واشنگتن ، احتمال خالی کردن پشت رییس جمهوری جمهوریخواه از سوی هم حزبی جمهوریخواه را به شدت کاهش میدهد	1<2	unknown	topic-change	conjunction
فضای عمیقا دوقطبی شده واشنگتن ، احتمال خالی کردن پشت رییس جمهوری جمهوریخواه از سوی هم حزبی جمهوریخواه را به شدت کاهش میدهد	حتی اگر افرادی همچون کوهن مدارک معتبرتری از فساد اخلاقی ، مالی و سیاسی دونالد ترامپ را رو کنند .	1<2	unknown	condition	condition
فضای عمیقا دوقطبی شده واشنگتن ، احتمال خالی کردن پشت رییس جمهوری جمهوریخواه از سوی هم حزبی جمهوریخواه را به شدت کاهش میدهد	شاید به همین دلیل نیز ترامپ بیش از این که نگران جنجال در ساختمان کاپیتال هیل در واشنگتن باشد ،	1<2	unknown	evaluation	comment
شاید به همین دلیل نیز ترامپ بیش از این که نگران جنجال در ساختمان کاپیتال هیل در واشنگتن باشد ،	به آرامش اتاق مذاکرات با رهبر کره شمالی دل بسته است .	1<2	unknown	comparison	concession
شاید به همین دلیل نیز ترامپ بیش از این که نگران جنجال در ساختمان کاپیتال هیل در واشنگتن باشد ،	با این حال ، آینده مشخص خواهد کرد که سرنوشت ترامپ را جنجال روز چهارشنبه در واشنگتن رقم خواهد زد یا آرامش درهانوی .	1<2	unknown	evaluation	comment
و بقیه هم بر همین عقیده هستند	که یکی از ابزارهای مهم برای کارگران داشتن تشکل مقتدر است .	1>2	unknown	attribution	attribution
متشکل شدن را در دنیا به عنوان یکی از مهمترین ابزارهای طبقه کارگر میشناسند	که یکی از ابزارهای مهم برای کارگران داشتن تشکل مقتدر است .	1<2	unknown	evaluation	comment
متشکل شدن را در دنیا به عنوان یکی از مهمترین ابزارهای طبقه کارگر میشناسند	داشتن چنین تشکلی سبب میشود تا اولا خواستههای شان به صورت کانالیزه منتقل شود	1<2	unknown	evaluation	comment
داشتن چنین تشکلی سبب میشود تا اولا خواستههای شان به صورت کانالیزه منتقل شود	یعنی مشخص شود که دقیقا خواستههای آنها چیست	1<2	unknown	summary	organization
داشتن چنین تشکلی سبب میشود تا اولا خواستههای شان به صورت کانالیزه منتقل شود	و دوم این که بتوانند ذیل اهداف تعریف شده با هم متحد شوند .	1<2	unknown	joint	conjunction
داشتن چنین تشکلی سبب میشود تا اولا خواستههای شان به صورت کانالیزه منتقل شود	یک تشکل کارگری ( فارغ از نوعش ) در پیگیری خواستههای آنها بسیار موثر است	1<2	unknown	evaluation	comment
یک تشکل کارگری ( فارغ از نوعش ) در پیگیری خواستههای آنها بسیار موثر است	و بسیار خوشحال م که . . . قسمتی از مطالبات کارگران هفت تپه برطرف شده است .	1<2	unknown	evaluation	comment
متشکل شدن را در دنیا به عنوان یکی از مهمترین ابزارهای طبقه کارگر میشناسند	اما نباید فراموش کنیم که مشکل اصلی هفت تپه و شرکتهایی نظیر آن از سیاستهای اصلی دولت در بحث خصوصی سازی و اجرای غلط اصل ۴۴ قانون اساسی نشات گرفته است .	1<2	unknown	contrast	contrast
اما نباید فراموش کنیم که مشکل اصلی هفت تپه و شرکتهایی نظیر آن از سیاستهای اصلی دولت در بحث خصوصی سازی و اجرای غلط اصل ۴۴ قانون اساسی نشات گرفته است .	سیاست گذاریهای کلان است که معمولا کارگران را مجبور به واکنش میکند .	1<2	unknown	explanation	explanation
سیاست گذاریهای کلان است که معمولا کارگران را مجبور به واکنش میکند .	پس ریشه این مشکلات نباید فراموش شود :	1<2	unknown	evaluation	comment
پس ریشه این مشکلات نباید فراموش شود :	ریشهای که در جای دیگری است .	1<2	unknown	elaboration	elaboration
متشکل شدن را در دنیا به عنوان یکی از مهمترین ابزارهای طبقه کارگر میشناسند	برای من به عنوان یک فعال کارگری این که امروز کارگران هفت تپه توانستهاند بخشی از مطالبات شان را بگیرند جای خوشحالی مطلق ندارد	1<2	unknown	evaluation	comment
برای من به عنوان یک فعال کارگری این که امروز کارگران هفت تپه توانستهاند بخشی از مطالبات شان را بگیرند جای خوشحالی مطلق ندارد	چرا که کارگران این شرکت و سایر شرکتهای مشابه مدتها مورد آسیب قرار گرفتهاند .	1<2	unknown	explanation	explanation
به هر حال نمی توان در به ثمر رسیدن همین مطالبات هم نقش تشکل کارگری را نادیده گرفت	و البته در این مورد خاص نباید نقش فشار افکار عمومی را هم نادیده گرفت .	1>2	unknown	contrast	contrast
متشکل شدن را در دنیا به عنوان یکی از مهمترین ابزارهای طبقه کارگر میشناسند	و البته در این مورد خاص نباید نقش فشار افکار عمومی را هم نادیده گرفت .	1<2	unknown	topic-change	conjunction
و البته در این مورد خاص نباید نقش فشار افکار عمومی را هم نادیده گرفت .	هم تشکل کارگران جزو فعالیتهای مدنی است	1<2	unknown	explanation	explanation
هم تشکل کارگران جزو فعالیتهای مدنی است	که متاسفانه در کشور ما در موضع ضعف قرار گرفته	1<2	unknown	elaboration	elaboration
هم تشکل کارگران جزو فعالیتهای مدنی است	و فشار افکار عمومی و رسانهها هم سبب میشود خواستههای این حرکت مدنی بیشتر شنیده شود .	1<2	unknown	joint	conjunction
و البته در این مورد خاص نباید نقش فشار افکار عمومی را هم نادیده گرفت .	من به عنوان یک فعال کارگری باید از رسانههای مستقلی <*> و خبرنگارانی <*> تشکر کنم .	1<2	unknown	evaluation	comment
من به عنوان یک فعال کارگری باید از رسانههای مستقلی <*> و خبرنگارانی <*> تشکر کنم .	که به این موضوع پرداختند	1<2	unknown	elaboration	elaboration
و خبرنگارانی	که حتی به صورت شخصی و خارج از مجموعه شان روی این موضوع وقت گذاشتند ،	1<2	unknown	elaboration	elaboration
متشکل شدن را در دنیا به عنوان یکی از مهمترین ابزارهای طبقه کارگر میشناسند	قطعا وجود نماینده کارگر در هر مجموعه ای <*> به نفع ادامه حیات آن مجموعه هم هست .	1<2	unknown	topic-change	conjunction
قطعا وجود نماینده کارگر در هر مجموعه ای <*> به نفع ادامه حیات آن مجموعه هم هست .	غیر از این که به کارگران سود میرساند ،	1<2	unknown	elaboration	elaboration
تجربه گذشته ما نشان میدهد	جریانات متفاوتی وارد این مجموعه میشوند	1>2	unknown	attribution	attribution
که به محض این که در یک مجموعه مشکلی رخ میدهد	جریانات متفاوتی وارد این مجموعه میشوند	1>2	unknown	temporal	temporal
جریانات متفاوتی وارد این مجموعه میشوند	همین موضوع سبب چنددستگی میشود و ختم به سواستفادههایی	1>2	unknown	evaluation	comment
جریانات متفاوتی وارد این مجموعه میشوند	که هر کدام ممکن است اهداف خاصی داشته باشند :	1<2	unknown	elaboration	elaboration
که هر کدام ممکن است اهداف خاصی داشته باشند :	از اهداف و منافع شخصی گرفته تا موارد سیاسی و غیره	1<2	unknown	elaboration	elaboration
از اهداف و منافع شخصی گرفته تا موارد سیاسی و غیره	که ممکن است با مطالبات کارگری آمیخته شود .	1<2	unknown	elaboration	elaboration
اگر اتحادی بین کارگران وجود نداشته باشد	همین موضوع سبب چنددستگی میشود و ختم به سواستفادههایی	1>2	unknown	condition	condition
قطعا وجود نماینده کارگر در هر مجموعه ای <*> به نفع ادامه حیات آن مجموعه هم هست .	همین موضوع سبب چنددستگی میشود و ختم به سواستفادههایی	1<2	unknown	explanation	explanation
همین موضوع سبب چنددستگی میشود و ختم به سواستفادههایی	که به دنبال ش دو اثر منفی به بار میآید :	1<2	unknown	elaboration	elaboration
که به دنبال ش دو اثر منفی به بار میآید :	۱ . اصل موضوع به دست فراموشی سپرده میشود	1<2	unknown	elaboration	elaboration
۱ . اصل موضوع به دست فراموشی سپرده میشود	۲ . مطالبات سردرگم و پراکنده میشوند	1<2	unknown	joint	conjunction
و این گونه حتی اگر کسی نیت حل مشکل داشته باشد	هم قادر به این کار نخواهد بود .	1>2	unknown	condition	condition
همین موضوع سبب چنددستگی میشود و ختم به سواستفادههایی	هم قادر به این کار نخواهد بود .	1<2	unknown	cause	causal
قطعا وجود نماینده کارگر در هر مجموعه ای <*> به نفع ادامه حیات آن مجموعه هم هست .	حضور تشکل کارگری در چنین مواردی بهترین کمک است	1<2	unknown	evaluation	comment
حضور تشکل کارگری در چنین مواردی بهترین کمک است	تا جلوی مطالبات و سو استفادههای فردی ، جناحی ، گروهی و سیاسی گرفته شود	1<2	unknown	enablement	purpose
حضور تشکل کارگری در چنین مواردی بهترین کمک است	و ازطرف دیگر کانال ارتباطی مطمینی میان کارگر و	1<2	unknown	joint	conjunction
و ازطرف دیگر کانال ارتباطی مطمینی میان کارگر و	کارفرما	1<2	unknown	explanation	explanation
کارفرما	ست	1<2	unknown	joint	conjunction
حضور تشکل کارگری در چنین مواردی بهترین کمک است	چون نماینده منتخب کارگران در میان آنها دارای نفوذ و مقبولیت است	1<2	unknown	joint	conjunction
بنیاد مستضعفان از نظر تشکیلات و نوع مدیریت در زمره هلدینگهای اقتصادی است	صورتهای مالی بنیاد به قول ما حسابرسها مقبول است	1>2	unknown	background	frame
بنیاد مستضعفان از نظر تشکیلات و نوع مدیریت در زمره هلدینگهای اقتصادی است	که در دو دهه اول بعد از انقلاب اسلامی خود ش را ورای قوانین بانک مرکزی و وزارت اقتصاد میدانست	1<2	unknown	elaboration	elaboration
که در دو دهه اول بعد از انقلاب اسلامی خود ش را ورای قوانین بانک مرکزی و وزارت اقتصاد میدانست	و به گزارش دادن قایل نبود .	1<2	unknown	joint	conjunction
بنیاد مستضعفان از نظر تشکیلات و نوع مدیریت در زمره هلدینگهای اقتصادی است	اما بررسی صورتهای مالی بنیاد مستضعفان در سالهای اخیر از تغییر رویکرد حکایت دارد .	1<2	unknown	contrast	contrast
صورتهای مالی بنیاد به قول ما حسابرسها مقبول است	که این تشکیلات خود ش را وارد این بازی کرده و تلاش میکند قاعده را رعایت کند .	1>2	unknown	summary	organization
صورتهای مالی بنیاد به قول ما حسابرسها مقبول است	و این نکته برای هلدینگی با قریب به ١۸۰ شرکت اقتصادی بسیار حایز اهمیت و مثبت ارزیابی میشود .	1<2	unknown	evaluation	comment
صورتهای مالی بنیاد به قول ما حسابرسها مقبول است	مقبول بودن صورتهای مالی یک هلدینگ با این وسعت از فعالیت معنای ش این است	1<2	unknown	elaboration	elaboration
مقبول بودن صورتهای مالی یک هلدینگ با این وسعت از فعالیت معنای ش این است	که آن تشکیلات اقتصادی رویکردی را اتخاذ کرده که . . . رفتاری منضبط و شفاف داشته باشد .	1<2	unknown	elaboration	elaboration
صورتهای مالی بنیاد به قول ما حسابرسها مقبول است	البته ناگفته نماند شفافیت برای نهادهایی مانند بنیاد مستضعفان خیلی دشوار است	1<2	unknown	elaboration	elaboration
البته ناگفته نماند شفافیت برای نهادهایی مانند بنیاد مستضعفان خیلی دشوار است	به این دلیل که از شرکتهای زیرمجموعه آنها توقعات خیلی زیادی وجود دارد .	1<2	unknown	cause	causal
صورتهای مالی بنیاد به قول ما حسابرسها مقبول است	به هر حال در تمام دنیا بنیادهایی از این جنس ، منافع شان جنبه عمومی دارد .	1<2	unknown	elaboration	elaboration
صورتهای مالی بنیاد به قول ما حسابرسها مقبول است	در مورد موسساتی مانند بنیاد هم میتواند همین اتفاق روی دهد	1<2	unknown	evaluation	comment
در مورد موسساتی مانند بنیاد هم میتواند همین اتفاق روی دهد	اما پیش شرط آن رعایت قواعد اقتصاد است .	1<2	unknown	condition	condition
بررسی صورتهای مالی بنیاد و گزارش ای مدیریتی این هلدینگ نشان میدهد	که این تشکیلات خود ش را وارد این بازی کرده و تلاش میکند قاعده را رعایت کند .	1>2	unknown	attribution	attribution
که این تشکیلات خود ش را وارد این بازی کرده و تلاش میکند قاعده را رعایت کند .	بنیاد باید با پایبندی به اصل رقابت در اقتصاد و پرهیز از استفاده از رانت این رویه را تقویت کند .	1<2	unknown	manner-means	mode
که این تشکیلات خود ش را وارد این بازی کرده و تلاش میکند قاعده را رعایت کند .	انتشار گزارش صورتهای مالی و گزارش عملکرد هلدینگ به زبان انگلیسی و ارسال آن برای مراجع بین المللی یکی دیگر از رویکردهایی است	1<2	unknown	joint	conjunction
انتشار گزارش صورتهای مالی و گزارش عملکرد هلدینگ به زبان انگلیسی و ارسال آن برای مراجع بین المللی یکی دیگر از رویکردهایی است	که در سالهای اخیر انجام میشود .	1<2	unknown	elaboration	elaboration
انتشار گزارش صورتهای مالی و گزارش عملکرد هلدینگ به زبان انگلیسی و ارسال آن برای مراجع بین المللی یکی دیگر از رویکردهایی است	این روند میتواند در آینده برای جذب سرمایه گذاریهای خارجی در طرحهای بنیاد موثر باشد .	1<2	unknown	elaboration	elaboration
که این تشکیلات خود ش را وارد این بازی کرده و تلاش میکند قاعده را رعایت کند .	وقت آن رسیده که همه تشکیلات اقتصادی غیردولتی <*> به قواعد بازی احترام بگذارند	1<2	unknown	evaluation	comment
وقت آن رسیده که همه تشکیلات اقتصادی غیردولتی <*> به قواعد بازی احترام بگذارند	که از جنس بنیاد به شمار میروند	1<2	unknown	elaboration	elaboration
وقت آن رسیده که همه تشکیلات اقتصادی غیردولتی <*> به قواعد بازی احترام بگذارند	و در مسیر شفافیت گام بردارند .	1<2	unknown	joint	conjunction
چرایی دنبال کردن بحث عفو عمومی مساله مهمی است	عفو عمومی در مجلس بحث بر سر چیزی درحدود ٢ هزار میلیارد سرمایهایرانیان مقیم خارج از کشور است	1>2	unknown	background	frame
که اگر مخالفان به آن توجه کنند	از میزان مخالفت شان کاسته خواهد شد .	1>2	unknown	condition	condition
چرایی دنبال کردن بحث عفو عمومی مساله مهمی است	از میزان مخالفت شان کاسته خواهد شد .	1<2	unknown	elaboration	elaboration
عفو عمومی در مجلس بحث بر سر چیزی درحدود ٢ هزار میلیارد سرمایهایرانیان مقیم خارج از کشور است	و ما باید برای بازگشت این سرمایهها تلاش کنیم .	1<2	unknown	elaboration	elaboration
اگرچه بحثی درمورد مسایل امنیتی نیست	مورد حمایت این طرح نیست .	1>2	unknown	condition	condition
اگرچه بحثی درمورد مسایل امنیتی نیست	و اگر کسی مرتکب تخلفی شده	1<2	unknown	joint	conjunction
اگرچه بحثی درمورد مسایل امنیتی نیست	یا به عنوان مثال اقدامی در راستای براندازی و خصومت علیه مردم کشور داشته ،	1<2	unknown	joint	conjunction
عفو عمومی در مجلس بحث بر سر چیزی درحدود ٢ هزار میلیارد سرمایهایرانیان مقیم خارج از کشور است	مورد حمایت این طرح نیست .	1<2	unknown	elaboration	elaboration
مورد حمایت این طرح نیست .	ما به دنبال عفو عمومی از موضع عزت هستیم ، نه از موضع ترس .	1<2	unknown	explanation	explanation
ما به دنبال عفو عمومی از موضع عزت هستیم ، نه از موضع ترس .	ما میخواهیم از تاثیرگذاری بهانه جوییها در مباحث حقوق بشری ممانعت کنیم .	1<2	unknown	joint	conjunction
عفو عمومی در مجلس بحث بر سر چیزی درحدود ٢ هزار میلیارد سرمایهایرانیان مقیم خارج از کشور است	در حال حاضر عدم توجیه برخی نمایندگان مخالف منجر به عدم تصویب فوریت این طرح شده :	1<2	unknown	summary	organization
در حال حاضر عدم توجیه برخی نمایندگان مخالف منجر به عدم تصویب فوریت این طرح شده :	متاسفانه نمایندگان مخالف از دیدگاهی مخالفت میکردند	1<2	unknown	elaboration	elaboration
متاسفانه نمایندگان مخالف از دیدگاهی مخالفت میکردند	که چندان ارتباطی به محتوای طرح نداشت ،	1<2	unknown	elaboration	elaboration
آن چنان که در صحن شاهد بودیم ،	مثلا یکی از مخالفان به حادثه تروریستی اهواز اشاره کرد	1>2	unknown	background	frame
متاسفانه نمایندگان مخالف از دیدگاهی مخالفت میکردند	مثلا یکی از مخالفان به حادثه تروریستی اهواز اشاره کرد	1<2	unknown	elaboration	elaboration
و گفت	نباید این طرح تصویب شود .	1>2	unknown	attribution	attribution
که چون استکبار جهانی به دنبال ایجاد ناامنی در کشور است ،	نباید این طرح تصویب شود .	1>2	unknown	explanation	explanation
مثلا یکی از مخالفان به حادثه تروریستی اهواز اشاره کرد	نباید این طرح تصویب شود .	1<2	unknown	joint	conjunction
مثلا یکی از مخالفان به حادثه تروریستی اهواز اشاره کرد	اما این طرح ربطی به استکبار جهانی ندارد .	1<2	unknown	contrast	contrast
اما این طرح ربطی به استکبار جهانی ندارد .	تروریسم کوری <*> به طور قطع محکوم است .	1<2	unknown	joint	conjunction
تروریسم کوری <*> به طور قطع محکوم است .	که در اهواز اتفاق افتاد	1<2	unknown	joint	conjunction
که در اهواز اتفاق افتاد	و به استکبار جهانی وصل است	1<2	unknown	joint	conjunction
در حال حاضر عدم توجیه برخی نمایندگان مخالف منجر به عدم تصویب فوریت این طرح شده :	ما امروز در شرایط بسیار حساسی به سر میبریم	1<2	unknown	contrast	contrast
ما امروز در شرایط بسیار حساسی به سر میبریم	کسانی <*> طوری صحبت میکنند	1<2	unknown	explanation	explanation
کسانی <*> طوری صحبت میکنند	که مخالف این طرح هستند	1<2	unknown	elaboration	elaboration
کسانی <*> طوری صحبت میکنند	که گویا ما میخواهیم امریکا را عفو کنیم .	1<2	unknown	elaboration	elaboration
بحث ما این است که برای افزایش اقتدار نظام جمهوری اسلامی و برای افزایش اعتماد عمومی و برای این که هرروز ما را متهم نکنند که در زندانهای شما چه میگذرد	این طرح مطرح شده است .	1>2	unknown	explanation	explanation
ما امروز در شرایط بسیار حساسی به سر میبریم	این طرح مطرح شده است .	1<2	unknown	cause	causal
این طرح مطرح شده است .	این طرح شامل محکومیت قصاص و کسانی <*> هم نمی شود .	1<2	unknown	elaboration	elaboration
این طرح شامل محکومیت قصاص و کسانی <*> هم نمی شود .	که قصد براندازی نظام جمهوری اسلامی را داشتهاند	1<2	unknown	elaboration	elaboration
این طرح شامل محکومیت قصاص و کسانی <*> هم نمی شود .	ما به دنبال ایجاد امنیت برای ایرانیانی هستیم	1<2	unknown	joint	conjunction
ما به دنبال ایجاد امنیت برای ایرانیانی هستیم	که به وطن خویش علاقه دارند	1<2	unknown	elaboration	elaboration
که به وطن خویش علاقه دارند	و هیچگاه خیانتی به منافع ملی ایران نکردهاند .	1<2	unknown	joint	conjunction
اما با وجود این که این مساله جزومطالبات مردم بود ،	معطل ماند .	1>2	unknown	contrast	contrast
قانون اساسی جمهوری اسلامی به حق برگزاری تجمعات و راهپیماییهای اعتراضی از سوی مردم تاکید کرده است	معطل ماند .	1<2	unknown	contrast	contrast
قانون اساسی جمهوری اسلامی به حق برگزاری تجمعات و راهپیماییهای اعتراضی از سوی مردم تاکید کرده است	کنشگران و احزاب و گروههای سیاسی به لزوم توجه به این حق مردم اذعان کردند .	1<2	unknown	elaboration	elaboration
قانون اساسی جمهوری اسلامی به حق برگزاری تجمعات و راهپیماییهای اعتراضی از سوی مردم تاکید کرده است	اعتراضات و ناآرامیهای سال گذشته باعث شد تا دولت آقای روحانی اقدام جدی در این رابطه انجام	1<2	unknown	topic-comment	comment
اعتراضات و ناآرامیهای سال گذشته باعث شد تا دولت آقای روحانی اقدام جدی در این رابطه انجام	و محلهایی در شهر را به اعتراضات مردمی اختصاص دهد	1<2	unknown	joint	conjunction
اعتراضات و ناآرامیهای سال گذشته باعث شد تا دولت آقای روحانی اقدام جدی در این رابطه انجام	که فی نفسه بسیار مثبت است .	1<2	unknown	evaluation	comment
که فی نفسه بسیار مثبت است .	برای کشور نیز بسیار اقدام مثبت و خوبی است .	1<2	unknown	joint	conjunction
برای کشور نیز بسیار اقدام مثبت و خوبی است .	به این خاطر که دولت میتواند تجمع اعتراضی جریانات سیاسی و صنفی را به صورت نظام مند دربیاورد .	1<2	unknown	explanation	explanation
اعتراضات و ناآرامیهای سال گذشته باعث شد تا دولت آقای روحانی اقدام جدی در این رابطه انجام	این یک مقر برای جریانات و فعالان سیاسی و صنفی خواهد بود	1<2	unknown	elaboration	elaboration
تا اگر حرفی برای گفتن دارند ،	بتوانند صدای شان را بلند کنند .	1>2	unknown	condition	condition
این یک مقر برای جریانات و فعالان سیاسی و صنفی خواهد بود	بتوانند صدای شان را بلند کنند .	1<2	unknown	enablement	purpose
این یک مقر برای جریانات و فعالان سیاسی و صنفی خواهد بود	در حال حاضر اعتراضات در یک جنگ و ستیز با نیروهای امنیتی در خیابانها بیان میشد .	1<2	unknown	explanation	explanation
در حال حاضر اعتراضات در یک جنگ و ستیز با نیروهای امنیتی در خیابانها بیان میشد .	در این شرایط نظم عمومی به هم میخورد	1<2	unknown	temporal	temporal
و به بهانه به هم خوردن نظم	هم دستگیری و زندانی شدن فعالان مختلفی را شاهد بودیم .	1>2	unknown	cause	causal
در حال حاضر اعتراضات در یک جنگ و ستیز با نیروهای امنیتی در خیابانها بیان میشد .	هم دستگیری و زندانی شدن فعالان مختلفی را شاهد بودیم .	1<2	unknown	temporal	temporal
وقتی چنین زمینهای وجود دارد ،	هر جمع و جریان سیاسی و صنفی <*> از قبل درخواست تجمع میکند	1>2	unknown	background	frame
در حال حاضر اعتراضات در یک جنگ و ستیز با نیروهای امنیتی در خیابانها بیان میشد .	هر جمع و جریان سیاسی و صنفی <*> از قبل درخواست تجمع میکند	1<2	unknown	contrast	contrast
هر جمع و جریان سیاسی و صنفی <*> از قبل درخواست تجمع میکند	که بخواهد تجمع کند	1<2	unknown	elaboration	elaboration
از قبل درخواست تجمع میکند	تا در شورای تامین بررسی شود .	1<2	unknown	enablement	purpose
هر جمع و جریان سیاسی و صنفی <*> از قبل درخواست تجمع میکند	شورای تامین الزامات تجمعات را در نظر میگیرد	1<2	unknown	temporal	temporal
هر جمع و جریان سیاسی و صنفی <*> از قبل درخواست تجمع میکند	و امنیت شان را هم حفظ میکند .	1<2	unknown	temporal	temporal
هر جمع و جریان سیاسی و صنفی <*> از قبل درخواست تجمع میکند	همچنین از برخوردهایی <*> جلوگیری میشود .	1<2	unknown	temporal	temporal
همچنین از برخوردهایی <*> جلوگیری میشود .	که تحت عنوان لباس شخصی پیش میآید	1<2	unknown	elaboration	elaboration
هر جمع و جریان سیاسی و صنفی <*> از قبل درخواست تجمع میکند	البته برخورد سلیقهای در دادن مجوز بازگشت به عقب است .	1<2	unknown	evaluation	comment
اینطور نباشد که عدهای مدعی شوند	در گوشه و کنار شهر اعتراض میکنند .	1>2	unknown	attribution	attribution
که چون مجوز تجمع دریافت نکردهاند ،	در گوشه و کنار شهر اعتراض میکنند .	1>2	unknown	explanation	explanation
البته برخورد سلیقهای در دادن مجوز بازگشت به عقب است .	در گوشه و کنار شهر اعتراض میکنند .	1<2	unknown	explanation	explanation
در گوشه و کنار شهر اعتراض میکنند .	این کار به نوعی نقض غرض است .	1<2	unknown	evaluation	comment
البته برخورد سلیقهای در دادن مجوز بازگشت به عقب است .	تقاضا برای تجمعات باید به سرعت بررسی شده	1<2	unknown	evaluation	comment
تقاضا برای تجمعات باید به سرعت بررسی شده	و تا حد امکان به آنها پاسخ داده شود .	1<2	unknown	joint	conjunction
هر جمع و جریان سیاسی و صنفی <*> از قبل درخواست تجمع میکند	البته تجمعات باید قانونی باشد .	1<2	unknown	elaboration	elaboration
بالاخره صنفی <*> مسوولی دارد	و فرد خاصی این تقاضا را مطرح میکند .	1>2	unknown	cause	causal
بالاخره صنفی <*> مسوولی دارد	که درخواست میکند ،	1<2	unknown	elaboration	elaboration
البته تجمعات باید قانونی باشد .	و فرد خاصی این تقاضا را مطرح میکند .	1<2	unknown	manner-means	mode
و فرد خاصی این تقاضا را مطرح میکند .	رفتار تجمع کنندگان نیز باید در چارچوب مشخصی باشد .	1<2	unknown	joint	conjunction
اگر کسی جرمی مرتکب شد ،	نیروهای امنیتی باید با مجرم برخورد کنند .	1>2	unknown	condition	condition
و فرد خاصی این تقاضا را مطرح میکند .	نیروهای امنیتی باید با مجرم برخورد کنند .	1<2	unknown	joint	conjunction
نیروهای امنیتی باید با مجرم برخورد کنند .	نمی توان گفت که اصلا نباید برخوردی صورت بگیرد .	1<2	unknown	explanation	explanation
بعد از اظهارنظرهای مختلف و متفاوت در مورد دوچرخه سواری بانوان ، بالاخره دیروز سخنگوی قوه قضاییه در اظهارنظری رسمی اعلام کرد	که دوچرخه سواری بانوان از منظر قانونی مشکلی ندارد ؛	1>2	unknown	attribution	attribution
که دوچرخه سواری بانوان از منظر قانونی مشکلی ندارد ؛	اعلام نظری که به نوعی میتواند فصل الخطابی برای مناقشه عجیب « دوچرخه سواری بانوان » باشد .	1<2	unknown	elaboration	elaboration
که دوچرخه سواری بانوان از منظر قانونی مشکلی ندارد ؛	اما گذشته از این اعلام موضع به نظر میرسد تمامی این حاشیهها و جنجال آفرینیها از پایه و اساس با ابهام مواجه باشد .	1<2	unknown	contrast	contrast
درحقیقت مردم حق دارند از خود بپرسند	دامن زدن به چنین مسایل کم اهمیتی چه لزومی دارد ؟	1>2	unknown	attribution	attribution
در جایی که کشور ما در یکی از حساس ترین برهههای تاریخی خود به سر میبرد	دامن زدن به چنین مسایل کم اهمیتی چه لزومی دارد ؟	1>2	unknown	background	frame
در جایی که کشور ما در یکی از حساس ترین برهههای تاریخی خود به سر میبرد	و در شرایطی که جامعه و مردم آن با مشکلات اقتصادی و اجتماعی عدیدهای روبه رو هستند ،	1<2	unknown	joint	conjunction
که دوچرخه سواری بانوان از منظر قانونی مشکلی ندارد ؛	دامن زدن به چنین مسایل کم اهمیتی چه لزومی دارد ؟	1<2	unknown	topic-comment	comment
اگر چه گروهی بر این	باور	1>2	unknown	attribution	attribution
دامن زدن به چنین مسایل کم اهمیتی چه لزومی دارد ؟	باور	1<2	unknown	contrast	contrast
باور	ند	1<2	unknown	elaboration	elaboration
ند	که طرح مساله و حتی بازه زمانی آن به گونهای طراحی شده	1<2	unknown	elaboration	elaboration
که اهدافی را در پس پرده دنبال میسکند ؛	سوال	1>2	unknown	condition	condition
که اهدافی را در پس پرده دنبال میسکند ؛	اهدافی که شاید سادهترین آنها ایجاد نگرانی در لایههای مختلف جامعه باشد .	1<2	unknown	elaboration	elaboration
دامن زدن به چنین مسایل کم اهمیتی چه لزومی دارد ؟	سوال	1<2	unknown	joint	conjunction
سوال	اینجا	1<2	unknown	topic-comment	comment
اینجا	ست	1<2	unknown	explanation	explanation
ست	که اصلا فرض کنیم خانمها در جامعه دوچرخه سواری بکنند یا نکنند ؟	1<2	unknown	joint	conjunction
که اصلا فرض کنیم خانمها در جامعه دوچرخه سواری بکنند یا نکنند ؟	اصولا در هر دو صورت ، چه اتفاق مهمی و چه تغییری در روند اداره کشور و حل مشکلات جامعه به وجود خواهد آمد ؟ <*> زیرا میتوانند با چنین حمل و نقلی به پاک شدن هوای شهر شان کمک کنند	1<2	unknown	elaboration	elaboration
گو اینکه به نظر میرسد در زندگی شهروندان تاثیرگذار باشد	زیرا میتوانند با چنین حمل و نقلی به پاک شدن هوای شهر شان کمک کنند	1>2	unknown	comparison	concession
اصولا در هر دو صورت ، چه اتفاق مهمی و چه تغییری در روند اداره کشور و حل مشکلات جامعه به وجود خواهد آمد ؟ <*> زیرا میتوانند با چنین حمل و نقلی به پاک شدن هوای شهر شان کمک کنند	و اتفاقا تردد با دوچرخه اقتصادیتر هم خواهد بود . <*> همان گونه که سخنگوی قوه قضاییه نیز به درستی به آن اشاره کردهاند ،	1<2	unknown	explanation	explanation
و اتفاقا تردد با دوچرخه اقتصادیتر هم خواهد بود . <*> همان گونه که سخنگوی قوه قضاییه نیز به درستی به آن اشاره کردهاند ،	موضوعی که	1<2	unknown	attribution	attribution
و اتفاقا تردد با دوچرخه اقتصادیتر هم خواهد بود . <*> همان گونه که سخنگوی قوه قضاییه نیز به درستی به آن اشاره کردهاند ،	هیچ منع قانونی نداشته و ندارد .	1<2	unknown	elaboration	elaboration
هیچ منع قانونی نداشته و ندارد .	چرا که	1<2	unknown	condition	condition
بر اساس قانون و عرف جامعه ما ،	که این رفتار پشت فرمان ماشین باشد یا روی زین دوچرخه . <*> اصلا چند درصد از زنان ، امکان دوچرخه سواری دارند	1>2	unknown	topic-comment	comment
بر اساس قانون و عرف جامعه ما ،	اصولا زنان باید در مراکز عمومی و ملاعام از حیث لباس پوشیدن و رفتار ، شوونات جامعه و فرهنگ و دین را رعایت کنند .	1<2	unknown	joint	conjunction
اصولا زنان باید در مراکز عمومی و ملاعام از حیث لباس پوشیدن و رفتار ، شوونات جامعه و فرهنگ و دین را رعایت کنند .	حالا فرقی نمی کند	1<2	unknown	elaboration	elaboration
که دوچرخه سواری بانوان از منظر قانونی مشکلی ندارد ؛	که این رفتار پشت فرمان ماشین باشد یا روی زین دوچرخه . <*> اصلا چند درصد از زنان ، امکان دوچرخه سواری دارند	1<2	unknown	evaluation	comment
از سویی باید از مخالفان دوچرخه سواری بانوان سوال کرد که واقعا این اقدام چه آسیبی به جامعه میرساند ؟	اصلا چند درصد از زنان ، امکان دوچرخه سواری دارند	1>2	unknown	manner-means	mode
که این رفتار پشت فرمان ماشین باشد یا روی زین دوچرخه . <*> اصلا چند درصد از زنان ، امکان دوچرخه سواری دارند	که این همه حاشیه برای آنها درست شده است ؟	1<2	unknown	elaboration	elaboration
که این رفتار پشت فرمان ماشین باشد یا روی زین دوچرخه . <*> اصلا چند درصد از زنان ، امکان دوچرخه سواری دارند	درنهایت جمیع این موارد - <*> ما را به این نتیجه میرساند <*> که زنان از مشکلات حقوقی عدیدهای رنج میبرند	1<2	unknown	cause	causal
درنهایت جمیع این موارد - <*> ما را به این نتیجه میرساند <*> که زنان از مشکلات حقوقی عدیدهای رنج میبرند	بدون آنکه بخواهیم موضع گیری و جبهه گیری خواصی بکنیم -	1<2	unknown	enablement	purpose
ما را به این نتیجه میرساند	که تمامی این مناقشات از ریشه بی مورد است .	1<2	unknown	elaboration	elaboration
که تمامی این مناقشات از ریشه بی مورد است .	پس بهتر است در جایی	1<2	unknown	joint	conjunction
درنهایت جمیع این موارد - <*> ما را به این نتیجه میرساند <*> که زنان از مشکلات حقوقی عدیدهای رنج میبرند	و در شرایطی	1<2	unknown	enablement	purpose
انصراف دو خریدار بزرگ چینی خبر شوکه کننده برای فعالان حوزه انرژی نیست ،	سیاستهای فروش نفت در دوران تحریم دستخوش تغییرات گسترده شده است .	1<2	unknown	cause	causal
سیاستهای فروش نفت در دوران تحریم دستخوش تغییرات گسترده شده است .	به نظر میرسد در حال حاضر فقط عراق به صورت مستقیم اقدام به خرید نفت از ایران میکند	1<2	unknown	elaboration	elaboration
به نظر میرسد در حال حاضر فقط عراق به صورت مستقیم اقدام به خرید نفت از ایران میکند	و باقی کشورها ، همسو با سیاستهای جدید وزارت نفت نیازهای خود را از بازارهای خاکستری تامین میکنند ،	1<2	unknown	joint	conjunction
سیاستهای فروش نفت در دوران تحریم دستخوش تغییرات گسترده شده است .	شرکت ملی نفت با دارا بودن بیش از ۴۶ نفتکش فعال در کلاسهای مختلف ، قابلیت ذخیره سازی بیش از ۸۰ میلیون بشکه نفت روی آبها برای زمان طولانی را دارد	1<2	unknown	elaboration	elaboration
شرکت ملی نفت با دارا بودن بیش از ۴۶ نفتکش فعال در کلاسهای مختلف ، قابلیت ذخیره سازی بیش از ۸۰ میلیون بشکه نفت روی آبها برای زمان طولانی را دارد	و این ظرفیت فرصت مناسبی برای انتقال آن به حوزهای پرمصرف نفت ایران را فراهم کرده است .	1<2	unknown	cause	causal
شرکت ملی نفت با دارا بودن بیش از ۴۶ نفتکش فعال در کلاسهای مختلف ، قابلیت ذخیره سازی بیش از ۸۰ میلیون بشکه نفت روی آبها برای زمان طولانی را دارد	این نفتکشها بازویی قوی برای فروش نفت در این سبک است .	1<2	unknown	evaluation	comment
شرکت ملی نفت با دارا بودن بیش از ۴۶ نفتکش فعال در کلاسهای مختلف ، قابلیت ذخیره سازی بیش از ۸۰ میلیون بشکه نفت روی آبها برای زمان طولانی را دارد	عمده شرکتهای چینی <*> خواهان مخفی ماندن اطلاعات تجاری خود در مورد خرید نفت ایران هستند .	1<2	unknown	explanation	explanation
عمده شرکتهای چینی <*> خواهان مخفی ماندن اطلاعات تجاری خود در مورد خرید نفت ایران هستند .	به دلیل داشتن مراودات با شرکتهای امریکایی و انجام تراکنشهای دلاری	1<2	unknown	explanation	explanation
انصراف دو خریدار بزرگ چینی خبر شوکه کننده برای فعالان حوزه انرژی نیست ،	با توجه به پیش بینی فروش ١ . ۵ میلیون بشکه نفت و فرآورده و میعات گازی در بودجه ۹۸ و همچنین افزایش قیمت نفت و برابری قیمت ریال و دلار به نظر نمی رسد ، دولت در تامین بخشیهای بزرگی از بودجه به مشکل بخورد .	1<2	unknown	topic-change	conjunction
با توجه به پیش بینی فروش ١ . ۵ میلیون بشکه نفت و فرآورده و میعات گازی در بودجه ۹۸ و همچنین افزایش قیمت نفت و برابری قیمت ریال و دلار به نظر نمی رسد ، دولت در تامین بخشیهای بزرگی از بودجه به مشکل بخورد .	برخلاف تصور بازار ، درخواست برای خرید نفت ایران کاهش چشمگیری پیدا نکرده	1<2	unknown	cause	causal
برخلاف تصور بازار ، درخواست برای خرید نفت ایران کاهش چشمگیری پیدا نکرده	اما طریقه معاملات نفتی در شیوههای جدید نیاز به زمان بیشتری برای هماهنگی مشتریها در نحوه تحویل بار یا پرداخت وجه دارد .	1<2	unknown	contrast	contrast
عدهای اعتقاد دارند	عدم بارگیری نفت در ٢ هفته گذشته نشانههایی است از پیروزی تحریمهای امریکا ،	1>2	unknown	attribution	attribution
برخلاف تصور بازار ، درخواست برای خرید نفت ایران کاهش چشمگیری پیدا نکرده	عدم بارگیری نفت در ٢ هفته گذشته نشانههایی است از پیروزی تحریمهای امریکا ،	1<2	unknown	explanation	explanation
عدم بارگیری نفت در ٢ هفته گذشته نشانههایی است از پیروزی تحریمهای امریکا ،	اما برخلاف دیدگاهها میتوان به چند دلیل اشاره کرد .	1<2	unknown	contrast	contrast
عمده بار نفتی ایران که به صورت تحویل در مقصد به فروش میرسد	و احتمالا این عدم بارگیری نشان دهنده تکمیل بودن ظرفیت ناوگان حمل تحت اجاره شرکت ملی نفت است .	1>2	unknown	evaluation	comment
عمده بار نفتی ایران که به صورت تحویل در مقصد به فروش میرسد	و این موضوع باعث افزایش تردد نفتکشها شده	1<2	unknown	cause	causal
اما برخلاف دیدگاهها میتوان به چند دلیل اشاره کرد .	و احتمالا این عدم بارگیری نشان دهنده تکمیل بودن ظرفیت ناوگان حمل تحت اجاره شرکت ملی نفت است .	1<2	unknown	elaboration	elaboration
و احتمالا این عدم بارگیری نشان دهنده تکمیل بودن ظرفیت ناوگان حمل تحت اجاره شرکت ملی نفت است .	همچنین عمده نفتکشهای ایران با GPSهایی خاموش در آبها به حرکت درمی آیند .	1<2	unknown	joint	conjunction
و احتمالا این عدم بارگیری نشان دهنده تکمیل بودن ظرفیت ناوگان حمل تحت اجاره شرکت ملی نفت است .	دپوی نفت در خارج از مرزهای دریایی ایران و نزدیک کردن این بار به مقاصد پرمصرف یکی از راهکارهای عملیاتی موفق در دوران تحریم است .	1<2	unknown	joint	conjunction
بیژن زنگنه بارها اعلام کرده	راهکارهای جدید دور زدن تحریمها نمی تواند توضیحات واضحی ارایه کند ،	1>2	unknown	attribution	attribution
برخلاف تصور بازار ، درخواست برای خرید نفت ایران کاهش چشمگیری پیدا نکرده	راهکارهای جدید دور زدن تحریمها نمی تواند توضیحات واضحی ارایه کند ،	1<2	unknown	evaluation	comment
راهکارهای جدید دور زدن تحریمها نمی تواند توضیحات واضحی ارایه کند ،	اما رصد و رهگیری گزارشهای بازار در مقاصد پرفروش نشان دهنده موفقیت شیخ الوزرا در به سرانجام رساندن این ماموریت بزرگ بوده است .	1<2	unknown	contrast	contrast
اگر بخواهیم بدون پیش داوری و قضاوت فلسفه وجودی « مشق شب » را بررسی و تحلیل کنیم	این توصیف بهترین است که بگوییم وسیله ارتباطی است	1>2	unknown	condition	condition
« مشق شب » ابزاری ارتباطی بین دانش آموز ، والدین و اولیای مدرسه بوده است .	این توصیف بهترین است که بگوییم وسیله ارتباطی است	1<2	unknown	summary	organization
بنابراین چه عنوان آن « مشق شب » باشد	باید وسیله ارتباط بین دانش آموز ، والدین و اولیای مدرسه را حفظ کنیم .	1>2	unknown	condition	condition
بنابراین چه عنوان آن « مشق شب » باشد	چه عنوان دیگری به آن بدهیم	1<2	unknown	joint	conjunction
« مشق شب » ابزاری ارتباطی بین دانش آموز ، والدین و اولیای مدرسه بوده است .	باید وسیله ارتباط بین دانش آموز ، والدین و اولیای مدرسه را حفظ کنیم .	1<2	unknown	evaluation	comment
بنده نیز تا این اندازه که « مشق شب » وسیله ارتباط والدین با مدرسه است	با وجود و انجام آن موافق هستم .	1>2	unknown	manner-means	mode
« مشق شب » ابزاری ارتباطی بین دانش آموز ، والدین و اولیای مدرسه بوده است .	با وجود و انجام آن موافق هستم .	1<2	unknown	evaluation	comment
اما پرسش این است که چه زمانی « مشق شب » موجب بروز بحران شده	در پاسخ به این پرسش باید گفت آن زمانی « مشق شب » حالت خطرناک به خود میگیرد	1>2	unknown	topic-comment	comment
اما پرسش این است که چه زمانی « مشق شب » موجب بروز بحران شده	و حالتی خطرناک به خود میگیرد	1<2	unknown	joint	conjunction
اما پرسش این است که چه زمانی « مشق شب » موجب بروز بحران شده	که سیستم آموزشی ما تصمیم به حذف یا کاهش آن میگیرد .	1<2	unknown	elaboration	elaboration
در پاسخ به این پرسش باید گفت آن زمانی « مشق شب » حالت خطرناک به خود میگیرد	بنابراین « مشق شب » از این منظر آسیب های بسیار زیادی دارد	1>2	unknown	summary	organization
در پاسخ به این پرسش باید گفت آن زمانی « مشق شب » حالت خطرناک به خود میگیرد	که ابزاری آسیب زننده در دست والدین دارای وسواس های خاص نظیر « کامل طلبی » میشود .	1<2	unknown	elaboration	elaboration
که ابزاری آسیب زننده در دست والدین دارای وسواس های خاص نظیر « کامل طلبی » میشود .	والدینی که گاه ممکن است حتی تحصیلات کافی نداشته باشند	1<2	unknown	elaboration	elaboration
والدینی که گاه ممکن است حتی تحصیلات کافی نداشته باشند	یا درک درستی از وضعیت آموزش و شیوه یادگیری یا استعدادهای فرزند خود ندارند .	1<2	unknown	joint	conjunction
در پاسخ به این پرسش باید گفت آن زمانی « مشق شب » حالت خطرناک به خود میگیرد	به عبارت دیگر وزیر آموزش و پرورش نیز <*> متوجه آن بخش خطرناک و بحران زای این ابزار شده بود .	1<2	unknown	summary	organization
به عبارت دیگر وزیر آموزش و پرورش نیز <*> متوجه آن بخش خطرناک و بحران زای این ابزار شده بود .	که مدتی قبل خواهان حذف « مشق شب » از مدارس شد	1<2	unknown	elaboration	elaboration
بخشی که با آن والدین تصور میکنند	این « مشق شب » است	1>2	unknown	attribution	attribution
به عبارت دیگر وزیر آموزش و پرورش نیز <*> متوجه آن بخش خطرناک و بحران زای این ابزار شده بود .	این « مشق شب » است	1<2	unknown	elaboration	elaboration
این « مشق شب » است	که فرزند شان را به موجودی خارق العاده در جامعه تبدیل میکند	1<2	unknown	elaboration	elaboration
که فرزند شان را به موجودی خارق العاده در جامعه تبدیل میکند	یا از او یک نابغه میسازد .	1<2	unknown	joint	conjunction
« مشق شب » ابزاری ارتباطی بین دانش آموز ، والدین و اولیای مدرسه بوده است .	بنابراین « مشق شب » از این منظر آسیب های بسیار زیادی دارد	1<2	unknown	topic-change	conjunction
بنابراین « مشق شب » از این منظر آسیب های بسیار زیادی دارد	و نقاط منفی آن بیش از تاثیرات مثبت آن ارزیابی میشود .	1<2	unknown	joint	conjunction
اگر از این زاویه به موضوع بنگریم	می بینیم که والدین با « مشق شب » به دستیار آموزشی تبدیل شدهاند	1>2	unknown	condition	condition
می بینیم که والدین با « مشق شب » به دستیار آموزشی تبدیل شدهاند	که آسیب های « مشق شب » طیف متنوعی است ازجمله بروز رفتارهای « شبه بیش فعالانه » در کودکان و دانش آموزان یا بروز اختلالات یادگیری	1>2	unknown	summary	organization
می بینیم که والدین با « مشق شب » به دستیار آموزشی تبدیل شدهاند	در حالی که آنها باید رابطه عاطفی با فرزند خود را در دستور کار داشته باشند .	1<2	unknown	contrast	contrast
به بیانی ساده باید بر این نکته تاکید کنم	که آسیب های « مشق شب » طیف متنوعی است ازجمله بروز رفتارهای « شبه بیش فعالانه » در کودکان و دانش آموزان یا بروز اختلالات یادگیری	1>2	unknown	attribution	attribution
بنابراین « مشق شب » از این منظر آسیب های بسیار زیادی دارد	که آسیب های « مشق شب » طیف متنوعی است ازجمله بروز رفتارهای « شبه بیش فعالانه » در کودکان و دانش آموزان یا بروز اختلالات یادگیری	1<2	unknown	evaluation	comment
که آسیب های « مشق شب » طیف متنوعی است ازجمله بروز رفتارهای « شبه بیش فعالانه » در کودکان و دانش آموزان یا بروز اختلالات یادگیری	که به سبب مداخله والدینی رخ داده است	1<2	unknown	elaboration	elaboration
که به سبب مداخله والدینی رخ داده است	که به زبان عامیانه باید گفت کاربلد نیستند	1<2	unknown	elaboration	elaboration
که به زبان عامیانه باید گفت کاربلد نیستند	و موجب ایجاد فشارهای روانی به فرزند خود شدهاند .	1<2	unknown	joint	conjunction
که آسیب های « مشق شب » طیف متنوعی است ازجمله بروز رفتارهای « شبه بیش فعالانه » در کودکان و دانش آموزان یا بروز اختلالات یادگیری	این تحلیلی فارغ از جانبداری است .	1<2	unknown	evaluation	comment
« مشق شب » ابزاری ارتباطی بین دانش آموز ، والدین و اولیای مدرسه بوده است .	اما آنچه نباید از آن غافل شد این است	1<2	unknown	topic-change	conjunction
اما آنچه نباید از آن غافل شد این است	که با حذف « مشق شب » ارتباط والدین با فرزند و اولیای مدرسه چگونه حفظ میشود ؟	1<2	unknown	elaboration	elaboration
که با حذف « مشق شب » ارتباط والدین با فرزند و اولیای مدرسه چگونه حفظ میشود ؟	حفظ این ارتباط نباید به قیمتی تمام شود	1<2	unknown	background	frame
حفظ این ارتباط نباید به قیمتی تمام شود	که در آن مادر عاطفی دانش آموز ما به یک معلم یا دستیار آموزشی تبدیل شود .	1<2	unknown	elaboration	elaboration
اما فارغ از این بحث نیز باید مراقب آسیبی دیگر باشیم .	البته باید دغدغه علما را جدی گرفت	1>2	unknown	background	frame
اما آنچه نباید از آن غافل شد این است	البته باید دغدغه علما را جدی گرفت	1<2	unknown	joint	conjunction
البته باید دغدغه علما را جدی گرفت	و انتقاد آنها را از منظری دیگر مورد توجه قرارداد ،	1<2	unknown	joint	conjunction
البته باید دغدغه علما را جدی گرفت	اما جدای از آن والدین باید به این نکته حساس باشند	1<2	unknown	contrast	contrast
اما جدای از آن والدین باید به این نکته حساس باشند	که چه سازمان ها و موسساتی از وسواس ها و نگرانی های آنها سود میبرند ؟	1<2	unknown	elaboration	elaboration
وقتی والدینی داشته باشیم	طبعا از این فرصت عدهای سواستفاده میکنند	1>2	unknown	background	frame
وقتی والدینی داشته باشیم	که به کودک و استعداد او نگاهی خاص دارند	1<2	unknown	elaboration	elaboration
که به کودک و استعداد او نگاهی خاص دارند	و میخوتهند از او یک نابغه یا موجود خارق العاده بیافرینند	1<2	unknown	joint	conjunction
اما جدای از آن والدین باید به این نکته حساس باشند	طبعا از این فرصت عدهای سواستفاده میکنند	1<2	unknown	explanation	explanation
طبعا از این فرصت عدهای سواستفاده میکنند	و برای عملی کردن چنین خواستهای نقشه طراحی میکنند	1<2	unknown	joint	conjunction
طبعا از این فرصت عدهای سواستفاده میکنند	و مبالغ آنچنانی مطالبه میکنند .	1<2	unknown	joint	conjunction
اما آنچه نباید از آن غافل شد این است	ما باید این دو مبحث را از هم تفکیک کنیم	1<2	unknown	evaluation	comment
ما باید این دو مبحث را از هم تفکیک کنیم	یعنی موضوع « مشق شب » به عنوان یک وسیله ارتباطی بین مثلث دانش آموز ، والدین و مدرسه و موضوع « مشق شب » به عنوان یک وسیله درآمدزایی برای گروه هایی خاص .	1<2	unknown	elaboration	elaboration
ما باید این دو مبحث را از هم تفکیک کنیم	ما باید بتوانیم به راه حل بینابین برسیم .	1<2	unknown	joint	conjunction
ما باید این دو مبحث را از هم تفکیک کنیم	تلاش ما در گام نخست باید حفظ رابطه والدین با اولیای مدرسه باشد	1<2	unknown	elaboration	elaboration
تلاش ما در گام نخست باید حفظ رابطه والدین با اولیای مدرسه باشد	و باید از آنها مراقبت کنیم	1<2	unknown	joint	conjunction
تلاش ما در گام نخست باید حفظ رابطه والدین با اولیای مدرسه باشد	تا از نقش خود یعنی پدر و مادر بودن فاصله نگیرند	1<2	unknown	enablement	purpose
تا از نقش خود یعنی پدر و مادر بودن فاصله نگیرند	و به دستیاران آموزشی تبدیل نشوند .	1<2	unknown	joint	conjunction
مردمان جنوب در جنگ هشت ساله به شیوههای مختلف به زندگی شان ادامه دادند	یاد گرفتهاند که در برابر حوادث و مشکلات به توان خود شان نگاه کنند .	1>2	unknown	cause	causal
مردمان جنوب در جنگ هشت ساله به شیوههای مختلف به زندگی شان ادامه دادند	و مرارتهای بسیاری را از سر گذراندند ،	1<2	unknown	joint	conjunction
یاد گرفتهاند که در برابر حوادث و مشکلات به توان خود شان نگاه کنند .	یاد گرفتهاند به آنچه خود شان در توان دارند تمسک بجویند	1<2	unknown	joint	conjunction
یاد گرفتهاند به آنچه خود شان در توان دارند تمسک بجویند	و این یک مقاومت درونی را در آنها ایجاد کرده است	1<2	unknown	cause	causal
و این یک مقاومت درونی را در آنها ایجاد کرده است	و این باور را در آنها به وجود آورده	1<2	unknown	joint	conjunction
و این باور را در آنها به وجود آورده	که میتوانم خود م از پس حفظ خانه و خاکم برآیم	1<2	unknown	elaboration	elaboration
که میتوانم خود م از پس حفظ خانه و خاکم برآیم	و مشکلات را به سامان برسانم .	1<2	unknown	joint	conjunction
و این یک مقاومت درونی را در آنها ایجاد کرده است	این مردم یک روحیه جمعی بسیار قوی دارند	1<2	unknown	joint	conjunction
این مردم یک روحیه جمعی بسیار قوی دارند	که باعث میشود خود شان به جنگ با مشکلات بروند .	1<2	unknown	elaboration	elaboration
و این یک مقاومت درونی را در آنها ایجاد کرده است	فقط امکاناتی را میخواهند	1<2	unknown	joint	conjunction
فقط امکاناتی را میخواهند	که در نزدیکی منطقه خود شان از آنها استفاده کنند .	1<2	unknown	elaboration	elaboration
تاریخ این کشور هم گویای این است	که مرزنشینان ما همواره مردمانی بودهاند مقاوم و پایدار و دوستدار صلح و همبستگی .	1>2	unknown	attribution	attribution
یاد گرفتهاند که در برابر حوادث و مشکلات به توان خود شان نگاه کنند .	که مرزنشینان ما همواره مردمانی بودهاند مقاوم و پایدار و دوستدار صلح و همبستگی .	1<2	unknown	topic-change	conjunction
که مرزنشینان ما همواره مردمانی بودهاند مقاوم و پایدار و دوستدار صلح و همبستگی .	از این طرف خوزستان را داریم و از آن سمت کرمانشاه و کردستان و …	1<2	unknown	elaboration	elaboration
از این طرف خوزستان را داریم و از آن سمت کرمانشاه و کردستان و …	در حالات عادی زندگی روزمره شان در جریان است	1<2	unknown	elaboration	elaboration
اما زمانی که رویدادی یا حادثهای پیش میآید	این خصوصیات بروز و ظهور پیدا میکند .	1>2	unknown	background	frame
در حالات عادی زندگی روزمره شان در جریان است	این خصوصیات بروز و ظهور پیدا میکند .	1<2	unknown	contrast	contrast
که مرزنشینان ما همواره مردمانی بودهاند مقاوم و پایدار و دوستدار صلح و همبستگی .	این روحیه مقاومت و دفاع را مردم این مناطق هم در میان خود شان نشان دادهاند و هم در برابر نیروهای مهاجمی	1<2	unknown	elaboration	elaboration
این روحیه مقاومت و دفاع را مردم این مناطق هم در میان خود شان نشان دادهاند و هم در برابر نیروهای مهاجمی	که میخواستهاند کلیت سرزمین ما را تهدید کنند .	1<2	unknown	elaboration	elaboration
که مرزنشینان ما همواره مردمانی بودهاند مقاوم و پایدار و دوستدار صلح و همبستگی .	همین گونه و با این روحیه بوده	1<2	unknown	elaboration	elaboration
همین گونه و با این روحیه بوده	که توانستهاند همیشه از مرزها دفاع کنند .	1<2	unknown	elaboration	elaboration
یاد گرفتهاند که در برابر حوادث و مشکلات به توان خود شان نگاه کنند .	هنگام مواجهه با صحنههای ماندن مردم در شهرهای سیل زده خوزستان نباید فراموش کنیم که اولین دلیل برای این مقاومت و ماندن احتمالا مساله اعتماد است .	1<2	unknown	topic-change	conjunction
وقتی حادثهای مانند سیل پیش میآید	باید اطمینان خاطر و اعتماد کامل داشته باشد	1>2	unknown	background	frame
هنگام مواجهه با صحنههای ماندن مردم در شهرهای سیل زده خوزستان نباید فراموش کنیم که اولین دلیل برای این مقاومت و ماندن احتمالا مساله اعتماد است .	باید اطمینان خاطر و اعتماد کامل داشته باشد	1<2	unknown	evaluation	comment
تا وقتی به او میگویید می	خواهم تو را دو ماه به نقطه دیگری منتقل کنم	1>2	unknown	attribution	attribution
خواهم تو را دو ماه به نقطه دیگری منتقل کنم	این حرف را باور داشته باشد .	1>2	unknown	background	frame
خواهم تو را دو ماه به نقطه دیگری منتقل کنم	یا خانه آسیب دیده ات را چند ماه بعد تحویل میگیری ،	1<2	unknown	joint	conjunction
باید اطمینان خاطر و اعتماد کامل داشته باشد	این حرف را باور داشته باشد .	1<2	unknown	enablement	purpose
اما وقتی این اعتماد کامل وجود ندارد ،	مردم ترجیح میدهند با سختیهای محیط و در شرایطی <*> سر کند	1>2	unknown	background	frame
باید اطمینان خاطر و اعتماد کامل داشته باشد	مردم ترجیح میدهند با سختیهای محیط و در شرایطی <*> سر کند	1<2	unknown	contrast	contrast
مردم ترجیح میدهند با سختیهای محیط و در شرایطی <*> سر کند	که آب دارد خانه اش را میبرد	1<2	unknown	contrast	contrast
که آب دارد خانه اش را میبرد	و هیچ استراحتی نمی تواند داشته باشد	1<2	unknown	joint	conjunction
مردم ترجیح میدهند با سختیهای محیط و در شرایطی <*> سر کند	و آسیبهای بعدی را به جان بخرد .	1<2	unknown	joint	conjunction
مردم ترجیح میدهند با سختیهای محیط و در شرایطی <*> سر کند	چنین آدمی نمی داند که <*> بعدا چه چیزی را میتواند به جای آن بگذارد .	1<2	unknown	cause	causal
اگر خانه اش یا روستا و شهر ش را رها کند	بعدا چه چیزی را میتواند به جای آن بگذارد .	1>2	unknown	condition	condition
هنگام مواجهه با صحنههای ماندن مردم در شهرهای سیل زده خوزستان نباید فراموش کنیم که اولین دلیل برای این مقاومت و ماندن احتمالا مساله اعتماد است .	این اعتماد موضوع سرمایه اجتماعی را پیش میکشد .	1<2	unknown	elaboration	elaboration
این اعتماد موضوع سرمایه اجتماعی را پیش میکشد .	مسوولانی <*> باید آنقدر نزد این مردم سرمایه اجتماعی بالایی کسب کرده باشند	1<2	unknown	explanation	explanation
مسوولانی <*> باید آنقدر نزد این مردم سرمایه اجتماعی بالایی کسب کرده باشند	که از مردم میخواهند خانه و زندگی بحران زده شان را ترک کنند	1<2	unknown	elaboration	elaboration
مسوولانی <*> باید آنقدر نزد این مردم سرمایه اجتماعی بالایی کسب کرده باشند	که به اعتماد حرف آن مسوول منطقه را ترک و قبول کنند که زندگی در بحران را ادامه ندهند ،	1<2	unknown	elaboration	elaboration
که به اعتماد حرف آن مسوول منطقه را ترک و قبول کنند که زندگی در بحران را ادامه ندهند ،	چون این نوع زندگی آسیبهای جسمی و روانی را با خود ش به همراه میآورد .	1<2	unknown	explanation	explanation
یاد گرفتهاند که در برابر حوادث و مشکلات به توان خود شان نگاه کنند .	یک موضوع مهم هم این است	1<2	unknown	topic-change	conjunction
یک موضوع مهم هم این است	که آدمها از تجربه زیسته کسانی که دچار مشکل شده بودند درس میگیرند .	1<2	unknown	elaboration	elaboration
یک موضوع مهم هم این است	زلزله سر پل ذهاب را ببینید	1<2	unknown	elaboration	elaboration
زلزله سر پل ذهاب را ببینید	که بیش از یک سال از آن گذشته است	1<2	unknown	elaboration	elaboration
که بیش از یک سال از آن گذشته است	و بسیاری از مردم منطقه همچنان ساکن کانکس و چادر و مکانهای موقت هستند .	1<2	unknown	joint	conjunction
زلزله سر پل ذهاب را ببینید	پس چه تضمینی هست	1<2	unknown	evaluation	comment
پس چه تضمینی هست	که مردم مناطق سیل زده خانه شان را به سمت مقصد نامعلوم ترک کنند	1<2	unknown	topic-comment	comment
که مردم مناطق سیل زده خانه شان را به سمت مقصد نامعلوم ترک کنند	و ندانند با چه چیزی مواجه میشوند .	1<2	unknown	joint	conjunction
یک موضوع مهم هم این است	مردم اگر چه خاموش هستند	1<2	unknown	evaluation	comment
مردم اگر چه خاموش هستند	اما عملکرد مسوولان را در طی این سالها ارزیابی کردهاند	1<2	unknown	contrast	contrast
اما عملکرد مسوولان را در طی این سالها ارزیابی کردهاند	و بر اساس آن تصمیم میگیرند .	1<2	unknown	joint	conjunction
به صورت بدیهی در هر سازمان و وزارتخانه ای ، مجموعهای اسناد و اطلاعات سری ، محرمانه و طبقه بندی شده وجود دارد .	در کلیپ منتشر شده درباره موضوع رییس سابق سازمان صدا و سیمای جمهوری اسلامی ایران و بازرس ویژه او نیز ادعا شده مجموعه اسناد خارج شده ، مطالب حساسی است	1>2	unknown	background	frame
در کلیپ منتشر شده درباره موضوع رییس سابق سازمان صدا و سیمای جمهوری اسلامی ایران و بازرس ویژه او نیز ادعا شده مجموعه اسناد خارج شده ، مطالب حساسی است	بنابراین به نظر میرسد اسناد خارج شده ، اسناد حساسی بوده باشد	1<2	unknown	cause	causal
بنابراین به نظر میرسد اسناد خارج شده ، اسناد حساسی بوده باشد	که کارمندان سازمان هم حق دسترسی به آن را نداشتهاند	1<2	unknown	elaboration	elaboration
که کارمندان سازمان هم حق دسترسی به آن را نداشتهاند	چه برسد به این که عالی ترین مقام سابق این سازمان اقدام به خروج آنها از کشور کند .	1<2	unknown	joint	conjunction
اگر فرض مطرح شده صحیح باشد ،	می توانیم به قانون مجازات اسلامی رجوع کنیم	1>2	unknown	condition	condition
در کلیپ منتشر شده درباره موضوع رییس سابق سازمان صدا و سیمای جمهوری اسلامی ایران و بازرس ویژه او نیز ادعا شده مجموعه اسناد خارج شده ، مطالب حساسی است	می توانیم به قانون مجازات اسلامی رجوع کنیم	1<2	unknown	topic-comment	comment
می توانیم به قانون مجازات اسلامی رجوع کنیم	چرا که در این قانون برای این موضوع جرم انگاری شده	1<2	unknown	explanation	explanation
چرا که در این قانون برای این موضوع جرم انگاری شده	و مجازاتهای قابل توجهی نیز در نظر گرفته شده است .	1<2	unknown	joint	conjunction
اگر اسناد خارج شده از کشور با امنیت ملی در ارتباط باشد ،	مقامهای امنیتی با استناد به قوانین میتوانند در جهت مقابله با آن اقدام کنند .	1>2	unknown	condition	condition
می توانیم به قانون مجازات اسلامی رجوع کنیم	مقامهای امنیتی با استناد به قوانین میتوانند در جهت مقابله با آن اقدام کنند .	1<2	unknown	elaboration	elaboration
در کلیپ منتشر شده درباره موضوع رییس سابق سازمان صدا و سیمای جمهوری اسلامی ایران و بازرس ویژه او نیز ادعا شده مجموعه اسناد خارج شده ، مطالب حساسی است	اما این موضوع بار روانی نیز برای جامعه در پی دارد .	1<2	unknown	evaluation	comment
اما این موضوع بار روانی نیز برای جامعه در پی دارد .	در چند وقت اخیر اسناد و مطالب موجود در صدا و سیما در رادیو و تلویزیونهای بیگانه و خارج از کشور پخش شد	1<2	unknown	explanation	explanation
در چند وقت اخیر اسناد و مطالب موجود در صدا و سیما در رادیو و تلویزیونهای بیگانه و خارج از کشور پخش شد	که موج تعجب مردم را در پی داشت	1<2	unknown	elaboration	elaboration
که موج تعجب مردم را در پی داشت	و این کلیپ میتواند بار دیگر این موضوع را تشدید کند .	1<2	unknown	elaboration	elaboration
در چند وقت اخیر اسناد و مطالب موجود در صدا و سیما در رادیو و تلویزیونهای بیگانه و خارج از کشور پخش شد	ودر آن مورد موضوع فروش اسناد صدا و سیمای جمهوری اسلامی ایران مطرح بود	1<2	unknown	elaboration	elaboration
ودر آن مورد موضوع فروش اسناد صدا و سیمای جمهوری اسلامی ایران مطرح بود	که همین مساله بیانگر حضور و وجود عناصری به اصطلاح نامحرم در این سازمان است	1<2	unknown	elaboration	elaboration
که همین مساله بیانگر حضور و وجود عناصری به اصطلاح نامحرم در این سازمان است	که سازمانها و نهادهای امنیتی باید به این موضوع ورود کرده	1<2	unknown	evaluation	comment
که سازمانها و نهادهای امنیتی باید به این موضوع ورود کرده	و چگونگی خروج و فروش این اسناد در زمان آقای سرافراز را در کنار موضوع کلیپ منتشر شده روشن کنند .	1<2	unknown	joint	conjunction
اما این موضوع بار روانی نیز برای جامعه در پی دارد .	در شرایط کنونی نیز با توجه به حساسیت موضوع ، شورای نظارت بر صدا و سیما در کنار سازمان بازرسی کل کشور نیز میتوانند با اتکا به قواعد و قوانین موجود در کشور به موضوع خروج اسناد ادعا شده در کلیپ از کشور ورود کرده	1<2	unknown	cause	causal
در شرایط کنونی نیز با توجه به حساسیت موضوع ، شورای نظارت بر صدا و سیما در کنار سازمان بازرسی کل کشور نیز میتوانند با اتکا به قواعد و قوانین موجود در کشور به موضوع خروج اسناد ادعا شده در کلیپ از کشور ورود کرده	و با تشکیل جلسات فوق العاده ، ابعاد مختلف پرونده را روشن کرده	1<2	unknown	joint	conjunction
در شرایط کنونی نیز با توجه به حساسیت موضوع ، شورای نظارت بر صدا و سیما در کنار سازمان بازرسی کل کشور نیز میتوانند با اتکا به قواعد و قوانین موجود در کشور به موضوع خروج اسناد ادعا شده در کلیپ از کشور ورود کرده	و به اطلاع عموم مردم برسانند	1<2	unknown	joint	conjunction
در شرایط کنونی نیز با توجه به حساسیت موضوع ، شورای نظارت بر صدا و سیما در کنار سازمان بازرسی کل کشور نیز میتوانند با اتکا به قواعد و قوانین موجود در کشور به موضوع خروج اسناد ادعا شده در کلیپ از کشور ورود کرده	تا از این طریق گامی در جهت تقویت اعتماد عمومی برداشته شود .	1<2	unknown	enablement	purpose
تنگه هرمز یکی از مهم ترین مسیرهای عبور نفت محسوب میشود	و تا امروز ایران به عنوان کشوری <*> همواره از عبور و مرور نفتکشها و کشتیهای تجاری محافظت کرده است	1<2	unknown	joint	conjunction
و تا امروز ایران به عنوان کشوری <*> همواره از عبور و مرور نفتکشها و کشتیهای تجاری محافظت کرده است	که در شمال این تنگه قرار دارد	1<2	unknown	elaboration	elaboration
و تا امروز ایران به عنوان کشوری <*> همواره از عبور و مرور نفتکشها و کشتیهای تجاری محافظت کرده است	به طوری که امروز این مسیر به عنوان یکی از امن ترین مسیرها بوده	1<2	unknown	elaboration	elaboration
به طوری که امروز این مسیر به عنوان یکی از امن ترین مسیرها بوده	که البته این امر مرهون زحمات مرزداران هوایی و دریایی ایرانی است .	1<2	unknown	elaboration	elaboration
جمهوری اسلامی با وجود آنکه در زمان ۸ سال دفاع مقدس <*> باز هم در باز نگه داشتن تنگه هرمز تلاش کرد .	ایران به عنوان یک قدرت منطقهای در راستای تنگه هرمز تصمیمی از روی تدبر ، تفکر و حفظ منافع خواهد گرفت	1>2	unknown	summary	organization
جمهوری اسلامی با وجود آنکه در زمان ۸ سال دفاع مقدس <*> باز هم در باز نگه داشتن تنگه هرمز تلاش کرد .	که پایانههای نفتی اش از سوی عراق در خارک تهدید میشد	1<2	unknown	summary	organization
که پایانههای نفتی اش از سوی عراق در خارک تهدید میشد	یا امریکاییها چندین بار به دکل نفتی ما حمله کردند	1<2	unknown	joint	conjunction
که پایانههای نفتی اش از سوی عراق در خارک تهدید میشد	و هواپیمای مسافربری ما را بر فراز تنگه هرمز منهدم کردند	1<2	unknown	joint	conjunction
که پایانههای نفتی اش از سوی عراق در خارک تهدید میشد	و بسیاری از موارد این چنینی	1<2	unknown	joint	conjunction
جمهوری اسلامی با وجود آنکه در زمان ۸ سال دفاع مقدس <*> باز هم در باز نگه داشتن تنگه هرمز تلاش کرد .	امروز هم این کشور به عنوان یک کشور مقتدر و مسوولیت پذیر درباره بستن یا باز نگه داشتن تنگه هرمز صرفا بر اساس منافع ملی تصمیم میگیرد	1<2	unknown	comparison	concession
امروز هم این کشور به عنوان یک کشور مقتدر و مسوولیت پذیر درباره بستن یا باز نگه داشتن تنگه هرمز صرفا بر اساس منافع ملی تصمیم میگیرد	و هرگز گرفتار فریب دشمن و تحریکات دشمن نخواهد شد .	1<2	unknown	joint	conjunction
و هرگز گرفتار فریب دشمن و تحریکات دشمن نخواهد شد .	این سخن به معنای آن است	1<2	unknown	elaboration	elaboration
که اگر منافع ملی ایران ایجاب کند که تنگه باز باشد	حتما این کار را خواهد کرد	1>2	unknown	condition	condition
این سخن به معنای آن است	حتما این کار را خواهد کرد	1<2	unknown	elaboration	elaboration
اما اگر ترامپ بخواهد با سیاستهای دیوانه انگارانه ایران را وارد یک فضای منفعلانه کند	قطعا این امر محقق نخواهد شد	1>2	unknown	condition	condition
این سخن به معنای آن است	قطعا این امر محقق نخواهد شد	1<2	unknown	contrast	contrast
قطعا این امر محقق نخواهد شد	همان طور که در ۸ سال دفاع مقدس انواع رفتارهای خصمانه علیه ایران این مساله اتفاق نیفتاد .	1<2	unknown	explanation	explanation
همان طور که در ۸ سال دفاع مقدس انواع رفتارهای خصمانه علیه ایران این مساله اتفاق نیفتاد .	امروز هم باید بگوییم هر گونه تصمیم درباره تنگه هرمز قطعا در بالاترین سطح نظام صورت میگیرد	1<2	unknown	comparison	concession
امروز هم باید بگوییم هر گونه تصمیم درباره تنگه هرمز قطعا در بالاترین سطح نظام صورت میگیرد	و قطعا شورای امنیت ملی به عنوان عالی ترین مرجع تصمیم گیری در عرصه بین الملل با حضور نمایندگان رهبری و مشاوران ایشان ، مهم ترین جایگاهی است	1<2	unknown	joint	conjunction
و قطعا شورای امنیت ملی به عنوان عالی ترین مرجع تصمیم گیری در عرصه بین الملل با حضور نمایندگان رهبری و مشاوران ایشان ، مهم ترین جایگاهی است	که تصمیمات در این رابطه اتخاذ میشود .	1<2	unknown	elaboration	elaboration
امروز هم باید بگوییم هر گونه تصمیم درباره تنگه هرمز قطعا در بالاترین سطح نظام صورت میگیرد	بنابراین لازم است بار دیگر تاکید شود تصمیمات ایران بدون تردید طبق منافع ملت ، امنیت ملی و منطقه خواهد بود .	1<2	unknown	evaluation	comment
تنگه هرمز یکی از مهم ترین مسیرهای عبور نفت محسوب میشود	ایران به عنوان یک قدرت منطقهای در راستای تنگه هرمز تصمیمی از روی تدبر ، تفکر و حفظ منافع خواهد گرفت	1<2	unknown	topic-change	conjunction
ایران به عنوان یک قدرت منطقهای در راستای تنگه هرمز تصمیمی از روی تدبر ، تفکر و حفظ منافع خواهد گرفت	و هیچ دولتی نمی تواند تصمیمات ش را بر ملت و دولت ایران تحمیل کند .	1<2	unknown	joint	conjunction
تنگه هرمز یکی از مهم ترین مسیرهای عبور نفت محسوب میشود	نکته دیگری <*> آن است	1<2	unknown	topic-change	conjunction
نکته دیگری <*> آن است	که باید در این رابطه مطرح کرد	1<2	unknown	elaboration	elaboration
که هر گاه صحبت از بستن تنگه هرمز به میان میآید ،	گمانه زنیهای مختلفی هم صورت میگیرد	1>2	unknown	condition	condition
نکته دیگری <*> آن است	گمانه زنیهای مختلفی هم صورت میگیرد	1<2	unknown	elaboration	elaboration
گمانه زنیهای مختلفی هم صورت میگیرد	و افراد تحلیلهای متفاوت و گاه عجیبی در این زمینه ارایه میکنند	1<2	unknown	joint	conjunction
گمانه زنیهای مختلفی هم صورت میگیرد	اما باید گفت این که چگونه قرار است تنگه هرمز بسته شود از عمده تصمیمات نظامی است	1<2	unknown	contrast	contrast
اما باید گفت این که چگونه قرار است تنگه هرمز بسته شود از عمده تصمیمات نظامی است	که برای آن راهکارهای نظامی وجود دارد .	1<2	unknown	elaboration	elaboration
نکته دیگری <*> آن است	لذا این موضوعات از مسایلی است	1<2	unknown	evaluation	comment
لذا این موضوعات از مسایلی است	که بعد از اتخاذ تصمیم مورد بحث قرار میگیرد	1<2	unknown	elaboration	elaboration
که بعد از اتخاذ تصمیم مورد بحث قرار میگیرد	که البته بر اساس تبحر و خرد نیروهای نظامی در ایران ، راه برای آن بسیار است .	1<2	unknown	elaboration	elaboration
لذا این موضوعات از مسایلی است	بنابراین چند و چون بستن تنگه هرمز موضوع ثانویهای است	1<2	unknown	evaluation	comment
بنابراین چند و چون بستن تنگه هرمز موضوع ثانویهای است	که حتما خلاقیت و ابتکار عمل ایران در آن وجود دارد .	1<2	unknown	elaboration	elaboration
سال ۶۰ و زمانی که مسوولیت رادیو و تلویزیون به من واگذار شد ،	تسویه نیروی بسیاری در آن صورت گرفته بود .	1>2	unknown	background	frame
به دلیل وابستگی این سازمان به نظام شاهنشاهی و پیش از انقلاب ،	تسویه نیروی بسیاری در آن صورت گرفته بود .	1>2	unknown	explanation	explanation
تسویه نیروی بسیاری در آن صورت گرفته بود .	که چیزی حدود سه هزار نفر از کارکنان صدا و سیما باز خرید ، بازنشسته یا اخراج شده بودند .	1>2	unknown	background	frame
آمار نشان میداد	که چیزی حدود سه هزار نفر از کارکنان صدا و سیما باز خرید ، بازنشسته یا اخراج شده بودند .	1>2	unknown	attribution	attribution
که چیزی حدود سه هزار نفر از کارکنان صدا و سیما باز خرید ، بازنشسته یا اخراج شده بودند .	در نتیجه این شرایط ما در صدا و سیما با خلا نیروی متخصص و متعهد در تمامی حوزهها مواجه شدیم .	1>2	unknown	cause	causal
که چیزی حدود سه هزار نفر از کارکنان صدا و سیما باز خرید ، بازنشسته یا اخراج شده بودند .	بیشتر کسانی در معرض تسویه قرار گرفته بودند	1<2	unknown	joint	conjunction
بیشتر کسانی در معرض تسویه قرار گرفته بودند	که سابقه کار شان طولانی بود	1<2	unknown	elaboration	elaboration
که سابقه کار شان طولانی بود	و جزو نیروهای باتجربه به حساب میآمدند .	1<2	unknown	joint	conjunction
در نتیجه این شرایط ما در صدا و سیما با خلا نیروی متخصص و متعهد در تمامی حوزهها مواجه شدیم .	آقای قاسم افشار یکی از آن کسانی بود <*> جذب سازمان شدند	1>2	unknown	background	frame
آقای قاسم افشار یکی از آن کسانی بود <*> جذب سازمان شدند	که آن روزها در آزمونی	1<2	unknown	elaboration	elaboration
که آن روزها در آزمونی	که برای جذب گوینده گذاشته بودیم ،	1<2	unknown	elaboration	elaboration
آقای قاسم افشار یکی از آن کسانی بود <*> جذب سازمان شدند	و از نظر تعهد اسلامی و تعهد به انقلاب و پایبندی به امام فرد بسیار برازندهای بودند .	1<2	unknown	joint	conjunction
آقای قاسم افشار یکی از آن کسانی بود <*> جذب سازمان شدند	از طرفی <*> برای مردم بسیار جذاب بودند .	1<2	unknown	joint	conjunction
به دلیل متانت و شیوایی	برای مردم بسیار جذاب بودند .	1>2	unknown	cause	causal
به دلیل متانت و شیوایی	که در کلام شان بود ،	1<2	unknown	elaboration	elaboration
همچنین به دلیل شیوه خاصی	معمولا سعی میکردیم اخبار خوب و مهم را عمدتا به آقای افشار بدهیم .	1>2	unknown	explanation	explanation
همچنین به دلیل شیوه خاصی	که ایشان در خوانش خبر داشتند ،	1<2	unknown	elaboration	elaboration
آقای قاسم افشار یکی از آن کسانی بود <*> جذب سازمان شدند	معمولا سعی میکردیم اخبار خوب و مهم را عمدتا به آقای افشار بدهیم .	1<2	unknown	joint	conjunction
البته گویندگان خوب دیگری هم بودند	اما آقای افشار با توجه به ویژگیهای اخلاقی و نوع پوشش و آرایش سر و صورت و چهره ای <*> به مردم آرامش میداد .	1>2	unknown	contrast	contrast
البته گویندگان خوب دیگری هم بودند	اما آنها به صورت شیفتی کار میکردند .	1<2	unknown	contrast	contrast
اما آقای افشار با توجه به ویژگیهای اخلاقی و نوع پوشش و آرایش سر و صورت و چهره ای <*> به مردم آرامش میداد .	همین باعث شده خاطرات خوبی از آقای افشار در ذهن نسل قدیمیتر جامعه باقی مانده باشد .	1>2	unknown	cause	causal
اما آقای افشار با توجه به ویژگیهای اخلاقی و نوع پوشش و آرایش سر و صورت و چهره ای <*> به مردم آرامش میداد .	که داشتند ،	1<2	unknown	elaboration	elaboration
وقتی در تلویزیون حاضر میشد	به مردم آرامش میداد .	1>2	unknown	background	frame
آقای قاسم افشار یکی از آن کسانی بود <*> جذب سازمان شدند	همین باعث شده خاطرات خوبی از آقای افشار در ذهن نسل قدیمیتر جامعه باقی مانده باشد .	1<2	unknown	joint	conjunction
آقای قاسم افشار یکی از آن کسانی بود <*> جذب سازمان شدند	علاوه بر این ، دو حادثه مهم در زندگی آقای افشار اتفاق افتاده	1<2	unknown	joint	conjunction
علاوه بر این ، دو حادثه مهم در زندگی آقای افشار اتفاق افتاده	که باعث افزایش احساس همدردی مردم با ایشان شده :	1<2	unknown	elaboration	elaboration
علاوه بر این ، دو حادثه مهم در زندگی آقای افشار اتفاق افتاده	در اتفاقی تلخ مدادپاک کن در گلوی دختر دبستانی ایشان گیر کرد	1<2	unknown	elaboration	elaboration
در اتفاقی تلخ مدادپاک کن در گلوی دختر دبستانی ایشان گیر کرد	و تا از مدرسه او را به بیمارستان برسانند ،	1<2	unknown	temporal	temporal
در اتفاقی تلخ مدادپاک کن در گلوی دختر دبستانی ایشان گیر کرد	فوت کرد .	1<2	unknown	joint	conjunction
در اتفاقی تلخ مدادپاک کن در گلوی دختر دبستانی ایشان گیر کرد	از دست دادن یک کودک در خانواده آقای افشار میزان ارادت مردم را به این گوینده خبر بیشتر کرد .	1<2	unknown	evaluation	comment
آقای قاسم افشار یکی از آن کسانی بود <*> جذب سازمان شدند	خبر تلخ فوت ایشان ما و همه مردم را اندوهگین کرده است .	1<2	unknown	evaluation	comment
خبر تلخ فوت ایشان ما و همه مردم را اندوهگین کرده است .	ان شا الله خداوند ایشان را <*> رحمت کند .	1<2	unknown	evaluation	comment
ان شا الله خداوند ایشان را <*> رحمت کند .	که یکی از بهترین خدمتگزاران مردم بودند ،	1<2	unknown	elaboration	elaboration
بانک مرکزی در دوره اخیر مدیریت خود ، سیاستهایی را اتخاذ کرده است	نتیجه هم آنکه بانکها برای جذب سرمایه جدید ، با هم به رقابتی پرداخته اند	1>2	unknown	background	frame
بانک مرکزی در دوره اخیر مدیریت خود ، سیاستهایی را اتخاذ کرده است	تا شرایط بحران بانکی را کنترل کند ؛	1<2	unknown	enablement	purpose
بانک مرکزی در دوره اخیر مدیریت خود ، سیاستهایی را اتخاذ کرده است	سیاستهایی <*> توانست نسبت کفایت سرمایه به بدهی بانکها را در چند بانک بهبود بخشد	1<2	unknown	elaboration	elaboration
سیاستهایی <*> توانست نسبت کفایت سرمایه به بدهی بانکها را در چند بانک بهبود بخشد	که برای افزایش سرمایه در نظر گرفته شد	1<2	unknown	elaboration	elaboration
سیاستهایی <*> توانست نسبت کفایت سرمایه به بدهی بانکها را در چند بانک بهبود بخشد	و این انتظار ایجاد شود که در بقیه بانکها هم منتظر بهبود شرایط باشیم .	1<2	unknown	joint	conjunction
سیاستهایی <*> توانست نسبت کفایت سرمایه به بدهی بانکها را در چند بانک بهبود بخشد	یکی از سیاستهایی <*> نرخ سود بانکی است .	1<2	unknown	elaboration	elaboration
یکی از سیاستهایی <*> نرخ سود بانکی است .	که در همه سالهایی که به یاد داریم ، محل بحث بوده است ،	1<2	unknown	elaboration	elaboration
بانک مرکزی همیشه سیاستهای سرکوب نرخ ارز را اتخاذ	نتیجه هم آنکه بانکها برای جذب سرمایه جدید ، با هم به رقابتی پرداخته اند	1>2	unknown	cause	causal
بانک مرکزی همیشه سیاستهای سرکوب نرخ ارز را اتخاذ	و تلاش کرده با بگیر و ببند در مقابل بازار نرخ سود بانکی بایستد	1<2	unknown	joint	conjunction
بانک مرکزی همیشه سیاستهای سرکوب نرخ ارز را اتخاذ	اما عموما بانکها نیز راههای فرار را یافته اند .	1<2	unknown	contrast	contrast
نتیجه هم آنکه بانکها برای جذب سرمایه جدید ، با هم به رقابتی پرداخته اند	به نحوی که میتوان شرایط موجود را ماحصل آن سیاستها و واکنشها دانست .	1<2	unknown	elaboration	elaboration
کسی <*> باید معامله پایدار با بانک را مدنظر قرار دهد	و سپرده گذاریهای کوتاه مدت نباید با نرخ بالا همراه باشد .	1>2	unknown	explanation	explanation
کسی <*> باید معامله پایدار با بانک را مدنظر قرار دهد	که به دنبال سپرده گذاری در بانک است	1<2	unknown	elaboration	elaboration
نتیجه هم آنکه بانکها برای جذب سرمایه جدید ، با هم به رقابتی پرداخته اند	و سپرده گذاریهای کوتاه مدت نباید با نرخ بالا همراه باشد .	1<2	unknown	contrast	contrast
و سپرده گذاریهای کوتاه مدت نباید با نرخ بالا همراه باشد .	کاهش یک باره نرخ بهره میتواند با حرکت پول از بانکها به سمت دیگر بازارها همراه باشد	1<2	unknown	explanation	explanation
کاهش یک باره نرخ بهره میتواند با حرکت پول از بانکها به سمت دیگر بازارها همراه باشد	و از این جهت آن بازارها را تحت تاثیر قرار دهد .	1<2	unknown	cause	causal
شرایط فعلی از جهت برابری نرخ ارز فرصت خوبی برای تولید در اختیار کشور گذاشته است	این امکان وجود دارد که بتوانیم به خوبی در تولید و صادرات موفق شویم .	1>2	unknown	explanation	explanation
شرایط فعلی از جهت برابری نرخ ارز فرصت خوبی برای تولید در اختیار کشور گذاشته است	و در حالی که ما قیمتهای پایین انرژی ، دستمزد نیروی کار و . . . را در اختیار داریم	1<2	unknown	background	frame
و سپرده گذاریهای کوتاه مدت نباید با نرخ بالا همراه باشد .	این امکان وجود دارد که بتوانیم به خوبی در تولید و صادرات موفق شویم .	1<2	unknown	explanation	explanation
این امکان وجود دارد که بتوانیم به خوبی در تولید و صادرات موفق شویم .	ما <*> با تبدیل بهتر داراییها میتوانیم هم بازار داخلی و هم بازار کشورهای همسایهها را به دست آوریم .	1<2	unknown	manner-means	mode
ما <*> با تبدیل بهتر داراییها میتوانیم هم بازار داخلی و هم بازار کشورهای همسایهها را به دست آوریم .	در صورتی که از خام فروشی فاصله بگیریم ،	1<2	unknown	condition	condition
اگر تصمیم بگیریم که تولید رشد کند ،	باید همراه با تسهیل فضای کسب و کار ، کاهش مقررات غیر ضروری و اخذ مجوزها ، سیاستی اتخاذ شود	1>2	unknown	background	frame
ما <*> با تبدیل بهتر داراییها میتوانیم هم بازار داخلی و هم بازار کشورهای همسایهها را به دست آوریم .	باید همراه با تسهیل فضای کسب و کار ، کاهش مقررات غیر ضروری و اخذ مجوزها ، سیاستی اتخاذ شود	1<2	unknown	explanation	explanation
باید همراه با تسهیل فضای کسب و کار ، کاهش مقررات غیر ضروری و اخذ مجوزها ، سیاستی اتخاذ شود	تا پولهای کلان به سمت تولید حرکت کنند .	1<2	unknown	enablement	purpose
باید همراه با تسهیل فضای کسب و کار ، کاهش مقررات غیر ضروری و اخذ مجوزها ، سیاستی اتخاذ شود	همچنین پولهای خرد نیز میتواند با تجمیع در بازار سرمایه به صورت غیرمستقیم در خدمت تولید قرار گیرد .	1<2	unknown	joint	conjunction
ما <*> با تبدیل بهتر داراییها میتوانیم هم بازار داخلی و هم بازار کشورهای همسایهها را به دست آوریم .	از این رو میتوان با ابزارهای جدیدی <*> به بهبود شرایط کمک کنیم .	1<2	unknown	evaluation	comment
از این رو میتوان با ابزارهای جدیدی <*> به بهبود شرایط کمک کنیم .	که در دست است ،	1<2	unknown	elaboration	elaboration
حال اگر چنین سیاستی اتخاذ نشود ،	کاهش نرخ سود بانکی میتواند به سفته بازی و افزایش قیمت در بازارهای دیگر مثل مسکن و ارز منجر شود .	1>2	unknown	condition	condition
ما <*> با تبدیل بهتر داراییها میتوانیم هم بازار داخلی و هم بازار کشورهای همسایهها را به دست آوریم .	کاهش نرخ سود بانکی میتواند به سفته بازی و افزایش قیمت در بازارهای دیگر مثل مسکن و ارز منجر شود .	1<2	unknown	contrast	contrast
رواج پولشویی در ایران و بسیاری کشورهای دیگر موضوعی غیرقابل انکار است	و اتفاقا <*> مجالس گذشته نیز در این رابطه قانونگذاری کرده اند .	1<2	unknown	joint	conjunction
و اتفاقا <*> مجالس گذشته نیز در این رابطه قانونگذاری کرده اند .	به دلیل این که پولشویی ، پدیدهای شایع و رایج بوده ،	1<2	unknown	cause	causal
و اتفاقا <*> مجالس گذشته نیز در این رابطه قانونگذاری کرده اند .	بر این اساس ، قانون مبارزه با پولشویی در سال ۸۶ به تصویب رسیده ،	1<2	unknown	elaboration	elaboration
بر این اساس ، قانون مبارزه با پولشویی در سال ۸۶ به تصویب رسیده ،	در سال ۸۷ ایران به کنوانسیون مبارزه با فساد پیوست	1<2	unknown	temporal	temporal
در سال ۸۷ ایران به کنوانسیون مبارزه با فساد پیوست	که بخشی از مباحث مدنظر این کنوانسیون همین موضوعات مربوط به پولشویی است	1<2	unknown	elaboration	elaboration
بر این اساس ، قانون مبارزه با پولشویی در سال ۸۶ به تصویب رسیده ،	و پس از آن نیز در سال ۹١ بود که قانون داخلی مبارزه با تامین مالی تروریسم به تصویب رسیده است .	1<2	unknown	temporal	temporal
و اتفاقا <*> مجالس گذشته نیز در این رابطه قانونگذاری کرده اند .	بنابراین ، قانون گذاری نشانگر وجود این پدیده و ضرورت برخورد با آن است .	1<2	unknown	evaluation	comment
رواج پولشویی در ایران و بسیاری کشورهای دیگر موضوعی غیرقابل انکار است	نکته حایز اهمیت در مبارزه با پولشویی این است که این جرم عمدتا به صورت فراملی دنبال میشود ؛	1<2	unknown	topic-change	conjunction
نکته حایز اهمیت در مبارزه با پولشویی این است که این جرم عمدتا به صورت فراملی دنبال میشود ؛	چراکه این جرم معمولا در جریان مخفی کردن پولهای کثیفی <*> رقم میخورد	1<2	unknown	cause	causal
چراکه این جرم معمولا در جریان مخفی کردن پولهای کثیفی <*> رقم میخورد	که در اثر جرایم دیگر همچون تروریسم یا قاچاق مواد مخدر ، اسلحه و انسان حاصل میشود ،	1<2	unknown	elaboration	elaboration
و باتوجه به این که ممکن است یک جرم به طور همزمان در چند کشور اتفاق بیفتد ،	کنوانسیونهای بین المللی مختلف طراحی و تشکیل شده	1>2	unknown	cause	causal
چراکه این جرم معمولا در جریان مخفی کردن پولهای کثیفی <*> رقم میخورد	کنوانسیونهای بین المللی مختلف طراحی و تشکیل شده	1<2	unknown	joint	conjunction
کنوانسیونهای بین المللی مختلف طراحی و تشکیل شده	و کشورها به صورت دو یا چندجانبه با یکدیگر همکاری میکنند .	1<2	unknown	joint	conjunction
کنوانسیونهای بین المللی مختلف طراحی و تشکیل شده	در ایران نیز از اواسط دهه ۸۰ قانون گذاری در زمینه مبارزه با پولشویی آغاز شده	1<2	unknown	comparison	concession
در ایران نیز از اواسط دهه ۸۰ قانون گذاری در زمینه مبارزه با پولشویی آغاز شده	و از اواخر این دهه و اوایل دهه ۹۰ ساختارهای مربوط به مبارزه با پولشویی در کشور ، ایجاد و مستقر شده است	1<2	unknown	temporal	temporal
و از اواخر این دهه و اوایل دهه ۹۰ ساختارهای مربوط به مبارزه با پولشویی در کشور ، ایجاد و مستقر شده است	که مرکزیت این ساختار در سازمان مبارزه با پولشویی زیرنظر وزارت امور اقتصادی و دارایی است	1<2	unknown	elaboration	elaboration
که مرکزیت این ساختار در سازمان مبارزه با پولشویی زیرنظر وزارت امور اقتصادی و دارایی است	و علاوه بر این نهاد ، شورای عالی مبارزه با پولشویی به صورت فراقوهای تشکیل شده	1<2	unknown	joint	conjunction
که مرکزیت این ساختار در سازمان مبارزه با پولشویی زیرنظر وزارت امور اقتصادی و دارایی است	و درمجموع بخشهای مختلف دستگاههای دولتی و اجرایی اعم از بانک مرکزی ، وزارت اقتصاد و دارایی ، دادستانی ، دستگاه قضایی ، نیروی انتظامی و پلیس بین الملل با این بحث درگیر هستند .	1<2	unknown	joint	conjunction
درمجموع باوجود ایجاد ساختار و تصویب قوانین اولیه در کشور مان ،	ایران یکی از کشورهایی است که مبارزه با پولشویی در آن با دشواریهایی روبه رو است .	1>2	unknown	contrast	contrast
به دلیل برخی ایرادها و کاستیهای ساختاری و قانونی	ایران یکی از کشورهایی است که مبارزه با پولشویی در آن با دشواریهایی روبه رو است .	1>2	unknown	cause	causal
به دلیل برخی ایرادها و کاستیهای ساختاری و قانونی	و نیز به علت مشکلاتی	1<2	unknown	joint	conjunction
و نیز به علت مشکلاتی	که در همکاریهای بین المللی داریم ،	1<2	unknown	elaboration	elaboration
رواج پولشویی در ایران و بسیاری کشورهای دیگر موضوعی غیرقابل انکار است	ایران یکی از کشورهایی است که مبارزه با پولشویی در آن با دشواریهایی روبه رو است .	1<2	unknown	topic-change	conjunction
ایران یکی از کشورهایی است که مبارزه با پولشویی در آن با دشواریهایی روبه رو است .	نکته حایز اهمیت دیگر این است	1<2	unknown	contrast	contrast
نکته حایز اهمیت دیگر این است	که ما به عنوان کشوری <*> لازم است نسبت به مبارزه با تامین مالی این گروهها اقداماتی دوچندان داشته باشیم .	1<2	unknown	elaboration	elaboration
که ما به عنوان کشوری <*> لازم است نسبت به مبارزه با تامین مالی این گروهها اقداماتی دوچندان داشته باشیم .	که در ۴ دهه گذشته ، همواره قربانی تروریسم و سازمانهای تروریستی همچون منافقین بودیم ،	1<2	unknown	elaboration	elaboration
نکته حایز اهمیت دیگر این است	آن هم در شرایطی که همزمان <*> ازجمله کشورهایی هستیم	1<2	unknown	background	frame
آن هم در شرایطی که همزمان <*> ازجمله کشورهایی هستیم	به دلیل موقعیت جغرافیایی کشور مان ،	1<2	unknown	cause	causal
آن هم در شرایطی که همزمان <*> ازجمله کشورهایی هستیم	که بیشترین اصطکاک و درگیری را در بحث مبارزه با مواد مخدر داریم ،	1<2	unknown	elaboration	elaboration
نکته حایز اهمیت دیگر این است	لازم است توجهی بیشتر به این مهم داشته باشیم .	1<2	unknown	cause	causal
امروزه به دلیل ساختارهای تبیین شده مبارزه با پولشویی ،	هزینه و سختی کار این رویهها پایین آمده	1>2	unknown	cause	causal
ایران یکی از کشورهایی است که مبارزه با پولشویی در آن با دشواریهایی روبه رو است .	هزینه و سختی کار این رویهها پایین آمده	1<2	unknown	topic-comment	comment
هزینه و سختی کار این رویهها پایین آمده	و میتوان با تقویت این ساز و کارها هزینهها را به حداقل رساند .	1<2	unknown	joint	conjunction
هزینه و سختی کار این رویهها پایین آمده	شاید بتوان به عنوان یکی از نمونههای کوچک مبارزه با تروریسم از طریق سازوکارهای مالی به نحوه برخورد با تروریستهایی <*> اشاره کرد	1<2	unknown	explanation	explanation
شاید بتوان به عنوان یکی از نمونههای کوچک مبارزه با تروریسم از طریق سازوکارهای مالی به نحوه برخورد با تروریستهایی <*> اشاره کرد	که به مجلس حمله کرده بودند ،	1<2	unknown	elaboration	elaboration
شاید بتوان به عنوان یکی از نمونههای کوچک مبارزه با تروریسم از طریق سازوکارهای مالی به نحوه برخورد با تروریستهایی <*> اشاره کرد	که از طریق ردیابی تراکنشهای بانکی این افراد ، اقداماتی موثر در راستای برخورد قضایی با آنها صورت گرفت .	1<2	unknown	elaboration	elaboration
هزینه و سختی کار این رویهها پایین آمده	درمجموع به نظر میرسد باتوجه به مشکلاتی <*> بتوان با تقویت سازوکارهای مبارزه با تامین مالی تروریسم و از طریق تقویت همکاریهای بین المللی بتوانیم به طور موثرتر مبارزه کنیم .	1<2	unknown	evaluation	comment
درمجموع به نظر میرسد باتوجه به مشکلاتی <*> بتوان با تقویت سازوکارهای مبارزه با تامین مالی تروریسم و از طریق تقویت همکاریهای بین المللی بتوانیم به طور موثرتر مبارزه کنیم .	که در مبارزه با گروههای تروریستی همچون منافقین یا بنیادگرایانی همچون داعش که در مرزهای شرقی نیز فعال هستند ، وجود دارد ،	1<2	unknown	elaboration	elaboration
رواج پولشویی در ایران و بسیاری کشورهای دیگر موضوعی غیرقابل انکار است	در پایان لازم است اشارهای نیز به هجمههای انتقادی و تخریبی <*> داشته باشیم	1<2	unknown	topic-change	conjunction
در پایان لازم است اشارهای نیز به هجمههای انتقادی و تخریبی <*> داشته باشیم	که علیه وزیر امور خارجه صورت گرفت ،	1<2	unknown	elaboration	elaboration
در پایان لازم است اشارهای نیز به هجمههای انتقادی و تخریبی <*> داشته باشیم	که به نظر میرسد ، این اقدامات برخی افراد عمدتا ناشی از سازماندهیای است	1<2	unknown	elaboration	elaboration
که به نظر میرسد ، این اقدامات برخی افراد عمدتا ناشی از سازماندهیای است	که از جانب عقبه سیاسی این افراد صورت میگیرد .	1<2	unknown	elaboration	elaboration
باید توجه داشته باشیم که آقای ظریف قاعدتا با توجه به اطلاعات بیشتری <*> نگرانیهای دوچندان و بجا دارد	درواقع عقبه سیاسی این منتقدان <*> پشت این تخریبها هستند	1>2	unknown	summary	organization
باید توجه داشته باشیم که آقای ظریف قاعدتا با توجه به اطلاعات بیشتری <*> نگرانیهای دوچندان و بجا دارد	که در اختیار دارد	1<2	unknown	summary	organization
که در اختیار دارد	و طبیعتا باتوجه به ابعاد محرمانه آن ، قادر به بیان تمامی جزییات نیست ،	1<2	unknown	joint	conjunction
باید توجه داشته باشیم که آقای ظریف قاعدتا با توجه به اطلاعات بیشتری <*> نگرانیهای دوچندان و بجا دارد	و این رویه برخورد با ایشان احتمالا صرفا ناشی از همان مسایل جناحی و رقابت با دولت است .	1<2	unknown	joint	conjunction
در این سالهای گذشته شاهد بودیم که آقای ظریف تقریبا هر ماه برای پاسخ به سوالات نمایندگان به مجلس میآید	و به نظر میرسد در این مقطع نیز تفاوت خاصی نباشد .	1>2	unknown	cause	causal
باید توجه داشته باشیم که آقای ظریف قاعدتا با توجه به اطلاعات بیشتری <*> نگرانیهای دوچندان و بجا دارد	و به نظر میرسد در این مقطع نیز تفاوت خاصی نباشد .	1<2	unknown	evaluation	comment
در پایان لازم است اشارهای نیز به هجمههای انتقادی و تخریبی <*> داشته باشیم	درواقع عقبه سیاسی این منتقدان <*> پشت این تخریبها هستند	1<2	unknown	evaluation	comment
درواقع عقبه سیاسی این منتقدان <*> پشت این تخریبها هستند	که عمدتا از رقبای دولت هستند	1<2	unknown	evaluation	comment
که عمدتا از رقبای دولت هستند	و بعضا از مبارزه با پولشویی نیز متضرر میشوند ،	1<2	unknown	joint	conjunction
درواقع عقبه سیاسی این منتقدان <*> پشت این تخریبها هستند	اما بعید است که با این شیوهها راه به جایی ببرند .	1<2	unknown	contrast	contrast
دیروز مجلس ، روز نسبتا پرسروصدایی را پشت سر گذاشت .	که باعث واکنش طرف مقابل شد .	1>2	unknown	background	frame
یکی از نمایندگان بحثی پیش کشید	که باعث واکنش طرف مقابل شد .	1>2	unknown	cause	causal
که باعث واکنش طرف مقابل شد .	آنها <*> این نوع مجادلات را به پای بحران سیاسی میگذارند	1>2	unknown	background	frame
که باعث واکنش طرف مقابل شد .	بحثها آنقدر داغ شدند	1<2	unknown	temporal	temporal
بحثها آنقدر داغ شدند	که هیات رییسه هم بالاجبار در آن دخالت کرد .	1<2	unknown	elaboration	elaboration
آنها <*> این نوع مجادلات را به پای بحران سیاسی میگذارند	که با سازوکار مجلس آشنا نیستند	1<2	unknown	elaboration	elaboration
این نوع مجادلات را به پای بحران سیاسی میگذارند	و چنین وانمود میکنند که از سرریز دعواهای داخل نظام ، فضای مجلس متشنج میشود .	1<2	unknown	joint	conjunction
آنها <*> این نوع مجادلات را به پای بحران سیاسی میگذارند	اما حقیقت این است که اولا نباید نام تشنج بر این نوع بحثها نهاد ،	1<2	unknown	contrast	contrast
اما حقیقت این است که اولا نباید نام تشنج بر این نوع بحثها نهاد ،	ثانیا جزو طبیعت پارلمان است که نمایندگان صریح و بیملاحظه ، آنچه را لازم میدانند بیان کنند	1<2	unknown	joint	conjunction
اما حقیقت این است که اولا نباید نام تشنج بر این نوع بحثها نهاد ،	و در احقاق حق موکلان خود بکوشند .	1<2	unknown	joint	conjunction
اما حقیقت این است که اولا نباید نام تشنج بر این نوع بحثها نهاد ،	در واقع هر چقدر پارلمان شور و حال بیشتری داشته باشد	1<2	unknown	explanation	explanation
در واقع هر چقدر پارلمان شور و حال بیشتری داشته باشد	جامعه و فضای عمومی آرامتر خواهد بود .	1<2	unknown	comparison	concession
در واقع هر چقدر پارلمان شور و حال بیشتری داشته باشد	هم مطبوعات و هم مجلس محل مباحثه و تضارب آرا هستند .	1<2	unknown	explanation	explanation
هم مطبوعات و هم مجلس محل مباحثه و تضارب آرا هستند .	هم در رسانه و هم در پارلمان ، سازوکارهایی پیشبینی شدهاند	1<2	unknown	joint	conjunction
هم در رسانه و هم در پارلمان ، سازوکارهایی پیشبینی شدهاند	تا فعالان سیاسی و وکلای ملت با یکدیگر بحث کنند	1<2	unknown	enablement	purpose
تا فعالان سیاسی و وکلای ملت با یکدیگر بحث کنند	و بیملاحظه و بیمداهنه آنچه را حق میپندارند و به صلاح میدانند بر قلم و زبان آورند .	1<2	unknown	joint	conjunction
در واقع هر چقدر پارلمان شور و حال بیشتری داشته باشد	معمولا در جوامعی <*> جامعه در وضعیت آرامتری به سر میبرد ،	1<2	unknown	summary	organization
معمولا در جوامعی <*> جامعه در وضعیت آرامتری به سر میبرد ،	که مطبوعات و پارلمان پرسروصدا و پرتنش باشند ،	1<2	unknown	elaboration	elaboration
برعکس اگر امکان گفتوگوی صریح و آزاد را از مجلس و مطبوعات بگیریم	آنگاه این تنشها به جامعه سرایت میکند	1>2	unknown	condition	condition
معمولا در جوامعی <*> جامعه در وضعیت آرامتری به سر میبرد ،	آنگاه این تنشها به جامعه سرایت میکند	1<2	unknown	contrast	contrast
آنگاه این تنشها به جامعه سرایت میکند	و منازعه به میان مردم راه مییابد .	1<2	unknown	joint	conjunction
آنگاه این تنشها به جامعه سرایت میکند	یاد مان باشد که در جامعه ، امکان منازعه و تخطیه وجود ندارد .	1<2	unknown	evaluation	comment
یاد مان باشد که در جامعه ، امکان منازعه و تخطیه وجود ندارد .	سازوکار ش نیز تعبیه نشده .	1<2	unknown	elaboration	elaboration
مردم اگر مطمین باشند که وکلایی متعهد دارند	آنگاه با خیال آسوده و اطمینان خاطر به کار و بارشان مشغول میشوند .	1>2	unknown	condition	condition
مردم اگر مطمین باشند که وکلایی متعهد دارند	که از حقوق شان دفاع میکنند	1<2	unknown	elaboration	elaboration
که از حقوق شان دفاع میکنند	و اگر بدانند که در مطبوعات ، روشنفکران و فعالان سیاسی هوشیار و آگاهند	1<2	unknown	joint	conjunction
که از حقوق شان دفاع میکنند	و منتقدانه و متعهدانه جلوی انحرافات و اشتباهات را میگیرند	1<2	unknown	joint	conjunction
که از حقوق شان دفاع میکنند	و باب نقد سیاسی و اجتماعی را باز نگه میدارند ،	1<2	unknown	joint	conjunction
آنگاه با خیال آسوده و اطمینان خاطر به کار و بارشان مشغول میشوند .	هر چقدر که از سرایت دعوا و تشنج به جامعه جلوگیری کنیم ،	1>2	unknown	summary	organization
در واقع هر چقدر پارلمان شور و حال بیشتری داشته باشد	هر چقدر که از سرایت دعوا و تشنج به جامعه جلوگیری کنیم ،	1<2	unknown	summary	organization
هر چقدر که از سرایت دعوا و تشنج به جامعه جلوگیری کنیم ،	از آن طرف از بحث و جدل در مجلس باید استقبال کنیم .	1<2	unknown	comparison	concession
هر چقدر که از سرایت دعوا و تشنج به جامعه جلوگیری کنیم ،	این که حق با کدام طرف است به نظر م بحث فرعی است .	1<2	unknown	evaluation	comment
هر چقدر که از سرایت دعوا و تشنج به جامعه جلوگیری کنیم ،	مهم این است که مجلس دهم مجلسی زنده و پویا و پرتحرک است	1<2	unknown	elaboration	elaboration
مهم این است که مجلس دهم مجلسی زنده و پویا و پرتحرک است	و گفتمانهای مردمسالارانه در آن جدی است	1<2	unknown	joint	conjunction
مهم این است که مجلس دهم مجلسی زنده و پویا و پرتحرک است	و نمایندگان در بیان آرا و نظریات خود مصونیت پارلمانی دارند	1<2	unknown	joint	conjunction
مهم این است که مجلس دهم مجلسی زنده و پویا و پرتحرک است	و در احقاق حق موکلان خود کوتاهی نمیکنند .	1<2	unknown	joint	conjunction
سفر رییسجمهور به هند را میتوان گامی مهم در مسیر پیچیده و پر چالش مدیریت روابط دو کشور بر شمرد .	در تصویر نخست ایران و هند بسیار به یکدیگر نزدیکند .	1>2	unknown	background	frame
در تصویر نخست ایران و هند بسیار به یکدیگر نزدیکند .	درهم تنیدگی فرهنگی و تمدنی دو کشور چنان است	1<2	unknown	explanation	explanation
درهم تنیدگی فرهنگی و تمدنی دو کشور چنان است	که نظیر آن را کمتر میتوان یافت .	1<2	unknown	elaboration	elaboration
در تصویر نخست ایران و هند بسیار به یکدیگر نزدیکند .	سخنان رییسجمهور در جمع نمازگزاران حیدرآباد تقریبا نیازی به ترجمه نداشت	1<2	unknown	explanation	explanation
و نشان میداد	که قند پارسی هنوز هم کم و بیش هست .	1>2	unknown	attribution	attribution
سخنان رییسجمهور در جمع نمازگزاران حیدرآباد تقریبا نیازی به ترجمه نداشت	که قند پارسی هنوز هم کم و بیش هست .	1<2	unknown	joint	conjunction
در تصویر نخست ایران و هند بسیار به یکدیگر نزدیکند .	افزون بر این تعارض منافع استراتژیکی میان دو کشور وجود ندارد	1<2	unknown	contrast	contrast
افزون بر این تعارض منافع استراتژیکی میان دو کشور وجود ندارد	بلکه همواره از پتانسیلهای عظیم گسترش روابط سخن گفته شده است .	1<2	unknown	elaboration	elaboration
افزون بر این تعارض منافع استراتژیکی میان دو کشور وجود ندارد	اما فراتر از این تصویر کلان و خوشبینانه ، ایران و هند در متن سیاست بینالملل فعلی از یکدیگر بسیار دورند .	1<2	unknown	contrast	contrast
ایران و هند مانند سایر کشورها در متن نظم بینالملل لیبرال با یکدیگر تعامل میکنند .	این دو در دو سوی نظم بینالملل لیبرال قرار گرفتهاند .	1>2	unknown	background	frame
ایران و هند مانند سایر کشورها در متن نظم بینالملل لیبرال با یکدیگر تعامل میکنند .	این نظم و ساختارهای آن نقش تعیینکنندهای در شکلدهی به آینده تعاملات دو کشور خواهند داشت .	1<2	unknown	joint	conjunction
افزون بر این تعارض منافع استراتژیکی میان دو کشور وجود ندارد	این دو در دو سوی نظم بینالملل لیبرال قرار گرفتهاند .	1<2	unknown	explanation	explanation
هند به طور تاریخی بخشی از این نظم بوده	منافع هنجاری هند در حفظ و بسط لیبرالدموکراسی در جهان از یک سو و رقابت استراتژیک تشدید شونده این کشور با چین از دیگر سو زمینه را برای تنیدگی فزاینده آن در نظم لیبرال فراهم آورده است .	1>2	unknown	cause	causal
هند به طور تاریخی بخشی از این نظم بوده	و در شرایط کنونی منافع اقتصادی و استراتژیک آن تنیدگی بیشتر در این نظم را ایجاب میکند .	1<2	unknown	joint	conjunction
این دو در دو سوی نظم بینالملل لیبرال قرار گرفتهاند .	منافع هنجاری هند در حفظ و بسط لیبرالدموکراسی در جهان از یک سو و رقابت استراتژیک تشدید شونده این کشور با چین از دیگر سو زمینه را برای تنیدگی فزاینده آن در نظم لیبرال فراهم آورده است .	1<2	unknown	explanation	explanation
منافع هنجاری هند در حفظ و بسط لیبرالدموکراسی در جهان از یک سو و رقابت استراتژیک تشدید شونده این کشور با چین از دیگر سو زمینه را برای تنیدگی فزاینده آن در نظم لیبرال فراهم آورده است .	به بیان دیگر این سخن <*> به گونهای فزاینده واقعیت مییابد .	1<2	unknown	summary	organization
به بیان دیگر این سخن <*> به گونهای فزاینده واقعیت مییابد .	که هند احتمالا فرانسه آسیا خواهد بود	1<2	unknown	summary	organization
که هند احتمالا فرانسه آسیا خواهد بود	و روابطی نزدیک اما تا حدی مستقل با ایالات متحده مبنای سیاست خارجی این کشور خواهد بود	1<2	unknown	joint	conjunction
منافع هنجاری هند در حفظ و بسط لیبرالدموکراسی در جهان از یک سو و رقابت استراتژیک تشدید شونده این کشور با چین از دیگر سو زمینه را برای تنیدگی فزاینده آن در نظم لیبرال فراهم آورده است .	اما ایران از لحاظ نگرش به نحوه تعامل با نظم بینالملل لیبرال در نقطه مقابل هند قرار میگیرد .	1<2	unknown	contrast	contrast
اما ایران از لحاظ نگرش به نحوه تعامل با نظم بینالملل لیبرال در نقطه مقابل هند قرار میگیرد .	این کشور نه تنها به لحاظ هنجاری نظم بینالمللی لیبرال را یک تهدید تصور میکند ،	1<2	unknown	explanation	explanation
این کشور نه تنها به لحاظ هنجاری نظم بینالمللی لیبرال را یک تهدید تصور میکند ،	بلکه بهشدت تحت فشار مدیران این نظم بوده و هست .	1<2	unknown	elaboration	elaboration
این کشور نه تنها به لحاظ هنجاری نظم بینالمللی لیبرال را یک تهدید تصور میکند ،	از همین روست که رییسجمهور در این سفر به طور مکرر از نظم بینالملل لیبرال و مدیر آن ایالات متحده انتقاد کرد .	1<2	unknown	cause	causal
این دو در دو سوی نظم بینالملل لیبرال قرار گرفتهاند .	افزون بر این انتخابهای استراتژیک ایران و هند با یکدیگر تفاوتهای عمیقی دارد .	1<2	unknown	joint	conjunction
افزون بر این انتخابهای استراتژیک ایران و هند با یکدیگر تفاوتهای عمیقی دارد .	انتخاب استراتژیک ایران تمرکز بر شامات است	1<2	unknown	explanation	explanation
انتخاب استراتژیک ایران تمرکز بر شامات است	و تا آینده قابل پیشبینی احتمالا بخش اعظم توان استراتژیک این کشور در این منطقه صرف خواهد شد ،	1<2	unknown	joint	conjunction
انتخاب استراتژیک ایران تمرکز بر شامات است	در حالی که هند به گونهای فزاینده سیاست خارجی خود را بر محور توازنسازی در برابر چین تعریف میکند و به پیش میبرد .	1<2	unknown	contrast	contrast
انتخاب استراتژیک ایران تمرکز بر شامات است	روشن است که از یک سو شامات برای هند منطقهای فرعی محسوب میشود	1<2	unknown	elaboration	elaboration
روشن است که از یک سو شامات برای هند منطقهای فرعی محسوب میشود	و از دیگر سو چین دوست ایران است	1<2	unknown	joint	conjunction
روشن است که از یک سو شامات برای هند منطقهای فرعی محسوب میشود	و تصمیمگیران این کشور تهدیدی از گسترش قدرت آن احساس نمیکنند .	1<2	unknown	joint	conjunction
روشن است که از یک سو شامات برای هند منطقهای فرعی محسوب میشود	بنابراین میتوان مدعی شد که ایران و هند در رادارهای راهبردی یکدیگر قرار ندارند	1<2	unknown	cause	causal
بنابراین میتوان مدعی شد که ایران و هند در رادارهای راهبردی یکدیگر قرار ندارند	و این رابطه راهبردی نیست .	1<2	unknown	joint	conjunction
این دو در دو سوی نظم بینالملل لیبرال قرار گرفتهاند .	افزون بر این تشدید تنش در تعاملات ایران و غرب میتواند تاثیرات منفی شدیدی بر روابط با هند جای بگذارد	1<2	unknown	joint	conjunction
افزون بر این تشدید تنش در تعاملات ایران و غرب میتواند تاثیرات منفی شدیدی بر روابط با هند جای بگذارد	همانگونه که در دوره تحریمها چنین شد .	1<2	unknown	comparison	concession
افزون بر این تشدید تنش در تعاملات ایران و غرب میتواند تاثیرات منفی شدیدی بر روابط با هند جای بگذارد	حفظ همین سطح از رابطه نیز در ماههای آینده <*> بهشدت دشوار خواهد شد .	1<2	unknown	evaluation	comment
حفظ همین سطح از رابطه نیز در ماههای آینده <*> بهشدت دشوار خواهد شد .	در صورتی که ترامپ تهدیدات خود را عملیاتی کند ،	1<2	unknown	condition	condition
حفظ همین سطح از رابطه نیز در ماههای آینده <*> بهشدت دشوار خواهد شد .	اما این بدان معنا نیست که گسترش روابط دو کشور اهمیتی ندارد .	1<2	unknown	contrast	contrast
اما این بدان معنا نیست که گسترش روابط دو کشور اهمیتی ندارد .	هند شکوفاترین اقتصاد در حال ظهور در جهان است	1<2	unknown	cause	causal
هند شکوفاترین اقتصاد در حال ظهور در جهان است	که در همسایگی ایران قرار گرفته است .	1<2	unknown	elaboration	elaboration
هند شکوفاترین اقتصاد در حال ظهور در جهان است	در هم تنیدگی فرهنگی ، تمدنی دو کشور و مکمل بودن اقتصادهای آنان مبانی لازم برای گسترش روابط اقتصادی و فرهنگی را فراهم میآورد .	1<2	unknown	joint	conjunction
البته نوع یادداشتتفاهمهای امضا شده در این سفر نشان میدهد	که آنان هنوز در شناخت پتانسیلهای این رابطه در ابتدای راه قرار دارند .	1>2	unknown	attribution	attribution
افزون بر این تعارض منافع استراتژیکی میان دو کشور وجود ندارد	که آنان هنوز در شناخت پتانسیلهای این رابطه در ابتدای راه قرار دارند .	1<2	unknown	evaluation	comment
که آنان هنوز در شناخت پتانسیلهای این رابطه در ابتدای راه قرار دارند .	از ١۵ سند امضا شده ١٢ تای آنها یادداشتتفاهمهاییاند که اجرایی شدن آنها مهم است .	1<2	unknown	explanation	explanation
از ١۵ سند امضا شده ١٢ تای آنها یادداشتتفاهمهاییاند که اجرایی شدن آنها مهم است .	افزون بر این هیچیک از این توافقات و یادداشتها در حد و اندازه دو اقتصاد ، مهم نیست .	1<2	unknown	joint	conjunction
که آنان هنوز در شناخت پتانسیلهای این رابطه در ابتدای راه قرار دارند .	به بیان دیگر شکلدهی تحقق پتانسیلهای اقتصادی و فرهنگی <*> هنوز در ابتدای راه قرار دارد .	1<2	unknown	summary	organization
به بیان دیگر شکلدهی تحقق پتانسیلهای اقتصادی و فرهنگی <*> هنوز در ابتدای راه قرار دارد .	که رهبران دو کشور از آن بسیار سخن میگویند	1<2	unknown	elaboration	elaboration
به بیان دیگر شکلدهی تحقق پتانسیلهای اقتصادی و فرهنگی <*> هنوز در ابتدای راه قرار دارد .	این سفر گامی مهم در مسیری پر پیچ و خم است	1<2	unknown	evaluation	comment
چند سال است که قرار بر این شده تا سازمان نظام ورزشی تاسیس شود .	درست مثل سازمان نظام پزشکی یا سازمان نظام مهندسی ،	1<2	unknown	elaboration	elaboration
چند سال است که قرار بر این شده تا سازمان نظام ورزشی تاسیس شود .	اما این اتفاق تاکنون در دولت روحانی رخ نداده است .	1<2	unknown	contrast	contrast
چند سال است که قرار بر این شده تا سازمان نظام ورزشی تاسیس شود .	در دولت اول که عزمی در وزیر ورزش دیده نمی شد	1<2	unknown	explanation	explanation
در دولت اول که عزمی در وزیر ورزش دیده نمی شد	و در این دولت هم تا به حال در حد شعار باقی مانده است .	1<2	unknown	joint	conjunction
در دولت اول که عزمی در وزیر ورزش دیده نمی شد	دستگاه ورزش هفت سال است که از سازمان تربیت بدنی رخت بربسته	1<2	unknown	explanation	explanation
دستگاه ورزش هفت سال است که از سازمان تربیت بدنی رخت بربسته	و به وزارتخانه تبدیل شده	1<2	unknown	temporal	temporal
دستگاه ورزش هفت سال است که از سازمان تربیت بدنی رخت بربسته	اما هنوز قانون ورزش کشور تغییر نکرده است .	1<2	unknown	contrast	contrast
اما هنوز قانون ورزش کشور تغییر نکرده است .	قانون فعلی متعلق به سال ۱۳۵۰ است .	1<2	unknown	joint	conjunction
قانون فعلی متعلق به سال ۱۳۵۰ است .	یعنی زمانی که به چشم آماتوری به ورزش نگریسته میشد .	1<2	unknown	elaboration	elaboration
یعنی زمانی که به چشم آماتوری به ورزش نگریسته میشد .	در این قانون هیچ نگاهی به ورزش حرفهای و باشگاهی وجود ندارد .	1<2	unknown	joint	conjunction
یعنی زمانی که به چشم آماتوری به ورزش نگریسته میشد .	بازار سرمایه برای ورزش پیش بینی نشده است .	1<2	unknown	joint	conjunction
چند سال است که قرار بر این شده تا سازمان نظام ورزشی تاسیس شود .	به خاطر همین هیچ باشگاهی هنوز وارد بورس نشده .	1<2	unknown	cause	causal
روحانی قول داده بود	که قانون جدید ورزش را طی لایحهای تقدیم به مجلس میکند	1>2	unknown	attribution	attribution
که قانون جدید ورزش را طی لایحهای تقدیم به مجلس میکند	به خاطر همین هم هست که بخش خصوصی به ورزش روی خوشی نشان نمی دهد .	1>2	unknown	explanation	explanation
که قانون جدید ورزش را طی لایحهای تقدیم به مجلس میکند	اما هنوز این ماجرا رخ نداده	1<2	unknown	contrast	contrast
و این نشان میدهد	که ورزش اولویتی برای دولت ندارد .	1>2	unknown	cause	causal
اما هنوز این ماجرا رخ نداده	که ورزش اولویتی برای دولت ندارد .	1<2	unknown	attribution	attribution
به خاطر همین هیچ باشگاهی هنوز وارد بورس نشده .	به خاطر همین هم هست که بخش خصوصی به ورزش روی خوشی نشان نمی دهد .	1<2	unknown	joint	conjunction
وقتی ورزش اولویتی برای دولت ندارد	نباید انتظار داشت بخش خصوصی در این حوزه سرمایه گذاری کند .	1>2	unknown	explanation	explanation
وقتی ورزش اولویتی برای دولت ندارد	و قانون ورزش هم به روز نمی شود	1<2	unknown	joint	conjunction
به خاطر همین هم هست که بخش خصوصی به ورزش روی خوشی نشان نمی دهد .	نباید انتظار داشت بخش خصوصی در این حوزه سرمایه گذاری کند .	1<2	unknown	summary	organization
این عدم اولویت ورزش برای دولت در حالی است که ما در المپیک اخیر ، رتبه شانزدهم را به دست آوردیم .	اما آیا رسیدگی و پشتیانی از ورزش به اندازه کافی هست ؟	1>2	unknown	background	frame
این عدم اولویت ورزش برای دولت در حالی است که ما در المپیک اخیر ، رتبه شانزدهم را به دست آوردیم .	یعنی در بین همه کشورهای دنیا شانزدهم شدیم .	1<2	unknown	elaboration	elaboration
یعنی در بین همه کشورهای دنیا شانزدهم شدیم .	ما در هیچ بخش و حوزه دیگری چنین جایگاهی در سطح جهان نداریم .	1<2	unknown	background	frame
ما در هیچ بخش و حوزه دیگری چنین جایگاهی در سطح جهان نداریم .	نه در اقتصاد ، نه در سیا ست ، نه در فرهنگ .	1<2	unknown	explanation	explanation
این عدم اولویت ورزش برای دولت در حالی است که ما در المپیک اخیر ، رتبه شانزدهم را به دست آوردیم .	ورزش تنها حوزهای است که اهداف برنامه ۱۴۰۴ را تحقق بخشیده .	1<2	unknown	joint	conjunction
این عدم اولویت ورزش برای دولت در حالی است که ما در المپیک اخیر ، رتبه شانزدهم را به دست آوردیم .	ما الان در منطقه در ورزش حرف اول را میزنیم .	1<2	unknown	joint	conjunction
این عدم اولویت ورزش برای دولت در حالی است که ما در المپیک اخیر ، رتبه شانزدهم را به دست آوردیم .	در کشورهای غرب آسیا درمجموع بهترین هستیم .	1<2	unknown	joint	conjunction
این عدم اولویت ورزش برای دولت در حالی است که ما در المپیک اخیر ، رتبه شانزدهم را به دست آوردیم .	در بسیاری از رشتهها پدیدههای جهانی هستیم .	1<2	unknown	joint	conjunction
اما آیا رسیدگی و پشتیانی از ورزش به اندازه کافی هست ؟	متاسفانه نگاه به ورزش در حد ورزش نیست .	1>2	unknown	topic-comment	comment
اما آیا رسیدگی و پشتیانی از ورزش به اندازه کافی هست ؟	آیا حمایت قانونی میشود ؟	1<2	unknown	joint	conjunction
اما آیا رسیدگی و پشتیانی از ورزش به اندازه کافی هست ؟	سرانه بودجه مناسب است ؟	1<2	unknown	joint	conjunction
ورزش در ته جدول این گونه حمایتها قرار دارد .	آیا این انصاف است ؟	1>2	unknown	background	frame
اما آیا رسیدگی و پشتیانی از ورزش به اندازه کافی هست ؟	آیا این انصاف است ؟	1<2	unknown	joint	conjunction
چند سال است که قرار بر این شده تا سازمان نظام ورزشی تاسیس شود .	متاسفانه نگاه به ورزش در حد ورزش نیست .	1<2	unknown	attribution	attribution
حسین شاه حسینی یکی از چهرههای فعال ، سرشناس و تاثیرگذار جبهه ملی بود .	ای شان از همان ابتدا نقش موثری در جبهه ملی ایفا میکرد .	1<2	unknown	cause	causal
ای شان از همان ابتدا نقش موثری در جبهه ملی ایفا میکرد .	از اقدامات تاثیرگذار حسین شاه حسینی در جبهه ملی میتوان به ارتباط خوب ایشان با روحانیت اشاره کرد .	1<2	unknown	explanation	explanation
از اقدامات تاثیرگذار حسین شاه حسینی در جبهه ملی میتوان به ارتباط خوب ایشان با روحانیت اشاره کرد .	ای شان در ابتدا رابطه خوبی با آیت الله زنجانی داشتند	1<2	unknown	joint	conjunction
از اقدامات تاثیرگذار حسین شاه حسینی در جبهه ملی میتوان به ارتباط خوب ایشان با روحانیت اشاره کرد .	و پس از انقلاب نیز به آیت الله طالقانی نزدیک شدند .	1<2	unknown	joint	conjunction
از اقدامات تاثیرگذار حسین شاه حسینی در جبهه ملی میتوان به ارتباط خوب ایشان با روحانیت اشاره کرد .	امام خمینی هم ایشان را به جای حسین شاه حسینی ، حسین مردم حسینی نامید .	1<2	unknown	joint	conjunction
از اقدامات تاثیرگذار حسین شاه حسینی در جبهه ملی میتوان به ارتباط خوب ایشان با روحانیت اشاره کرد .	از دیگر اقدامات موثر شاه حسینی میتوان به رابطه خوب ایشان با سرشناسان طبقه بازار اشاره کرد .	1<2	unknown	joint	conjunction
از دیگر اقدامات موثر شاه حسینی میتوان به رابطه خوب ایشان با سرشناسان طبقه بازار اشاره کرد .	از این رو کمکهای سیاسی و مالی بسیاری را به جبهه ملی کردند .	1<2	unknown	cause	causal
نکته دیگر درباره شاه حسینی علاقه مندی ایشان به ورزش بود	که همین علقه سبب شد بعدها به عنوان مسوولان ورزشی کشور فعالیت داشته باشند .	1>2	unknown	cause	causal
از اقدامات تاثیرگذار حسین شاه حسینی در جبهه ملی میتوان به ارتباط خوب ایشان با روحانیت اشاره کرد .	که همین علقه سبب شد بعدها به عنوان مسوولان ورزشی کشور فعالیت داشته باشند .	1<2	unknown	joint	conjunction
از اقدامات تاثیرگذار حسین شاه حسینی در جبهه ملی میتوان به ارتباط خوب ایشان با روحانیت اشاره کرد .	شاه حسینی ارتباط خوب ، مثبت و سازنده با سایر احزاب فعال در کشور مانند نهضت آزادی داشت	1<2	unknown	joint	conjunction
شاه حسینی ارتباط خوب ، مثبت و سازنده با سایر احزاب فعال در کشور مانند نهضت آزادی داشت	از این رو برای تمامی چهرههای سیاسی کشور ، چهرهای قابل احترام شمرده میشد .	1<2	unknown	cause	causal
از اقدامات تاثیرگذار حسین شاه حسینی در جبهه ملی میتوان به ارتباط خوب ایشان با روحانیت اشاره کرد .	حسین شاه حسینی همواره بر حفظ اخلاق و پایبندی بر موازین اسلام تاکید داشت .	1<2	unknown	joint	conjunction
حسین شاه حسینی یکی از چهرههای فعال ، سرشناس و تاثیرگذار جبهه ملی بود .	ای شان یکی از سرمایههای مهم جبهه ملی بودند	1<2	unknown	summary	organization
ای شان یکی از سرمایههای مهم جبهه ملی بودند	و فراق ایشان یقینا در فعالیتهای آینده جبهه ملی احساس خواهد شد .	1<2	unknown	joint	conjunction
و فراق ایشان یقینا در فعالیتهای آینده جبهه ملی احساس خواهد شد .	ای شان به عنوان یک نیروی شناخته شده جریان ملی - مذهبی ، شخصیتی آرمانگرا و متعهد بودند .	1<2	unknown	cause	causal
ای شان به عنوان یک نیروی شناخته شده جریان ملی - مذهبی ، شخصیتی آرمانگرا و متعهد بودند .	بی تردید با فقدان ایشان بخش زیادی از مقاومتها و تلاشهای ایشان ، ناگفته باقی خواهد ماند .	1<2	unknown	evaluation	comment
در خبرها آمده است	قیمت بنزین ۱۵۰۰ تومان میشود	1>2	unknown	attribution	attribution
« در صورت تصویب نمایندگان مجلس شورای اسلامی ،	قیمت بنزین ۱۵۰۰ تومان میشود	1>2	unknown	condition	condition
قیمت بنزین ۱۵۰۰ تومان میشود	و آن هم خودروی شخصی است .	1>2	unknown	background	frame
که اگر با پیشنهاد شهرداری تهران مبنی بر برقراری نرخ ۱۵ درصد عوارض بنزین مازاد بر وضع موجود در شهر تهران موافقت شود ،	قیمت نهایی بنزین در تهران ۱۶۵۰ تومان خواهد شد . »	1>2	unknown	condition	condition
قیمت بنزین ۱۵۰۰ تومان میشود	قیمت نهایی بنزین در تهران ۱۶۵۰ تومان خواهد شد . »	1<2	unknown	joint	conjunction
من از یک طرف موافق با تصویب و اجرای این طرح هستم ،	که تمامی درآمد حاصل از این ۱۵۰ تومان هزینه اضافی در هر لیتر بنزین در تهران ، صرف توسعه و بهبود وضعیت حمل ونقل عمومی پایتخت شود .	1>2	unknown	background	frame
من از یک طرف موافق با تصویب و اجرای این طرح هستم ،	اما این موافقت مشروط است .	1<2	unknown	contrast	contrast
این پیشنهاد شهرداری تهران تنها در صورتی معقول است	که تمامی درآمد حاصل از این ۱۵۰ تومان هزینه اضافی در هر لیتر بنزین در تهران ، صرف توسعه و بهبود وضعیت حمل ونقل عمومی پایتخت شود .	1>2	unknown	condition	condition
که تمامی درآمد حاصل از این ۱۵۰ تومان هزینه اضافی در هر لیتر بنزین در تهران ، صرف توسعه و بهبود وضعیت حمل ونقل عمومی پایتخت شود .	و آن هم خودروی شخصی است .	1>2	unknown	summary	organization
اگر قرار باشد هزینه حمل ونقل برای شهروندان تهرانی افزایش پیدا کند	در ازای آن باید این امکان به آنها داده شود	1>2	unknown	attribution	attribution
که تمامی درآمد حاصل از این ۱۵۰ تومان هزینه اضافی در هر لیتر بنزین در تهران ، صرف توسعه و بهبود وضعیت حمل ونقل عمومی پایتخت شود .	در ازای آن باید این امکان به آنها داده شود	1<2	unknown	cause	causal
در ازای آن باید این امکان به آنها داده شود	که از میان گزینههای مختلف برای سفرهای شهری ، حق انتخاب داشته باشند .	1<2	unknown	attribution	attribution
که از میان گزینههای مختلف برای سفرهای شهری ، حق انتخاب داشته باشند .	نبودن این حق انتخاب در عمل به این	1<2	unknown	cause	causal
نبودن این حق انتخاب در عمل به این	معنا	1<2	unknown	elaboration	elaboration
در ازای آن باید این امکان به آنها داده شود	ست <*> نداشتن راهکار موازی با افزایش قیمت بنزین در عمل منجر به این میشود	1<2	unknown	cause	causal
که طرح ارایه شده دست کم از جهت کاهش آلودگی هوا ، موثر نخواهد بود .	نداشتن راهکار موازی با افزایش قیمت بنزین در عمل منجر به این میشود	1>2	unknown	condition	condition
نداشتن راهکار موازی با افزایش قیمت بنزین در عمل منجر به این میشود	که اگر قیمت را به ۲ هزار تومان هم برسانیم	1<2	unknown	cause	causal
باز هم آنچنان از میزان آلودگی و فشردگی ترافیک کاسته نشود ،	چون شهروندان چاره دیگری برای رسیدن از نقطه الف به نقطه ب ندارند .	1>2	unknown	condition	condition
ست <*> نداشتن راهکار موازی با افزایش قیمت بنزین در عمل منجر به این میشود	چون شهروندان چاره دیگری برای رسیدن از نقطه الف به نقطه ب ندارند .	1<2	unknown	elaboration	elaboration
چون شهروندان چاره دیگری برای رسیدن از نقطه الف به نقطه ب ندارند .	اگر کسی برای رسیدن از خانه به محل کار قرار باشد بارها در میان مترو ، اتوبوس و تاکسی جابه جا شود ،	1<2	unknown	elaboration	elaboration
طبیعی است که ترجیح میدهد به خاطر اولویت داشتن زمان ، راحتترین گزینه در دسترس را انتخاب کند	و آن هم خودروی شخصی است .	1>2	unknown	condition	condition
و آن هم خودروی شخصی است .	اگر قرار است پیشنهاد افزایش قیمت بنزین در تهران بیشتر از سایر نقاط کشور به اجرا درآید باید برای همراهی شهروندان ، سامانی به وضعیت حمل ونقل عمومی داد .	1<2	unknown	joint	conjunction
باید برای همراهی شهروندان ، سامانی به وضعیت حمل ونقل عمومی داد .	نکته دومی که در همه دنیا هم مورد قبول است	1<2	unknown	cause	causal
نکته دومی که در همه دنیا هم مورد قبول است	این که آلوده کننده باید بهای آن را هم بپردازد .	1<2	unknown	contrast	contrast
این که آلوده کننده باید بهای آن را هم بپردازد .	برای همین است که در همه جا سهمی که افراد میپردازند به میزان این آلوده کنندگی وسایل نقلیه شان بازمی گردد	1<2	unknown	elaboration	elaboration
برای همین است که در همه جا سهمی که افراد میپردازند به میزان این آلوده کنندگی وسایل نقلیه شان بازمی گردد	اما ما درست بر خلاف این قاعده عمل میکنیم .	1<2	unknown	comparison	concession
این که آلوده کننده باید بهای آن را هم بپردازد .	هرچه خودرویی قدیمیتر ، با امنیت کمتر و میزان آلودگی بیشتر باشد	1<2	unknown	evaluation	comment
هرچه خودرویی قدیمیتر ، با امنیت کمتر و میزان آلودگی بیشتر باشد	عوارض کمتری به نسبت خودروهای جدید میپردازد .	1<2	unknown	elaboration	elaboration
اگر قرار است پیشنهاد افزایش قیمت بنزین در تهران بیشتر از سایر نقاط کشور به اجرا درآید باید برای همراهی شهروندان ، سامانی به وضعیت حمل ونقل عمومی داد .	این برعکس بودن میزان پرداخت عوارض یک کار غیرمنطقی است	1<2	unknown	elaboration	elaboration
این برعکس بودن میزان پرداخت عوارض یک کار غیرمنطقی است	که باید اصلاح شود .	1<2	unknown	enablement	purpose
و آن هم خودروی شخصی است .	این هم از جمله عواملی است	1<2	unknown	evaluation	comment
این هم از جمله عواملی است	که در کنار حمل ونقل عمومی مناسب میتواند عامل گران شدن سوخت را توجیه کند .	1<2	unknown	elaboration	elaboration
این هم از جمله عواملی است	گران شدن بنزین در پایتخت به خودی خود مانند اجرای طرح ترافیک و طرح زوج و فرد است ،	1<2	unknown	elaboration	elaboration
این هم از جمله عواملی است	طرحی که به تنهایی خاصیتی ندارد .	1<2	unknown	explanation	explanation
طرحی که به تنهایی خاصیتی ندارد .	طرحی که اجرای آن به تنهایی تنها به معنای افزایش درآمد شهرداری است نه برطرف کننده مشکل آلودگی هوا .	1<2	unknown	contrast	contrast
طرحی که به تنهایی خاصیتی ندارد .	نمی توان تنها بنزین را گران کرد	1<2	unknown	joint	conjunction
نمی توان تنها بنزین را گران کرد	و از سوی دیگر اجازه داد که ساختمانها از کوهها بالا بروند .	1<2	unknown	contrast	contrast
نمی شود فقط عامل بنزین را نشانه گرفت	و به رفع آلودگی امید بست .	1>2	unknown	attribution	attribution
این هم از جمله عواملی است	و به رفع آلودگی امید بست .	1<2	unknown	evaluation	comment
و به رفع آلودگی امید بست .	باید از شهردار محترم پرسید	1<2	unknown	joint	conjunction
و به رفع آلودگی امید بست .	که آیا قرار است در کنار این پیشنهاد به فکر مدیریت کاربری اراضی شهر ، مدیریت تقاضای سفرهای شهری و گسترش خدمات الکترونیک هم باشند	1<2	unknown	joint	conjunction
و آن هم خودروی شخصی است .	یا این که تنها یک تکه از پازل را در دست دارند	1<2	unknown	evaluation	comment
یا این که تنها یک تکه از پازل را در دست دارند	و با همان یک تکه قرار است مشکل را حل کنند ؟	1<2	unknown	elaboration	elaboration
و با همان یک تکه قرار است مشکل را حل کنند ؟	ماجرای آلودگی هوای پایتخت مانند حکایت فیل در تاریکی مولانا شده است ،	1<2	unknown	joint	conjunction
و با همان یک تکه قرار است مشکل را حل کنند ؟	هر کسی دارد به بخشی از این بدنه دست میکشد	1<2	unknown	evaluation	comment
اوایل دهه ۴۰ وقتی سیاستگذاران وقت تصمیم به ادغام برخی وزارتخانهها گرفتند	وزارت اقتصاد را از دارایی جدا کردند	1>2	unknown	background	frame
وزارت اقتصاد را از دارایی جدا کردند	این وزارتخانه به مرکز فرماندهی اقتصاد ایران تبدیل میشد	1>2	unknown	background	frame
وزارت اقتصاد را از دارایی جدا کردند	و با ادغام وزارتخانههای صنایع و معادن ، بازرگانی و بخش گمرک وزارت جدیدالتاسیس اقتصاد را شکل دادند .	1<2	unknown	temporal	temporal
و با ادغام وزارتخانههای صنایع و معادن ، بازرگانی و بخش گمرک وزارت جدیدالتاسیس اقتصاد را شکل دادند .	این وزارتخانه با سرپرستی تکنوکراتی اقتصاددان به نام علینقی عالیخانی ، تشکیل شد	1<2	unknown	elaboration	elaboration
این وزارتخانه با سرپرستی تکنوکراتی اقتصاددان به نام علینقی عالیخانی ، تشکیل شد	و با به کار گرفتن چند تن از تکنوکراتهای بنام ، فعالیتهای خود را آغاز کرد .	1<2	unknown	joint	conjunction
وزارت اقتصاد را از دارایی جدا کردند	وزارت اقتصاد عملا تبدیل شد به وزارتخانهای برای تدوین سیاستگذاریهای صنعتی و جذب سرمایه گذاریهای داخلی و خارجی .	1<2	unknown	temporal	temporal
وزارت اقتصاد عملا تبدیل شد به وزارتخانهای برای تدوین سیاستگذاریهای صنعتی و جذب سرمایه گذاریهای داخلی و خارجی .	نتیجه هم آن شد که این وزارتخانه سکوی پرتاب توسعه صنعتی ایران نام گرفت	1<2	unknown	cause	causal
نتیجه هم آن شد که این وزارتخانه سکوی پرتاب توسعه صنعتی ایران نام گرفت	و با تاسیس صنایع نوین ، ایران به باشگاه تولیدکنندگان محصولات صنعتی دنیا پیوست .	1<2	unknown	joint	conjunction
وزارت اقتصاد را از دارایی جدا کردند	شوزارت دارایی وقت نیز مسوول اخذ مالیات شد	1<2	unknown	temporal	temporal
شوزارت دارایی وقت نیز مسوول اخذ مالیات شد	و با توجه به وظیفه ذاتی اش در خزانه داری ، مسوولیت مدیریت دخل دولت را بر عهده گرفت .	1<2	unknown	elaboration	elaboration
وزارت اقتصاد را از دارایی جدا کردند	سالها بعد این ترکیب به هم خورد	1<2	unknown	contrast	contrast
سالها بعد این ترکیب به هم خورد	و با تفکیک صنعت و بازرگانی از اقتصاد ، دوباره وزارت امور اقتصادی و دارایی شکل گرفت .	1<2	unknown	joint	conjunction
سالها بعد این ترکیب به هم خورد	ساختار وزارت اقتصاد نیز در طول سالهای بعد از انقلاب به همین گونه حفظ شد	1<2	unknown	joint	conjunction
ساختار وزارت اقتصاد نیز در طول سالهای بعد از انقلاب به همین گونه حفظ شد	اما نقش آن در سیاستگذاریها بسته به فردی <*> تغییر یافت .	1<2	unknown	contrast	contrast
اما نقش آن در سیاستگذاریها بسته به فردی <*> تغییر یافت .	که در راس آن قرار میگرفت ،	1<2	unknown	elaboration	elaboration
اگر یک اقتصاددان کاربلد نظیر محسن نوربخش به عنوان وزیر رای میآورد ،	این وزارتخانه به مرکز فرماندهی اقتصاد ایران تبدیل میشد	1>2	unknown	condition	condition
این وزارتخانه به مرکز فرماندهی اقتصاد ایران تبدیل میشد	و در سیاستگذاریها نقش پررنگ تری داشت .	1<2	unknown	joint	conjunction
اما هرگاه یک فردی آشنا به امور حسابداری در آن به کار گرفته میشد ،	جنبه مالیات گیری و گمرک آن بیشتر مورد توجه قرار میگرفت .	1>2	unknown	condition	condition
این وزارتخانه به مرکز فرماندهی اقتصاد ایران تبدیل میشد	جنبه مالیات گیری و گمرک آن بیشتر مورد توجه قرار میگرفت .	1<2	unknown	contrast	contrast
جنبه مالیات گیری و گمرک آن بیشتر مورد توجه قرار میگرفت .	این ساختار به گونهای تنظیم شده	1<2	unknown	cause	causal
این ساختار به گونهای تنظیم شده	که افراد به کارگرفته شده برای مدیریت آن به جایگاه وزارت و ماموریتهای آن وزن میدهند	1<2	unknown	elaboration	elaboration
این ساختار به گونهای تنظیم شده	و با توجه به نهادهای متنوعی <*> عملا نقش این وزارتخانه را در رهبری اقتصاد ایران کمرنگ کرده است .	1<2	unknown	joint	conjunction
و با توجه به نهادهای متنوعی <*> عملا نقش این وزارتخانه را در رهبری اقتصاد ایران کمرنگ کرده است .	که در خصوص سیاستگذاریهای اقتصادی وجود دارد	1<2	unknown	elaboration	elaboration
این وزارتخانه به مرکز فرماندهی اقتصاد ایران تبدیل میشد	به نظر میرسد وزارتی <*> کمتر نقشی در مدیریت اقتصاد دارد	1<2	unknown	contrast	contrast
به نظر میرسد وزارتی <*> کمتر نقشی در مدیریت اقتصاد دارد	که امروز به نام اقتصاد میشناسیم	1<2	unknown	elaboration	elaboration
با وجود نام بزرگ آن	کمتر نقشی در مدیریت اقتصاد دارد	1>2	unknown	contrast	contrast
به نظر میرسد وزارتی <*> کمتر نقشی در مدیریت اقتصاد دارد	و عملا به وزارت مالیات و گمرک تبدیل شده	1<2	unknown	joint	conjunction
به نظر میرسد وزارتی <*> کمتر نقشی در مدیریت اقتصاد دارد	و بیشتر امور اجرایی در آن پیگیری میشود .	1<2	unknown	joint	conjunction
به نظر میرسد وزارتی <*> کمتر نقشی در مدیریت اقتصاد دارد	وزیر اقتصاد همواره یک وزیر اجرایی و نه سیاستگذار به رسمیت شناخته شده	1<2	unknown	joint	conjunction
به نظر میرسد وزارتی <*> کمتر نقشی در مدیریت اقتصاد دارد	و روسای جمهور کمتر از ظرفیتهای کارشناسی این وزارتخانه در تصمیم سازیهای خود استفاده کرده اند .	1<2	unknown	joint	conjunction
و روسای جمهور کمتر از ظرفیتهای کارشناسی این وزارتخانه در تصمیم سازیهای خود استفاده کرده اند .	در دولت دوازدهم با توجه به تقسیم کاری <*> رییس کل بانک مرکزی ، مسوول سیاستهای پولی ، سیاستگذاریهای کلان اقتصادی و مرجعی برای تعیین شاخصهای بزرگ مقیاس اقتصاد نظیر تورم ، رشد اقتصادی و بیکاری شده است .	1<2	unknown	explanation	explanation
در دولت دوازدهم با توجه به تقسیم کاری <*> رییس کل بانک مرکزی ، مسوول سیاستهای پولی ، سیاستگذاریهای کلان اقتصادی و مرجعی برای تعیین شاخصهای بزرگ مقیاس اقتصاد نظیر تورم ، رشد اقتصادی و بیکاری شده است .	که صورت گرفته ،	1<2	unknown	elaboration	elaboration
در دولت دوازدهم با توجه به تقسیم کاری <*> رییس کل بانک مرکزی ، مسوول سیاستهای پولی ، سیاستگذاریهای کلان اقتصادی و مرجعی برای تعیین شاخصهای بزرگ مقیاس اقتصاد نظیر تورم ، رشد اقتصادی و بیکاری شده است .	سازمان برنامه و بودجه نیز نقش وزارت مالیه گذشته را برعهده گرفته	1<2	unknown	joint	conjunction
در دولت دوازدهم با توجه به تقسیم کاری <*> رییس کل بانک مرکزی ، مسوول سیاستهای پولی ، سیاستگذاریهای کلان اقتصادی و مرجعی برای تعیین شاخصهای بزرگ مقیاس اقتصاد نظیر تورم ، رشد اقتصادی و بیکاری شده است .	و عملا موجودیت وزارت اقتصاد <*> زیر سوال رفته است .	1<2	unknown	joint	conjunction
و عملا موجودیت وزارت اقتصاد <*> زیر سوال رفته است .	به دلیل آنکه بر امور سیاستگذاری برخی بخشهای اقتصادی و کلیدی دسترسی نداشته ،	1<2	unknown	cause	causal
شاید در این میان لازم است نام وزارت اقتصاد تغییر یابد	در این صورت وزیر مربوطه فقط به نقش ذاتی و نه نامی این وزارتخانه بازخواهد گشت	1>2	unknown	condition	condition
شاید در این میان لازم است نام وزارت اقتصاد تغییر یابد	و به وزارت دارایی یا خزانه داری تبدیل شود .	1<2	unknown	joint	conjunction
این وزارتخانه به مرکز فرماندهی اقتصاد ایران تبدیل میشد	در این صورت وزیر مربوطه فقط به نقش ذاتی و نه نامی این وزارتخانه بازخواهد گشت	1<2	unknown	evaluation	comment
در این صورت وزیر مربوطه فقط به نقش ذاتی و نه نامی این وزارتخانه بازخواهد گشت	و خود را مامور تامین دخل دولت خواهد دانست نه سیاستگذاری برای کل اقتصاد ایران .	1<2	unknown	joint	conjunction
مطالعات کمی و کیفی درباره فقر کاری پرهزینه و تعهدآور برای دولتها ست .	پرهزینه از این لحاظ که تکرار و استمرار این مطالعات و به روزرسانی اطلاعات از یک سو و تحلیل این دادهها از سوی دیگر مستلزم اختصاص بودجهای درخور است	1<2	unknown	explanation	explanation
پرهزینه از این لحاظ که تکرار و استمرار این مطالعات و به روزرسانی اطلاعات از یک سو و تحلیل این دادهها از سوی دیگر مستلزم اختصاص بودجهای درخور است	تا آنچه بیرون میآید بتواند نقشهای واقعی از وضعیت و کیفیت فقر در یک جامعه یا گستره جغرافیایی مورد مطالعه را نشان دهد .	1<2	unknown	enablement	purpose
پرهزینه از این لحاظ که تکرار و استمرار این مطالعات و به روزرسانی اطلاعات از یک سو و تحلیل این دادهها از سوی دیگر مستلزم اختصاص بودجهای درخور است	تعهدآور است	1<2	unknown	joint	conjunction
تعهدآور است	چون با انتشار گزارشهای مربوط به آن افکار عمومی و نهادهای مدنی مطالبه گر خواهند شد	1<2	unknown	explanation	explanation
چون با انتشار گزارشهای مربوط به آن افکار عمومی و نهادهای مدنی مطالبه گر خواهند شد	و عملکرد سیاستگذار را در رابطه با بهبود کیفیت زندگی مردم و کاهش فقر رصد خواهند کرد	1<2	unknown	joint	conjunction
و عملکرد سیاستگذار را در رابطه با بهبود کیفیت زندگی مردم و کاهش فقر رصد خواهند کرد	که معمولا تبعات سیاسی و اجتماعی به همراه دارد .	1<2	unknown	elaboration	elaboration
مطالعات کمی و کیفی درباره فقر کاری پرهزینه و تعهدآور برای دولتها ست .	شاید به همین دو دلیل باشد که دولتها از پژوهشهای رسمی در خصوص نقشه فقر سر باز میزنند	1<2	unknown	evaluation	comment
شاید به همین دو دلیل باشد که دولتها از پژوهشهای رسمی در خصوص نقشه فقر سر باز میزنند	و خود را درگیر حواشی آن نمی کنند .	1<2	unknown	joint	conjunction
مطالعات کمی و کیفی درباره فقر کاری پرهزینه و تعهدآور برای دولتها ست .	سیاستمداران و سیاستگذاران معمولا نیمه خالی پژوهش و اعلام نتایج این پژوهشها درباره خط فقر را میبینند	1<2	unknown	cause	causal
سیاستمداران و سیاستگذاران معمولا نیمه خالی پژوهش و اعلام نتایج این پژوهشها درباره خط فقر را میبینند	غافل از این که با دانستن گسترده فقر در کشور قادر خواهند بود جنس فقر موجود در کشور را از نظر جنسیتی ، قومی ، مذهبی ، سنی و منطقهای را مورد پایش دایم قرار دهند	1<2	unknown	manner-means	mode
غافل از این که با دانستن گسترده فقر در کشور قادر خواهند بود جنس فقر موجود در کشور را از نظر جنسیتی ، قومی ، مذهبی ، سنی و منطقهای را مورد پایش دایم قرار دهند	و در بلندمدت سیاستگذاریها را به گونهای تدوین کنند	1<2	unknown	joint	conjunction
و در بلندمدت سیاستگذاریها را به گونهای تدوین کنند	که به کاهش نابرابریها و افزایش کیفیت زندگی مردم و در نهایت رضایتمندی شهروندان منتهی شود .	1<2	unknown	elaboration	elaboration
مطالعات کمی و کیفی درباره فقر کاری پرهزینه و تعهدآور برای دولتها ست .	فقرا به دو دلیل در ساختار بهبود اقتصادی کشور همراه نیستند .	1<2	unknown	topic-change	conjunction
فقرا به دو دلیل در ساختار بهبود اقتصادی کشور همراه نیستند .	یا به سیاستگذار اعتماد لازم را ندارند	1<2	unknown	explanation	explanation
یا به سیاستگذار اعتماد لازم را ندارند	و به نوعی بی تفاوتی روی میآورند	1<2	unknown	elaboration	elaboration
و به نوعی بی تفاوتی روی میآورند	که در چنین حالتی نرخ مشارکت شان در بازار کار کاهش مییابد ،	1<2	unknown	elaboration	elaboration
یا به سیاستگذار اعتماد لازم را ندارند	یا این که از نظر جسمی توانایی مشارکت در اقتصاد را ندارند .	1<2	unknown	joint	conjunction
سیاستگذار هوشمند اگر گزارشی جامع و کامل از وضعیت فقر و انواع آن در دست داشته باشد ،	قادر خواهد بود که با بالا بردن نرخ مشارکت از تعداد فقرا بکاهد	1>2	unknown	condition	condition
فقرا به دو دلیل در ساختار بهبود اقتصادی کشور همراه نیستند .	قادر خواهد بود که با بالا بردن نرخ مشارکت از تعداد فقرا بکاهد	1<2	unknown	topic-comment	comment
قادر خواهد بود که با بالا بردن نرخ مشارکت از تعداد فقرا بکاهد	و نرخ فقر را کاهش دهد	1<2	unknown	joint	conjunction
که اگر چنین کند	هم به رسالت اخلاقی و انسانی خود عمل کرده	1>2	unknown	condition	condition
قادر خواهد بود که با بالا بردن نرخ مشارکت از تعداد فقرا بکاهد	هم به رسالت اخلاقی و انسانی خود عمل کرده	1<2	unknown	elaboration	elaboration
هم به رسالت اخلاقی و انسانی خود عمل کرده	و هم کارایی جامعه خود را بالا برده	1<2	unknown	joint	conjunction
هم به رسالت اخلاقی و انسانی خود عمل کرده	و توسعهای همه جانبه را آغاز کرده است .	1<2	unknown	joint	conjunction
مطالعات کمی و کیفی درباره فقر کاری پرهزینه و تعهدآور برای دولتها ست .	دولتهایی <*> از موهبت ثبات اجتماعی و سیاسی در بلندمدت و مشارکت بالای اجتماعی خود را محروم میکنند .	1<2	unknown	topic-change	conjunction
دولتهایی <*> از موهبت ثبات اجتماعی و سیاسی در بلندمدت و مشارکت بالای اجتماعی خود را محروم میکنند .	که فقر و ابعاد آن را پنهان میکنند	1<2	unknown	topic-change	conjunction
که فقر و ابعاد آن را پنهان میکنند	یا اصولا توجهی به این موضوع ندارند ،	1<2	unknown	joint	conjunction
دولتهایی <*> از موهبت ثبات اجتماعی و سیاسی در بلندمدت و مشارکت بالای اجتماعی خود را محروم میکنند .	از این رو هنر سیاستگذار این است که مطالعات درباره جنس فقر را با روشهای کمی ، توصیفی و تبیینی مورد بررسی قرار داده	1<2	unknown	cause	causal
از این رو هنر سیاستگذار این است که مطالعات درباره جنس فقر را با روشهای کمی ، توصیفی و تبیینی مورد بررسی قرار داده	و آن را به مانند آیینه پیش روی خود قرار دهد	1<2	unknown	joint	conjunction
از این رو هنر سیاستگذار این است که مطالعات درباره جنس فقر را با روشهای کمی ، توصیفی و تبیینی مورد بررسی قرار داده	و خط فقر را در همه انواع آن تشخیص دهد	1<2	unknown	joint	conjunction
از این رو هنر سیاستگذار این است که مطالعات درباره جنس فقر را با روشهای کمی ، توصیفی و تبیینی مورد بررسی قرار داده	و دامنه آن را در افق دید خود بگذارد .	1<2	unknown	joint	conjunction
بررسیهای صورت گرفته نشان میدهد	که معمولا دو نوع خط فقر در کشور وجود دارد	1>2	unknown	attribution	attribution
مطالعات کمی و کیفی درباره فقر کاری پرهزینه و تعهدآور برای دولتها ست .	که معمولا دو نوع خط فقر در کشور وجود دارد	1<2	unknown	topic-change	conjunction
که معمولا دو نوع خط فقر در کشور وجود دارد	که یکی خط فقر حداقلی را مورد بررسی قرار میدهد و دیگری خط فقر حداکثری را .	1<2	unknown	elaboration	elaboration
که معمولا دو نوع خط فقر در کشور وجود دارد	سیاستگذار معمولا علاقه مند است که به خط فقر حداقلی <*> توجه کند و	1<2	unknown	elaboration	elaboration
سیاستگذار معمولا علاقه مند است که به خط فقر حداقلی <*> توجه کند و	که معمولا همان درآمدهای مورد نیاز برای تامین حداقل نیازهای روزانه است ،	1<2	unknown	elaboration	elaboration
سیاستگذار معمولا علاقه مند است که به خط فقر حداقلی <*> توجه کند و	آن را مبنای تصمیم گیری خود قرار دهد .	1<2	unknown	joint	conjunction
سیاستگذار معمولا علاقه مند است که به خط فقر حداقلی <*> توجه کند و	در حالی که نیاز است تا یک پله از آن عبور کرده	1<2	unknown	contrast	contrast
در حالی که نیاز است تا یک پله از آن عبور کرده	و با محاسبه خط فقر حداکثری ، به مجموعهای از نیازها به مانند حق مشارکت ، مسکن ، اوقات فراغت ، سفرو تعلق خانوادگی پاسخ دهد .	1<2	unknown	joint	conjunction
که معمولا دو نوع خط فقر در کشور وجود دارد	برای داشتن چنین اطلاعاتی نیاز است تا دولت یک نهاد را مامور محاسبه و اعلام خط فقر کند	1<2	unknown	elaboration	elaboration
برای داشتن چنین اطلاعاتی نیاز است تا دولت یک نهاد را مامور محاسبه و اعلام خط فقر کند	و با بررسی و پایش این مطالعات ، پلتفرمی برای بهبود وضعیت رفاه اجتماعی پیش روی خود ببیند .	1<2	unknown	joint	conjunction
چند روز پیش سالروز نخستین مرگ ناشی از تصادف با خودرو در ایران بود .	این یادآوری فرصت مناسبی بود	1>2	unknown	background	frame
چند روز پیش سالروز نخستین مرگ ناشی از تصادف با خودرو در ایران بود .	غلامحسین درویش معروف به « درویش خان » یکی از موسیقیدانان نامدار ایران ، اولین کسی بود که در دوم اسفند سال ۱۳۰۵ یعنی ۹۰ سال پیش با یک ماشین تصادف کرد .	1<2	unknown	elaboration	elaboration
غلامحسین درویش معروف به « درویش خان » یکی از موسیقیدانان نامدار ایران ، اولین کسی بود که در دوم اسفند سال ۱۳۰۵ یعنی ۹۰ سال پیش با یک ماشین تصادف کرد .	درشکه او به صورت کاملااتفاقی با ماشینی <*> تصادف کرد	1<2	unknown	elaboration	elaboration
درشکه او به صورت کاملااتفاقی با ماشینی <*> تصادف کرد	که متعلق به مظفرالدین شاه قاجار بود ،	1<2	unknown	elaboration	elaboration
درشکه او به صورت کاملااتفاقی با ماشینی <*> تصادف کرد	و او ضربه مغزی شد	1<2	unknown	temporal	temporal
درشکه او به صورت کاملااتفاقی با ماشینی <*> تصادف کرد	و فوت کرد .	1<2	unknown	temporal	temporal
درشکه او به صورت کاملااتفاقی با ماشینی <*> تصادف کرد	جالب این که راننده یا همان شوفر آن خودرو فرانسوی بود .	1<2	unknown	evaluation	comment
این یادآوری فرصت مناسبی بود	که « بعضی وقتها میگویند خودروهای داخلی ، این تعداد آدم میسکشد	1>2	unknown	background	frame
این یادآوری فرصت مناسبی بود	تا به مساله تصادفات رانندگی و تلفات آن در ایران پرداخته شود .	1<2	unknown	enablement	purpose
این یادآوری فرصت مناسبی بود	ولی اظهارات آقای نعمت زاده در مورد عامل و مقصر بدون قید و شرط این تصادفات <*> به گونهای بود که مجبور میشویم در این یادداشت فقط به یکی از مهم ترین عوامل موثر در تصادفات و مرگ ومیر آن یعنی کیفیت خودرو اشاره کنیم .	1<2	unknown	contrast	contrast
ولی اظهارات آقای نعمت زاده در مورد عامل و مقصر بدون قید و شرط این تصادفات <*> به گونهای بود که مجبور میشویم در این یادداشت فقط به یکی از مهم ترین عوامل موثر در تصادفات و مرگ ومیر آن یعنی کیفیت خودرو اشاره کنیم .	که در حاشیه مراسم نوسازی چهل هزار تاکسی فرسوده عنوان شد ،	1<2	unknown	elaboration	elaboration
آقای وزیر در دفاع از خودروهای وطنی اظهار داشت	که « بعضی وقتها میگویند خودروهای داخلی ، این تعداد آدم میسکشد	1>2	unknown	attribution	attribution
که « بعضی وقتها میگویند خودروهای داخلی ، این تعداد آدم میسکشد	در حالی که راننده میکشد ،	1<2	unknown	contrast	contrast
در حالی که راننده میکشد ،	چه ربطی به خودرو دارد ؟	1<2	unknown	topic-comment	comment
که « بعضی وقتها میگویند خودروهای داخلی ، این تعداد آدم میسکشد	راننده باید حواس ش به رانندگی باشد ،	1<2	unknown	summary	organization
راننده باید حواس ش به رانندگی باشد ،	اما این گونه نیست . »	1<2	unknown	contrast	contrast
که « بعضی وقتها میگویند خودروهای داخلی ، این تعداد آدم میسکشد	این سخنان از این جهت درست است	1<2	unknown	evaluation	comment
این سخنان از این جهت درست است	که برخی ذهنیتهای ساده میخواهند تقصیر مرگ ومیر زیاد را متوجه کیفیت خودروهای داخلی کنند .	1<2	unknown	elaboration	elaboration
این سخنان از این جهت درست است	در حالی که عامل اصلی و مهم در بروز تصادف ، رانندگی غیرایمن رانندگان است .	1<2	unknown	contrast	contrast
این سخنان از این جهت درست است	علت نیز روشن است .	1<2	unknown	explanation	explanation
علت نیز روشن است .	طی یک دهه ( ۱۳۸۰ تا ۱۳۸۹ ) بیش از ۲۴۱ هزار نفر در تصادفات رانندگی در ایران کشته شدند .	1<2	unknown	elaboration	elaboration
طی یک دهه ( ۱۳۸۰ تا ۱۳۸۹ ) بیش از ۲۴۱ هزار نفر در تصادفات رانندگی در ایران کشته شدند .	بیش از ۱۵ برابر این تعداد نیز مصدوم شدهاند	1<2	unknown	joint	conjunction
طی یک دهه ( ۱۳۸۰ تا ۱۳۸۹ ) بیش از ۲۴۱ هزار نفر در تصادفات رانندگی در ایران کشته شدند .	ولی در پنج سال اخیر و با وجود افزایش تعداد خودرو ، از میزان مرگ و میر به نحو قابل توجهی کاسته شده است ،	1<2	unknown	contrast	contrast
ولی در پنج سال اخیر و با وجود افزایش تعداد خودرو ، از میزان مرگ و میر به نحو قابل توجهی کاسته شده است ،	چرا که نظارت عمومی و تبلیغات بر رانندگی ایمن افزایش یافته است	1<2	unknown	cause	causal
طی یک دهه ( ۱۳۸۰ تا ۱۳۸۹ ) بیش از ۲۴۱ هزار نفر در تصادفات رانندگی در ایران کشته شدند .	و این نقش نیروی انسانی را به طور آشکاری نشان میدهد .	1<2	unknown	cause	causal
که « بعضی وقتها میگویند خودروهای داخلی ، این تعداد آدم میسکشد	ولی آیا این بدان معنا ست که کشتهها ربطی به کیفیت خودرو ندارد ؟	1<2	unknown	contrast	contrast
ولی آیا این بدان معنا ست که کشتهها ربطی به کیفیت خودرو ندارد ؟	قطعا ربط دارد .	1<2	unknown	topic-comment	comment
قطعا ربط دارد .	به این دلیل ساده که تصادف خواه ناخواه ، کم یا زیاد رخ میدهد ، چه به دلیل عامل انسانی و چه به دلایل دیگر ،	1<2	unknown	explanation	explanation
به این دلیل ساده که تصادف خواه ناخواه ، کم یا زیاد رخ میدهد ، چه به دلیل عامل انسانی و چه به دلایل دیگر ،	ولی وجود حدی از استاندارد ایمنی نیز برای هر خودرو ضروری است .	1<2	unknown	contrast	contrast
مطالعات موجود در ایران نشان میدهد	که کیفیت ضعیف بدنه پراید ، به نحوی است	1>2	unknown	attribution	attribution
قطعا ربط دارد .	که کیفیت ضعیف بدنه پراید ، به نحوی است	1<2	unknown	explanation	explanation
که حدود هزار نفر از افراد کشته شده در این خودرو اگر سوار خودروی دیگری بودند	زنده میماندند .	1>2	unknown	condition	condition
که حدود هزار نفر از افراد کشته شده در این خودرو اگر سوار خودروی دیگری بودند	و تصادف میکردند ،	1<2	unknown	joint	conjunction
که کیفیت ضعیف بدنه پراید ، به نحوی است	زنده میماندند .	1<2	unknown	elaboration	elaboration
که کیفیت ضعیف بدنه پراید ، به نحوی است	برای نمونه کیفیت ترمز ، کیفیت بدنه ، وضعیت تعادل خودرو <*> یا عملکرد درست و به موقع کیسههای هوای خودرو ، همگی موجب میشود که با سطح معینی از فرهنگ رانندگی ، خودروهای باکیفیت تر ، تلفات کمتری بدهند .	1<2	unknown	elaboration	elaboration
برای نمونه کیفیت ترمز ، کیفیت بدنه ، وضعیت تعادل خودرو <*> یا عملکرد درست و به موقع کیسههای هوای خودرو ، همگی موجب میشود که با سطح معینی از فرهنگ رانندگی ، خودروهای باکیفیت تر ، تلفات کمتری بدهند .	به طوری که کمتر واژگون شود ،	1<2	unknown	elaboration	elaboration
که کیفیت ضعیف بدنه پراید ، به نحوی است	البته ما انتظار نداریم که استاندارد خودروهای ایرانی در شرایط کنونی در سطح بالاترین استانداردهای جهانی باشد ،	1<2	unknown	evaluation	comment
البته ما انتظار نداریم که استاندارد خودروهای ایرانی در شرایط کنونی در سطح بالاترین استانداردهای جهانی باشد ،	ولی قرار داشتن در نقطه مقابل آن نیز شایسته نیست .	1<2	unknown	contrast	contrast
البته ما انتظار نداریم که استاندارد خودروهای ایرانی در شرایط کنونی در سطح بالاترین استانداردهای جهانی باشد ،	این گونه توجیه یا دفاع کردن از وضعیت صنعت خودروی کشور کمکی به بهبود وضع این صنعت نمی کند ،	1<2	unknown	joint	conjunction
این گونه توجیه یا دفاع کردن از وضعیت صنعت خودروی کشور کمکی به بهبود وضع این صنعت نمی کند ،	سهل است که آن را ضعیف تر هم میکند .	1<2	unknown	elaboration	elaboration
از طرف دیگر وی در همین سخنرانی به مورد جالبی اشاره میکند	« در گذشته میگفتند خودروهای پژو آتش میگیرند :	1>2	unknown	attribution	attribution
از طرف دیگر وی در همین سخنرانی به مورد جالبی اشاره میکند	و میگوید :	1<2	unknown	joint	conjunction
« در گذشته میگفتند خودروهای پژو آتش میگیرند :	خودروسازان ایرانی واقعا از انجام فراخوان برای حل عیب خودرو خجالت میکشند ،	1>2	unknown	background	frame
« در گذشته میگفتند خودروهای پژو آتش میگیرند :	بررسی کردیم	1<2	unknown	topic-comment	comment
بررسی کردیم	معلوم شد یک محموله شیلنگ بنزین از خارج وارد شده	1<2	unknown	temporal	temporal
معلوم شد یک محموله شیلنگ بنزین از خارج وارد شده	که مقاومت لازم را ندارد ،	1<2	unknown	elaboration	elaboration
که مقاومت لازم را ندارد ،	در نتیجه لوله باز شده	1<2	unknown	cause	causal
که مقاومت لازم را ندارد ،	و بنزین آتش میگیرد .	1<2	unknown	cause	causal
که « بعضی وقتها میگویند خودروهای داخلی ، این تعداد آدم میسکشد	خودروسازان ایرانی واقعا از انجام فراخوان برای حل عیب خودرو خجالت میکشند ،	1<2	unknown	topic-change	conjunction
در حالی که این هنر است که خودروساز اعلام کند	خودروهای تولیدی ما این مشکلات را داشته ،	1>2	unknown	attribution	attribution
خودروسازان ایرانی واقعا از انجام فراخوان برای حل عیب خودرو خجالت میکشند ،	خودروهای تولیدی ما این مشکلات را داشته ،	1<2	unknown	contrast	contrast
خودروهای تولیدی ما این مشکلات را داشته ،	بیاورید	1<2	unknown	cause	causal
بیاورید	تا رفع عیب شود . »	1<2	unknown	enablement	purpose
اگر آقای وزیر به یاد داشته باشند	حاضر به پذیرش این نقص نشد .	1>2	unknown	condition	condition
صنعت خودرو تا وقتی که دهها خودرو آتش نگرفت	حاضر به پذیرش این نقص نشد .	1>2	unknown	temporal	temporal
صنعت خودرو تا وقتی که دهها خودرو آتش نگرفت	و حتی تلفات نداد ،	1<2	unknown	joint	conjunction
خودروسازان ایرانی واقعا از انجام فراخوان برای حل عیب خودرو خجالت میکشند ،	حاضر به پذیرش این نقص نشد .	1<2	unknown	explanation	explanation
اگر آتش گرفتن خودرو نقص نیست ،	پس چه عاملی را باید در این صنعت جست وجو کرد ؟	1>2	unknown	condition	condition
حاضر به پذیرش این نقص نشد .	پس چه عاملی را باید در این صنعت جست وجو کرد ؟	1<2	unknown	evaluation	comment
و اگر نقص هست ،	در این صورت همان ضعف در بدنه و سایر اجزای خودرو نیز میتواند وجود داشته باشد .	1>2	unknown	condition	condition
پس چه عاملی را باید در این صنعت جست وجو کرد ؟	در این صورت همان ضعف در بدنه و سایر اجزای خودرو نیز میتواند وجود داشته باشد .	1<2	unknown	joint	conjunction
خودروسازان ایرانی واقعا از انجام فراخوان برای حل عیب خودرو خجالت میکشند ،	کافی است که بپذیرید	1<2	unknown	topic-comment	comment
کافی است که بپذیرید	و نمونه آتش سوزیها را بررسی کنید	1<2	unknown	temporal	temporal
کافی است که بپذیرید	و به جای توجیه وضع موجود این صنعت باید از انتقادات نسبت به آن استقبال کنید .	1<2	unknown	temporal	temporal
کافی است که بپذیرید	البته منظور این نیست که بدنه خودروی ایرانی را از جنس فولاد سخت بسازند	1<2	unknown	elaboration	elaboration
البته منظور این نیست که بدنه خودروی ایرانی را از جنس فولاد سخت بسازند	تا دیگر کسی بر اثر تصادف کشته نشود .	1<2	unknown	enablement	purpose
البته منظور این نیست که بدنه خودروی ایرانی را از جنس فولاد سخت بسازند	بلکه هدف رعایت حدی از استاندارد است .	1<2	unknown	contrast	contrast
البته منظور این نیست که بدنه خودروی ایرانی را از جنس فولاد سخت بسازند	در گذشته ژیان هم تولید میشد	1<2	unknown	explanation	explanation
در گذشته ژیان هم تولید میشد	که با یک فشار دست ، بدنه آن فرو میرفت .	1<2	unknown	elaboration	elaboration
در گذشته ژیان هم تولید میشد	با همان ژیان هم میشد به نحوی رانندگی کرد	1<2	unknown	joint	conjunction
با همان ژیان هم میشد به نحوی رانندگی کرد	که تلفات نداشته باشد .	1<2	unknown	manner-means	mode
در گذشته ژیان هم تولید میشد	ولی طبیعی است که الان نمی توان خودرویی با کیفیت ژیان تولید کرد ،	1<2	unknown	evaluation	comment
ولی طبیعی است که الان نمی توان خودرویی با کیفیت ژیان تولید کرد ،	چون آبروریزی کامل محسوب میشود .	1<2	unknown	explanation	explanation
بهتر است آقای وزیر به این نکته توجه کنند ،	کسانی <*> از آسمان نیامدهاند	1>2	unknown	background	frame
که « بعضی وقتها میگویند خودروهای داخلی ، این تعداد آدم میسکشد	کسانی <*> از آسمان نیامدهاند	1<2	unknown	evaluation	comment
کسانی <*> از آسمان نیامدهاند	که در رانندگی بی مبالاتی میکنند	1<2	unknown	evaluation	comment
که در رانندگی بی مبالاتی میکنند	و به قول ایشان حواس شان به رانندگی نیست	1<2	unknown	joint	conjunction
کسانی <*> از آسمان نیامدهاند	و جزو همین جامعه هستند	1<2	unknown	joint	conjunction
و هنگامی که رانندگی نمی کنند	در یک جای کشور از جمله صنایع خودروسازی مشغول کار هستند ،	1>2	unknown	background	frame
کسانی <*> از آسمان نیامدهاند	در یک جای کشور از جمله صنایع خودروسازی مشغول کار هستند ،	1<2	unknown	joint	conjunction
کسانی <*> از آسمان نیامدهاند	و در اینجا هم ممکن است مثل رانندگی حواس شان به کار شان نباشد .	1<2	unknown	joint	conjunction
کسانی <*> از آسمان نیامدهاند	پس بهتر است در ارزیابی پدیدهها و دفاع از ابواب جمعی تحت نظر خود به گونهای سخن نگوییم	1<2	unknown	evaluation	comment
پس بهتر است در ارزیابی پدیدهها و دفاع از ابواب جمعی تحت نظر خود به گونهای سخن نگوییم	که به جای سود برای آنها زیان بار باشد .	1<2	unknown	elaboration	elaboration
و برخی نیز	معتقد	1>2	unknown	attribution	attribution
شاید اغراق نباشد که گفته شود ، بیکاری یکی از چند مساله مهم و اصلی کشور است	معتقد	1<2	unknown	evaluation	comment
شاید اغراق نباشد که گفته شود ، بیکاری یکی از چند مساله مهم و اصلی کشور است	ند	1<2	unknown	elaboration	elaboration
ند	نخستین مساله است .	1<2	unknown	elaboration	elaboration
نخستین مساله است .	بیکاری هم وجهه اقتصادی دارد و هم وجهه اجتماعی و فرهنگی و نیز سیاسی	1<2	unknown	explanation	explanation
که ریشه بسیاری از مشکلات است .	به همین دلیل آقای روحانی در سفر هفته گذشته خود به استان البرز به طور صریح گفت	1>2	unknown	attribution	attribution
دولت نیز به آن اذعان دارد .	به همین دلیل آقای روحانی در سفر هفته گذشته خود به استان البرز به طور صریح گفت	1>2	unknown	attribution	attribution
بیکاری هم وجهه اقتصادی دارد و هم وجهه اجتماعی و فرهنگی و نیز سیاسی	به همین دلیل آقای روحانی در سفر هفته گذشته خود به استان البرز به طور صریح گفت	1<2	unknown	explanation	explanation
به همین دلیل آقای روحانی در سفر هفته گذشته خود به استان البرز به طور صریح گفت	که : « امروز در شرایط فعلی جامعه به صراحت عرض میکنم	1<2	unknown	joint	conjunction
که : « امروز در شرایط فعلی جامعه به صراحت عرض میکنم	که هیچ نیازی بالاتر از اشتغال جوانان نیست	1<2	unknown	elaboration	elaboration
که هیچ نیازی بالاتر از اشتغال جوانان نیست	و هیچ خیری بالاتر از زمینه سازی برای اشتغال نسل جوان وجود ندارد ،	1<2	unknown	elaboration	elaboration
شاید اغراق نباشد که گفته شود ، بیکاری یکی از چند مساله مهم و اصلی کشور است	به خصوص برای آنهایی	1<2	unknown	topic-comment	comment
به خصوص برای آنهایی	که مشکل جسمانی دارند . »	1<2	unknown	contrast	contrast
حل مشکل بیکاری نیازمند درک درست و به موقع و اقدام مناسب برای رفع آن است .	ولی در روزهای گذشته دو اظهارنظر جالب از دو فعال اصولگرا ، یکی در قامت نامزد ریاست جمهوری سال ۱۳۹۲ و دیگر در مقام نماینده مجلس ابراز شده است	1>2	unknown	attribution	attribution
که مشکل جسمانی دارند . »	ولی در روزهای گذشته دو اظهارنظر جالب از دو فعال اصولگرا ، یکی در قامت نامزد ریاست جمهوری سال ۱۳۹۲ و دیگر در مقام نماینده مجلس ابراز شده است	1<2	unknown	elaboration	elaboration
که نشان میدهد ،	نامزد محترم ریاست جمهوری سال ۱۳۹۲ ، اظهار داشتند	1>2	unknown	attribution	attribution
هنوز درک به موقع و نیز درست از ماجرای بیکاری به دست نیامده است .	نامزد محترم ریاست جمهوری سال ۱۳۹۲ ، اظهار داشتند	1>2	unknown	condition	condition
که مشکل جسمانی دارند . »	نامزد محترم ریاست جمهوری سال ۱۳۹۲ ، اظهار داشتند	1<2	unknown	elaboration	elaboration
نامزد محترم ریاست جمهوری سال ۱۳۹۲ ، اظهار داشتند	که : « اگر امروز بیکاری یک موضوع جدی قلمداد میشود ، <*> که انحصارهای غلطی	1<2	unknown	elaboration	elaboration
که : « اگر امروز بیکاری یک موضوع جدی قلمداد میشود ، <*> که انحصارهای غلطی	حصار بیکاری زمانی برداشته میشود	1<2	unknown	elaboration	elaboration
که ویژه خواران برای خود شکل داده اند	در مورد درستی و نادرستی این گزاره بحث چندانی نمیکنیم ،	1>2	unknown	condition	condition
که ویژه خواران برای خود شکل داده اند	شکسته شود . »	1<2	unknown	contrast	contrast
در مورد درستی و نادرستی این گزاره بحث چندانی نمیکنیم ،	در دوره سه ساله اخیر دولت فعلی نیز اگرچه هنوز آمار کامل ارایه نشده است ،	1>2	unknown	evaluation	comment
در مورد درستی و نادرستی این گزاره بحث چندانی نمیکنیم ،	ولی میپذیریم که درست باشد . <*> و در هرکدام	1<2	unknown	joint	conjunction
ولی میپذیریم که درست باشد . <*> و در هرکدام	در این صورت باید مقایسهای میان رشد اشتغال در سه دوره آقای خاتمی ، احمدی نژاد و روحانی انجام داد	1<2	unknown	elaboration	elaboration
در مورد درستی و نادرستی این گزاره بحث چندانی نمیکنیم ،	که اشتغال بیشتری بود	1<2	unknown	elaboration	elaboration
که اشتغال بیشتری بود	آن را نشانه کمتر بودن انحصارات ویژه خواران دانست .	1<2	unknown	comparison	concession
که اشتغال بیشتری بود	در دوره اصلاحات به ویژه چهار سال آخر ، سالانه به طور متوسط حدود ۶۰۰ هزار شغل خالص ایجاد میشد .	1<2	unknown	comparison	concession
در دوره اصلاحات به ویژه چهار سال آخر ، سالانه به طور متوسط حدود ۶۰۰ هزار شغل خالص ایجاد میشد .	در هشت ساله دوره احمدی نژاد ، این رقم به کمتر از ۲۰ هزار رسید .	1<2	unknown	contrast	contrast
نامزد محترم ریاست جمهوری سال ۱۳۹۲ ، اظهار داشتند	در دوره سه ساله اخیر دولت فعلی نیز اگرچه هنوز آمار کامل ارایه نشده است ،	1<2	unknown	evaluation	comment
در دوره سه ساله اخیر دولت فعلی نیز اگرچه هنوز آمار کامل ارایه نشده است ،	ولی حداقل به حدود ۱۵۰ هزار شغل در سال رسیده است .	1<2	unknown	elaboration	elaboration
در دوره سه ساله اخیر دولت فعلی نیز اگرچه هنوز آمار کامل ارایه نشده است ،	این ارقام را در کنار درآمدهای ارزی کلان دولت مورد حمایت گوینده این سخنان باید گذاشت	1<2	unknown	joint	conjunction
این ارقام را در کنار درآمدهای ارزی کلان دولت مورد حمایت گوینده این سخنان باید گذاشت	که به هیچ وجه قابل مقایسه با دولت اصلاحات و اعتدال نیست .	1<2	unknown	enablement	purpose
این ارقام را در کنار درآمدهای ارزی کلان دولت مورد حمایت گوینده این سخنان باید گذاشت	به علاوه دولت مورد حمایت گوینده این سخنان آمده بود <*> پس چطور شد که یک شاخص مهم فقدان ویژه خواری	1<2	unknown	contrast	contrast
به علاوه دولت مورد حمایت گوینده این سخنان آمده بود <*> پس چطور شد که یک شاخص مهم فقدان ویژه خواری	تا بساط ویژه خواری را برچیند ،	1<2	unknown	elaboration	elaboration
در دوره سه ساله اخیر دولت فعلی نیز اگرچه هنوز آمار کامل ارایه نشده است ،	که اشتغال باشد	1<2	unknown	cause	causal
تا این حد در دوره رییس جمهور محبوب ایشان کم و در حد صفر شد ؟ <*> سخنان نفر بعدی	که درک درستی از مساله اشتغال و بیکاری شکل نگرفته است .	1>2	unknown	evaluation	comment
تا این حد در دوره رییس جمهور محبوب ایشان کم و در حد صفر شد ؟ <*> سخنان نفر بعدی	بنابراین واضح است که باید نتیجه گرفت در دولت پیش ویژه خواری در حد اعلابوده است .	1<2	unknown	elaboration	elaboration
که نماینده اصولگرای مجلس است	از این حیث جالب تر است	1>2	unknown	attribution	attribution
تا این حد در دوره رییس جمهور محبوب ایشان کم و در حد صفر شد ؟ <*> سخنان نفر بعدی	از این حیث جالب تر است	1<2	unknown	joint	conjunction
و نشان میدهد	که درک درستی از مساله اشتغال و بیکاری شکل نگرفته است .	1>2	unknown	attribution	attribution
نامزد محترم ریاست جمهوری سال ۱۳۹۲ ، اظهار داشتند	که درک درستی از مساله اشتغال و بیکاری شکل نگرفته است .	1<2	unknown	joint	conjunction
که درک درستی از مساله اشتغال و بیکاری شکل نگرفته است .	وی عنوان داشت	1<2	unknown	contrast	contrast
وی عنوان داشت	که : « آمار بیکاری در کشور سرسام آور است شما میگویید طی سه سال گذشته دو میلیون و ۵۰۰ هزار شغل ایجاد کرده اید	1<2	unknown	contrast	contrast
شما میگویید طی سه سال گذشته دو میلیون و ۵۰۰ هزار شغل ایجاد کرده اید	ولی ما از درون دولت مطلع میشویم	1<2	unknown	joint	conjunction
که درک درستی از مساله اشتغال و بیکاری شکل نگرفته است .	که هیچ پروژه جدیدی افتتاح نشده	1<2	unknown	topic-comment	comment
که هیچ پروژه جدیدی افتتاح نشده	و پروژههای نیمه تمام هم به اتمام نرسیده است . »	1<2	unknown	joint	conjunction
در درجه اول باید گفت که به هیچ وجه در این سه سال این تعداد شغل خالص ایجاد نشده است .	معلوم نیست که ایشان از جانب چه کسی چنین عددی را اعلام کرده است ،	1>2	unknown	condition	condition
و پروژههای نیمه تمام هم به اتمام نرسیده است . »	معلوم نیست که ایشان از جانب چه کسی چنین عددی را اعلام کرده است ،	1<2	unknown	explanation	explanation
که هیچ پروژه جدیدی افتتاح نشده	چون اگر این رقم به صورت رسمی گفته شده بود ،	1<2	unknown	contrast	contrast
چون اگر این رقم به صورت رسمی گفته شده بود ،	به طور قطع با نقد کارشناسان و روزنامههای اصلاح طلب مواجه میشد .	1<2	unknown	elaboration	elaboration
ولی مساله اصلی در منطق گوینده است	که گمان میکند تولید شغل مترادف ایجاد پروژههای دولتی است	1>2	unknown	cause	causal
به طور قطع با نقد کارشناسان و روزنامههای اصلاح طلب مواجه میشد .	که گمان میکند تولید شغل مترادف ایجاد پروژههای دولتی است	1<2	unknown	joint	conjunction
چون اگر این رقم به صورت رسمی گفته شده بود ،	و چون از راه اندازی پروژههای دولتی خبری ندارد یا نیست	1<2	unknown	explanation	explanation
و چون از راه اندازی پروژههای دولتی خبری ندارد یا نیست	پس نتیجه میگیرد که شغل هم ایجاد نشده است .	1<2	unknown	explanation	explanation
پس نتیجه میگیرد که شغل هم ایجاد نشده است .	درخصوص پروژههای مهم دولتی برداشت ایشان نادرست نیست	1<2	unknown	contrast	contrast
زیرا دولت پیش هزاران پروژه را تعریف و آغاز کرد <*> شان	که نماینده است	1>2	unknown	attribution	attribution
زیرا دولت پیش هزاران پروژه را تعریف و آغاز کرد <*> شان	ولی هیچ پولی برای تکمیل و راه اندازی آنها وجود ندارد .	1<2	unknown	attribution	attribution
ولی هیچ پولی برای تکمیل و راه اندازی آنها وجود ندارد .	ای	1<2	unknown	joint	conjunction
پس نتیجه میگیرد که شغل هم ایجاد نشده است .	که نماینده است	1<2	unknown	elaboration	elaboration
که نماینده است	و از ارقام بودجه اطلاع دارند	1<2	unknown	joint	conjunction
که نماینده است	بهتر از هر کس دیگر میتوانند توضیح دهند	1<2	unknown	evaluation	comment
و چون از راه اندازی پروژههای دولتی خبری ندارد یا نیست	که چه تعداد پروژه زخمی شده از آن دولت باقی مانده	1<2	unknown	contrast	contrast
که چه تعداد پروژه زخمی شده از آن دولت باقی مانده	و چه ارقام اندکی نزد دولت برای تکمیل آنها هست ،	1<2	unknown	explanation	explanation
و چه ارقام اندکی نزد دولت برای تکمیل آنها هست ،	ای کاش به عنوان نماینده این موضوع را توضیح میداد .	1<2	unknown	explanation	explanation
ای کاش به عنوان نماینده این موضوع را توضیح میداد .	ولی مساله اصلی درک و برداشت ایشان از تولید شغل است .	1<2	unknown	contrast	contrast
ای کاش به عنوان نماینده این موضوع را توضیح میداد .	قرار نیست تولید شغل فقط با اتکای به پروژههای دولتی انجام شود .	1<2	unknown	evaluation	comment
کار اصلی دولت انجام پروژههای تولیدی و صنعتی نیست	به طور قطع دولت موجود از این حیث نسبت به دولت پیش چند گام به جلو برداشته است . <*> همان کارخانجات و بنگاههای خوابیده و از مدار اقتصاد خارج شده ، راه اندازی مجدد شود ، کافی است	1>2	unknown	cause	causal
کار اصلی دولت انجام پروژههای تولیدی و صنعتی نیست	بلکه وظیفه اصلی دولت ایجاد زمینههای مناسب برای حضور مردم در عرصه اقتصاد و تولید شغل از این طریق است .	1<2	unknown	contrast	contrast
که چه تعداد پروژه زخمی شده از آن دولت باقی مانده	به طور قطع دولت موجود از این حیث نسبت به دولت پیش چند گام به جلو برداشته است . <*> همان کارخانجات و بنگاههای خوابیده و از مدار اقتصاد خارج شده ، راه اندازی مجدد شود ، کافی است	1<2	unknown	cause	causal
به طور قطع دولت موجود از این حیث نسبت به دولت پیش چند گام به جلو برداشته است . <*> همان کارخانجات و بنگاههای خوابیده و از مدار اقتصاد خارج شده ، راه اندازی مجدد شود ، کافی است	برای ایجاد شغل لازم نیست که پروژههای جدید افتتاح شود ،	1<2	unknown	elaboration	elaboration
این روزها فصل امتحانات دانشجویان است ،	از این رو تعدادی از نمایندگان مجلس در نامهای خواستار آزادی دانشجویان به ویژه دانشجویان دختر شدند .	1>2	unknown	cause	causal
از این رو تعدادی از نمایندگان مجلس در نامهای خواستار آزادی دانشجویان به ویژه دانشجویان دختر شدند .	به همین دلیل در نامهای به صورت ویژه درخواست آزادی تعداد معدود دانشجویان دختر را داشته ایم .	1>2	unknown	background	frame
طبق اخباری	تعداد دانشجویان باقی مانده در بازداشت زیاد نیست	1>2	unknown	attribution	attribution
طبق اخباری	که در اختیار نمایندگان قرار گرفته است	1<2	unknown	elaboration	elaboration
تعداد دانشجویان باقی مانده در بازداشت زیاد نیست	به همین دلیل در نامهای به صورت ویژه درخواست آزادی تعداد معدود دانشجویان دختر را داشته ایم .	1>2	unknown	cause	causal
تعداد دانشجویان باقی مانده در بازداشت زیاد نیست	اما بازداشت همین تعداد محدود نیز موجب نگرانی خانوادههای آنان شده است .	1<2	unknown	contrast	contrast
تعداد دانشجویان باقی مانده در بازداشت زیاد نیست	دانشجویان دختر نیز شرایط خاصی دارند	1<2	unknown	joint	conjunction
به همین دلیل در نامهای به صورت ویژه درخواست آزادی تعداد معدود دانشجویان دختر را داشته ایم .	امیدوار یم با دانشجویان بازداشت شده با رافت اسلامی برخورد شده	1<2	unknown	evaluation	comment
امیدوار یم با دانشجویان بازداشت شده با رافت اسلامی برخورد شده	و آن دسته از افراد بازداشت شده <*> هر چه زودتر آزاد شوند .	1<2	unknown	joint	conjunction
و آن دسته از افراد بازداشت شده <*> هر چه زودتر آزاد شوند .	که جرم قطعی مرتکب نشده اند	1<2	unknown	elaboration	elaboration
به همین دلیل در نامهای به صورت ویژه درخواست آزادی تعداد معدود دانشجویان دختر را داشته ایم .	این نامه هرچند ضمانت اجرایی ندارد	1<2	unknown	elaboration	elaboration
این نامه هرچند ضمانت اجرایی ندارد	اما درخواست جمعی از نمایندگان ملت است .	1<2	unknown	contrast	contrast
روزانه تعداد زیادی از خانوادههای زندانیان به نمایندگان مجلس مراجعه کرده	به همین دلیل این نامه از باب خیرخواهی نوشته شده است .	1>2	unknown	cause	causal
روزانه تعداد زیادی از خانوادههای زندانیان به نمایندگان مجلس مراجعه کرده	و خواستار پیگیری وضعیت زندانیان خود هستند	1<2	unknown	joint	conjunction
به همین دلیل در نامهای به صورت ویژه درخواست آزادی تعداد معدود دانشجویان دختر را داشته ایم .	به همین دلیل این نامه از باب خیرخواهی نوشته شده است .	1<2	unknown	summary	organization
به همین دلیل این نامه از باب خیرخواهی نوشته شده است .	در همین راستا کمیسیون امنیت ماموریت یافته است	1<2	unknown	joint	conjunction
در همین راستا کمیسیون امنیت ماموریت یافته است	موضوع زندانیان را دنبال کند .	1<2	unknown	enablement	purpose
به همین دلیل این نامه از باب خیرخواهی نوشته شده است .	امیدوار یم حقوق افراد بازداشت شده رعایت شده	1<2	unknown	evaluation	comment
امیدوار یم حقوق افراد بازداشت شده رعایت شده	و ما اتفاقاتی را <*> در این دوره شاهد نباشیم .	1<2	unknown	joint	conjunction
و ما اتفاقاتی را <*> در این دوره شاهد نباشیم .	که در گذشته رخ داد	1<2	unknown	elaboration	elaboration
این روزها شمال و جنوب ، شرق و غرب و مرکز کشور به نحوی درگیر حوادث طبیعی هستند .	مهم ترین نیرویی <*> جمعیت هلال احمر است .	1>2	unknown	background	frame
این روزها شمال و جنوب ، شرق و غرب و مرکز کشور به نحوی درگیر حوادث طبیعی هستند .	حتی حوادث مصنوع بشر نیز هرازگاهی رخ میدهد .	1<2	unknown	joint	conjunction
حتی حوادث مصنوع بشر نیز هرازگاهی رخ میدهد .	از پلاسکو گرفته تا ریزگردها و سیلهای بلوچستان و فارس و بندرعباس و بوشهر و کرمان تا برف گیلان و آذربایجان و کردستان ، همه و همه نیازمند امکانات و نیروهایی هستند	1<2	unknown	explanation	explanation
از پلاسکو گرفته تا ریزگردها و سیلهای بلوچستان و فارس و بندرعباس و بوشهر و کرمان تا برف گیلان و آذربایجان و کردستان ، همه و همه نیازمند امکانات و نیروهایی هستند	که بتوانند در نخستین فرصت کمکهای لازم را به آنان عرضه کنند .	1<2	unknown	elaboration	elaboration
مهم ترین نیرویی <*> جمعیت هلال احمر است .	که آماده انجام این کار است ،	1<2	unknown	elaboration	elaboration
مهم ترین نیرویی <*> جمعیت هلال احمر است .	جمعیتی که بخش مهمی از نیروهای آن نیز داوطلبان مردمی هستند	1<2	unknown	elaboration	elaboration
و اگر اندکی از امکانات و تجهیزات داشته باشند ،	می توانند جان بسیاری از افراد درگیر این حوادث را نجات دهند .	1>2	unknown	condition	condition
جمعیتی که بخش مهمی از نیروهای آن نیز داوطلبان مردمی هستند	می توانند جان بسیاری از افراد درگیر این حوادث را نجات دهند .	1<2	unknown	joint	conjunction
مهم ترین نیرویی <*> جمعیت هلال احمر است .	مشابه این جمعیت در کشورهایی <*> در حد یک وزارتخانه بزرگ است	1<2	unknown	elaboration	elaboration
مشابه این جمعیت در کشورهایی <*> در حد یک وزارتخانه بزرگ است	که با حوادث مشابه دست به گریبان هستند ،	1<2	unknown	elaboration	elaboration
در حد یک وزارتخانه بزرگ است	که از بودجه کافی و امکانات مناسب نیز برخوردار است .	1<2	unknown	elaboration	elaboration
مهم ترین نیرویی <*> جمعیت هلال احمر است .	این نهاد را میتوان غیرسیاسی ترین نهاد کشور دانست	1<2	unknown	elaboration	elaboration
این نهاد را میتوان غیرسیاسی ترین نهاد کشور دانست	که تنها دغدغه اش امدادرسانی به افراد درگیر حادثه است .	1<2	unknown	elaboration	elaboration
اگر کمیته امداد یا سازمان بهزیستی به افراد خاصی کمک میکنند	و لذا ملی ترین نهاد و در عین حال نهادی داوطلبانه است .	1>2	unknown	cause	causal
اگر کمیته امداد یا سازمان بهزیستی به افراد خاصی کمک میکنند	و افراد تحت پوشش آنها بخشی از مردم هستند ،	1<2	unknown	joint	conjunction
اگر کمیته امداد یا سازمان بهزیستی به افراد خاصی کمک میکنند	هلال احمر وظیفه کمک به کلیه آحاد مردم را دارد ،	1<2	unknown	contrast	contrast
هلال احمر وظیفه کمک به کلیه آحاد مردم را دارد ،	چرا که حادثه همه را درگیر خود میکند	1<2	unknown	cause	causal
مهم ترین نیرویی <*> جمعیت هلال احمر است .	و لذا ملی ترین نهاد و در عین حال نهادی داوطلبانه است .	1<2	unknown	elaboration	elaboration
و لذا ملی ترین نهاد و در عین حال نهادی داوطلبانه است .	اتفاقا در جریان حوادث اخیر نیز موثرترین نیرو در کمک به مردم حادثه دیده همین نهاد بوده است .	1<2	unknown	elaboration	elaboration
مهم ترین نیرویی <*> جمعیت هلال احمر است .	ولی آنچه که موجب تاسف است ، دستورالعملی و اقدامی است	1<2	unknown	contrast	contrast
ولی آنچه که موجب تاسف است ، دستورالعملی و اقدامی است	که در خصوص تخصیص مهم ترین ردیف بودجه این نهاد برای طرح ملی کاداستر سازمان ثبت اسناد است .	1<2	unknown	elaboration	elaboration
از حدود ۶۰ سال پیش و طبق اساسنامه هلال احمر ۴۲ درصد حق ثبت اسناد رسمی بعد از واریز به خزانه دولت به حساب جمعیت هلال احمر واریز میشده است .	تردیدی نیست که طرح کاداستر یکی از طرحهای ملی و مهم کشور است	1>2	unknown	background	frame
ولی آنچه که موجب تاسف است ، دستورالعملی و اقدامی است	تردیدی نیست که طرح کاداستر یکی از طرحهای ملی و مهم کشور است	1<2	unknown	explanation	explanation
تردیدی نیست که طرح کاداستر یکی از طرحهای ملی و مهم کشور است	که تکمیل آن میتواند به اصلاح بسیاری از امور ملکی و ثبتی کمک کند	1<2	unknown	elaboration	elaboration
که تکمیل آن میتواند به اصلاح بسیاری از امور ملکی و ثبتی کمک کند	و هر میزان بودجه ای <*> قابل دفاع است	1<2	unknown	joint	conjunction
و هر میزان بودجه ای <*> قابل دفاع است	که در توان دولت باشد	1<2	unknown	elaboration	elaboration
که در توان دولت باشد	تا به این طرح اختصاص یابد ،	1<2	unknown	elaboration	elaboration
تردیدی نیست که طرح کاداستر یکی از طرحهای ملی و مهم کشور است	ولی تفسیر از یک ماده قانونی و برداشتن سهم مشخص هلال احمر از حق الثبت اسناد و ریختن مستقیم آن به حساب سازمان ثبت اسناد ، منجر به توقف فعالیتهای یک نهاد عمومی و مهم و امدادی کشور یعنی جمعیت هلال احمر میشود .	1<2	unknown	contrast	contrast
ولی تفسیر از یک ماده قانونی و برداشتن سهم مشخص هلال احمر از حق الثبت اسناد و ریختن مستقیم آن به حساب سازمان ثبت اسناد ، منجر به توقف فعالیتهای یک نهاد عمومی و مهم و امدادی کشور یعنی جمعیت هلال احمر میشود .	این کار از دو جهت دارای ایراد است .	1<2	unknown	contrast	contrast
این کار از دو جهت دارای ایراد است .	اول این که چنین تفسیری از قانون درست نیست	1<2	unknown	explanation	explanation
اول این که چنین تفسیری از قانون درست نیست	و آنچه که در قانون آمده شامل سهم تاریخی و ثابت هلال احمر از این ردیف درآمدهای دولت نمیشود .	1<2	unknown	explanation	explanation
چرا که اگر قصد حذف این ردیف درآمدی هلال احمر در میان بود ،	به طور قطع جایگزینی برای آن تعیین میشد	1>2	unknown	condition	condition
و آنچه که در قانون آمده شامل سهم تاریخی و ثابت هلال احمر از این ردیف درآمدهای دولت نمیشود .	به طور قطع جایگزینی برای آن تعیین میشد	1<2	unknown	cause	causal
به طور قطع جایگزینی برای آن تعیین میشد	تا جبران این کاهش صورت گیرد .	1<2	unknown	enablement	purpose
فراموش نکنیم که حدود ۴۰ تا ۶۰ درصد بودجه هلال از این ردیف تامین میشود .	بنابراین هیچ قرینهای برای حذف حق هلال احمر از حق الثبت اسناد ملکی نیست .	1>2	unknown	cause	causal
اول این که چنین تفسیری از قانون درست نیست	بنابراین هیچ قرینهای برای حذف حق هلال احمر از حق الثبت اسناد ملکی نیست .	1<2	unknown	evaluation	comment
به علاوه هر درآمد دولت باید ابتدا به خزانه واریز شود	بنابراین هر گونه برداشت مستقیم احتمالی از این درآمدها از طرف هر سازمانی خلاف قانون و حتی جرم محسوب میشود .	1>2	unknown	explanation	explanation
به علاوه هر درآمد دولت باید ابتدا به خزانه واریز شود	و سپس از طریق سازمان برنامه و بودجه و نیز وزارت اقتصاد و دارایی و خزانه داری کل به حساب دستگاههای ذی ربط واریز شود .	1<2	unknown	temporal	temporal
اول این که چنین تفسیری از قانون درست نیست	بنابراین هر گونه برداشت مستقیم احتمالی از این درآمدها از طرف هر سازمانی خلاف قانون و حتی جرم محسوب میشود .	1<2	unknown	joint	conjunction
بنابراین هر گونه برداشت مستقیم احتمالی از این درآمدها از طرف هر سازمانی خلاف قانون و حتی جرم محسوب میشود .	فراموش نکنیم که برخی از مقامات سازمان برنامه منکر قانونی بودن اختصاص درآمدهای هلال احمر به ثبت اسناد هستند	1<2	unknown	contrast	contrast
فراموش نکنیم که برخی از مقامات سازمان برنامه منکر قانونی بودن اختصاص درآمدهای هلال احمر به ثبت اسناد هستند	و معاونت حقوقی ریاست جمهوری نیز در این مورد نظر صریحی داده است .	1<2	unknown	explanation	explanation
از آنجا که سازمان ثبت اسناد یکی از نهادهای زیرمجموعه دستگاه قضایی است ،	باید بیش از نهادهای دیگر ملتزم به اجرای قانون و رعایت ضوابط آن باشد .	1>2	unknown	cause	causal
فراموش نکنیم که برخی از مقامات سازمان برنامه منکر قانونی بودن اختصاص درآمدهای هلال احمر به ثبت اسناد هستند	باید بیش از نهادهای دیگر ملتزم به اجرای قانون و رعایت ضوابط آن باشد .	1<2	unknown	contrast	contrast
بنابراین امیدوار یم که اگر نیازی برای اجرای هرچه سریع تر و کامل تر طرح کاداستر است	از طریق قانون و از دیگر منابع عمومی دولت تامین شود	1>2	unknown	condition	condition
بنابراین امیدوار یم که اگر نیازی برای اجرای هرچه سریع تر و کامل تر طرح کاداستر است	که حتما هم هست	1<2	unknown	elaboration	elaboration
تردیدی نیست که طرح کاداستر یکی از طرحهای ملی و مهم کشور است	از طریق قانون و از دیگر منابع عمومی دولت تامین شود	1<2	unknown	evaluation	comment
از طریق قانون و از دیگر منابع عمومی دولت تامین شود	و جمعیت هلال احمر بدترین جایی است	1<2	unknown	cause	causal
و جمعیت هلال احمر بدترین جایی است	که میتوان این منابع را از آنجا تامین کرد !	1<2	unknown	elaboration	elaboration
ظاهرا هلال احمر مدافع دارد .	همه مردم مدافع آن هستند	1>2	unknown	background	frame
مهم ترین نیرویی <*> جمعیت هلال احمر است .	همه مردم مدافع آن هستند	1<2	unknown	evaluation	comment
همه مردم مدافع آن هستند	و هم ار کمکهای اضطراری آن بهره مند میشوند	1<2	unknown	joint	conjunction
همه مردم مدافع آن هستند	و هم داوطلبانه به آن کمک میکنند	1<2	unknown	joint	conjunction
همه مردم مدافع آن هستند	ولی آنچه موجب تاسف است این است	1<2	unknown	contrast	contrast
ولی آنچه موجب تاسف است این است	که به ظاهر این مردم صدا ندارند	1<2	unknown	elaboration	elaboration
که به ظاهر این مردم صدا ندارند	یا صدای آنان شنیده نمیشود .	1<2	unknown	joint	conjunction
آن مقدار از برنامههای آقای رییس جمهور <*> مثلا در حوزه اقتصاد یا روابط خارجی کشور ، امیدوارکننده بود .	در این سخنان بخشهایی <*> زیاد مورد توجه نبود .	1>2	unknown	background	frame
آن مقدار از برنامههای آقای رییس جمهور <*> مثلا در حوزه اقتصاد یا روابط خارجی کشور ، امیدوارکننده بود .	که روز سه شنبه ، به عنوان برنامههای دولت دوازدهم از تریبون مجلس قرایت شد ،	1<2	unknown	elaboration	elaboration
آن مقدار از برنامههای آقای رییس جمهور <*> مثلا در حوزه اقتصاد یا روابط خارجی کشور ، امیدوارکننده بود .	اما بخشی دیگر در ابهام و تعلیق باقی ماند .	1<2	unknown	contrast	contrast
در این سخنان بخشهایی <*> زیاد مورد توجه نبود .	که بیشتر به حوزه فرهنگ و حقوق اساسی مردم ایران و صنوف مختلف مربوطمیشود ،	1<2	unknown	elaboration	elaboration
در این سخنان ، اگرچه در حد چند جمله کوتاه به موضوع تشکلها اشارتی رفت	اما اهمیت این موضع بسیار بیش از این است .	1>2	unknown	condition	condition
در این سخنان بخشهایی <*> زیاد مورد توجه نبود .	اما اهمیت این موضع بسیار بیش از این است .	1<2	unknown	joint	conjunction
اما اهمیت این موضع بسیار بیش از این است .	مسیله حق تشکیل و اداره سازمانها و تشکلهای سیاسی ، نه تنها از حیث حقوق اساسی ملت مهم است	1<2	unknown	explanation	explanation
مسیله حق تشکیل و اداره سازمانها و تشکلهای سیاسی ، نه تنها از حیث حقوق اساسی ملت مهم است	بلکه برای جلب مشارکت عمومی <*> نیز ضرورتی حیاتی است .	1<2	unknown	elaboration	elaboration
بلکه برای جلب مشارکت عمومی <*> نیز ضرورتی حیاتی است .	که قطعا از شرایط لازم برای پیشبرد اهداف و برنامههای دولت است	1<2	unknown	elaboration	elaboration
تجربه طولانی تشکلهای مختلف سیاسی ، مدنی و صنفی در ایران ، دلالت بر این دارد	که این نوع نهادها برای فعالیت مستمر و دامنه دار خود نیازمند همراهی فراوان دولت هستند .	1>2	unknown	attribution	attribution
اما اهمیت این موضع بسیار بیش از این است .	که این نوع نهادها برای فعالیت مستمر و دامنه دار خود نیازمند همراهی فراوان دولت هستند .	1<2	unknown	elaboration	elaboration
که این نوع نهادها برای فعالیت مستمر و دامنه دار خود نیازمند همراهی فراوان دولت هستند .	علاوه بر این غیر از دولت ، نهادهای دیگری نیز وجود دارد	1<2	unknown	contrast	contrast
علاوه بر این غیر از دولت ، نهادهای دیگری نیز وجود دارد	که گاه طبق قانون ، گاه طبق رویه و گاه به جهات دیگر در روندهای تشکیل یا ادامه فعالیت این نوع نهادها بسیار تاقیرگار ند .	1<2	unknown	elaboration	elaboration
که گاه طبق قانون ، گاه طبق رویه و گاه به جهات دیگر در روندهای تشکیل یا ادامه فعالیت این نوع نهادها بسیار تاقیرگار ند .	از جمله قوانین مرتبط با این حوزهمیتوان به قانون احزاب و کمیسیون ماده ۱۰ آن درباره تشکیل احزاب و انجمنهای مدنی و نیز فصل ششم قانون کار درباره انجمنهای صنفی کارگری و کارفرمایی اشاره کرد .	1<2	unknown	elaboration	elaboration
علاوه بر این غیر از دولت ، نهادهای دیگری نیز وجود دارد	یا نحوه بررسی تقاضاها در کمیسیون ماده قانون احزاب یا مقررات قانونی برای اعلام انحلال احزاب ، از اموری است که نمی توان فقط از وزارت کشور برای آن انتظار داشت .	1<2	unknown	joint	conjunction
علاوه بر این غیر از دولت ، نهادهای دیگری نیز وجود دارد	همین طور است درباره انجمنهای صنفی مقرر در فصل ششم قانون کار	1<2	unknown	joint	conjunction
همین طور است درباره انجمنهای صنفی مقرر در فصل ششم قانون کار	که برای آن مثالی بسیار مهم و زنده در دست است	1<2	unknown	elaboration	elaboration
که برای آن مثالی بسیار مهم و زنده در دست است	و مسیله انجمن صنفی روزنامه نگاران ایران است .	1<2	unknown	elaboration	elaboration
و مسیله انجمن صنفی روزنامه نگاران ایران است .	از نظر قانونی ، مسیولیت سازمانی امور مربوط به این انجمن برعهده وزارت تعاون ، کار و رفاه اجتماعی است .	1<2	unknown	elaboration	elaboration
از نظر قانونی ، مسیولیت سازمانی امور مربوط به این انجمن برعهده وزارت تعاون ، کار و رفاه اجتماعی است .	دکتر روحانی نیز شخصا در اولین روزهای دوره نخست خود وعده بازگشایی انجمن را به روزنامه نگاران کشور داد	1<2	unknown	elaboration	elaboration
دکتر روحانی نیز شخصا در اولین روزهای دوره نخست خود وعده بازگشایی انجمن را به روزنامه نگاران کشور داد	اما اتفاقی نیفتاد .	1<2	unknown	contrast	contrast
اخیرا علی ربیعی ، وزیر کار در مصاحبهای به صراحت از این گفت	که برای بازگشایی انجمن صنفی روزنامه نگاران ایران چهار بار با دادستان کل مذاکره کرد ،	1>2	unknown	attribution	attribution
دکتر روحانی نیز شخصا در اولین روزهای دوره نخست خود وعده بازگشایی انجمن را به روزنامه نگاران کشور داد	که برای بازگشایی انجمن صنفی روزنامه نگاران ایران چهار بار با دادستان کل مذاکره کرد ،	1<2	unknown	joint	conjunction
که برای بازگشایی انجمن صنفی روزنامه نگاران ایران چهار بار با دادستان کل مذاکره کرد ،	اما او مخالفت کرده است	1<2	unknown	contrast	contrast
که برای بازگشایی انجمن صنفی روزنامه نگاران ایران چهار بار با دادستان کل مذاکره کرد ،	و نامه رسمی از سوی دادستان تهران ارسال شد	1<2	unknown	joint	conjunction
و نامه رسمی از سوی دادستان تهران ارسال شد	که نمی توان آن انجمن صنفی را بازگشایی کرد .	1<2	unknown	elaboration	elaboration
که برای بازگشایی انجمن صنفی روزنامه نگاران ایران چهار بار با دادستان کل مذاکره کرد ،	این سخن به آن	1<2	unknown	evaluation	comment
معنا	ست	1>2	unknown	condition	condition
این سخن به آن	ست	1<2	unknown	elaboration	elaboration
ست	که اگر قرار است مسیله حقوق حرفهای صنف مهم و بزرگی مانند روزنامه نگاران برای احیا یا ایجاد یک تشکل صنفی قانونی محقق شود ،	1<2	unknown	contrast	contrast
که اگر قرار است مسیله حقوق حرفهای صنف مهم و بزرگی مانند روزنامه نگاران برای احیا یا ایجاد یک تشکل صنفی قانونی محقق شود ،	موضوع در حدود توانایی یک وزارتخانه نیست	1<2	unknown	enablement	purpose
در این سخنان بخشهایی <*> زیاد مورد توجه نبود .	بلکه در سطوح بالاتری باید هماهنگیها و تعاملاتی برقرار شود	1<2	unknown	evaluation	comment
بلکه در سطوح بالاتری باید هماهنگیها و تعاملاتی برقرار شود	تا زمینههای اجرای قانون فراهم شود . <*> در این قبیل موارد	1<2	unknown	topic-comment	comment
تا زمینههای اجرای قانون فراهم شود . <*> در این قبیل موارد	واقعیت این است که در شرایط کنونی جامعه ایران ، سیاست و ارادههای سیاسی در بسیاری از موارد فرادست حقوقمینشیند .	1<2	unknown	elaboration	elaboration
تا زمینههای اجرای قانون فراهم شود . <*> در این قبیل موارد	که حل مسیله فقط به اتکای قانون و مقررات دیگر امکان پذیر نیست ،	1<2	unknown	enablement	purpose
که حل مسیله فقط به اتکای قانون و مقررات دیگر امکان پذیر نیست ،	ارادههای سیاسی نیز باید به مدد قوانین بیاید	1<2	unknown	joint	conjunction
تا زمینههای اجرای قانون فراهم شود . <*> در این قبیل موارد	تا موانع را برطرف کند	1<2	unknown	explanation	explanation
و در شرایط تعاملی امکان اجرای قوانین را فراهم کند .	وقتی مقام عالی رتبه قضایی یا دستگاههای دیگر ، نظری دارند	1>2	unknown	background	frame
و در شرایط تعاملی امکان اجرای قوانین را فراهم کند .	نه از وزارت کار و نه از وزارت کشور نمی توان انتظار داشت که موانع اجرای درست و دقیق قانون احزاب را به تنهایی مرتفع کنند .	1<2	unknown	joint	conjunction
تا موانع را برطرف کند	وقتی مقام عالی رتبه قضایی یا دستگاههای دیگر ، نظری دارند	1<2	unknown	cause	causal
وقتی مقام عالی رتبه قضایی یا دستگاههای دیگر ، نظری دارند	و بر اعمال آن تاکیدمیرند ند ،	1<2	unknown	elaboration	elaboration
وقتی مقام عالی رتبه قضایی یا دستگاههای دیگر ، نظری دارند	به این	1<2	unknown	elaboration	elaboration
به این	معنا	1<2	unknown	elaboration	elaboration
به این	ست	1<2	unknown	contrast	contrast
پیشرفت روابط معمول میان بانکهای ایرانی و بانکهای خارجی ، پس از برجام همچنان با مانع تراشی ایالات متحده مواجه بوده	گرهی <*> از تداوم نگرانی بانکهای اروپایی و برقرارنشدن روابط معمول بانکی با بانکهای اروپایی حکایت میکند ؛	1>2	unknown	background	frame
پیشرفت روابط معمول میان بانکهای ایرانی و بانکهای خارجی ، پس از برجام همچنان با مانع تراشی ایالات متحده مواجه بوده	و در نتیجه سرعت کافی را نداشته است .	1<2	unknown	cause	causal
گرهی <*> از تداوم نگرانی بانکهای اروپایی و برقرارنشدن روابط معمول بانکی با بانکهای اروپایی حکایت میکند ؛	که به تازگی در ماجرای برداشت پول از حساب شرکت ملی نفت در انگلستان به وجود آمد ،	1<2	unknown	elaboration	elaboration
گرهی <*> از تداوم نگرانی بانکهای اروپایی و برقرارنشدن روابط معمول بانکی با بانکهای اروپایی حکایت میکند ؛	البته چند بانک در آلمان و ایتالیا همکاریهایی را آغاز کردهاند ؛	1<2	unknown	elaboration	elaboration
البته چند بانک در آلمان و ایتالیا همکاریهایی را آغاز کردهاند ؛	اما سطح مبادلات به ارقام بالانزدیک نشده	1<2	unknown	contrast	contrast
اما سطح مبادلات به ارقام بالانزدیک نشده	و مانع اصلی ناهماهنگی لازم در ایالات متحده است .	1<2	unknown	joint	conjunction
گرهی <*> از تداوم نگرانی بانکهای اروپایی و برقرارنشدن روابط معمول بانکی با بانکهای اروپایی حکایت میکند ؛	به نظر میرسد تنها راه حل ، مسیله پیگیری و فشار دکتر ظریف ، بخشهای مختلف وزارت خارجه و سایر دستگاههای ذی ربط بر کشورهای ١۵ برای انجام تعهدات خود در سند برجام و اتخاذ یک تصمیم سیاسی در سطح ایالات متحده باشد .	1<2	unknown	topic-comment	comment
به تازگی رییس سازمان انرژی اتمی نیز دیداری با مقامات وزارت خزانه داری انگلستان داشته است	اینجا	1>2	unknown	contrast	contrast
به تازگی رییس سازمان انرژی اتمی نیز دیداری با مقامات وزارت خزانه داری انگلستان داشته است	که در راستای یادآوری تعهدات طرفهای مقابل بی تاثیر نیست ؛	1<2	unknown	elaboration	elaboration
مسیله	اینجا	1>2	unknown	background	frame
به نظر میرسد تنها راه حل ، مسیله پیگیری و فشار دکتر ظریف ، بخشهای مختلف وزارت خارجه و سایر دستگاههای ذی ربط بر کشورهای ١۵ برای انجام تعهدات خود در سند برجام و اتخاذ یک تصمیم سیاسی در سطح ایالات متحده باشد .	اینجا	1<2	unknown	elaboration	elaboration
اینجا	ست	1<2	unknown	contrast	contrast
اینجا	که سه کشور اروپایی آماده برقراری روابط معمول بانکی هستند ؛	1<2	unknown	cause	causal
که سه کشور اروپایی آماده برقراری روابط معمول بانکی هستند ؛	اما درباره موضع آمریکا در این زمینه نگرانی دارند .	1<2	unknown	contrast	contrast
وزیر خارجه ایالات متحده در چند موضع گیری رسمی ، بر نبود مانع برای برقرارشدن روابط بانکی با ایران تاکید کرده است ؛	اما مسیله اصلی ، موضع سازمان کنترل داراییهای مالی خارجی وزارت خزانه داری ایالات متحده « OFAC » است	1>2	unknown	cause	causal
اما درباره موضع آمریکا در این زمینه نگرانی دارند .	اما مسیله اصلی ، موضع سازمان کنترل داراییهای مالی خارجی وزارت خزانه داری ایالات متحده « OFAC » است	1<2	unknown	elaboration	elaboration
اینجا	که به دلیل وجود تحریمهای غیرهسته ای ،	1<2	unknown	evaluation	comment
که به دلیل وجود تحریمهای غیرهسته ای ،	همچنان در این باره چراغ سبز نشان نداده است .	1<2	unknown	elaboration	elaboration
همچنان در این باره چراغ سبز نشان نداده است .	برخی تحلیلهای اخیر به ارتباط این کارشکنی با انتخابات ریاست جمهوری آمریکا اشاره میکند	1<2	unknown	cause	causal
اینجا	که به نظر نمی رسد چندان مسموع باشد ،	1<2	unknown	elaboration	elaboration
برابر اصل ١٢۴ قانون اساسی	رییس جمهور میتواند برای انجام وظایف قانونی اش معاونانی داشته باشد .	1>2	unknown	attribution	attribution
رییس جمهور میتواند برای انجام وظایف قانونی اش معاونانی داشته باشد .	لذا ایجاد معاونتهای مختلف در طول مدت جمهوری اسلامی مثل امور زنان ، معاونت حقوقی ، معاونت پارلمانی طی زمان ایجاد شده است .	1>2	unknown	cause	causal
رییس جمهور میتواند برای انجام وظایف قانونی اش معاونانی داشته باشد .	قانونگذار محدودیتی برای تعداد معاونین نگذاشته	1<2	unknown	contrast	contrast
رییس جمهور میتواند برای انجام وظایف قانونی اش معاونانی داشته باشد .	و تنها گفته شده که معاون اول مسوولیت هماهنگی سایر معاونتها را بر عهده دارد .	1<2	unknown	elaboration	elaboration
برابر اصل ١٢۶ قانون اساسی ،	رییس جمهور مسوولیت امور برنامه و بودجه و امور استخدامی و اداری کشور را برعهده دارد	1>2	unknown	attribution	attribution
رییس جمهور میتواند برای انجام وظایف قانونی اش معاونانی داشته باشد .	رییس جمهور مسوولیت امور برنامه و بودجه و امور استخدامی و اداری کشور را برعهده دارد	1<2	unknown	joint	conjunction
رییس جمهور مسوولیت امور برنامه و بودجه و امور استخدامی و اداری کشور را برعهده دارد	که میتواند آن را به عهده دیگری بگذارد	1<2	unknown	elaboration	elaboration
که میتواند آن را به عهده دیگری بگذارد	تا اختیارات خود را به آن معاونت تفویض کند .	1<2	unknown	enablement	purpose
در اصل ١٢۷ قانون اساسی گفته میشود	که رییس جمهور در موارد خاص و برحسب ضرورت با تصویب هیات وزیران نماینده یا نمایندگان ویژه با اختیارات معین تعیین میکند .	1>2	unknown	attribution	attribution
رییس جمهور میتواند برای انجام وظایف قانونی اش معاونانی داشته باشد .	که رییس جمهور در موارد خاص و برحسب ضرورت با تصویب هیات وزیران نماینده یا نمایندگان ویژه با اختیارات معین تعیین میکند .	1<2	unknown	joint	conjunction
که رییس جمهور در موارد خاص و برحسب ضرورت با تصویب هیات وزیران نماینده یا نمایندگان ویژه با اختیارات معین تعیین میکند .	تصمیمات شان در حکم تصمیم رییس جمهور است .	1<2	unknown	joint	conjunction
لذا ایجاد معاونتهای مختلف در طول مدت جمهوری اسلامی مثل امور زنان ، معاونت حقوقی ، معاونت پارلمانی طی زمان ایجاد شده است .	معاونت حقوقی یک نوع کارایی دارد	1>2	unknown	background	frame
تا چند دوره گذشته معاونت حقوقی و پارلمانی یکی بودند .	معاونت حقوقی یک نوع کارایی دارد	1>2	unknown	evaluation	comment
تا چند دوره گذشته معاونت حقوقی و پارلمانی یکی بودند .	تجمیع این دو معاونت چندان خوب نیست .	1<2	unknown	contrast	contrast
معاونت حقوقی یک نوع کارایی دارد	که معاونت پارلمانی ندارد .	1<2	unknown	elaboration	elaboration
معاونت حقوقی یک نوع کارایی دارد	معاون پارلمانی کسی است که به امور مجلس اشراف داشته باشد	1<2	unknown	explanation	explanation
معاون پارلمانی کسی است که به امور مجلس اشراف داشته باشد	اما معاونت حقوقی مسوولیت هماهنگی و ارتباط بین وزارتخانه ها ، نهادهای وابسته به ریاست جمهوری و قوه مجریه را بر عهده دارد .	1<2	unknown	contrast	contrast
اما معاونت حقوقی مسوولیت هماهنگی و ارتباط بین وزارتخانه ها ، نهادهای وابسته به ریاست جمهوری و قوه مجریه را بر عهده دارد .	در واقع وکیل حقوقی رییس جمهور است	1<2	unknown	summary	organization
در واقع وکیل حقوقی رییس جمهور است	که اختیارات قضایی فرم دهنده روابط بین وزارتخانهها را دارد .	1<2	unknown	elaboration	elaboration
یکی از اختیارات مهم رییس جمهور تهیه لوایح قانونی است .	معاونت حقوقی در واقع یک شخصیت مستدل حقوقی است	1>2	unknown	cause	causal
یکی از اختیارات مهم رییس جمهور تهیه لوایح قانونی است .	در قانون اساسی و با تاثیری <*> لوایح قضایی را باید این قوه تهیه کند	1<2	unknown	explanation	explanation
در قانون اساسی و با تاثیری <*> لوایح قضایی را باید این قوه تهیه کند	که شورای نگهبان از شرح وظایف رییس قوه قضاییه آورده است ،	1<2	unknown	elaboration	elaboration
در قانون اساسی و با تاثیری <*> لوایح قضایی را باید این قوه تهیه کند	که با تکیه بر اصل ١۵۸ صورت میگیرد .	1<2	unknown	elaboration	elaboration
یکی از اختیارات مهم رییس جمهور تهیه لوایح قانونی است .	دیگر امور اجرایی مملکت <*> به عهده رییس جمهور و در حوزه کاری معاونت حقوقی است .	1<2	unknown	contrast	contrast
دیگر امور اجرایی مملکت <*> به عهده رییس جمهور و در حوزه کاری معاونت حقوقی است .	که نیاز به لوایح قضایی دارد ،	1<2	unknown	elaboration	elaboration
معاونت حقوقی یک نوع کارایی دارد	معاونت حقوقی در واقع یک شخصیت مستدل حقوقی است	1<2	unknown	joint	conjunction
معاونت حقوقی در واقع یک شخصیت مستدل حقوقی است	که به قایم مقامی رییس جمهور امور مربوط به وزارتخانه ها ، ارتباط ، تضاد و تداخل شان و تهیه لوایح قضایی بر عهده این جایگاه است .	1<2	unknown	elaboration	elaboration
معاونت حقوقی در واقع یک شخصیت مستدل حقوقی است	معاون حقوقی شرح وظیفه سنگینی دارد .	1<2	unknown	joint	conjunction
معاون حقوقی شرح وظیفه سنگینی دارد .	قانون اساسی به نمایندگان اجازه سوال و استیضاح وزرا و همچنین طرح پرسش و حتی اعلام عدم کفایت سیاسی رییس جمهور را داده	1<2	unknown	elaboration	elaboration
قانون اساسی به نمایندگان اجازه سوال و استیضاح وزرا و همچنین طرح پرسش و حتی اعلام عدم کفایت سیاسی رییس جمهور را داده	که دفاع از آن به عهده معاونت حقوقی رییس جمهور است .	1<2	unknown	elaboration	elaboration
معاونت حقوقی یک نوع کارایی دارد	بر همین اساس تجمیع معاونت حقوقی و پارلمانی کارساز نبود	1<2	unknown	evaluation	comment
بر همین اساس تجمیع معاونت حقوقی و پارلمانی کارساز نبود	و در دولت آقای روحانی این دو معاونت جدا شدند .	1<2	unknown	joint	conjunction
معاونت حقوقی یک نوع کارایی دارد	معاونت حقوقی بعد از معاون اول <*> یکی از قدرتمندترین معاونتهای ریاست جمهوری است	1<2	unknown	summary	organization
معاونت حقوقی بعد از معاون اول <*> یکی از قدرتمندترین معاونتهای ریاست جمهوری است	که مسوولیت و جایگاه ویژه ای در دولت دارد ،	1<2	unknown	elaboration	elaboration
معاونت حقوقی بعد از معاون اول <*> یکی از قدرتمندترین معاونتهای ریاست جمهوری است	چون نقشی اساسی در جهت تنظیم روابط بین سازمان ها ، وزارتخانهها و ارتباط رییس جمهور با لوایح قضایی و مجلس را بر عهده دارد .	1<2	unknown	explanation	explanation
آتش سوزی و فروریختن ساختمان پلاسکو مستقل از خسارات انسانی و روانی آن <*> یک وجه دیگری نیز دارد	این ساختمان برخلاف یک مکان عادی ، محل کسب وکار صدها نفر از یک صنف مهم بود .	1>2	unknown	background	frame
آتش سوزی و فروریختن ساختمان پلاسکو مستقل از خسارات انسانی و روانی آن <*> یک وجه دیگری نیز دارد	که به نسبت سنگین بود ،	1<2	unknown	elaboration	elaboration
که به نسبت سنگین بود ،	به ویژه آنکه تعدادی از آتش نشانهای جان برکف نیز در این راه شهید شدند ،	1<2	unknown	cause	causal
که باید مورد توجه قرار گیرد	و با سرعت و در صورت نیاز با برقراری برخی اختیارات لازم ، رسیدگی شود .	1<2	unknown	joint	conjunction
این ساختمان برخلاف یک مکان عادی ، محل کسب وکار صدها نفر از یک صنف مهم بود .	این اتفاق از چند جهت میتواند مشکلات اقتصادی و حقوقی گوناگونی را ایجاد کند .	1<2	unknown	cause	causal
هرکدام از کسبه فعال در این ساختمان دهها فقره چک داشتهاند ،	به احتمال فراوان این چکها از میان رفته است	1>2	unknown	background	frame
هرکدام از کسبه فعال در این ساختمان دهها فقره چک داشتهاند ،	چه چکهایی	1<2	unknown	elaboration	elaboration
چه چکهایی	که در وجه آنان بوده	1<2	unknown	elaboration	elaboration
چه چکهایی	و چه چکهایی	1<2	unknown	joint	conjunction
و چه چکهایی	که در وجه دیگران کشیدهاند .	1<2	unknown	elaboration	elaboration
این ساختمان برخلاف یک مکان عادی ، محل کسب وکار صدها نفر از یک صنف مهم بود .	به احتمال فراوان این چکها از میان رفته است	1<2	unknown	elaboration	elaboration
به احتمال فراوان این چکها از میان رفته است	و دریافتهای آنان وصول نمیشود .	1<2	unknown	cause	causal
به احتمال فراوان این چکها از میان رفته است	لذا پرداختهای آنان نیز دچار اختلال خواهد شد .	1<2	unknown	cause	causal
به احتمال فراوان این چکها از میان رفته است	این عدم پرداختها به صورت زنجیرهای به سایر مشاغل مرتبط با صنعت پوشاک و نساجی سرایت خواهد کرد	1<2	unknown	cause	causal
این عدم پرداختها به صورت زنجیرهای به سایر مشاغل مرتبط با صنعت پوشاک و نساجی سرایت خواهد کرد	و صدها و هزاران شکایت حقوقی و کیفری انجام میشود	1<2	unknown	temporal	temporal
و صدها و هزاران شکایت حقوقی و کیفری انجام میشود	که عوارض آن برای صاحبان مغازهها و کارگاهها کمتر از اتلاف اموال و مغازه آنان نیست .	1<2	unknown	elaboration	elaboration
به احتمال فراوان این چکها از میان رفته است	بنابراین مشکلات حقوقی مرتبط با این آتش سوزی را باید جدی گرفت	1<2	unknown	topic-comment	comment
بنابراین مشکلات حقوقی مرتبط با این آتش سوزی را باید جدی گرفت	و دادسرا و دادگستری تهران باید برای آن چارهای جدی بیندیشند .	1<2	unknown	joint	conjunction
به احتمال فراوان این چکها از میان رفته است	مشکل دیگر از دست دادن سرمایه و شغل برای صدها و هزاران نفر است	1<2	unknown	joint	conjunction
مشکل دیگر از دست دادن سرمایه و شغل برای صدها و هزاران نفر است	که به همین نسبت نیز خانوارهای گوناگونی را درگیر مشکلات اقتصادی میکند .	1<2	unknown	elaboration	elaboration
که به همین نسبت نیز خانوارهای گوناگونی را درگیر مشکلات اقتصادی میکند .	ممکن است برخی از این افراد حتی قادر به تامین مخارج عادی خود از جمله کرایه خانه نیز نباشند .	1<2	unknown	elaboration	elaboration
مشکل دیگر از دست دادن سرمایه و شغل برای صدها و هزاران نفر است	خطری که اینگونه افراد را تهدید میکند ، اختلال در وضعیت روحی و روانی آنان و دست زدن به اقدامات پیش بینی نشده علیه خود شان و حتی دیگران است .	1<2	unknown	cause	causal
مشکل دیگر از دست دادن سرمایه و شغل برای صدها و هزاران نفر است	بنابراین شهرداری و دولت میتوانند با حمایتها و ارایه خدمات مشاوره ای ، بخشی از بار روانی سنگین بر این افراد را بکاهند .	1<2	unknown	topic-comment	comment
این ساختمان برخلاف یک مکان عادی ، محل کسب وکار صدها نفر از یک صنف مهم بود .	از میان رفتن ساختمان پلاسکو خلاجدی را در یک صنف مهم ایجاد میکند ،	1<2	unknown	summary	organization
از میان رفتن ساختمان پلاسکو خلاجدی را در یک صنف مهم ایجاد میکند ،	پر کردن این خلاسخت است ،	1<2	unknown	elaboration	elaboration
از میان رفتن ساختمان پلاسکو خلاجدی را در یک صنف مهم ایجاد میکند ،	ولی ارایه برخی تمهیدات برای راه افتادن فعالیت دوباره آنها ضروری است .	1<2	unknown	contrast	contrast
وزارت صنعت و تجارت و نیز وزارت اقتصاد و بانکها میتوانند با هماهنگی مناسب نه تنها از مشکلات پس از حادثه بکاهند ،	بلکه مهم تر از هر چیز دیگر کوشش مشترک آنها برای راهاندازی دوباره کسب وکار این گروه بزرگ است .	1>2	unknown	elaboration	elaboration
ولی ارایه برخی تمهیدات برای راه افتادن فعالیت دوباره آنها ضروری است .	بلکه مهم تر از هر چیز دیگر کوشش مشترک آنها برای راهاندازی دوباره کسب وکار این گروه بزرگ است .	1<2	unknown	manner-means	mode
بلکه مهم تر از هر چیز دیگر کوشش مشترک آنها برای راهاندازی دوباره کسب وکار این گروه بزرگ است .	اقدامی که هم به نفع جامعه است	1<2	unknown	attribution	attribution
اقدامی که هم به نفع جامعه است	و هم مشکلات شخصی و موردی زیان دیدگان را حل میکند یا حداقل کاهش میدهد و در نتیجه تا حدی قابل تحمل میکند .	1<2	unknown	joint	conjunction
ولی ارایه برخی تمهیدات برای راه افتادن فعالیت دوباره آنها ضروری است .	این ساختمان مرکز عمده فروشی پوشاک بوده است .	1<2	unknown	explanation	explanation
این ساختمان مرکز عمده فروشی پوشاک بوده است .	بنابراین حلقه وصل میان بنگاههای تولیدی و واردکنندگان با خرده فروشان بود ،	1<2	unknown	cause	causal
این ساختمان مرکز عمده فروشی پوشاک بوده است .	از این منظر نیز فقدان این ساختمان و مرکز تجاری برای کل صنعت پوشاک مشکل آفرین خواهد شد	1<2	unknown	cause	causal
این ساختمان مرکز عمده فروشی پوشاک بوده است .	و رابطه تولیدکننده پوشاک و فروشندگان جز را قطع میکند ،	1<2	unknown	cause	causal
و رابطه تولیدکننده پوشاک و فروشندگان جز را قطع میکند ،	و باید هرچه سریع تر این رابطه بازسازی شود .	1<2	unknown	elaboration	elaboration
این ساختمان مرکز عمده فروشی پوشاک بوده است .	خوشبختانه وجود تلفن همراه میتواند بخش قابل توجهی از ارتباطات اقتصادی گذشته را به سرعت و دوباره احیا کند ،	1<2	unknown	topic-comment	comment
خوشبختانه وجود تلفن همراه میتواند بخش قابل توجهی از ارتباطات اقتصادی گذشته را به سرعت و دوباره احیا کند ،	در حالی که پیش از این چنین امکانی به راحتی متصور نبود .	1<2	unknown	contrast	contrast
خوشبختانه وجود تلفن همراه میتواند بخش قابل توجهی از ارتباطات اقتصادی گذشته را به سرعت و دوباره احیا کند ،	همچنین استفاده از حسابداری الکترونیک و حفظ آنها در فضای مجازی ، نوعی ایمنی را برای کسبه و تجار و فعالان اقتصادی ایجاد میکند	1<2	unknown	joint	conjunction
همچنین استفاده از حسابداری الکترونیک و حفظ آنها در فضای مجازی ، نوعی ایمنی را برای کسبه و تجار و فعالان اقتصادی ایجاد میکند	که با این حوادث از میان نخواهد رفت .	1<2	unknown	elaboration	elaboration
این ساختمان برخلاف یک مکان عادی ، محل کسب وکار صدها نفر از یک صنف مهم بود .	آنچه که گفته شد معطوف به این بود	1<2	unknown	evaluation	comment
آنچه که گفته شد معطوف به این بود	که رسیدگی به امور مشهود این ساختمان فروریخته و آواربرداری آن و تعیین تکلیف مفقودین و شهدا و فوت شدگان نباید مدیریت بحران را از توجه به این وجه مهم ولی کمتر مشهود این رویداد تاسف بار غافل کند .	1<2	unknown	elaboration	elaboration
طبیعی است که زندگی امروزی بشر پا به پای تحولات تکنولوژیک پیش میرود	بنابراین به نظر میرسد محروم کردن مردم از حق پیشرفت و توسعه خیلی به مصلحت عمومی نزدیک نیست	1>2	unknown	evaluation	comment
طبیعی است که زندگی امروزی بشر پا به پای تحولات تکنولوژیک پیش میرود	و سبب میشود تا مردم گام به گام زندگی خود را با این تکنولوژی هماهنگ کنند ،	1<2	unknown	cause	causal
طبیعی است که زندگی امروزی بشر پا به پای تحولات تکنولوژیک پیش میرود	از این رو و با استفاده از تکنولوژیهای جدید ، سازوکارهای جدیدی در جامعه شکل میگیرد ،	1<2	unknown	cause	causal
از این رو و با استفاده از تکنولوژیهای جدید ، سازوکارهای جدیدی در جامعه شکل میگیرد ،	حالا این ساز و کارها میتواند از درون ساختار دولت و مدیریت جامعه شکل بگیرد یا شیوه زندگی مردم و فعالیتهای اقتصادی ، فرهنگی و اقتصادی آنها حتی فعالیت آموزشی و حقوق شهروندی	1<2	unknown	elaboration	elaboration
طبیعی است که زندگی امروزی بشر پا به پای تحولات تکنولوژیک پیش میرود	و در نتیجه به این شکل گسترش یابد .	1<2	unknown	cause	causal
بنابراین به نظر میرسد محروم کردن مردم از حق پیشرفت و توسعه خیلی به مصلحت عمومی نزدیک نیست	البته میدانیم که هر دستاورد تمدنی جدید و تکنولوژیک جدید بالطبع چالشها و فرصت هایی را ایجاد میکند	1<2	unknown	contrast	contrast
البته میدانیم که هر دستاورد تمدنی جدید و تکنولوژیک جدید بالطبع چالشها و فرصت هایی را ایجاد میکند	که باید همه تلاشهای مدیریتها و دولتها درراستای به حداقل رساندن تهدیدهای این گونه دستاوردها باشد	1<2	unknown	elaboration	elaboration
که باید همه تلاشهای مدیریتها و دولتها درراستای به حداقل رساندن تهدیدهای این گونه دستاوردها باشد	و از طرفی تلاش شود تا استفاده از فرصتها به حداکثری برسد .	1<2	unknown	joint	conjunction
البته میدانیم که هر دستاورد تمدنی جدید و تکنولوژیک جدید بالطبع چالشها و فرصت هایی را ایجاد میکند	چنانچه رییس جمهور هم در صحبتهای اخیر خود ارتباطات و فناوری اطلاعات را نماد تحول جوامع در حوزه تکنولوژی دانسته	1<2	unknown	evaluation	comment
چنانچه رییس جمهور هم در صحبتهای اخیر خود ارتباطات و فناوری اطلاعات را نماد تحول جوامع در حوزه تکنولوژی دانسته	و مقاومت در برابر فناوریها و تحولات نوین را رویکردی قدیمی میداند .	1<2	unknown	joint	conjunction
چنانچه رییس جمهور هم در صحبتهای اخیر خود ارتباطات و فناوری اطلاعات را نماد تحول جوامع در حوزه تکنولوژی دانسته	ای شان شناخت درست و فرهنگسازی را تنها راه مدیریت و پیشگیری از مشکلات فناوری میداند .	1<2	unknown	joint	conjunction
به گفته رییس جمهور ،	عادت انسانها در استفاده از یک امکان و وسیله گاهی به طور طبیعی تبدیل به حق میشود	1>2	unknown	attribution	attribution
چنانچه رییس جمهور هم در صحبتهای اخیر خود ارتباطات و فناوری اطلاعات را نماد تحول جوامع در حوزه تکنولوژی دانسته	عادت انسانها در استفاده از یک امکان و وسیله گاهی به طور طبیعی تبدیل به حق میشود	1<2	unknown	summary	organization
عادت انسانها در استفاده از یک امکان و وسیله گاهی به طور طبیعی تبدیل به حق میشود	که هر نوع مخالفت با آن اقدامی نادرست از سوی استفاده کنندگان به حساب میآید	1<2	unknown	elaboration	elaboration
عادت انسانها در استفاده از یک امکان و وسیله گاهی به طور طبیعی تبدیل به حق میشود	و از سوی دیگر نیز عدهایهمواره با هر پدیده جدیدی مخالفت و مقابله میکنند	1<2	unknown	contrast	contrast
عادت انسانها در استفاده از یک امکان و وسیله گاهی به طور طبیعی تبدیل به حق میشود	و این دو خصیصه اجتماعی ، عرصه ارتباطات و تجهیزات ارتباطاتی را نیز شامل شده	1<2	unknown	elaboration	elaboration
و این دو خصیصه اجتماعی ، عرصه ارتباطات و تجهیزات ارتباطاتی را نیز شامل شده	و شاهد هستیم که همچنان عدهایبا پدیده هایی جدید به ویژه در زمینه فناوریهای ارتباطی و اطلاعاتی مخالفت میکنند .	1<2	unknown	joint	conjunction
عادت انسانها در استفاده از یک امکان و وسیله گاهی به طور طبیعی تبدیل به حق میشود	اما ممنوعیت در دنیای امروزی کارکرد درازمدت و موثری ندارد	1<2	unknown	contrast	contrast
اما ممنوعیت در دنیای امروزی کارکرد درازمدت و موثری ندارد	چون تکنولوژی مدام راههای جایگزین خلق میکند	1<2	unknown	explanation	explanation
چون تکنولوژی مدام راههای جایگزین خلق میکند	و مردم را به تخطی از قوانین و استفاده افراطی از این گونه ابزار تشویق میکند .	1<2	unknown	joint	conjunction
امروزه آمار نشان میدهد	که در گذشته حدود ۸٢درصد از مردم از تلگرام استفاده میکردند	1>2	unknown	contrast	contrast
که در گذشته حدود ۸٢درصد از مردم از تلگرام استفاده میکردند	و با محدود کردن به فکر پیدا کردن راههای فرار و دور زدن ، بوده و هستند .	1>2	unknown	evaluation	comment
که در گذشته حدود ۸٢درصد از مردم از تلگرام استفاده میکردند	ولی با فیلترینگ فضای مجازی میزان استفاده مردم تنها به ۷٢درصد تغییر یافت	1<2	unknown	contrast	contrast
که در گذشته حدود ۸٢درصد از مردم از تلگرام استفاده میکردند	و آن ۸درصد باقی مانده مربوط به محدودیت استفاده سازمانهای دولتی بود	1<2	unknown	elaboration	elaboration
و آن ۸درصد باقی مانده مربوط به محدودیت استفاده سازمانهای دولتی بود	که به اجبار از آن فاصله گرفتند .	1<2	unknown	elaboration	elaboration
که در گذشته حدود ۸٢درصد از مردم از تلگرام استفاده میکردند	در واقع با محدود کردن استفاده از فضای مجازی در میزان استفاده مردم تغییری حاصل نشد	1<2	unknown	cause	causal
در واقع با محدود کردن استفاده از فضای مجازی در میزان استفاده مردم تغییری حاصل نشد	و تنها باعث شد که مردم به جای محدود شدن راههای دور زدن را یاد بگیرند .	1<2	unknown	joint	conjunction
این اتفاق نشان داد	و با محدود کردن به فکر پیدا کردن راههای فرار و دور زدن ، بوده و هستند .	1>2	unknown	attribution	attribution
که به هر حال این تکنولوژی دستاوردهایی را برای مردم دارد	و با محدود کردن به فکر پیدا کردن راههای فرار و دور زدن ، بوده و هستند .	1>2	unknown	cause	causal
که به هر حال این تکنولوژی دستاوردهایی را برای مردم دارد	که نمی خواهند به راحتی آن را از دست بدهند	1<2	unknown	elaboration	elaboration
البته میدانیم که هر دستاورد تمدنی جدید و تکنولوژیک جدید بالطبع چالشها و فرصت هایی را ایجاد میکند	و با محدود کردن به فکر پیدا کردن راههای فرار و دور زدن ، بوده و هستند .	1<2	unknown	evaluation	comment
و با محدود کردن به فکر پیدا کردن راههای فرار و دور زدن ، بوده و هستند .	بنابراین باید به جای ایجاد محدودیت بیشتر برای مردم ، به سمت تولید آگاهی و فرهنگسازی مردم حرکت کرده	1<2	unknown	cause	causal
بنابراین باید به جای ایجاد محدودیت بیشتر برای مردم ، به سمت تولید آگاهی و فرهنگسازی مردم حرکت کرده	و در خانواده و جوانان نسبت به این مهم حساسیت ایجاد کرد	1<2	unknown	joint	conjunction
بنابراین باید به جای ایجاد محدودیت بیشتر برای مردم ، به سمت تولید آگاهی و فرهنگسازی مردم حرکت کرده	که حداقل از عوارض ناخوشایند استفاده نابجا از فضای مجازی مصون بمانند	1<2	unknown	enablement	purpose
که حداقل از عوارض ناخوشایند استفاده نابجا از فضای مجازی مصون بمانند	و خود شان به نوعی پلیس خود باشند	1<2	unknown	joint	conjunction
که حداقل از عوارض ناخوشایند استفاده نابجا از فضای مجازی مصون بمانند	و به خود کنترلی برسند .	1<2	unknown	joint	conjunction
بخشی از کودکان با عنوان « کودکان در شرایط دشوار » شناخته میشوند .	این اصطلاح اشاره به آن گروه از کودکانی دارد	1<2	unknown	elaboration	elaboration
این اصطلاح اشاره به آن گروه از کودکانی دارد	که حق بقا ، رشد ، امنیت و مشارکت شان به خطر افتاده است ؛	1<2	unknown	elaboration	elaboration
که حق بقا ، رشد ، امنیت و مشارکت شان به خطر افتاده است ؛	خطری که به صورت روزانه آنها را تهدید میکند .	1<2	unknown	elaboration	elaboration
بخشی از کودکان با عنوان « کودکان در شرایط دشوار » شناخته میشوند .	یکی از مهم ترین گروههای جمعیتی این کودکان در خطر عبارتند از کودکانی	1<2	unknown	elaboration	elaboration
یکی از مهم ترین گروههای جمعیتی این کودکان در خطر عبارتند از کودکانی	که مادران شان تابعیت ایرانی دارند	1<2	unknown	elaboration	elaboration
که مادران شان تابعیت ایرانی دارند	و پدران شان ندارند	1<2	unknown	joint	conjunction
که مادران شان تابعیت ایرانی دارند	و عمدتا از میان اتباع کشور افغانستان هستند	1<2	unknown	joint	conjunction
و عمدتا از میان اتباع کشور افغانستان هستند	که گفته میشود تعداد شان به ۳ میلیون نفر میرسد	1<2	unknown	elaboration	elaboration
که گفته میشود تعداد شان به ۳ میلیون نفر میرسد	و حالا ۴۰ سال است که در این کشور زندگی میکنند .	1<2	unknown	joint	conjunction
یکی از مهم ترین گروههای جمعیتی این کودکان در خطر عبارتند از کودکانی	آمار دقیقی از این گروه کودکان اعلام نشده است	1<2	unknown	elaboration	elaboration
آمار دقیقی از این گروه کودکان اعلام نشده است	اما بنا بر تخمینها بین ۵۰۰ هزار تا یک میلیون کودک و شاید هم بیشتر در این گروه قرار میگیرند .	1<2	unknown	contrast	contrast
برای حمایت از کودکان در شرایط دشوار و مهم ترین گروه آنها ،	باید لایحه اعطای تابعیت به فرزندان مادران ایرانی تصویب شود تا تابعیت از مادر به فرزند برسد .	1>2	unknown	enablement	purpose
بخشی از کودکان با عنوان « کودکان در شرایط دشوار » شناخته میشوند .	باید لایحه اعطای تابعیت به فرزندان مادران ایرانی تصویب شود تا تابعیت از مادر به فرزند برسد .	1<2	unknown	topic-comment	comment
باید لایحه اعطای تابعیت به فرزندان مادران ایرانی تصویب شود تا تابعیت از مادر به فرزند برسد .	اما در راه تصویب این لایحه چه گروههای مخالفی وجود دارند ؟	1<2	unknown	contrast	contrast
اما در راه تصویب این لایحه چه گروههای مخالفی وجود دارند ؟	دسته اول گروههای اجتماعی هستند	1<2	unknown	topic-comment	comment
دسته اول گروههای اجتماعی هستند	که در ۴۰ سال گذشته از نیروی کار مطیع و ارزان کارگران افغانستانی در بخش کشاورزی ، ساختمان و خدمات شهری در این کشور استفاده کردهاند	1<2	unknown	elaboration	elaboration
که در ۴۰ سال گذشته از نیروی کار مطیع و ارزان کارگران افغانستانی در بخش کشاورزی ، ساختمان و خدمات شهری در این کشور استفاده کردهاند	و نگرانی شان این است	1<2	unknown	joint	conjunction
که اگر این تابعیت به فرزندان این افراد داده شود ،	نتوانند مانند گذشته از این نیروی کار مطیع و بی حقوق سواستفاده کنند	1>2	unknown	condition	condition
و نگرانی شان این است	نتوانند مانند گذشته از این نیروی کار مطیع و بی حقوق سواستفاده کنند	1<2	unknown	elaboration	elaboration
که در ۴۰ سال گذشته از نیروی کار مطیع و ارزان کارگران افغانستانی در بخش کشاورزی ، ساختمان و خدمات شهری در این کشور استفاده کردهاند	و بنابراین در مقابل این لایحه خواهند ایستاد .	1<2	unknown	evaluation	comment
دسته اول گروههای اجتماعی هستند	گروه دوم کسانی هستند	1<2	unknown	joint	conjunction
گروه دوم کسانی هستند	که در چرخه ترافیک انسانی قرار دارند .	1<2	unknown	elaboration	elaboration
گروه دوم کسانی هستند	در حال حاضر یک افغانستانی میتواند با ۳۰۰ هزار تومان از شهر تهران به کشور ش بازگردد	1<2	unknown	elaboration	elaboration
در حال حاضر یک افغانستانی میتواند با ۳۰۰ هزار تومان از شهر تهران به کشور ش بازگردد	اما برای اینکه به ایران بیاید باید چیزی بین ۳ تا ۵ میلیون تومان هزینه کند .	1<2	unknown	contrast	contrast
در حال حاضر یک افغانستانی میتواند با ۳۰۰ هزار تومان از شهر تهران به کشور ش بازگردد	یعنی گروهی	1<2	unknown	elaboration	elaboration
یعنی گروهی	که دارای پاسپورت نیستند	1<2	unknown	elaboration	elaboration
که دارای پاسپورت نیستند	و رفت وآمد شان غیرقانونی است .	1<2	unknown	joint	conjunction
در حال حاضر یک افغانستانی میتواند با ۳۰۰ هزار تومان از شهر تهران به کشور ش بازگردد	تفاوت میان این ۳۰۰ هزار تومان تا ۵ میلیون تومان عبارت است از یک پول سیاه	1<2	unknown	elaboration	elaboration
تفاوت میان این ۳۰۰ هزار تومان تا ۵ میلیون تومان عبارت است از یک پول سیاه	که بین گروه هایی در ایران توزیع میشود .	1<2	unknown	elaboration	elaboration
تفاوت میان این ۳۰۰ هزار تومان تا ۵ میلیون تومان عبارت است از یک پول سیاه	این همان پول سیاهی است	1<2	unknown	elaboration	elaboration
این همان پول سیاهی است	که در تهران تبدیل به تقاضا برای خانهها و ویلاهای منطقه یک تهران میشود	1<2	unknown	elaboration	elaboration
که در تهران تبدیل به تقاضا برای خانهها و ویلاهای منطقه یک تهران میشود	و برج سازی هایی را به دنبال میآورد	1<2	unknown	joint	conjunction
و برج سازی هایی را به دنبال میآورد	که برای تبدیل این پول سیاه به پول قانونی انجام میشود .	1<2	unknown	elaboration	elaboration
در حال حاضر یک افغانستانی میتواند با ۳۰۰ هزار تومان از شهر تهران به کشور ش بازگردد	این گروه قدرتمند هم <*> با حق تابعیت این فرزندان مخالفت میکنند .	1<2	unknown	evaluation	comment
این گروه قدرتمند هم <*> با حق تابعیت این فرزندان مخالفت میکنند .	که در دستگاههای مختلف ریشه دواندهاند	1<2	unknown	evaluation	comment
که در دستگاههای مختلف ریشه دواندهاند	و عقبه شان تا مرزهای شرقی ادامه دارد ،	1<2	unknown	joint	conjunction
دسته اول گروههای اجتماعی هستند	گروه سوم آنهایی هستند	1<2	unknown	joint	conjunction
گروه سوم آنهایی هستند	که جمعیت افغانستانیهای ساکن ایران را <*> نه تنها به عنوان شهروند قبول ندارند	1<2	unknown	elaboration	elaboration
که جمعیت افغانستانیهای ساکن ایران را <*> نه تنها به عنوان شهروند قبول ندارند	( که شاید سه یا چهار درصد جمعیت کشور باشند )	1<2	unknown	elaboration	elaboration
نه تنها به عنوان شهروند قبول ندارند	بلکه آنها را انسان درجه دوم میدانند	1<2	unknown	contrast	contrast
و نوعی از نژادپرستی در میان شان وجود دارد	و برای همین این گروه را فاقد حقوق انسانی میخواهند .	1>2	unknown	explanation	explanation
که جمعیت افغانستانیهای ساکن ایران را <*> نه تنها به عنوان شهروند قبول ندارند	و برای همین این گروه را فاقد حقوق انسانی میخواهند .	1<2	unknown	joint	conjunction
که جمعیت افغانستانیهای ساکن ایران را <*> نه تنها به عنوان شهروند قبول ندارند	این دسته هم برای فراهم شدن این امکان برای فرزندان این اتباع حساسیت دارند .	1<2	unknown	evaluation	comment
این سه گروه را نباید دست کم گرفت .	بنابراین همه کسانی <*> باید برای تصویب این لایحه تلاش کنند .	1>2	unknown	cause	causal
اما در راه تصویب این لایحه چه گروههای مخالفی وجود دارند ؟	بنابراین همه کسانی <*> باید برای تصویب این لایحه تلاش کنند .	1<2	unknown	topic-comment	comment
بنابراین همه کسانی <*> باید برای تصویب این لایحه تلاش کنند .	که فکر میکنند هر کشوری باید برای تمام کودکان ش جای امنی باشد	1<2	unknown	elaboration	elaboration
ما بیست و چند سال پیش پیمان نامه حقوق کودک را امضا کردیم	و اولین حقی <*> حق هویت است .	1>2	unknown	background	frame
و اولین حقی <*> حق هویت است .	بنابراین همه کسانی <*> باید در این راه تلاش کنند .	1>2	unknown	cause	causal
و اولین حقی <*> حق هویت است .	که بر این اساس کودکان در هر جغرافیای سیاسی دارند	1<2	unknown	elaboration	elaboration
بنابراین همه کسانی <*> باید برای تصویب این لایحه تلاش کنند .	بنابراین همه کسانی <*> باید در این راه تلاش کنند .	1<2	unknown	joint	conjunction
بنابراین همه کسانی <*> باید در این راه تلاش کنند .	که اعتقاد دارند ما باید با جهان مراوده داشته باشیم	1<2	unknown	joint	conjunction
که اعتقاد دارند ما باید با جهان مراوده داشته باشیم	و به کنوانسیونهای بین المللی که امضا کرده ایم پایبند بمانیم	1<2	unknown	joint	conjunction
هر ساله دیده بانهای این کنوانسیونها به ما امتیازهای منفی میدهند ،	حداقل کمک کنیم	1>2	unknown	cause	causal
بنابراین همه کسانی <*> باید برای تصویب این لایحه تلاش کنند .	حداقل کمک کنیم	1<2	unknown	explanation	explanation
حداقل کمک کنیم	تا این بخش از امتیاز منفی مان کم شود	1<2	unknown	enablement	purpose
حداقل کمک کنیم	تا بتوانیم با جهان مراوده داشته باشیم .	1<2	unknown	enablement	purpose
دو سال پیش ایران خودرو ، سواری جدیدی به نام دنا را به بازار عرضه کرد .	این سواری در زمانی عرضه میشد	1<2	unknown	background	frame
این سواری در زمانی عرضه میشد	که رکود چند سالهای از زمان دولت احمدی نژاد بر صنعت خودرو حاکم بود	1<2	unknown	enablement	purpose
که رکود چند سالهای از زمان دولت احمدی نژاد بر صنعت خودرو حاکم بود	و ایران خودرو باید با عرضه این مدل جدید ، تحرکی در شرکت ایجاد میکرد .	1<2	unknown	joint	conjunction
دو سال پیش ایران خودرو ، سواری جدیدی به نام دنا را به بازار عرضه کرد .	تقاضا برای آن نیز به نسبت بالا بود ،	1<2	unknown	elaboration	elaboration
تقاضا برای آن نیز به نسبت بالا بود ،	ولی از همان ابتدا شورای رقابت وارد این میدان شد	1<2	unknown	contrast	contrast
ولی از همان ابتدا شورای رقابت وارد این میدان شد	تا مبادا ایران خودرو قیمت بالاتری از قیمت تعادلی را روی خودرو بگذارد	1<2	unknown	enablement	purpose
تا مبادا ایران خودرو قیمت بالاتری از قیمت تعادلی را روی خودرو بگذارد	و باعث ضرر به مصرف کننده شود .	1<2	unknown	joint	conjunction
ولی نتیجه چه شد ؟	به عبارت دیگر این شورا نتوانست قیمت تعادلی بازار را پیش بینی کند	1>2	unknown	topic-comment	comment
شورای رقابت قیمتی را روی خودرو گذاشت	به عبارت دیگر این شورا نتوانست قیمت تعادلی بازار را پیش بینی کند	1>2	unknown	summary	organization
شورای رقابت قیمتی را روی خودرو گذاشت	که پس از ورود آن به بازار حدود ۸ تا ۱۰ میلیون تومان زیر قیمت بازار بود .	1<2	unknown	elaboration	elaboration
دو سال پیش ایران خودرو ، سواری جدیدی به نام دنا را به بازار عرضه کرد .	به عبارت دیگر این شورا نتوانست قیمت تعادلی بازار را پیش بینی کند	1<2	unknown	contrast	contrast
به عبارت دیگر این شورا نتوانست قیمت تعادلی بازار را پیش بینی کند	و به ازای هر خودرو حدود ۱۰ میلیون تومان به ایران خودرو یا دولت و مردم ضرر زد	1<2	unknown	cause	causal
به عبارت دیگر این شورا نتوانست قیمت تعادلی بازار را پیش بینی کند	و یک پول بی دردسر را نصیب ده هزار نفر خریدار دنا کرد .	1<2	unknown	cause	causal
و یک پول بی دردسر را نصیب ده هزار نفر خریدار دنا کرد .	ده هزار نفری که طبعا جزو قشر متوسط به بالای جامعه بودند .	1<2	unknown	elaboration	elaboration
به عبارت دیگر این شورا نتوانست قیمت تعادلی بازار را پیش بینی کند	این تصمیم ساده حداقل صد میلیارد تومان به شرکت و کارکنان و سهامداران آن ضربه زد	1<2	unknown	elaboration	elaboration
این تصمیم ساده حداقل صد میلیارد تومان به شرکت و کارکنان و سهامداران آن ضربه زد	بدون آنکه هیچ سود و منطقی داشته باشد .	1<2	unknown	manner-means	mode
دو سال پیش ایران خودرو ، سواری جدیدی به نام دنا را به بازار عرضه کرد .	شورای رقابت برای جلوگیری از ضرر مصرف کننده در کالاها و خدماتی است	1<2	unknown	topic-change	conjunction
شورای رقابت برای جلوگیری از ضرر مصرف کننده در کالاها و خدماتی است	که انحصاری هستند	1<2	unknown	elaboration	elaboration
که انحصاری هستند	و به هر قیمتی <*> مردم چارهای جز خرید ندارند .	1<2	unknown	joint	conjunction
و به هر قیمتی <*> مردم چارهای جز خرید ندارند .	که عرضه شوند ،	1<2	unknown	elaboration	elaboration
شورای رقابت برای جلوگیری از ضرر مصرف کننده در کالاها و خدماتی است	برای نمونه مخابرات به نوعی کالای انحصاری است .	1<2	unknown	elaboration	elaboration
برای نمونه مخابرات به نوعی کالای انحصاری است .	نان ، برق و آب وضعیت انحصاری دارند .	1<2	unknown	joint	conjunction
اگر امروز قیمت برق را ده برابر کنند	باز هم مردم ناچارند آن را بخرند ،	1>2	unknown	condition	condition
نان ، برق و آب وضعیت انحصاری دارند .	باز هم مردم ناچارند آن را بخرند ،	1<2	unknown	explanation	explanation
برای نمونه مخابرات به نوعی کالای انحصاری است .	ولی خودرو اساسا چنین وضعی ندارد .	1<2	unknown	contrast	contrast
اگر دنا را ایران خودرو ۱۰۰ میلیون تومان قیمت گذاری میکرد ،	حتی یک دستگاه آن هم فروش نمی رفت ،	1>2	unknown	attribution	attribution
ولی خودرو اساسا چنین وضعی ندارد .	حتی یک دستگاه آن هم فروش نمی رفت ،	1<2	unknown	explanation	explanation
حتی یک دستگاه آن هم فروش نمی رفت ،	چون میلیونها خودروی مشابه در بازار وجود داشت	1<2	unknown	explanation	explanation
چون میلیونها خودروی مشابه در بازار وجود داشت	یا در حال تولید بود .	1<2	unknown	joint	conjunction
حتی یک دستگاه آن هم فروش نمی رفت ،	در میان خودروها شاید فقط بتوان پراید را مشمول نوعی رقیق از شبه انحصار دانست و نه خودروهای دیگر را .	1<2	unknown	joint	conjunction
دو سال پیش ایران خودرو ، سواری جدیدی به نام دنا را به بازار عرضه کرد .	اکنون نیز دوباره این فرآیند درباره پژو ۲۰۰۸ محصول جدید ایران خودرو آغاز شده است	1<2	unknown	topic-change	conjunction
اکنون نیز دوباره این فرآیند درباره پژو ۲۰۰۸ محصول جدید ایران خودرو آغاز شده است	و هنوز چیزی نشده حواله آن با ۱۰ میلیون تومان بالاتر خرید و فروش میشود .	1<2	unknown	joint	conjunction
و هنوز چیزی نشده حواله آن با ۱۰ میلیون تومان بالاتر خرید و فروش میشود .	اقدامی که بعید است در هیچ کجای جهان در موضوع خرید خودرو مشاهده شود .	1<2	unknown	elaboration	elaboration
در این میان برخی از نزدیکان به شورای مذکور <*> مدعیاند	که باید در مورد پژوی ۲۰۰۸ نیز قیمت گذاری صورت گیرد .	1>2	unknown	attribution	attribution
در این میان برخی از نزدیکان به شورای مذکور <*> مدعیاند	که به نظر میرسد به جای توجه و نظارت بر خدمات مخابرات مشغول نظارت بر خودروسازها هستند	1<2	unknown	elaboration	elaboration
اکنون نیز دوباره این فرآیند درباره پژو ۲۰۰۸ محصول جدید ایران خودرو آغاز شده است	که باید در مورد پژوی ۲۰۰۸ نیز قیمت گذاری صورت گیرد .	1<2	unknown	cause	causal
که باید در مورد پژوی ۲۰۰۸ نیز قیمت گذاری صورت گیرد .	در حالی که این اقدامی نادرست است .	1<2	unknown	evaluation	comment
در حالی که این اقدامی نادرست است .	دهها مدل داخلی و خارجی از این نوع خودرو در بازار ایران وجود دارد .	1<2	unknown	explanation	explanation
دهها مدل داخلی و خارجی از این نوع خودرو در بازار ایران وجود دارد .	مدلهایی که زیر قیمت احتمالی پژو ۲۰۰۸ هستند <*> نو و دست دوم در بازار هستند	1<2	unknown	elaboration	elaboration
مدلهایی که زیر قیمت احتمالی پژو ۲۰۰۸ هستند <*> نو و دست دوم در بازار هستند	و مدلهایی که بالای این قیمت هستند .	1<2	unknown	joint	conjunction
نو و دست دوم در بازار هستند	و بر در و دیوار شهر نیز فروش آنها تبلیغ میشود .	1<2	unknown	joint	conjunction
و بر در و دیوار شهر نیز فروش آنها تبلیغ میشود .	همین تبلیغات نشانه رقابتی بودن این کالای خاص است .	1<2	unknown	cause	causal
همین تبلیغات نشانه رقابتی بودن این کالای خاص است .	بنابراین رقابت در این مورد کامل است	1<2	unknown	cause	causal
بنابراین رقابت در این مورد کامل است	و حتی نزدیک به شبه انحصار هم نیست .	1<2	unknown	joint	conjunction
از سوی دیگر طبیعی است که هر شرکت تولیدکننده قصد دارد که بازار را به دست آورد	و هیچگاه قیمتی را روی خودرو قرار نمی دهد	1>2	unknown	explanation	explanation
در حالی که این اقدامی نادرست است .	و هیچگاه قیمتی را روی خودرو قرار نمی دهد	1<2	unknown	joint	conjunction
و هیچگاه قیمتی را روی خودرو قرار نمی دهد	که خریدار نداشته باشد .	1<2	unknown	elaboration	elaboration
و هیچگاه قیمتی را روی خودرو قرار نمی دهد	حتی و به طور قطع در ابتدا زیر قیمت تعادلی تعیین خواهد کرد	1<2	unknown	elaboration	elaboration
حتی و به طور قطع در ابتدا زیر قیمت تعادلی تعیین خواهد کرد	تا رغبت کافی برای خرید آن از سوی خریداران به دست آید .	1<2	unknown	enablement	purpose
اگر قیمتی بگذارند	به شدت ضرر کرده	1>2	unknown	condition	condition
اگر قیمتی بگذارند	که بیش از ارزش تعادلی آن باشد ،	1<2	unknown	elaboration	elaboration
و هیچگاه قیمتی را روی خودرو قرار نمی دهد	به شدت ضرر کرده	1<2	unknown	explanation	explanation
به شدت ضرر کرده	و ورشکست میشوند .	1<2	unknown	joint	conjunction
و هیچگاه قیمتی را روی خودرو قرار نمی دهد	بنابراین ورود احتمالی شورای رقابت برای قیمت گذاری کالایی <*> عملی خلاف منطق اقتصادی و قانون است	1<2	unknown	cause	causal
بنابراین ورود احتمالی شورای رقابت برای قیمت گذاری کالایی <*> عملی خلاف منطق اقتصادی و قانون است	که صددرصد هم رقابتی است	1<2	unknown	elaboration	elaboration
و اگر چنین اتفاقی رخ دهد ،	ایران خودرو میتواند با شکایت به دیوان عدالت اداری مانع از ضرر و زیان مردم شود .	1>2	unknown	condition	condition
بنابراین ورود احتمالی شورای رقابت برای قیمت گذاری کالایی <*> عملی خلاف منطق اقتصادی و قانون است	ایران خودرو میتواند با شکایت به دیوان عدالت اداری مانع از ضرر و زیان مردم شود .	1<2	unknown	elaboration	elaboration
ایران خودرو میتواند با شکایت به دیوان عدالت اداری مانع از ضرر و زیان مردم شود .	همان طور که در نوبت پیش هم میتوانست با مراجعه به این نهاد مانع از اقدام نادرست آن شورا شود .	1<2	unknown	comparison	concession
و هیچگاه قیمتی را روی خودرو قرار نمی دهد	انجام چنین اقدام احتمالی ، برخلاف سیاستهای اقتصادی دولت نیز هست	1<2	unknown	cause	causal
انجام چنین اقدام احتمالی ، برخلاف سیاستهای اقتصادی دولت نیز هست	و به نفع مردم و تولید نیست .	1<2	unknown	joint	conjunction
انجام چنین اقدام احتمالی ، برخلاف سیاستهای اقتصادی دولت نیز هست	این خودرو به لحاظ قیمتی حتی بالاتر از خودروی دنا است	1<2	unknown	explanation	explanation
این خودرو به لحاظ قیمتی حتی بالاتر از خودروی دنا است	و فقط بخش خاصی از مردم میتوانند آن را بخرند .	1<2	unknown	cause	causal
این خودرو به لحاظ قیمتی حتی بالاتر از خودروی دنا است	بنابراین لحاظ کردن چنین یارانههای عجیب و غریبی نه به نفع تولید است و نه به نفع مردم .	1<2	unknown	cause	causal
این خودرو به لحاظ قیمتی حتی بالاتر از خودروی دنا است	هرچند تردیدی نیست که ایران خودرو نیز برای به دست آوردن بازار ، قیمت مناسبی را تعیین خواهد کرد	1<2	unknown	contrast	contrast
هرچند تردیدی نیست که ایران خودرو نیز برای به دست آوردن بازار ، قیمت مناسبی را تعیین خواهد کرد	که تقاضا برای خرید این خودرو همچنان بالا بماند .	1<2	unknown	elaboration	elaboration
نزدیک به ۹ سال است که از اتفاقات انتخابات ۸۸ میگذرد	اما هنوز ماجراهایی <*> ادامه دارد	1<2	unknown	contrast	contrast
اما هنوز ماجراهایی <*> ادامه دارد	که در آن سال رخ داد	1<2	unknown	elaboration	elaboration
اما هنوز ماجراهایی <*> ادامه دارد	و گاهی صحبتی یا خبری باب جدیدی از آن اتفاقات را باز میکند	1<2	unknown	joint	conjunction
اما هنوز ماجراهایی <*> ادامه دارد	و جلوهای دیگر از آنچه ۹ سال پیش رخ داد ، نشان میدهد .	1<2	unknown	joint	conjunction
اما هنوز ماجراهایی <*> ادامه دارد	یکی از این موارد رای دیوانعالی کشور درباره نقض حکم مجرمیت روزنامه اعتماد ملی در پرونده کهریزک است	1<2	unknown	elaboration	elaboration
یکی از این موارد رای دیوانعالی کشور درباره نقض حکم مجرمیت روزنامه اعتماد ملی در پرونده کهریزک است	که آن را میتوان حکم نقض مجرمیت روزنامه نوشت	1<2	unknown	elaboration	elaboration
که آن را میتوان حکم نقض مجرمیت روزنامه نوشت	اما حکم تبریه دبیرکل حزب خواند .	1<2	unknown	contrast	contrast
در این راستا بهتر است بار دیگر نگاهی به عقب بیندازیم	ماجرا پس از اتفاقات بازداشتگاه کهریزک شروع شد .	1>2	unknown	background	frame
در این راستا بهتر است بار دیگر نگاهی به عقب بیندازیم	تا ببینیم چرا این حکمی <*> روز گذشته صادر شد ؟	1<2	unknown	enablement	purpose
تا ببینیم چرا این حکمی <*> روز گذشته صادر شد ؟	که امروز نقض میشود	1<2	unknown	elaboration	elaboration
یکی از این موارد رای دیوانعالی کشور درباره نقض حکم مجرمیت روزنامه اعتماد ملی در پرونده کهریزک است	ماجرا پس از اتفاقات بازداشتگاه کهریزک شروع شد .	1<2	unknown	elaboration	elaboration
ماجرا پس از اتفاقات بازداشتگاه کهریزک شروع شد .	در سال ۸۸ بعد از انتشار نامه آقای مهدی کروبی خطاب به مرحوم آیت الله هاشمی رفسنجانی و بازگو کردن اعتراضات نسبت به تخلفاتی <*> دادستان وقت یعنی « سعید مرتضوی » اقدام به توقیف روزنامه اعتماد ملی کرد .	1<2	unknown	temporal	temporal
در سال ۸۸ بعد از انتشار نامه آقای مهدی کروبی خطاب به مرحوم آیت الله هاشمی رفسنجانی و بازگو کردن اعتراضات نسبت به تخلفاتی <*> دادستان وقت یعنی « سعید مرتضوی » اقدام به توقیف روزنامه اعتماد ملی کرد .	که در بازداشتگاه صورت گرفته بود ،	1<2	unknown	elaboration	elaboration
ماجرا پس از اتفاقات بازداشتگاه کهریزک شروع شد .	از آن زمان پرونده روزنامه اعتماد ملی در دادگاه مطرح بود	1<2	unknown	temporal	temporal
ماجرا پس از اتفاقات بازداشتگاه کهریزک شروع شد .	و نهایتا پس از ۹ سال دیوانعالی به تبریه این روزنامه رای داد	1<2	unknown	temporal	temporal
و این نشان میدهد	نامه ای <*> صحت داشت .	1>2	unknown	attribution	attribution
و نهایتا پس از ۹ سال دیوانعالی به تبریه این روزنامه رای داد	نامه ای <*> صحت داشت .	1<2	unknown	cause	causal
نامه ای <*> صحت داشت .	که در آن مقطع دبیرکل حزب اعتماد ملی ( مهدی کروبی ) به دبیر وقت مجمع تشخیص مصلحت نظام ( آیت الله هاشمی رفسنجانی ) درباره آزار و اذیت بازداشت شدگان در بازداشتگاه کهریزک ، نوشته بود	1<2	unknown	elaboration	elaboration
ماجرا پس از اتفاقات بازداشتگاه کهریزک شروع شد .	هر چند از ابتدا هم در دستگاه قضایی محرز بود	1<2	unknown	elaboration	elaboration
هر چند از ابتدا هم در دستگاه قضایی محرز بود	که اتفاقات بازداشتگاه کهریزک اتفاقاتی واقعی است	1<2	unknown	elaboration	elaboration
و درنتیجه تخلفات صورت گرفته در این بازداشتگاه	سه نفر کشته شدند	1>2	unknown	cause	causal
که اتفاقات بازداشتگاه کهریزک اتفاقاتی واقعی است	سه نفر کشته شدند	1<2	unknown	joint	conjunction
که اتفاقات بازداشتگاه کهریزک اتفاقاتی واقعی است	و این موضوع بر کسی پوشیده نبود ،	1<2	unknown	joint	conjunction
هر چند از ابتدا هم در دستگاه قضایی محرز بود	اما متاسفانه روند بررسی این پرونده بسیار طولانی شد	1<2	unknown	contrast	contrast
اما متاسفانه روند بررسی این پرونده بسیار طولانی شد	و پس از ۸ سال دادگاه به این نتیجه رسید	1<2	unknown	joint	conjunction
که روزنامه اعتماد ملی یا بهتر بگویم دبیرکل حزب تنها از حقایق سخن گفته	و درنتیجه حکم بی گناهی دبیرکل حزب اعتماد ملی صادر میشود .	1>2	unknown	cause	causal
و پس از ۸ سال دادگاه به این نتیجه رسید	و درنتیجه حکم بی گناهی دبیرکل حزب اعتماد ملی صادر میشود .	1<2	unknown	elaboration	elaboration
اما متاسفانه روند بررسی این پرونده بسیار طولانی شد	متاسفانه برخی جریانات تندرو اقدام مهدی کروبی <*> را برنتافتند	1<2	unknown	explanation	explanation
متاسفانه برخی جریانات تندرو اقدام مهدی کروبی <*> را برنتافتند	که در آن مقطع تنها خواستار رسیدگی به وضعیت بازداشت شدگان بود	1<2	unknown	elaboration	elaboration
و به جای آنکه واقعیت را بپذیرند	و این مساله منجر به توقیف روزنامه شد .	1>2	unknown	cause	causal
و به جای آنکه واقعیت را بپذیرند	تهمت و افتراهایی نسبت به ایشان روا داشتند	1<2	unknown	comparison	concession
متاسفانه برخی جریانات تندرو اقدام مهدی کروبی <*> را برنتافتند	و این مساله منجر به توقیف روزنامه شد .	1<2	unknown	temporal	temporal
نکته خوشبینانه این موضوع آن است	امیدوار یم باتوجه به شرایط کنونی <*> بدون بهانه تراشی حصر مهدی کروبی ، میرحسین موسوی و خانم زهرا رهنورد پایان پذیرد .	1>2	unknown	explanation	explanation
نکته خوشبینانه این موضوع آن است	که با گذشت نزدیک به ۹ سال از اتفاقات ۸۸ و از آنجا که ادامه حصر هزینهها را نیز اضافه میکند ،	1<2	unknown	elaboration	elaboration
یکی از این موارد رای دیوانعالی کشور درباره نقض حکم مجرمیت روزنامه اعتماد ملی در پرونده کهریزک است	امیدوار یم باتوجه به شرایط کنونی <*> بدون بهانه تراشی حصر مهدی کروبی ، میرحسین موسوی و خانم زهرا رهنورد پایان پذیرد .	1<2	unknown	evaluation	comment
امیدوار یم باتوجه به شرایط کنونی <*> بدون بهانه تراشی حصر مهدی کروبی ، میرحسین موسوی و خانم زهرا رهنورد پایان پذیرد .	که حکم برایت هم صادر شده است	1<2	unknown	elaboration	elaboration
شرکت دخانیات ایران یکی از بنگاههای اقتصادی بزرگ کشور است	شنیدهها حاکی از آن است که آقای رحمانی خلیلی مدیرعامل پیشین دخانیات مجددا با حکم وزیر محترم صنعت و تجارت به عنوان رییس هیات مدیره این شرکت بزرگ به دخانیات بازگشته است .	1>2	unknown	background	frame
شرکت دخانیات ایران یکی از بنگاههای اقتصادی بزرگ کشور است	که به لحاظ جایگاه اقتصادی ، اجتماعی و حتی سیاسی همواره در کشور خبرساز بوده است .	1<2	unknown	elaboration	elaboration
اگرچه اطلاع دقیقی از چگونگی و دلایل این انتصاب در دست نیست	اما آنچه به طور مشخص این انتصاب را توجیه میکند شرایط بد تولیدی ، بازرگانی ، مدیریتی شرکت دخانیات در سالهای اخیر در کنار همه این نابسامانیها حجم عظیم قاچاق سیگار و از طرف دیگر سابقه موفقیت چشمگیر و تاثیرگذار رحمانی خلیلی در دوره مدیریت قبل بوده	1>2	unknown	contrast	contrast
شنیدهها حاکی از آن است که آقای رحمانی خلیلی مدیرعامل پیشین دخانیات مجددا با حکم وزیر محترم صنعت و تجارت به عنوان رییس هیات مدیره این شرکت بزرگ به دخانیات بازگشته است .	اما آنچه به طور مشخص این انتصاب را توجیه میکند شرایط بد تولیدی ، بازرگانی ، مدیریتی شرکت دخانیات در سالهای اخیر در کنار همه این نابسامانیها حجم عظیم قاچاق سیگار و از طرف دیگر سابقه موفقیت چشمگیر و تاثیرگذار رحمانی خلیلی در دوره مدیریت قبل بوده	1<2	unknown	evaluation	comment
اما آنچه به طور مشخص این انتصاب را توجیه میکند شرایط بد تولیدی ، بازرگانی ، مدیریتی شرکت دخانیات در سالهای اخیر در کنار همه این نابسامانیها حجم عظیم قاچاق سیگار و از طرف دیگر سابقه موفقیت چشمگیر و تاثیرگذار رحمانی خلیلی در دوره مدیریت قبل بوده	که مسوولان را ترغیب کرد	1<2	unknown	elaboration	elaboration
اما آنچه به طور مشخص این انتصاب را توجیه میکند شرایط بد تولیدی ، بازرگانی ، مدیریتی شرکت دخانیات در سالهای اخیر در کنار همه این نابسامانیها حجم عظیم قاچاق سیگار و از طرف دیگر سابقه موفقیت چشمگیر و تاثیرگذار رحمانی خلیلی در دوره مدیریت قبل بوده	تا از این ظرفیت تجربه شده و مدیر متعهد و خوشنام کمک بگیرند	1<2	unknown	enablement	purpose
اما آنچه به طور مشخص این انتصاب را توجیه میکند شرایط بد تولیدی ، بازرگانی ، مدیریتی شرکت دخانیات در سالهای اخیر در کنار همه این نابسامانیها حجم عظیم قاچاق سیگار و از طرف دیگر سابقه موفقیت چشمگیر و تاثیرگذار رحمانی خلیلی در دوره مدیریت قبل بوده	تا وضعیت نابسامان و خطرساز شرکت را به شرایطی مولد ، مطمین و اثرگذار بدل کنند .	1<2	unknown	enablement	purpose
اما آنچه به طور مشخص این انتصاب را توجیه میکند شرایط بد تولیدی ، بازرگانی ، مدیریتی شرکت دخانیات در سالهای اخیر در کنار همه این نابسامانیها حجم عظیم قاچاق سیگار و از طرف دیگر سابقه موفقیت چشمگیر و تاثیرگذار رحمانی خلیلی در دوره مدیریت قبل بوده	اگرچه پایان دوره قبلی مدیریت رحمانی خلیلی در شرکت دخانیات همراه با ناملایمات و نامهربانیهایی بوده است	1<2	unknown	evaluation	comment
اگرچه پایان دوره قبلی مدیریت رحمانی خلیلی در شرکت دخانیات همراه با ناملایمات و نامهربانیهایی بوده است	اما آنچه از آن دوران در ذهن مقامات دولتی و مدیران و کارکنان شرکت دخانیات باقیمانده دوره یی سراسر موفقیت و بالندگی برای شرکت و شور ، نشاط ، کار و تلاش برای کارکنان بوده است	1<2	unknown	contrast	contrast
که به همراه تعامل سازنده با شرکتهای خارجی ، کنترل چشمگیر و بی نظیر قاچاق سیگار در کشور را نیز به همراه داشته است	تا جایی که آن دوران را نزد افکار عمومی مرتبط با آن حوزه و کارکنان دخانیات به عنوان دوره طلایی رشد و شکوفایی شرکت ثبت کرده است .	1>2	unknown	cause	causal
که به همراه تعامل سازنده با شرکتهای خارجی ، کنترل چشمگیر و بی نظیر قاچاق سیگار در کشور را نیز به همراه داشته است	که در زمان خود ش همچون امروز به یک مشکل و مساله حاد برای دولت تبدیل شده بود	1<2	unknown	elaboration	elaboration
اما آنچه از آن دوران در ذهن مقامات دولتی و مدیران و کارکنان شرکت دخانیات باقیمانده دوره یی سراسر موفقیت و بالندگی برای شرکت و شور ، نشاط ، کار و تلاش برای کارکنان بوده است	تا جایی که آن دوران را نزد افکار عمومی مرتبط با آن حوزه و کارکنان دخانیات به عنوان دوره طلایی رشد و شکوفایی شرکت ثبت کرده است .	1<2	unknown	elaboration	elaboration
کوروش نریمانی همچنان در شگفت است	نریمانی حدود ده سال پیش نمایشنامههای « والس مرده شوران » ، « دن کامیل و » ، « شوایک » و « جنگیر » را برای چاپ به نشر « قطره » سپرد .	1>2	unknown	background	frame
کوروش نریمانی همچنان در شگفت است	چرا نمایشنامههایی <*> نمیتوانند از سد مجوز بگذرند و منتشر شوند .	1<2	unknown	cause	causal
چرا نمایشنامههایی <*> نمیتوانند از سد مجوز بگذرند و منتشر شوند .	که قبلا اجرای عمومی شدهاند و در جشنواره تیاتر فجر به صحنه رفتهاند ،	1<2	unknown	elaboration	elaboration
کوروش نریمانی همچنان در شگفت است	او هم <*> چند سالی است که منتظر چاپ نمایشانهای ش است .	1<2	unknown	summary	organization
مانند تعداد دیگری از نویسندگان	چند سالی است که منتظر چاپ نمایشانهای ش است .	1>2	unknown	explanation	explanation
چند سالی است که منتظر چاپ نمایشانهای ش است .	انتظاری که تقریبا دارد به یک دهه میرسد	1<2	unknown	elaboration	elaboration
چند سالی است که منتظر چاپ نمایشانهای ش است .	و نریمانی نمیداند چرا .	1<2	unknown	elaboration	elaboration
او <*> به « اعتماد » میگوید :	« هیچ اتفاقی نیفتاده ،	1>2	unknown	attribution	attribution
او <*> به « اعتماد » میگوید :	که در کنار اجرای نمایشهای ش همیشه دوست دارد متن همین آثار را هم چاپ کند ،	1<2	unknown	elaboration	elaboration
کوروش نریمانی همچنان در شگفت است	« هیچ اتفاقی نیفتاده ،	1<2	unknown	explanation	explanation
« هیچ اتفاقی نیفتاده ،	مجوز چاپ نمایشنامههایم صادر نمیشود	1<2	unknown	contrast	contrast
« هیچ اتفاقی نیفتاده ،	و این برای م خیلی عجیب است .	1<2	unknown	joint	conjunction
« هیچ اتفاقی نیفتاده ،	گاهی هم فکر میکنم از کمکاری ناشر است	1<2	unknown	joint	conjunction
گاهی هم فکر میکنم از کمکاری ناشر است	که حوصله پیگیری بیشتر را ندارد . »	1<2	unknown	elaboration	elaboration
نریمانی حدود ده سال پیش نمایشنامههای « والس مرده شوران » ، « دن کامیل و » ، « شوایک » و « جنگیر » را برای چاپ به نشر « قطره » سپرد .	اما در این میان فقط نمایشنامه « والس مرده شوران » توانست مجوز بگیرد و منتشر شود .	1<2	unknown	contrast	contrast
نریمانی حدود ده سال پیش نمایشنامههای « والس مرده شوران » ، « دن کامیل و » ، « شوایک » و « جنگیر » را برای چاپ به نشر « قطره » سپرد .	در حالی که تمام این نمایشنامهها قبلا اجرا شدهاند	1<2	unknown	elaboration	elaboration
در حالی که تمام این نمایشنامهها قبلا اجرا شدهاند	و بعضی از آنها مانند « دن کامیل و » دو بار در تهران اجرا شده است	1<2	unknown	joint	conjunction
و بعضی از آنها مانند « دن کامیل و » دو بار در تهران اجرا شده است	و در شهرستانهای مختلف نیز به صحنه رفته است .	1<2	unknown	joint	conjunction
و بعضی از آنها مانند « دن کامیل و » دو بار در تهران اجرا شده است	نکته دیگر این سکه این نمایشنامه اثری است که نریمانی آن را بر اساس مجموعه داستان « دنیای کوچک دن کامیلو » نوشته است .	1<2	unknown	elaboration	elaboration
نکته دیگر این سکه این نمایشنامه اثری است که نریمانی آن را بر اساس مجموعه داستان « دنیای کوچک دن کامیلو » نوشته است .	کتابی شیرین و طنزآمیز درباره یک کشیش دوستداشتنی که سالها ست منتشر شده است .	1<2	unknown	elaboration	elaboration
در حالی که تمام این نمایشنامهها قبلا اجرا شدهاند	بیشتر این نمایشنامهها در جشنواره تیاتر فجر یا جایزه ادبیات نمایشی جایزه هم گرفتهاند .	1<2	unknown	elaboration	elaboration
بیشتر این نمایشنامهها در جشنواره تیاتر فجر یا جایزه ادبیات نمایشی جایزه هم گرفتهاند .	اما ظاهرا اینها هیچ کدام دلیل نمیشود که این نمایشنامهها بدون دردسر چاپ شوند !	1<2	unknown	contrast	contrast
نریمانی <*> میگوید :	« مگر تیراژ کتاب در کشور ما چند تا ست ؟ !	1>2	unknown	attribution	attribution
نریمانی <*> میگوید :	که از موضوع دیگری هم شگفتزده است ،	1<2	unknown	elaboration	elaboration
نریمانی حدود ده سال پیش نمایشنامههای « والس مرده شوران » ، « دن کامیل و » ، « شوایک » و « جنگیر » را برای چاپ به نشر « قطره » سپرد .	« مگر تیراژ کتاب در کشور ما چند تا ست ؟ !	1<2	unknown	joint	conjunction
« مگر تیراژ کتاب در کشور ما چند تا ست ؟ !	نهایتا هزار تا !	1<2	unknown	topic-comment	comment
« مگر تیراژ کتاب در کشور ما چند تا ست ؟ !	در حالی که همه این نمایشها در اجرای عمومی خود چندین برابر این ، تماشاگر داشتهاند .	1<2	unknown	contrast	contrast
« مگر تیراژ کتاب در کشور ما چند تا ست ؟ !	در وزارت ارشاد از من خواستهاند این نمایشنامهها را تصحیح کنم	1<2	unknown	joint	conjunction
اما این اصلاحیهها آنقدر زیاد است	نمایشانهای م به نمایشنامههای دیگری تبدیل میشوند ! »	1>2	unknown	cause	causal
که اگر آنها را اعمال کنم ،	نمایشانهای م به نمایشنامههای دیگری تبدیل میشوند ! »	1>2	unknown	condition	condition
در وزارت ارشاد از من خواستهاند این نمایشنامهها را تصحیح کنم	نمایشانهای م به نمایشنامههای دیگری تبدیل میشوند ! »	1<2	unknown	contrast	contrast
« مگر تیراژ کتاب در کشور ما چند تا ست ؟ !	با این حال نریمانی چندان ناامید نیست	1<2	unknown	contrast	contrast
با این حال نریمانی چندان ناامید نیست	و قصد دارد نمایشانهای ش را به ناشر دیگری بسپارد	1<2	unknown	joint	conjunction
و قصد دارد نمایشانهای ش را به ناشر دیگری بسپارد	که شاید بیشتر حال و حوصله پیگیری داشته باشد .	1<2	unknown	elaboration	elaboration
و قصد دارد نمایشانهای ش را به ناشر دیگری بسپارد	هرچند این را هم میداند که شاید ناشران هم حق داشته باشند	1<2	unknown	elaboration	elaboration
هرچند این را هم میداند که شاید ناشران هم حق داشته باشند	چون چاپ نمایشنامه واقعا هیچ توجیه اقتصادی ندارد .	1<2	unknown	cause	causal
نریمانی <*> برنامه دیگری هم دارد .	او قصد دارد خاطرات خود را از موقعیتهای کمیک زندگیاش چاپ کند .	1>2	unknown	background	frame
نریمانی <*> برنامه دیگری هم دارد .	که به دلیل آثار طنزآمیزش به عنوان یکی از هنرمندان کمدی کار تیاتر شناخته میشود ،	1<2	unknown	attribution	attribution
او قصد دارد خاطرات خود را از موقعیتهای کمیک زندگیاش چاپ کند .	در حال حاضر هم مشغول یادداشتبرداری است	1>2	unknown	background	frame
نریمانی حدود ده سال پیش نمایشنامههای « والس مرده شوران » ، « دن کامیل و » ، « شوایک » و « جنگیر » را برای چاپ به نشر « قطره » سپرد .	در حال حاضر هم مشغول یادداشتبرداری است	1<2	unknown	topic-change	conjunction
در حال حاضر هم مشغول یادداشتبرداری است	و امیدوار است و پیش بینی میکند که این مجموعه کار جذاب و موفقی از آب دربیاید	1<2	unknown	joint	conjunction
در حال حاضر هم مشغول یادداشتبرداری است	اما برخلاف نمایشانهای ش خیلی برای انتشارش عجلهای ندارد	1<2	unknown	contrast	contrast
اما برخلاف نمایشانهای ش خیلی برای انتشارش عجلهای ندارد	چون میداند گردآوری و چاپ چنین کتابی مجال کافی میخواهد و خاطری آسوده برای یادآوری و نوشتن .	1<2	unknown	cause	causal
در حال حاضر هم مشغول یادداشتبرداری است	او به جز این میخواهد کتاب دیگری هم درباره بخش دیگری از خاطرات ش بنویسد	1<2	unknown	joint	conjunction
و درباره آن میگوید :	« این کتاب درباره خاطرات م از لحظات دیدار با آدمهای مشهور است ؛	1>2	unknown	attribution	attribution
او به جز این میخواهد کتاب دیگری هم درباره بخش دیگری از خاطرات ش بنویسد	« این کتاب درباره خاطرات م از لحظات دیدار با آدمهای مشهور است ؛	1<2	unknown	joint	conjunction
« این کتاب درباره خاطرات م از لحظات دیدار با آدمهای مشهور است ؛	آدمهایی که شاید قبلا آدم فکر نمیکند آنها را از نزدیک ببیند .	1<2	unknown	elaboration	elaboration
« این کتاب درباره خاطرات م از لحظات دیدار با آدمهای مشهور است ؛	این کتاب هم فضای طنزی خواهد داشت . »	1<2	unknown	elaboration	elaboration
اگر در یک کشور صنعتی پیشرفته ، مثلا ژاپن ، وزارت مسکن با راه سازی ادغام می شود	دلیل آن کوچک بودن مساحت کشور ، تراکم ساختمانی و جمعیتی زیاد ، شمار بسیار زیاد واحدهای تولیدی ، سطح بسیار بالای تولید و تجارت و دلایل مشابه دیگر است	1>2	unknown	background	frame
دلیل آن کوچک بودن مساحت کشور ، تراکم ساختمانی و جمعیتی زیاد ، شمار بسیار زیاد واحدهای تولیدی ، سطح بسیار بالای تولید و تجارت و دلایل مشابه دیگر است	که موجب می شود نیاز و برنامه و عملیات اجرایی برای سکونت و شهرنشینی با برنامه ریزی و نیاز و اجرا برای راه و حمل ونقل جاده ای و ریلی درهم آمیزد .	1<2	unknown	elaboration	elaboration
دلیل آن کوچک بودن مساحت کشور ، تراکم ساختمانی و جمعیتی زیاد ، شمار بسیار زیاد واحدهای تولیدی ، سطح بسیار بالای تولید و تجارت و دلایل مشابه دیگر است	در همین حال حساب تجارت جهانی و بندرداری و دریانوردی نیز به کلی از این برنامه ریزی راه و سکونت جدا می شود .	1<2	unknown	elaboration	elaboration
اگر در ایران ادغام دو وزارت راه و شهرسازی ، به ظاهر به تقلید از کشورهای پیشرفته صنعتی صورت گرفته است ،	کاری بی مورد ، هزینه بر و ناکارآمدی از آب درآمده است	1>2	unknown	condition	condition
دلیل آن کوچک بودن مساحت کشور ، تراکم ساختمانی و جمعیتی زیاد ، شمار بسیار زیاد واحدهای تولیدی ، سطح بسیار بالای تولید و تجارت و دلایل مشابه دیگر است	کاری بی مورد ، هزینه بر و ناکارآمدی از آب درآمده است	1<2	unknown	contrast	contrast
کاری بی مورد ، هزینه بر و ناکارآمدی از آب درآمده است	که باید تصمیم در آن باره دگرگون شود .	1<2	unknown	elaboration	elaboration
کاری بی مورد ، هزینه بر و ناکارآمدی از آب درآمده است	کارهای من درآوری <*> تاکنون به اقتصاد کشور زیان های زیادی وارد کرده است	1<2	unknown	evaluation	comment
کارهای من درآوری <*> تاکنون به اقتصاد کشور زیان های زیادی وارد کرده است	که بیشترین انگیزه ی خود را از کوشش برای تحکیم موقعیت سیاسی و مدیریتی می گیرد ،	1<2	unknown	elaboration	elaboration
کارهای من درآوری <*> تاکنون به اقتصاد کشور زیان های زیادی وارد کرده است	که دود آن به چشم مردم نیازمند رفته و می رود .	1<2	unknown	elaboration	elaboration
دلیل آن کوچک بودن مساحت کشور ، تراکم ساختمانی و جمعیتی زیاد ، شمار بسیار زیاد واحدهای تولیدی ، سطح بسیار بالای تولید و تجارت و دلایل مشابه دیگر است	من در شماره ۳۰۸ ماهنامه صنعت حمل ونقل ( خرداد ۱۳۹۰ ( در این باره یک بار <*> مقاله ای انتقادی نوشتم و همکاران م نیز نوشتند .	1<2	unknown	elaboration	elaboration
من در شماره ۳۰۸ ماهنامه صنعت حمل ونقل ( خرداد ۱۳۹۰ ( در این باره یک بار <*> مقاله ای انتقادی نوشتم و همکاران م نیز نوشتند .	وقتی ادغام دو وزارت خانه اعلام شد ،	1<2	unknown	temporal	temporal
دلیل آن کوچک بودن مساحت کشور ، تراکم ساختمانی و جمعیتی زیاد ، شمار بسیار زیاد واحدهای تولیدی ، سطح بسیار بالای تولید و تجارت و دلایل مشابه دیگر است	شهرسازی در ایران در زمره ی کارهای احداثی عمرانی اساسی است .	1<2	unknown	explanation	explanation
شهرسازی در ایران در زمره ی کارهای احداثی عمرانی اساسی است .	شهرها باید مرکز رفاه بخشی ، انتظام بخشی اجتماعی ، خدمات لجستیک و پشتیبان زنجیره ی تولید و تامین باشند .	1<2	unknown	elaboration	elaboration
شهرها باید مرکز رفاه بخشی ، انتظام بخشی اجتماعی ، خدمات لجستیک و پشتیبان زنجیره ی تولید و تامین باشند .	گسترش و اصلاح امور شهرنشینی باید با ضرورت یابی و برنامه ریزی همراه گردد	1<2	unknown	joint	conjunction
شهرها باید مرکز رفاه بخشی ، انتظام بخشی اجتماعی ، خدمات لجستیک و پشتیبان زنجیره ی تولید و تامین باشند .	و متکی به سیاست ها و برنامه های پیش دستانه باشد .	1<2	unknown	joint	conjunction
به نظر من	شهرسازی و توسعه شهری امری است اجتماعی ـ اقتصادی	1>2	unknown	attribution	attribution
شهرسازی و توسعه شهری امری است اجتماعی ـ اقتصادی	در خیلی از موارد باید کار مسکن را به شهرداری ها ، زیر نظارت و سیاست گزاری کلی شورای شهر فعال سپرد .	1>2	unknown	explanation	explanation
شهرسازی و توسعه شهری امری است اجتماعی ـ اقتصادی	که مسکن و خدمات مسکونی و تامین خدمات رفاهی و ایمنی انسانی را بر عهده دارد .	1<2	unknown	elaboration	elaboration
شهرسازی و توسعه شهری امری است اجتماعی ـ اقتصادی	اما در همین حال مسکن سازی و خدمات-های ویژه ی شهری از یک سو به برنامه ریزی شهری متکی است و از سوی دیگر به امکانات و سیاست های ویژه در محدوده ی شهرداری ها .	1<2	unknown	contrast	contrast
شهرسازی در ایران در زمره ی کارهای احداثی عمرانی اساسی است .	در خیلی از موارد باید کار مسکن را به شهرداری ها ، زیر نظارت و سیاست گزاری کلی شورای شهر فعال سپرد .	1<2	unknown	evaluation	comment
شهرسازی در ایران در زمره ی کارهای احداثی عمرانی اساسی است .	اما زمینه سازی شهری و سکونتی امری است احداثی و عمرانی و زیرساختی	1<2	unknown	comparison	concession
اما زمینه سازی شهری و سکونتی امری است احداثی و عمرانی و زیرساختی	که کار آن باید همراه با سایر فعالیت های عمرانی مانند راه سازی ( با انواع فعالیت های پل و تونل و مرمت سازی اساسی ) گسترش و رشد راه آهن ، فرودگاه ها ، سدها <*> و جز آن به یک وزارت خانه ی ویژه ی عمران و احداث و مرمت سپرده شود .	1<2	unknown	evaluation	comment
که کار آن باید همراه با سایر فعالیت های عمرانی مانند راه سازی ( با انواع فعالیت های پل و تونل و مرمت سازی اساسی ) گسترش و رشد راه آهن ، فرودگاه ها ، سدها <*> و جز آن به یک وزارت خانه ی ویژه ی عمران و احداث و مرمت سپرده شود .	( که باید از احداث آن ، دیگر در ایران صرف نظر کرد )	1<2	unknown	attribution	attribution
که کار آن باید همراه با سایر فعالیت های عمرانی مانند راه سازی ( با انواع فعالیت های پل و تونل و مرمت سازی اساسی ) گسترش و رشد راه آهن ، فرودگاه ها ، سدها <*> و جز آن به یک وزارت خانه ی ویژه ی عمران و احداث و مرمت سپرده شود .	تنها سرمایه گذاری و فعالیت های زیرساختی ویژه مانند حفاری نفتی ، تولید و انتقال برق می تواند به وزارت خانه های مربوط با همکاری وزارت عمران سپرده شود .	1<2	unknown	joint	conjunction
شهرسازی در ایران در زمره ی کارهای احداثی عمرانی اساسی است .	و اما کار حمل ونقل کار ویژه ای است	1<2	unknown	comparison	concession
و اما کار حمل ونقل کار ویژه ای است	که با جریان رشد تولید و اشتغال ارتباط تنگاتنگ دارد .	1<2	unknown	elaboration	elaboration
حمل ونقل شامل حمل ونقل دریایی ، زمینی ، هوایی و ریلی می شود	و از همین رو از آغاز نیز احداث وزارتخانه ی ترکیبی کاری نادرست بود .	1>2	unknown	cause	causal
حمل ونقل شامل حمل ونقل دریایی ، زمینی ، هوایی و ریلی می شود	و رشته ی فعالیت اقتصادی و خدماتی و تولیدی خاصی را در برمی گیرد	1<2	unknown	joint	conjunction
و رشته ی فعالیت اقتصادی و خدماتی و تولیدی خاصی را در برمی گیرد	که ربطی به مسکن ندارد و نداشته است	1<2	unknown	elaboration	elaboration
و اما کار حمل ونقل کار ویژه ای است	و از همین رو از آغاز نیز احداث وزارتخانه ی ترکیبی کاری نادرست بود .	1<2	unknown	evaluation	comment
و از همین رو از آغاز نیز احداث وزارتخانه ی ترکیبی کاری نادرست بود .	اکنون نیز فعالیت حمل ونقل مانند هر فعالیت بهره برداری باید به سازمانی مستقل ( یا وزارتخانه ) سپرده شود .	1<2	unknown	joint	conjunction
دلیل آن کوچک بودن مساحت کشور ، تراکم ساختمانی و جمعیتی زیاد ، شمار بسیار زیاد واحدهای تولیدی ، سطح بسیار بالای تولید و تجارت و دلایل مشابه دیگر است	در دنباله برای روشن شدن بیشتر بحث می توانیم به ضرورت جدا کردن وزارت اقتصاد و برنامه ریزی از فعالیت دارایی و مالیات گیری و تجارت اشاره کنیم .	1<2	unknown	topic-change	conjunction
در دنباله برای روشن شدن بیشتر بحث می توانیم به ضرورت جدا کردن وزارت اقتصاد و برنامه ریزی از فعالیت دارایی و مالیات گیری و تجارت اشاره کنیم .	اولی امری است مربوط به برنامه و سیاست گزاری	1<2	unknown	elaboration	elaboration
اولی امری است مربوط به برنامه و سیاست گزاری	که باید پویا و موثر و سنجیده باشد	1<2	unknown	elaboration	elaboration
اولی امری است مربوط به برنامه و سیاست گزاری	و دومی امری است اجرایی	1<2	unknown	joint	conjunction
و دومی امری است اجرایی	که باید دقیق ، با انضباط و خلاصه مجریانه و نظارت پذیر باشد .	1<2	unknown	elaboration	elaboration
در بحث حاضر جداسازی وزارت حمل ونقل از فعالیت راه سازی و ادغام راه سازی و شهرسازی در یک وزارت خانه ی جداگانه عمرانی ضروری به نظر می رسد .	به این سبب وزارت حمل و نقل <*> یک ضرورت برنامه ای اجرایی است .	1>2	unknown	summary	organization
درست است که سیاست ها و شبکه بندی حمل ونقل و لجستیک بر فرآیند رشد و گشودن راه کارکرد زنجیره ی تامین تاثیر می گذارد ،	به این سبب وزارت حمل و نقل <*> یک ضرورت برنامه ای اجرایی است .	1>2	unknown	explanation	explanation
درست است که سیاست ها و شبکه بندی حمل ونقل و لجستیک بر فرآیند رشد و گشودن راه کارکرد زنجیره ی تامین تاثیر می گذارد ،	اما در همین حال خود ش از فرآیند عمومی رشد و توسعه تاثیر می گیرد .	1<2	unknown	contrast	contrast
در دنباله برای روشن شدن بیشتر بحث می توانیم به ضرورت جدا کردن وزارت اقتصاد و برنامه ریزی از فعالیت دارایی و مالیات گیری و تجارت اشاره کنیم .	به این سبب وزارت حمل و نقل <*> یک ضرورت برنامه ای اجرایی است .	1<2	unknown	comparison	concession
به این سبب وزارت حمل و نقل <*> یک ضرورت برنامه ای اجرایی است .	که باید در بردارنده ی رویکرد لجستیکی جامع باشد ،	1<2	unknown	elaboration	elaboration
متصرفان زمینهای پناهگاه حیاتوحش میانکاله ادعا میکنند	که از زمان اصلاحات ارضی در بهمن ماه سال ۱۳۴۱ اسناد مشاع در اختیار دارند .	1>2	unknown	attribution	attribution
که از زمان اصلاحات ارضی در بهمن ماه سال ۱۳۴۱ اسناد مشاع در اختیار دارند .	پناهگاه حیاتوحش میانکاله <*> بهعنوان منطقه حفاظت شده اعلام شد	1>2	unknown	summary	organization
شهریورماه ۹۸ اخباری مبنی بر تصرفات غیرقانونی یکی از بکرترین تالابهای کشور ( پناهگاه حیاتوح ش میانکاله ) منتشر شد .	که با عقبنشینی آب دریا ، بخش عمدهای از ساحل جنوب خلیج گرگان ، از قرهتپه و بهشهر تا کردکوی و بندر ترکمن ، به زمینهای کشاورزی تبدیل شده	1>2	unknown	background	frame
تصاویر منتشر شده حاکی از این بود	که با عقبنشینی آب دریا ، بخش عمدهای از ساحل جنوب خلیج گرگان ، از قرهتپه و بهشهر تا کردکوی و بندر ترکمن ، به زمینهای کشاورزی تبدیل شده	1>2	unknown	attribution	attribution
که از زمان اصلاحات ارضی در بهمن ماه سال ۱۳۴۱ اسناد مشاع در اختیار دارند .	که با عقبنشینی آب دریا ، بخش عمدهای از ساحل جنوب خلیج گرگان ، از قرهتپه و بهشهر تا کردکوی و بندر ترکمن ، به زمینهای کشاورزی تبدیل شده	1<2	unknown	background	frame
که با عقبنشینی آب دریا ، بخش عمدهای از ساحل جنوب خلیج گرگان ، از قرهتپه و بهشهر تا کردکوی و بندر ترکمن ، به زمینهای کشاورزی تبدیل شده	که عمدتاً به کاشت جو دیم اختصاص یافته است .	1<2	unknown	elaboration	elaboration
که با عقبنشینی آب دریا ، بخش عمدهای از ساحل جنوب خلیج گرگان ، از قرهتپه و بهشهر تا کردکوی و بندر ترکمن ، به زمینهای کشاورزی تبدیل شده	تنها در منطقه قرهتپه در جنوب غربی پناهگاه ، نزدیک به ۲۰۰۰ هکتار از زمینها تغییر کاربری یافته و	1<2	unknown	elaboration	elaboration
تنها در منطقه قرهتپه در جنوب غربی پناهگاه ، نزدیک به ۲۰۰۰ هکتار از زمینها تغییر کاربری یافته و	به زمینهای کشاورزی تبدیل شدهاند .	1<2	unknown	cause	causal
عکسهای هوایی نشان میداد	روندی <*> طی چهار تا پنج سال گذشته با عقبنشینی آب دریا تسریع شده	1>2	unknown	attribution	attribution
که با عقبنشینی آب دریا ، بخش عمدهای از ساحل جنوب خلیج گرگان ، از قرهتپه و بهشهر تا کردکوی و بندر ترکمن ، به زمینهای کشاورزی تبدیل شده	روندی <*> طی چهار تا پنج سال گذشته با عقبنشینی آب دریا تسریع شده	1<2	unknown	joint	conjunction
روندی <*> طی چهار تا پنج سال گذشته با عقبنشینی آب دریا تسریع شده	که طی یک دهه آغاز شده بود ،	1<2	unknown	elaboration	elaboration
روندی <*> طی چهار تا پنج سال گذشته با عقبنشینی آب دریا تسریع شده	و حجم زمینخواریها بیش از پیش افزایش یافته است .	1<2	unknown	cause	causal
که با عقبنشینی آب دریا ، بخش عمدهای از ساحل جنوب خلیج گرگان ، از قرهتپه و بهشهر تا کردکوی و بندر ترکمن ، به زمینهای کشاورزی تبدیل شده	اداره کل محیطزیست مازندران <*> از تشکیل پرونده قضایی و ورود دادستان به موضوع خبر داد .	1<2	unknown	topic-comment	comment
اداره کل محیطزیست مازندران <*> از تشکیل پرونده قضایی و ورود دادستان به موضوع خبر داد .	که پس از افشای ماجرا توسط فعالان محیطزیست چارهای جز تایید زمینخواریها نداشت ،	1<2	unknown	elaboration	elaboration
اداره کل محیطزیست مازندران <*> از تشکیل پرونده قضایی و ورود دادستان به موضوع خبر داد .	اقدامی که در نتیجه آن تعداد محدودی پرونده تشکیل شد	1<2	unknown	elaboration	elaboration
اقدامی که در نتیجه آن تعداد محدودی پرونده تشکیل شد	اگرچه هیچکدام به زمینهای قرهتپه مربوط نبود .	1<2	unknown	contrast	contrast
اداره کل محیطزیست مازندران <*> از تشکیل پرونده قضایی و ورود دادستان به موضوع خبر داد .	نکته قابل توجه آنجا ست که اساساً زمینهای لبشور پناهگاه میانکاله ( قرهتپه ) از نظر کشاورزی ارزش چندانی ندارند	1<2	unknown	joint	conjunction
نکته قابل توجه آنجا ست که اساساً زمینهای لبشور پناهگاه میانکاله ( قرهتپه ) از نظر کشاورزی ارزش چندانی ندارند	و همین موضوع این گمانه را تقویت میکند	1<2	unknown	evaluation	comment
و همین موضوع این گمانه را تقویت میکند	که پس از گذشت چند سال و تثبیت وضعیت موجود ( زمینخواریهای گسترده ) شهرکهای ویلایی و ساخت و سازهای ییلاقی از درون این زمینها سر برآورد .	1<2	unknown	elaboration	elaboration
پناهگاه حیاتوحش میانکاله <*> بهعنوان منطقه حفاظت شده اعلام شد	طبق مصوبه شماره ۱۲ مورخ ۱۲/۰۸/۱۳۴۸ شورای عالی سازمان شکاربانی و نظارت بر صید وقت	1<2	unknown	attribution	attribution
و متعاقب آن و بهدلیل اهمیت اکولوژیک منطقه	با وسعت۶۶ , ۹۳۳ هکتار بهعنوان پناهگاه حیاتوحش میانکاله ارتقا یافت .	1>2	unknown	cause	causal
براساس مصوبه ۷۸ مورخ ۱۲/۰۵/۱۳۵۴ شورای عالی حفاظت محیطزیست مندرج در روزنامه رسمی شماره ۸۹۲۱ مورخ ۲۸/۰۵/۱۳۵۴	با وسعت۶۶ , ۹۳۳ هکتار بهعنوان پناهگاه حیاتوحش میانکاله ارتقا یافت .	1>2	unknown	attribution	attribution
پناهگاه حیاتوحش میانکاله <*> بهعنوان منطقه حفاظت شده اعلام شد	با وسعت۶۶ , ۹۳۳ هکتار بهعنوان پناهگاه حیاتوحش میانکاله ارتقا یافت .	1<2	unknown	temporal	temporal
اما متصرفان اکنون ادعا میکنند	که از زمان اصلاحات ارضی در بهمن ماه سال ۱۳۴۱ اسناد مشاع در اختیار دارند !	1>2	unknown	attribution	attribution
پناهگاه حیاتوحش میانکاله <*> بهعنوان منطقه حفاظت شده اعلام شد	که از زمان اصلاحات ارضی در بهمن ماه سال ۱۳۴۱ اسناد مشاع در اختیار دارند !	1<2	unknown	contrast	contrast
که از زمان اصلاحات ارضی در بهمن ماه سال ۱۳۴۱ اسناد مشاع در اختیار دارند !	اسنادی که نه نقشه جانمایی دارد و نه پلاک مشخص	1<2	unknown	elaboration	elaboration
اسنادی که نه نقشه جانمایی دارد و نه پلاک مشخص	و در عین حال ، تمام متصرفان در همان زمان ( سال ۴۱ ) حق الارض مشاع دریافت کردهاند .	1<2	unknown	joint	conjunction
رییس دفتر حسن روحانی میگوید	« برای اعلام تعطیلی ادارات ، میزان آلودگی باید از حدی بیشتر باشد » .	1>2	unknown	attribution	attribution
« برای اعلام تعطیلی ادارات ، میزان آلودگی باید از حدی بیشتر باشد » .	محمود واعظی ارتباط میان آلودگی شدید هوا و بنزین تولید داخل را نیز تکذیب کرده	1<2	unknown	joint	conjunction
و گفته	« وضعیت بنزین ما نسبت به گذشته به مراتب بهتر شده است ؛	1>2	unknown	attribution	attribution
محمود واعظی ارتباط میان آلودگی شدید هوا و بنزین تولید داخل را نیز تکذیب کرده	« وضعیت بنزین ما نسبت به گذشته به مراتب بهتر شده است ؛	1<2	unknown	elaboration	elaboration
« وضعیت بنزین ما نسبت به گذشته به مراتب بهتر شده است ؛	الان بنزین یورو ۴ و یورو ۵ <*> قابل مقایسه با گذشته نیست	1<2	unknown	explanation	explanation
الان بنزین یورو ۴ و یورو ۵ <*> قابل مقایسه با گذشته نیست	که تولید میکنیم	1<2	unknown	elaboration	elaboration
الان بنزین یورو ۴ و یورو ۵ <*> قابل مقایسه با گذشته نیست	و همه این تولیدات نیز در کلانشهرها استفاده میشود » .	1<2	unknown	joint	conjunction
« برای اعلام تعطیلی ادارات ، میزان آلودگی باید از حدی بیشتر باشد » .	این صحبتها در شرایطی مطرح میشود	1<2	unknown	background	frame
این صحبتها در شرایطی مطرح میشود	که در حال حاضر وضعیت آلودگی هوای تهران در چهار منطقه به وضعیت اضطرار رسیده است	1<2	unknown	elaboration	elaboration
و وزارت بهداشت اعلام کرده	امروز شاهد شدیدترین وضعیت آلودگی در هفته اخیر هستیم .	1>2	unknown	attribution	attribution
که در حال حاضر وضعیت آلودگی هوای تهران در چهار منطقه به وضعیت اضطرار رسیده است	امروز شاهد شدیدترین وضعیت آلودگی در هفته اخیر هستیم .	1<2	unknown	joint	conjunction
که در حال حاضر وضعیت آلودگی هوای تهران در چهار منطقه به وضعیت اضطرار رسیده است	در مناطق ۱۸ و ۲ و ۱۱ و ۲۰ تهران شاخص آلودگی بسیار بالا بوده	1<2	unknown	joint	conjunction
در مناطق ۱۸ و ۲ و ۱۱ و ۲۰ تهران شاخص آلودگی بسیار بالا بوده	و شاخص آلودگی آنها به ترتیب ۲۱۲ و ۲۰۵ و ۲۰۲ و ۲۱۳ است .	1<2	unknown	explanation	explanation
بنابر اعلام وزارت بهداشت	میانگین شاخص آلودگی هوا در تمام ایستگاههای تهران ۱۷۵ بوده	1>2	unknown	attribution	attribution
که در حال حاضر وضعیت آلودگی هوای تهران در چهار منطقه به وضعیت اضطرار رسیده است	میانگین شاخص آلودگی هوا در تمام ایستگاههای تهران ۱۷۵ بوده	1<2	unknown	joint	conjunction
میانگین شاخص آلودگی هوا در تمام ایستگاههای تهران ۱۷۵ بوده	و برای همه افراد ناسالم محسوب میشود .	1<2	unknown	cause	causal
« برای اعلام تعطیلی ادارات ، میزان آلودگی باید از حدی بیشتر باشد » .	پیشتر اعلام شد <*> امروز تمامی مدرسههای استان اصفهان ، کاشان و قم نیز تعطیل هستند .	1<2	unknown	contrast	contrast
پیشتر اعلام شد <*> امروز تمامی مدرسههای استان اصفهان ، کاشان و قم نیز تعطیل هستند .	بهدلیل آلودگی هوا ،	1<2	unknown	cause	causal
امروز احمد توکلی نیز اعلام کرد	جلسههای این نهاد <*> تعطیل شده است .	1>2	unknown	attribution	attribution
از آنجایی که همه اعضای مجمعتشخیص مصلحت نظام بالای ۵۰ سال سن دارند ،	جلسههای این نهاد <*> تعطیل شده است .	1>2	unknown	explanation	explanation
پیشتر اعلام شد <*> امروز تمامی مدرسههای استان اصفهان ، کاشان و قم نیز تعطیل هستند .	جلسههای این نهاد <*> تعطیل شده است .	1<2	unknown	joint	conjunction
جلسههای این نهاد <*> تعطیل شده است .	بهدلیل آلودگی هوای تهران	1<2	unknown	explanation	explanation
شورای شهر تهران در جلسه روز گذشته خود ، با طرح صیانت از باغات مخالفت کرد .	این در	1<2	unknown	background	frame
این در	حالی	1<2	unknown	elaboration	elaboration
حالی	ست	1<2	unknown	temporal	temporal
که هر روز از تعداد باغات تهران کاسته میشود	و به جای آن برجها و ساختمانهای بلندمرتبه در مناطق مختلف ایجاد میشود .	1>2	unknown	attribution	attribution
شورای شهر تهران در جلسه روز گذشته خود ، با طرح صیانت از باغات مخالفت کرد .	و به جای آن برجها و ساختمانهای بلندمرتبه در مناطق مختلف ایجاد میشود .	1<2	unknown	elaboration	elaboration
و به جای آن برجها و ساختمانهای بلندمرتبه در مناطق مختلف ایجاد میشود .	محمد سالاری ، یکی از مخالفان این طرح ، خود گفته	1<2	unknown	contrast	contrast
محمد سالاری ، یکی از مخالفان این طرح ، خود گفته	که باغات تهران در « وضعیتی اورژانسی » به سر میبرند	1<2	unknown	elaboration	elaboration
و به جای آن برجها و ساختمانهای بلندمرتبه در مناطق مختلف ایجاد میشود .	« اما در عین حال باید این را هم در نظر گرفت	1<2	unknown	joint	conjunction
« اما در عین حال باید این را هم در نظر گرفت	که محدودیت بیش از اندازه خود موجب دوری مردم از قانون خواهد شد » . <*> که او هم در عین تایید این	1<2	unknown	elaboration	elaboration
که محدودیت بیش از اندازه خود موجب دوری مردم از قانون خواهد شد » . <*> که او هم در عین تایید این	یکی دیگر از مخالفان این طرح اسماعیل دوستی بوده	1<2	unknown	elaboration	elaboration
و به جای آن برجها و ساختمانهای بلندمرتبه در مناطق مختلف ایجاد میشود .	که « روح حاکم بر شهر تهران به گونهای است که شهر برای زندگی نیست » ،	1<2	unknown	joint	conjunction
با تصویب چنین طرحی مخالفت کرده است .	مهدی چمران رییس شورای شهر تهران ، احمد دنیامالی و حبیب کاشانی نیز از مخالفان جدی این طرح هستند .	1>2	unknown	attribution	attribution
شورای شهر تهران در جلسه روز گذشته خود ، با طرح صیانت از باغات مخالفت کرد .	مهدی چمران رییس شورای شهر تهران ، احمد دنیامالی و حبیب کاشانی نیز از مخالفان جدی این طرح هستند .	1<2	unknown	evaluation	comment
مهدی چمران رییس شورای شهر تهران ، احمد دنیامالی و حبیب کاشانی نیز از مخالفان جدی این طرح هستند .	محمد حقانی ، رییس کمیته محیط زیست شورای شهر تهران ، در این خصوص گفته	1<2	unknown	contrast	contrast
مهدی چمران رییس شورای شهر تهران ، احمد دنیامالی و حبیب کاشانی نیز از مخالفان جدی این طرح هستند .	« بالغ بر ۷۰ درصد اعضای شورای شهر تهران مخالف لغو مصوبه برج-باغها هستند .	1<2	unknown	joint	conjunction
مهدی چمران رییس شورای شهر تهران ، احمد دنیامالی و حبیب کاشانی نیز از مخالفان جدی این طرح هستند .	دلیل منطقی نیز برای این مساله مطرح نمیشود .	1<2	unknown	joint	conjunction
در واقع یک عده از اعضای شورا که سکوت کردند ،	وی افزوده	1>2	unknown	attribution	attribution
تنها بنده و آقای حافظی موافق لغو این مصوبه هستیم » .	وی افزوده	1>2	unknown	background	frame
مهدی چمران رییس شورای شهر تهران ، احمد دنیامالی و حبیب کاشانی نیز از مخالفان جدی این طرح هستند .	وی افزوده	1<2	unknown	joint	conjunction
وی افزوده	« سه سال است که این طرح به فردا موکول میشود .	1<2	unknown	contrast	contrast
وی افزوده	امروز هم تلاش کردیم تا لغو آن رای بیاورد	1<2	unknown	contrast	contrast
اما تدبیر دوستان در شورا این بود که رای نیاورد .	در حالی که ۵ ماه تمام بر روی این طرح کار کارشناسی انجام شده است » . <*> شهرداری مکلف است آن قسمت از اراضی	1>2	unknown	attribution	attribution
شورای شهر تهران در جلسه روز گذشته خود ، با طرح صیانت از باغات مخالفت کرد .	در حالی که ۵ ماه تمام بر روی این طرح کار کارشناسی انجام شده است » . <*> شهرداری مکلف است آن قسمت از اراضی	1<2	unknown	elaboration	elaboration
در حالی که ۵ ماه تمام بر روی این طرح کار کارشناسی انجام شده است » . <*> شهرداری مکلف است آن قسمت از اراضی	بر اساس ماده ۳ این طرح ،	1<2	unknown	elaboration	elaboration
در حالی که ۵ ماه تمام بر روی این طرح کار کارشناسی انجام شده است » . <*> شهرداری مکلف است آن قسمت از اراضی	که در نتیجه اجرای طرحهای تکفیکی اراضی مزروعی و باغات به تملک شهرداری در میآید	1<2	unknown	joint	conjunction
حسین فلاح جوشقانی معاون وزیر ارتباطات و رییس سازمان تنظیم مقررات و ارتباطات رادیویی میگوید	در خصوص رایگان بودن پیامک رمز دوم پویا تاکنون مذاکرهای با بانک مرکزی انجام نشده است .	1>2	unknown	attribution	attribution
در خصوص رایگان بودن پیامک رمز دوم پویا تاکنون مذاکرهای با بانک مرکزی انجام نشده است .	تراکنشهای پیامکی در اپراتورهای مخابراتی هزینه دارد	1>2	unknown	summary	organization
وی میگوید	تراکنشهای پیامکی در اپراتورهای مخابراتی هزینه دارد	1>2	unknown	attribution	attribution
تراکنشهای پیامکی در اپراتورهای مخابراتی هزینه دارد	تاکنون هر مبلغی <*> قانونی بوده	1>2	unknown	summary	organization
تراکنشهای پیامکی در اپراتورهای مخابراتی هزینه دارد	و با بانک مرکزی در خصوص این	1<2	unknown	joint	conjunction
و با بانک مرکزی در خصوص این	که بانک این هزینه را بپردازد یا مشترکان ،	1<2	unknown	elaboration	elaboration
و با بانک مرکزی در خصوص این	توافقی صورت نگرفته است .	1<2	unknown	joint	conjunction
وی اضافه کرد :	تاکنون هر مبلغی <*> قانونی بوده	1>2	unknown	attribution	attribution
تاکنون هر مبلغی <*> قانونی بوده	که از مشترکان بابت پیامک دریافت رمزدوم کسر شده ،	1<2	unknown	elaboration	elaboration
تاکنون هر مبلغی <*> قانونی بوده	و تخلف اپراتور محسوب نمیشود ؛	1<2	unknown	joint	conjunction
تاکنون هر مبلغی <*> قانونی بوده	چرا که هر پیامک هزینه دارد	1<2	unknown	explanation	explanation
چرا که هر پیامک هزینه دارد	و مشترک باید هزینه آن را پرداخت کند	1<2	unknown	joint	conjunction
و تا جایی که من میدانم	توافقی مبنی بر رایگان بودن پیامک از سوی بانکها با اپراتورها صورت نگرفته است .	1>2	unknown	manner-means	mode
و مشترک باید هزینه آن را پرداخت کند	توافقی مبنی بر رایگان بودن پیامک از سوی بانکها با اپراتورها صورت نگرفته است .	1<2	unknown	cause	causal
بانک مرکزی در اطلاعیههای خود همواره تاکید داشته است	که ارسال و دریافت پیامک برای دریافت رمز دوم پویا برای مشتریان هزینهای ندارد	1>2	unknown	attribution	attribution
تاکنون هر مبلغی <*> قانونی بوده	که ارسال و دریافت پیامک برای دریافت رمز دوم پویا برای مشتریان هزینهای ندارد	1<2	unknown	background	frame
که ارسال و دریافت پیامک برای دریافت رمز دوم پویا برای مشتریان هزینهای ندارد	و بانکها مجاز نیستند بابت ارسال این پیامک از مشتری وجهی دریافت کنند .	1<2	unknown	joint	conjunction
که ارسال و دریافت پیامک برای دریافت رمز دوم پویا برای مشتریان هزینهای ندارد	اما هماکنون مشتریان نظام بانکی برای دریافت رمز دوم پویا از طریق پیامک باید قبول کنند که از آنها هزینه کسر میشود .	1<2	unknown	contrast	contrast
که ارسال و دریافت پیامک برای دریافت رمز دوم پویا برای مشتریان هزینهای ندارد	بحث دریافت هزینه در قبال ارایه خدمات بانکی همواره در دستورکار بانک مرکزی بوده است .	1<2	unknown	background	frame
بحث دریافت هزینه در قبال ارایه خدمات بانکی همواره در دستورکار بانک مرکزی بوده است .	پیش از این پیامک تراکنشهای بانکی نیز ، با این استدلال <*> مشمول پرداخت هزینه شد	1<2	unknown	explanation	explanation
پیش از این پیامک تراکنشهای بانکی نیز ، با این استدلال <*> مشمول پرداخت هزینه شد	که بانکها میبایست این هزینه را به مخابرات پرداخت کنند ،	1<2	unknown	elaboration	elaboration
پیش از این پیامک تراکنشهای بانکی نیز ، با این استدلال <*> مشمول پرداخت هزینه شد	که هر سال مبلغ آن افزایش مییابد .	1<2	unknown	elaboration	elaboration
و گفته	« بیمارانی <*> برای درمان سایر بیماریهای شان نظیر بیماریهای قلبی ، داخلی ، جراحیها و . . در هیچ دانشگاه علوم پزشکی و بیمارستانی پذیرش نمیشوند » .	1>2	unknown	attribution	attribution
معاون پیشگیری و درمان مرکز درمان سازمان بهزیستی کشور مسیولان وزارت بهداشت را زیر سوال برده	« بیمارانی <*> برای درمان سایر بیماریهای شان نظیر بیماریهای قلبی ، داخلی ، جراحیها و . . در هیچ دانشگاه علوم پزشکی و بیمارستانی پذیرش نمیشوند » .	1<2	unknown	cause	causal
« بیمارانی <*> برای درمان سایر بیماریهای شان نظیر بیماریهای قلبی ، داخلی ، جراحیها و . . در هیچ دانشگاه علوم پزشکی و بیمارستانی پذیرش نمیشوند » .	که مبتلا به ایدز هستند	1<2	unknown	elaboration	elaboration
فرید براتی سده از وزارت بهداشت پرسیده	« بیماران مبتلا به HIV برای درمان بیماریهایی غیر از HIV <*> باید به کدام بیمارستان ارجاع داده شوند ؟ »	1>2	unknown	attribution	attribution
معاون پیشگیری و درمان مرکز درمان سازمان بهزیستی کشور مسیولان وزارت بهداشت را زیر سوال برده	« بیماران مبتلا به HIV برای درمان بیماریهایی غیر از HIV <*> باید به کدام بیمارستان ارجاع داده شوند ؟ »	1<2	unknown	joint	conjunction
« بیماران مبتلا به HIV برای درمان بیماریهایی غیر از HIV <*> باید به کدام بیمارستان ارجاع داده شوند ؟ »	که دارند ،	1<2	unknown	elaboration	elaboration
معاون پیشگیری و درمان مرکز درمان سازمان بهزیستی کشور مسیولان وزارت بهداشت را زیر سوال برده	این سخنان در واکنش به خبری منتشر شده مبنی بر ابتلای ۷۸ نفر به ویروس HIV در روستای درگز چابهار و موضعگیری مقامات وزارت بهداشت نسبت به شیوه عملکرد سازمان بهزیستی مطرح شده است .	1<2	unknown	elaboration	elaboration
رییس مرکز مدیریت بیماریهای واگیر وزارت بهداشت ادعا کرده بود	که تاکنون توسط دانشگاه علوم پزشکی مربوطه با حمایت وزارت بهداشت به تنهایی اجرا شده است » .	1>2	unknown	attribution	attribution
که « برنامه آموزش پیشگیری و مراقبت HIV یک برنامه گسترده چندبخشی بوده	که تاکنون توسط دانشگاه علوم پزشکی مربوطه با حمایت وزارت بهداشت به تنهایی اجرا شده است » .	1>2	unknown	attribution	attribution
معاون پیشگیری و درمان مرکز درمان سازمان بهزیستی کشور مسیولان وزارت بهداشت را زیر سوال برده	که تاکنون توسط دانشگاه علوم پزشکی مربوطه با حمایت وزارت بهداشت به تنهایی اجرا شده است » .	1<2	unknown	topic-comment	comment
که تاکنون توسط دانشگاه علوم پزشکی مربوطه با حمایت وزارت بهداشت به تنهایی اجرا شده است » .	وی خواستار این شده بود که « سایر سازمانها از جمله سازمان بهزیستی نیز وظایفی را <*> در منطقه یاد شده به اجرا گذارده	1<2	unknown	cause	causal
وی خواستار این شده بود که « سایر سازمانها از جمله سازمان بهزیستی نیز وظایفی را <*> در منطقه یاد شده به اجرا گذارده	که برنامه چهارم استراتژیک کشور برعهده آنها قرار داده است ،	1<2	unknown	elaboration	elaboration
وی خواستار این شده بود که « سایر سازمانها از جمله سازمان بهزیستی نیز وظایفی را <*> در منطقه یاد شده به اجرا گذارده	و این وظایف را با قدرت هرچه بیشتر انجام دهند » .	1<2	unknown	joint	conjunction
وی خواستار این شده بود که « سایر سازمانها از جمله سازمان بهزیستی نیز وظایفی را <*> در منطقه یاد شده به اجرا گذارده	معاون پیشگیری و درمان مرکز درمان سازمان بهزیستی کشور نیز اعتبار تخصیص یافته به این سازمان برای اجرای برنامه چهارم استراتژیک در سال گذشته را ۲۸۰ میلیون تومان اعلام کرده	1<2	unknown	elaboration	elaboration
و در پاسخ به وزارت بهداشت گفته	« بهتر است خود دوستان وزارت بهداشت <*> بگویند که چه قدر اعتبار به سازمان بهزیستی برای اجرای این برنامه پرداخت کردهاند ؟	1>2	unknown	attribution	attribution
معاون پیشگیری و درمان مرکز درمان سازمان بهزیستی کشور نیز اعتبار تخصیص یافته به این سازمان برای اجرای برنامه چهارم استراتژیک در سال گذشته را ۲۸۰ میلیون تومان اعلام کرده	« بهتر است خود دوستان وزارت بهداشت <*> بگویند که چه قدر اعتبار به سازمان بهزیستی برای اجرای این برنامه پرداخت کردهاند ؟	1<2	unknown	joint	conjunction
« بهتر است خود دوستان وزارت بهداشت <*> بگویند که چه قدر اعتبار به سازمان بهزیستی برای اجرای این برنامه پرداخت کردهاند ؟	که هم برنامه استراتژیک چهارم را نوشتهاند ،	1<2	unknown	attribution	attribution
که هم برنامه استراتژیک چهارم را نوشتهاند ،	هم سفرهای برنامه استراتژیک را میروند	1<2	unknown	joint	conjunction
که هم برنامه استراتژیک چهارم را نوشتهاند ،	و هم اعتبارات مربوطه را میگیرند ،	1<2	unknown	joint	conjunction
« بهتر است خود دوستان وزارت بهداشت <*> بگویند که چه قدر اعتبار به سازمان بهزیستی برای اجرای این برنامه پرداخت کردهاند ؟	طی چند سال گذشته <*> تنها سال گذشته وزارت بهداشت از بودجهای <*> ۲۸۰ میلیون تومان در اختیار بهزیستی برای اجرای برنامه استراتژیک قرار داد » .	1<2	unknown	topic-comment	comment
طی چند سال گذشته <*> تنها سال گذشته وزارت بهداشت از بودجهای <*> ۲۸۰ میلیون تومان در اختیار بهزیستی برای اجرای برنامه استراتژیک قرار داد » .	که برنامه استراتژیک نوشته شده است ،	1<2	unknown	elaboration	elaboration
تنها سال گذشته وزارت بهداشت از بودجهای	که از وزارت کشور گرفته بود ،	1<2	unknown	elaboration	elaboration
معاون پیشگیری و درمان مرکز درمان سازمان بهزیستی کشور مسیولان وزارت بهداشت را زیر سوال برده	رییس اداره بهزیستی چابهار روز گذشته از ابتلای ۷۸ نفر به ویروس HIV در روستای درگز چابهار خبر داده	1<2	unknown	background	frame
و گفته بود	« بهتر بود این آمار از طریق مرکز بهداشت شهرستان رسما اعلام میشد	1>2	unknown	attribution	attribution
رییس اداره بهزیستی چابهار روز گذشته از ابتلای ۷۸ نفر به ویروس HIV در روستای درگز چابهار خبر داده	« بهتر بود این آمار از طریق مرکز بهداشت شهرستان رسما اعلام میشد	1<2	unknown	joint	conjunction
« بهتر بود این آمار از طریق مرکز بهداشت شهرستان رسما اعلام میشد	اما شاید ملاحظهکاری آنها بدلیل توریستی بودن شهرستان و محرمانه بودن این دست اطلاعات آماری است » .	1<2	unknown	contrast	contrast
همسایه معروف ورزشگاه شهید وطنی قایمشهر <*> از فوتبال دیدن با دوستانش و در همسایگی کوتاه نیامد .	که در برنامه نود هم به او پرداخته شد ،	1<2	unknown	elaboration	elaboration
همسایه معروف ورزشگاه شهید وطنی قایمشهر <*> از فوتبال دیدن با دوستانش و در همسایگی کوتاه نیامد .	مرتضی هاشمی همیشه به همراه دوستانش در پشت بام خانهاش مینشستند	1<2	unknown	elaboration	elaboration
مرتضی هاشمی همیشه به همراه دوستانش در پشت بام خانهاش مینشستند	و فوتبال تماشا میکردند .	1<2	unknown	joint	conjunction
مرتضی هاشمی همیشه به همراه دوستانش در پشت بام خانهاش مینشستند	اما مسیولان این ورزشگاه روز گذشته در اقدامی عجیب جلوی این خانه را با داربست و پرده پوشاندند .	1<2	unknown	contrast	contrast
مرتضی هاشمی همیشه به همراه دوستانش در پشت بام خانهاش مینشستند	او هم در مقابل با نصب یک داربست بلندتر در حیاط خانهاش ارتفاع محل نشستن خود را بالاتر از داربست مسوولان برد	1<2	unknown	cause	causal
او هم در مقابل با نصب یک داربست بلندتر در حیاط خانهاش ارتفاع محل نشستن خود را بالاتر از داربست مسوولان برد	تا بازهم بتواند بازیهای خانگی نساجی را از داخل منزلش در حین صرف میوه و تنقلات تماشا کند .	1<2	unknown	enablement	purpose
وی در اینباره گفت :	« دیروز از خواب بیدار شدم	1>2	unknown	attribution	attribution
همسایه معروف ورزشگاه شهید وطنی قایمشهر <*> از فوتبال دیدن با دوستانش و در همسایگی کوتاه نیامد .	« دیروز از خواب بیدار شدم	1<2	unknown	topic-comment	comment
« دیروز از خواب بیدار شدم	دیدم داربست زدهاند ؛	1<2	unknown	joint	conjunction
« دیروز از خواب بیدار شدم	من هم رفتم ۱۶۰هزار تومان داربست اجاره کردم .	1<2	unknown	cause	causal
من هم رفتم ۱۶۰هزار تومان داربست اجاره کردم .	تماشای بازی استقلال ۳۰۰هزارتومان برای م خرج داشت .	1<2	unknown	cause	causal
تماشای بازی استقلال ۳۰۰هزارتومان برای م خرج داشت .	در خانه خود م نشستهام	1<2	unknown	contrast	contrast
در خانه خود م نشستهام	و میوه میخورم	1<2	unknown	joint	conjunction
در خانه خود م نشستهام	و با دوستانم فوتبال تماشا میکنم .	1<2	unknown	joint	conjunction
در خانه خود م نشستهام	مگر ما خلاف میکنیم ؟	1<2	unknown	topic-comment	comment
اگر بازم داربست شان را بالا ببرند ،	من هم داربستم را بلندتر میکنم . »	1>2	unknown	condition	condition
« دیروز از خواب بیدار شدم	من هم داربستم را بلندتر میکنم . »	1<2	unknown	cause	causal
رییس سازمان غذا و دارو از کاهش پنج درصدی یارانه دارو در بودجه سال ۹۶ خبر داد	و مدعی شد این کاهش ۵ درصدی تاثیر زیادی در ادامه حمایت دولت از بیماران نخواهد داشت	1<2	unknown	contrast	contrast
و مدعی شد این کاهش ۵ درصدی تاثیر زیادی در ادامه حمایت دولت از بیماران نخواهد داشت	و این رقم با صرفهجویی جبران میشود .	1<2	unknown	joint	conjunction
رسول دیناروند با اشاره به اینکه مجموع یارانه دارو دارای دو ردیف اعتباری بود <*> گفته :	برای سال ۹۶ ، پنج درصد آن کاهش یافته و ۱۱۰ میلیارد تومان نسبت به سال ۹۵ کاهش بودجه داریم .	1>2	unknown	attribution	attribution
رسول دیناروند با اشاره به اینکه مجموع یارانه دارو دارای دو ردیف اعتباری بود <*> گفته :	که ۲ هزار و ۲۰۰ میلیارد تومان میشد ،	1<2	unknown	elaboration	elaboration
رییس سازمان غذا و دارو از کاهش پنج درصدی یارانه دارو در بودجه سال ۹۶ خبر داد	برای سال ۹۶ ، پنج درصد آن کاهش یافته و ۱۱۰ میلیارد تومان نسبت به سال ۹۵ کاهش بودجه داریم .	1<2	unknown	elaboration	elaboration
برای سال ۹۶ ، پنج درصد آن کاهش یافته و ۱۱۰ میلیارد تومان نسبت به سال ۹۵ کاهش بودجه داریم .	البته باید توجه کرد که <*> مشکلی برای قیمت دارو پیش نمیآید	1<2	unknown	contrast	contrast
البته باید توجه کرد که <*> مشکلی برای قیمت دارو پیش نمیآید	با وجود این موضوع ،	1<2	unknown	contrast	contrast
البته باید توجه کرد که <*> مشکلی برای قیمت دارو پیش نمیآید	و شاید در مجلس این ردیف اصلاح شود .	1<2	unknown	joint	conjunction
با این حال رییس سازمان غذا و داروی کشور پیشبینی کرده	سال آینده دولت کاهش تعهد نخواهد داشت	1>2	unknown	attribution	attribution
البته باید توجه کرد که <*> مشکلی برای قیمت دارو پیش نمیآید	سال آینده دولت کاهش تعهد نخواهد داشت	1<2	unknown	contrast	contrast
سال آینده دولت کاهش تعهد نخواهد داشت	و به حمایت از بیماران ادامه میدهد	1<2	unknown	joint	conjunction
سال آینده دولت کاهش تعهد نخواهد داشت	و از همین دو ردیف هم برای حمایت از بیماران صعبالعلاج استفاده میکند .	1<2	unknown	joint	conjunction
رییس سازمان غذا و دارو از کاهش پنج درصدی یارانه دارو در بودجه سال ۹۶ خبر داد	تحریمهای بانکی در سالهای گذشته باعث افزایش بیسابقه نرخ داروها شده	1<2	unknown	evaluation	comment
تحریمهای بانکی در سالهای گذشته باعث افزایش بیسابقه نرخ داروها شده	و بسیاری از بیماران بدون حمایتهای دولتی توان خرید دارو ندارند .	1<2	unknown	cause	causal
با وجود گسترش حمایت دولت از بیماران در سالهای اخیر	همچنان دچارشدن به بیماریهای سخت یکی از عوامل سقوط به زیرخط فقر در ایران محسوب میشود .	1>2	unknown	contrast	contrast
و بسیاری از بیماران بدون حمایتهای دولتی توان خرید دارو ندارند .	همچنان دچارشدن به بیماریهای سخت یکی از عوامل سقوط به زیرخط فقر در ایران محسوب میشود .	1<2	unknown	joint	conjunction
دبیر کارگروه مدیریت پسماند استان تهران خبر داده	روزانه ۴۰۰ مترمکعب شیرابه زبالهها در مرکز دفن زباله « آرادکوه » در جنوب تهران تولید میشود .	1>2	unknown	attribution	attribution
کیومرث کلانتری درباره سرنوشت این شیرابهها توضیح داده	« تا پایان تیرماه تصفیه شیرابهها براساس خروجی استاندارد پارامترهای BOD و COD به میزان روزانه حدود ۳۰۰ مترمکعب برای آبیاری جنگلی به انجام خواهد رسید ؛	1>2	unknown	attribution	attribution
روزانه ۴۰۰ مترمکعب شیرابه زبالهها در مرکز دفن زباله « آرادکوه » در جنوب تهران تولید میشود .	« تا پایان تیرماه تصفیه شیرابهها براساس خروجی استاندارد پارامترهای BOD و COD به میزان روزانه حدود ۳۰۰ مترمکعب برای آبیاری جنگلی به انجام خواهد رسید ؛	1<2	unknown	topic-comment	comment
« تا پایان تیرماه تصفیه شیرابهها براساس خروجی استاندارد پارامترهای BOD و COD به میزان روزانه حدود ۳۰۰ مترمکعب برای آبیاری جنگلی به انجام خواهد رسید ؛	این طرح بنا به اظهار مدیران شهرداری در حال حاضر با ظرفیت روزانه ۱۰۰ مترمکعب در حال انجام است » .	1<2	unknown	elaboration	elaboration
« تا پایان تیرماه تصفیه شیرابهها براساس خروجی استاندارد پارامترهای BOD و COD به میزان روزانه حدود ۳۰۰ مترمکعب برای آبیاری جنگلی به انجام خواهد رسید ؛	مدیرکل محیط زیست استان تهران راه جلوگیری از ورود شیرابه به مرکز دفن را پردازش و جداسازی در ابتدای محل و قبل از انتقال و اجرایی شدن طرح جامع مدیریت پسماند در تهران دانسته است .	1<2	unknown	explanation	explanation
روزانه ۴۰۰ مترمکعب شیرابه زبالهها در مرکز دفن زباله « آرادکوه » در جنوب تهران تولید میشود .	تولید پسماند در ایران سه برابر استانداردهای جهانی و تولید زباله در تهران ۱۰ برابر استانداردهای جهانیست ؛	1<2	unknown	background	frame
تولید پسماند در ایران سه برابر استانداردهای جهانی و تولید زباله در تهران ۱۰ برابر استانداردهای جهانیست ؛	جمعآوری و بازیافت زباله <*> تبدیل به معضلی بزرگ در ایران شده است ؛	1<2	unknown	explanation	explanation
جمعآوری و بازیافت زباله <*> تبدیل به معضلی بزرگ در ایران شده است ؛	سالها ست که	1<2	unknown	temporal	temporal
جمعآوری و بازیافت زباله <*> تبدیل به معضلی بزرگ در ایران شده است ؛	رهاسازی زبالههای بیمارستانی بدون تفکیک و بیخطرسازی ، آلودگی آب و خاک ، دفن زباله در جنگلهای شمال کشور و . . از جمله	1<2	unknown	elaboration	elaboration
رهاسازی زبالههای بیمارستانی بدون تفکیک و بیخطرسازی ، آلودگی آب و خاک ، دفن زباله در جنگلهای شمال کشور و . . از جمله	مسایلی	1<2	unknown	elaboration	elaboration
هرکیلوگرم پرتقال صادراتی برای بازارهای بینالمللی هزار و ۳۰۳ تومان عرضه شده است ،	درحالیکه <*> از متوسط قیمت خردهفروشی مواد خوراکی در تهران در بازه زمانی هفته منتهی به مهر ، امسال پرتقال کیلویی بیش از هفت هزار و ۴۰۰ تومان در سطح شهر فروخته شده است .	1<2	unknown	contrast	contrast
درحالیکه <*> از متوسط قیمت خردهفروشی مواد خوراکی در تهران در بازه زمانی هفته منتهی به مهر ، امسال پرتقال کیلویی بیش از هفت هزار و ۴۰۰ تومان در سطح شهر فروخته شده است .	براساس آمار بانک مرکزی جمهوری اسلامی ایران ،	1<2	unknown	cause	causal
هرکیلوگرم پرتقال صادراتی برای بازارهای بینالمللی هزار و ۳۰۳ تومان عرضه شده است ،	پرتقال یکی از میوههای صادراتی است	1<2	unknown	joint	conjunction
پرتقال یکی از میوههای صادراتی است	که تجارت آن در نیمه نخست امسال رشد چشمگیری داشته	1<2	unknown	elaboration	elaboration
که تجارت آن در نیمه نخست امسال رشد چشمگیری داشته	و بیش از ۲۵ برابر افزایش پیدا کرده است .	1<2	unknown	joint	conjunction
که تجارت آن در نیمه نخست امسال رشد چشمگیری داشته	در ۶ ماهه نخست امسال ، ۹۱ تن و ۹۸۱ کیلوگرم پرتقال به ارزش ۳۹ هزار و ۶۵۵ دلار ، معادل ۱۱۹ میلیون و ۸۷۵ هزار و ۹۹۳ تومان ، به سه کشور افغانستان ، ترکمنستان و روسیه صادر شده	1<2	unknown	explanation	explanation
در ۶ ماهه نخست امسال ، ۹۱ تن و ۹۸۱ کیلوگرم پرتقال به ارزش ۳۹ هزار و ۶۵۵ دلار ، معادل ۱۱۹ میلیون و ۸۷۵ هزار و ۹۹۳ تومان ، به سه کشور افغانستان ، ترکمنستان و روسیه صادر شده	که بهطور متوسط ، هرکیلوگرم پرتقال صادراتی در این بازارها هزار و ۳۰۳ تومان عرضه شده است .	1<2	unknown	elaboration	elaboration
مجیدرضا حریری ، نایبرییس اتاق بازرگانی ایران در گفتوگو با « وقایعاتفاقیه » میگوید :	میتوان گفت سود اقتصادی بیشتر به این مفهوم	1>2	unknown	attribution	attribution
« اگر درباره محصولات پتروشیمی یا معدنی صحبت کنیم ،	میتوان گفت سود اقتصادی بیشتر به این مفهوم	1>2	unknown	condition	condition
هرکیلوگرم پرتقال صادراتی برای بازارهای بینالمللی هزار و ۳۰۳ تومان عرضه شده است ،	میتوان گفت سود اقتصادی بیشتر به این مفهوم	1<2	unknown	topic-comment	comment
که اگر در بازار داخلی محصول با دلار سه هزار و ۱۰۰ تومانی فروخته میشود	خب سود بیشتر در صادرات خواهد بود	1>2	unknown	condition	condition
که اگر در بازار داخلی محصول با دلار سه هزار و ۱۰۰ تومانی فروخته میشود	و آن طرف با دلار سه هزار و ۶۰۰ تومانی ،	1<2	unknown	joint	conjunction
میتوان گفت سود اقتصادی بیشتر به این مفهوم	خب سود بیشتر در صادرات خواهد بود	1<2	unknown	elaboration	elaboration
میتوان گفت سود اقتصادی بیشتر به این مفهوم	اما من درک نمیکنم چرا محصولی مانند پرتقال باید ارزانتر صادر شود ؟	1<2	unknown	contrast	contrast
اما من درک نمیکنم چرا محصولی مانند پرتقال باید ارزانتر صادر شود ؟	مگر چه سودی دارد ؟	1<2	unknown	joint	conjunction
اما من درک نمیکنم چرا محصولی مانند پرتقال باید ارزانتر صادر شود ؟	مگر آنکه اهداف غیراقتصادی ، پشت این داستان قرار گرفته باشد . »	1<2	unknown	topic-comment	comment
موج کمسابقه گرما استان سیستانوبلوچستان را فراگرفته	اما در این میان زیرساختهای مناسب شبکه برق و آب وجود ندارد ،	1<2	unknown	contrast	contrast
اما در این میان زیرساختهای مناسب شبکه برق و آب وجود ندارد ،	بسیاری از روستاها شبکه آبرسانی ندارند	1<2	unknown	joint	conjunction
اما در این میان زیرساختهای مناسب شبکه برق و آب وجود ندارد ،	و تعرفه برق بسیار بالا ست .	1<2	unknown	joint	conjunction
موج کمسابقه گرما استان سیستانوبلوچستان را فراگرفته	رییس مجمع نمایندگان استان هم از زیرساختهای ضعیف برق و آب در مناطق جنوبی استان سخن میگوید	1<2	unknown	topic-comment	comment
رییس مجمع نمایندگان استان هم از زیرساختهای ضعیف برق و آب در مناطق جنوبی استان سخن میگوید	و خواسته مردم را کاهش تعرفههای برق و توجه جدی به شبکه آبرسانی میداند .	1<2	unknown	joint	conjunction
محمد نعیم امینیفرد میگوید	زیرساختهای صنعت آب و برق در جنوب این استان ضعیف است .	1>2	unknown	attribution	attribution
رییس مجمع نمایندگان استان هم از زیرساختهای ضعیف برق و آب در مناطق جنوبی استان سخن میگوید	زیرساختهای صنعت آب و برق در جنوب این استان ضعیف است .	1<2	unknown	summary	organization
زیرساختهای صنعت آب و برق در جنوب این استان ضعیف است .	یکهزار و ۳۰۰ روستا در بخش جنوبی استان شبکه آبرسانی ندارند	1<2	unknown	explanation	explanation
یکهزار و ۳۰۰ روستا در بخش جنوبی استان شبکه آبرسانی ندارند	و با تانکر به مردم آبرسانی میشود	1<2	unknown	joint	conjunction
و با تانکر به مردم آبرسانی میشود	که پول تانکرها هم در روزهای اخیر پرداخت نشده	1<2	unknown	elaboration	elaboration
که پول تانکرها هم در روزهای اخیر پرداخت نشده	و این موضوع مشکلساز شده است .	1<2	unknown	cause	causal
زیرساختهای صنعت آب و برق در جنوب این استان ضعیف است .	درباره برق هم شرایط به همین شکل است .	1<2	unknown	comparison	concession
موج کمسابقه گرما استان سیستانوبلوچستان را فراگرفته	گرمای کمسابقه و طاقتفرسای این روزهای بلوچستان اگرچه با قطع آب و برق همراه است	1<2	unknown	elaboration	elaboration
گرمای کمسابقه و طاقتفرسای این روزهای بلوچستان اگرچه با قطع آب و برق همراه است	اما مشکل اصلی مردم هزینهای است	1<2	unknown	contrast	contrast
اما مشکل اصلی مردم هزینهای است	که باید برای برق پرداخت کنند .	1<2	unknown	elaboration	elaboration
گرمای کمسابقه و طاقتفرسای این روزهای بلوچستان اگرچه با قطع آب و برق همراه است	علاوه بر این با آغاز بادهای ۱۲۰روزه گرد و غبار هم به مشکلات اهالی این منطقه اضافه میشود ،	1<2	unknown	joint	conjunction
علاوه بر این با آغاز بادهای ۱۲۰روزه گرد و غبار هم به مشکلات اهالی این منطقه اضافه میشود ،	گرد و غباری که <*> ۹۰درصد آن منشا داخلی دارد .	1<2	unknown	elaboration	elaboration
گرد و غباری که <*> ۹۰درصد آن منشا داخلی دارد .	به گفته نمایندگان این استان	1<2	unknown	attribution	attribution
گرمای کمسابقه و طاقتفرسای این روزهای بلوچستان اگرچه با قطع آب و برق همراه است	دمای ایران ۱/۵برابر متوسط افزایش دمای جهان ، افزایش داشته است .	1<2	unknown	background	frame
یک پژوهشگر ارشد جامعهشناسی جنایی با اشاره به <*> گفته	خونبازی در دختران دبیرستانی افزایش چشمگیری یافته است .	1>2	unknown	attribution	attribution
یک پژوهشگر ارشد جامعهشناسی جنایی با اشاره به <*> گفته	اینکه بهداشت روانی جامعه دچار تزلزل شده است ،	1<2	unknown	elaboration	elaboration
به گفته شیرین ولیپوری	خودزنی برای دریافت دیه افزایش پیدا کرده است .	1>2	unknown	attribution	attribution
خونبازی در دختران دبیرستانی افزایش چشمگیری یافته است .	خودزنی برای دریافت دیه افزایش پیدا کرده است .	1<2	unknown	joint	conjunction
او معتقد است	آسیب رساندن به خود برای دریافت بیمه یک بخش از قضیه است	1>2	unknown	attribution	attribution
خودزنی برای دریافت دیه افزایش پیدا کرده است .	آسیب رساندن به خود برای دریافت بیمه یک بخش از قضیه است	1<2	unknown	cause	causal
آسیب رساندن به خود برای دریافت بیمه یک بخش از قضیه است	که قطعا تنها مربوط به مشکلات مالی نمیشود ،	1<2	unknown	elaboration	elaboration
که قطعا تنها مربوط به مشکلات مالی نمیشود ،	بلکه عوامل درونی و روانی نیز در این مساله دخیل است .	1<2	unknown	contrast	contrast
این پژوهشگر اجتماعی گفته	« از شرایط موجود خستهاند	1>2	unknown	attribution	attribution
زمانی که با این افراد صحبت میشود	« از شرایط موجود خستهاند	1>2	unknown	background	frame
میگویند	« از شرایط موجود خستهاند	1>2	unknown	attribution	attribution
خونبازی در دختران دبیرستانی افزایش چشمگیری یافته است .	« از شرایط موجود خستهاند	1<2	unknown	elaboration	elaboration
« از شرایط موجود خستهاند	و چون قصد آسیب رساندن به کسی را ندارند	1<2	unknown	joint	conjunction
« از شرایط موجود خستهاند	به خود شان آسیب میزنند . » به	1<2	unknown	joint	conjunction
گفته او	بسیاری برای تخلیه خشم درونی خود اقدام به خودزنی میکنند ،	1>2	unknown	attribution	attribution
« از شرایط موجود خستهاند	بسیاری برای تخلیه خشم درونی خود اقدام به خودزنی میکنند ،	1<2	unknown	joint	conjunction
بسیاری برای تخلیه خشم درونی خود اقدام به خودزنی میکنند ،	در سالهای اخیر هم این کار افزایش پیدا کرده است	1<2	unknown	joint	conjunction
بسیاری برای تخلیه خشم درونی خود اقدام به خودزنی میکنند ،	و بالاترین آمار بین نوجوانها است	1<2	unknown	joint	conjunction
و بالاترین آمار بین نوجوانها است	که بیشتر آنها را دخترها تشکیل میدهند	1<2	unknown	elaboration	elaboration
که بیشتر آنها را دخترها تشکیل میدهند	و شاید یکی از دلایل آن تبعیض جنسیتی و شرایط رفتاری خانوادهها است .	1<2	unknown	explanation	explanation
به گفته این جامعهشناس	علت این کار فقط اقتصادی نیست ،	1>2	unknown	attribution	attribution
خونبازی در دختران دبیرستانی افزایش چشمگیری یافته است .	علت این کار فقط اقتصادی نیست ،	1<2	unknown	topic-comment	comment
علت این کار فقط اقتصادی نیست ،	بلکه تفاوتهای جنسیتی و توجه بیش از حد به یک جنسیت در جامعه و سرپوشگذاشتن روی این مسایل موجب خودزنی در دوره نوجوانی شده است	1<2	unknown	contrast	contrast
بلکه تفاوتهای جنسیتی و توجه بیش از حد به یک جنسیت در جامعه و سرپوشگذاشتن روی این مسایل موجب خودزنی در دوره نوجوانی شده است	و حتی خودزنی در دوره میانسالی مثلا برای دریافت بیمه بروز پیدا کرده است .	1<2	unknown	cause	causal
روانشناسان میگویند	زنان <*> بیشتر از مردان دچار اختلال روانی میشوند .	1>2	unknown	attribution	attribution
علت این کار فقط اقتصادی نیست ،	زنان <*> بیشتر از مردان دچار اختلال روانی میشوند .	1<2	unknown	background	frame
زنان <*> بیشتر از مردان دچار اختلال روانی میشوند .	به علت نابرابری	1<2	unknown	cause	causal
زنان <*> بیشتر از مردان دچار اختلال روانی میشوند .	ایران در شاخص شکاف جنسیتی در ردهبندی جهانی رتبه ١۴١ را از میان ۱۴۷ کشور در اختیار دارد .	1<2	unknown	joint	conjunction
رییس انجمن زغالسنگ ایران با اعلام <*> نسبت به تکرار حادثه یورت هشدار داده است .	اینکه معادن زغال سنگ ایمنی لازم را ندارند ،	1<2	unknown	elaboration	elaboration
به گفته محمد مجتهدزاده	تجهیزات معادن زغال سنگ ایران بسیار قدیمی است	1>2	unknown	attribution	attribution
رییس انجمن زغالسنگ ایران با اعلام <*> نسبت به تکرار حادثه یورت هشدار داده است .	تجهیزات معادن زغال سنگ ایران بسیار قدیمی است	1<2	unknown	explanation	explanation
تجهیزات معادن زغال سنگ ایران بسیار قدیمی است	چراکه دوره شکوفایی زغال سنگ ایران به سالهای ۱۳۴۵ تا ۱۳۵۵ برمیگردد	1<2	unknown	cause	causal
چراکه دوره شکوفایی زغال سنگ ایران به سالهای ۱۳۴۵ تا ۱۳۵۵ برمیگردد	و در آن زمان معادن زغال سنگ با آخرین تکنولوژیهای روز دنیا فعالیت میکردند .	1<2	unknown	joint	conjunction
چراکه دوره شکوفایی زغال سنگ ایران به سالهای ۱۳۴۵ تا ۱۳۵۵ برمیگردد	اما اکنون بعد از گذشت ۴۰ سال از پیروزی انقلاب ، معدن طبس تنها واحد معدنی است	1<2	unknown	contrast	contrast
اما اکنون بعد از گذشت ۴۰ سال از پیروزی انقلاب ، معدن طبس تنها واحد معدنی است	که از تکنولوژی روز دنیا بهره میبرد	1<2	unknown	elaboration	elaboration
اما اکنون بعد از گذشت ۴۰ سال از پیروزی انقلاب ، معدن طبس تنها واحد معدنی است	و مابقی واحدها شرایط بدتری نسبت به گذشته دارند .	1<2	unknown	joint	conjunction
او همچنین اضافه کرده	حادثه انفجار معدن زغال سنگ زمستانیورت آزادشهر توجه عمومی را نسبت به ایمنی معادن زغال سنگ بالا برد	1>2	unknown	attribution	attribution
تجهیزات معادن زغال سنگ ایران بسیار قدیمی است	حادثه انفجار معدن زغال سنگ زمستانیورت آزادشهر توجه عمومی را نسبت به ایمنی معادن زغال سنگ بالا برد	1<2	unknown	joint	conjunction
اما ارزیابیهای نشان میدهد	نقصهایی <*> تاکنون بارها درباره ناامنبودن معادن زغالسنگ ایران هشدار داده شده است	1>2	unknown	attribution	attribution
حادثه انفجار معدن زغال سنگ زمستانیورت آزادشهر توجه عمومی را نسبت به ایمنی معادن زغال سنگ بالا برد	نقصهایی <*> تاکنون بارها درباره ناامنبودن معادن زغالسنگ ایران هشدار داده شده است	1<2	unknown	contrast	contrast
نقصهایی <*> تاکنون بارها درباره ناامنبودن معادن زغالسنگ ایران هشدار داده شده است	که منجر به حادثه زمستان یورت گلستان شد ، در دیگر معادن نیز موجود است .	1<2	unknown	elaboration	elaboration
نقصهایی <*> تاکنون بارها درباره ناامنبودن معادن زغالسنگ ایران هشدار داده شده است	اما همچنان کارفرمایان و دولت برای تجیهز این معادن اقدام عملی انجام ندادهاند .	1<2	unknown	contrast	contrast
رییس انجمن زغالسنگ ایران با اعلام <*> نسبت به تکرار حادثه یورت هشدار داده است .	در حال حاضر ۱۳هزار معدنچی در معادن زغالسنگ ایران کار میکنند	1<2	unknown	background	frame
در حال حاضر ۱۳هزار معدنچی در معادن زغالسنگ ایران کار میکنند	اما دولت به وظیفهاش برای ایمنسازی این معادن عمل نمیکند .	1<2	unknown	contrast	contrast
اما دولت به وظیفهاش برای ایمنسازی این معادن عمل نمیکند .	در همین حال کارفرمایان هم مسیولان ایمنی را به خاطر	1<2	unknown	joint	conjunction
در همین حال کارفرمایان هم مسیولان ایمنی را به خاطر	اینکه گزارشهای مربوط به ایمنی کارگاه را مطابق میل کارفرمایان تنظیم نمیکنند ،	1<2	unknown	elaboration	elaboration
در همین حال کارفرمایان هم مسیولان ایمنی را به خاطر	اخراج میکنند .	1<2	unknown	joint	conjunction
به گفته برخی معدنچیان معدن یورت ،	باتری به باتریکردن لوکوموتیو داخل معدن علت انفجار نبوده	1>2	unknown	attribution	attribution
باتری به باتریکردن لوکوموتیو داخل معدن علت انفجار نبوده	چراکه این لوکوموتیو پیدا شده	1<2	unknown	cause	causal
چراکه این لوکوموتیو پیدا شده	و کاملا سالم است .	1<2	unknown	joint	conjunction
به اعتقاد آنها	علت انفجار ازدحام گاز و بستهشدن مسیر خروج بوده است .	1>2	unknown	attribution	attribution
باتری به باتریکردن لوکوموتیو داخل معدن علت انفجار نبوده	علت انفجار ازدحام گاز و بستهشدن مسیر خروج بوده است .	1<2	unknown	cause	causal
باتری به باتریکردن لوکوموتیو داخل معدن علت انفجار نبوده	یک روز پس از انفجار در معدن زمستانیورت باتریبه باتری لوکوموتیو در معدن ، باعث انفجار اعلام شده بود	1<2	unknown	background	frame
اما دو کارگر این معدن اعلام کردند	که این لوکوموتیو پیدا شده	1>2	unknown	attribution	attribution
یک روز پس از انفجار در معدن زمستانیورت باتریبه باتری لوکوموتیو در معدن ، باعث انفجار اعلام شده بود	که این لوکوموتیو پیدا شده	1<2	unknown	contrast	contrast
که این لوکوموتیو پیدا شده	و موضوع باتری به باتری نبوده است .	1<2	unknown	joint	conjunction
به گفته این کارگران	همه ۱۳جسدی <*> دچار خفگی <*> شده بودند .	1>2	unknown	attribution	attribution
که این لوکوموتیو پیدا شده	همه ۱۳جسدی <*> دچار خفگی <*> شده بودند .	1<2	unknown	explanation	explanation
همه ۱۳جسدی <*> دچار خفگی <*> شده بودند .	که دیروز پیدا شد ،	1<2	unknown	elaboration	elaboration
دچار خفگی	بر اثر ازدحام گاز و بسته شدن مسیر خروج	1<2	unknown	cause	causal
به گفته آنها	لوکومتیو سالم بوده است	1>2	unknown	attribution	attribution
لوکومتیو باتری به باتری نکرده	لوکومتیو سالم بوده است	1>2	unknown	cause	causal
لوکومتیو باتری به باتری نکرده	و اصلا امکان این کار وجود ندارد .	1<2	unknown	joint	conjunction
همه ۱۳جسدی <*> دچار خفگی <*> شده بودند .	لوکومتیو سالم بوده است	1<2	unknown	joint	conjunction
لوکومتیو سالم بوده است	و علت انفجار ، باید چیز دیگری باشد .	1<2	unknown	cause	causal
به گفته این کارگران	انفجار بر اثر افزایش حجم گاز متان بوده	1>2	unknown	attribution	attribution
همه ۱۳جسدی <*> دچار خفگی <*> شده بودند .	انفجار بر اثر افزایش حجم گاز متان بوده	1<2	unknown	joint	conjunction
انفجار بر اثر افزایش حجم گاز متان بوده	و باید زودتر ، گاز از معدن خارج میشده است .	1<2	unknown	joint	conjunction
در حالیکه سازمان استاندارد اعلام کرده	وزارت کار و وزارت صنایع مسیول ایمنی این معدن بودهاند ،	1>2	unknown	attribution	attribution
وزارت کار و وزارت صنایع مسیول ایمنی این معدن بودهاند ،	مسیولان این وزارتخانه تلاش کردند علت حادثه را به یک « خطای انسانی » کاهش دهند	1>2	unknown	contrast	contrast
باتری به باتریکردن لوکوموتیو داخل معدن علت انفجار نبوده	مسیولان این وزارتخانه تلاش کردند علت حادثه را به یک « خطای انسانی » کاهش دهند	1<2	unknown	contrast	contrast
مسیولان این وزارتخانه تلاش کردند علت حادثه را به یک « خطای انسانی » کاهش دهند	و فرضیه باتری به باتریکردن از طرف وزیر صنعت مطرح و به سرعت از طرف رسانهها به عنوان علت اصلی حادثه منتشر شد .	1<2	unknown	cause	causal
مسیولان این وزارتخانه تلاش کردند علت حادثه را به یک « خطای انسانی » کاهش دهند	این معدن <*> هیچکدام از فاکتورهای ایمنی <*> را نداشته است	1<2	unknown	joint	conjunction
این معدن <*> هیچکدام از فاکتورهای ایمنی <*> را نداشته است	به گفته دبیر اتحادیه صادرکنندگان محصولات معدنی	1<2	unknown	attribution	attribution
هیچکدام از فاکتورهای ایمنی	که معادن زغالسنگ باید داشته باشند	1<2	unknown	elaboration	elaboration
این معدن <*> هیچکدام از فاکتورهای ایمنی <*> را نداشته است	با اینحال مسیولان همچنان تلاش میکنند خطای انسانی را عامل اصلی جلوه دهند .	1<2	unknown	contrast	contrast
نسبت دانشآموزان مدارس غیردولتی به کل دانشآموزان ایران در عرض ۲۵ سال بیش از ۱۰۰ برابر شده است ؛	در شرایطی که در سال ۱۳۷۰ از هر ۱۰۰۰ دانشآموز تقریبا ۱ نفر در مدارس غیردولتی تحصیل میکرد ،	1<2	unknown	elaboration	elaboration
در شرایطی که در سال ۱۳۷۰ از هر ۱۰۰۰ دانشآموز تقریبا ۱ نفر در مدارس غیردولتی تحصیل میکرد ،	در سال ۱۳۹۴ این رقم به ۱۰۴ دانشآموز و سال گذشته به ۱۱۵ دانشآموز رسیده است .	1<2	unknown	comparison	concession
در شرایطی که در سال ۱۳۷۰ از هر ۱۰۰۰ دانشآموز تقریبا ۱ نفر در مدارس غیردولتی تحصیل میکرد ،	آماری که بیانگر گرایش شدید آموزش و پرورش دولتهای مختلف به واگذاری وظایف خود به بخش خصوصی است .	1<2	unknown	elaboration	elaboration
نسبت دانشآموزان مدارس غیردولتی به کل دانشآموزان ایران در عرض ۲۵ سال بیش از ۱۰۰ برابر شده است ؛	برای مقایسه ، میزان خصوصیسازی آموزش در کشورهای کانادا و آلمان در مدت مشابه حدود ۲ و ۳ برابر بوده است .	1<2	unknown	comparison	concession
نسبت دانشآموزان مدارس غیردولتی به کل دانشآموزان ایران در عرض ۲۵ سال بیش از ۱۰۰ برابر شده است ؛	همچنین هزینهکرد دولت به ازای هر دانشآموز ( بر حسب درصد از سرانهی تولید ناخالص داخلی ) طی سالهای ۱۳۸۶ تاکنون از ۱۶ درصد به ۷/۶ درصد کاهش یافته است .	1<2	unknown	joint	conjunction
همچنین هزینهکرد دولت به ازای هر دانشآموز ( بر حسب درصد از سرانهی تولید ناخالص داخلی ) طی سالهای ۱۳۸۶ تاکنون از ۱۶ درصد به ۷/۶ درصد کاهش یافته است .	این در	1<2	unknown	background	frame
این در	ست	1<2	unknown	elaboration	elaboration
ست	که میانگین جهانی هزینههای دولتها برای هر دانشآموز ، نزدیک به ۱۶/۷ درصد از سرانهی تولید ناخالص داخلی است	1<2	unknown	elaboration	elaboration
نسبت دانشآموزان مدارس غیردولتی به کل دانشآموزان ایران در عرض ۲۵ سال بیش از ۱۰۰ برابر شده است ؛	و برای نمونه ، کشورهایی همچون آلمان و فرانسه به ترتیب ۱۷/۸ و ۱۸ درصد سرانه تولید ناخالص داخلی خود را به هر دانشآموز اختصاص میدهند	1<2	unknown	topic-comment	comment
و این میزان رو به افزایش است .	برخی از پژوهشگران دانشگاهی مهمترین شاخص شکاف طبقاتی در ایران را بخش آموزش میدانند ؛	1>2	unknown	attribution	attribution
و برای نمونه ، کشورهایی همچون آلمان و فرانسه به ترتیب ۱۷/۸ و ۱۸ درصد سرانه تولید ناخالص داخلی خود را به هر دانشآموز اختصاص میدهند	برخی از پژوهشگران دانشگاهی مهمترین شاخص شکاف طبقاتی در ایران را بخش آموزش میدانند ؛	1<2	unknown	explanation	explanation
برخی از پژوهشگران دانشگاهی مهمترین شاخص شکاف طبقاتی در ایران را بخش آموزش میدانند ؛	مطابق با پژوهش انجام شده در وزارت رفاه ،	1<2	unknown	joint	conjunction
معاون آبخیزداری سازمان جنگلها میگوید	« سفرههای آب زیرزمینی در ۳۳۵ دشت کشور بیلان منفی دارند	1>2	unknown	attribution	attribution
« سفرههای آب زیرزمینی در ۳۳۵ دشت کشور بیلان منفی دارند	و در هشت دشت کشور در حالت فوق بحرانی قرار گرفتهاند	1<2	unknown	joint	conjunction
« سفرههای آب زیرزمینی در ۳۳۵ دشت کشور بیلان منفی دارند	و در مجموع تمامی این موارد زنگ خطری برای بیابانی شدن کشور بهشمار میروند » .	1<2	unknown	cause	causal
وی هشدار داده	که بیابانی شدن ایران صرفا به مناطق خشک کشور محدود نمیشود ؛	1>2	unknown	attribution	attribution
« سفرههای آب زیرزمینی در ۳۳۵ دشت کشور بیلان منفی دارند	که بیابانی شدن ایران صرفا به مناطق خشک کشور محدود نمیشود ؛	1<2	unknown	elaboration	elaboration
که بیابانی شدن ایران صرفا به مناطق خشک کشور محدود نمیشود ؛	« برای مثال ، بیشتر مراتع و جنگلهای استان مازندران با خطر نابودی	1<2	unknown	elaboration	elaboration
« برای مثال ، بیشتر مراتع و جنگلهای استان مازندران با خطر نابودی	مواجها	1<2	unknown	joint	conjunction
ند	و اقلیم این استان در چند قدمی بیابانی شدن قرار دارد » .	1>2	unknown	attribution	attribution
« سفرههای آب زیرزمینی در ۳۳۵ دشت کشور بیلان منفی دارند	و اقلیم این استان در چند قدمی بیابانی شدن قرار دارد » .	1<2	unknown	background	frame
و اقلیم این استان در چند قدمی بیابانی شدن قرار دارد » .	بر اساس دادههای سازمان جنگلها ،	1<2	unknown	elaboration	elaboration
مراتع و آبخیزداری ، درحال حاضر ۳۲ میلیون و ۵۰۰ هزار هکتار از اراضی کشور تبدیل به بیابان شدهاند	که در قالب کویر ، تپههای ماسهای ، اراضی شور و نمکزارها شناخته میشوند .	1>2	unknown	attribution	attribution
و اقلیم این استان در چند قدمی بیابانی شدن قرار دارد » .	که در قالب کویر ، تپههای ماسهای ، اراضی شور و نمکزارها شناخته میشوند .	1<2	unknown	joint	conjunction
پیشتر بنفشه زهرایی ، دبیر کارگروه ملی سازگاری با کمآبی ، گفته بود	« با تداوم وضعیت کنونی مصرف ، سفرههای آب زیرزمینی کشور تا ۱۵ سال دیگر از بین خواهند رفت » .	1>2	unknown	attribution	attribution
و اقلیم این استان در چند قدمی بیابانی شدن قرار دارد » .	« با تداوم وضعیت کنونی مصرف ، سفرههای آب زیرزمینی کشور تا ۱۵ سال دیگر از بین خواهند رفت » .	1<2	unknown	joint	conjunction
بنابر اظهارات مسیولان آبفای آبادان	« میزان شوری و سختی آب بهمنشیر به ۱۶ هزار میکروموس و شوری و سختی آب لولهکشی آبادان به ۸ هزار میکروموس رسیده است » .	1>2	unknown	attribution	attribution
مردم آبادان در اعتراض به عدم دسترسی به آب شرب در مقابل اداره آب این شهر تجمع کردند .	« میزان شوری و سختی آب بهمنشیر به ۱۶ هزار میکروموس و شوری و سختی آب لولهکشی آبادان به ۸ هزار میکروموس رسیده است » .	1<2	unknown	cause	causal
« میزان شوری و سختی آب بهمنشیر به ۱۶ هزار میکروموس و شوری و سختی آب لولهکشی آبادان به ۸ هزار میکروموس رسیده است » .	شوری آب در آبادان و خرمشهر به گونهای بوده	1<2	unknown	elaboration	elaboration
شوری آب در آبادان و خرمشهر به گونهای بوده	که حتی شستن صورت هم باعث سوزش چشمها شده	1<2	unknown	manner-means	mode
که حتی شستن صورت هم باعث سوزش چشمها شده	و برخی مردم برای استحمام هم مجبور به استفاده از آب تصفیه شده شدهاند .	1<2	unknown	joint	conjunction
شوری آب در آبادان و خرمشهر به گونهای بوده	رییس آبفای خرمشهر نیز دلیل شوری بالای آب شرب آبادان و خرمشهر را کاهش ذخایر آب پشت سدها و دبی پایین رودخانهها اعلام کرده است .	1<2	unknown	topic-comment	comment
رییس آبفای خرمشهر نیز دلیل شوری بالای آب شرب آبادان و خرمشهر را کاهش ذخایر آب پشت سدها و دبی پایین رودخانهها اعلام کرده است .	وی این دو عامل را موجب پیشروی آب دریا و شوری آب در خرمشهر دانسته است .	1<2	unknown	elaboration	elaboration
مردم آبادان در اعتراض به عدم دسترسی به آب شرب در مقابل اداره آب این شهر تجمع کردند .	آبادان ، خرمشهر ، اهواز و برخی دیگر از شهرهای خوزستان <*> ست	1<2	unknown	background	frame
آبادان ، خرمشهر ، اهواز و برخی دیگر از شهرهای خوزستان <*> ست	دههها	1<2	unknown	temporal	temporal
آبادان ، خرمشهر ، اهواز و برخی دیگر از شهرهای خوزستان <*> ست	با مشکل آب شرب مواجه ند ؛	1<2	unknown	background	frame
با مشکل آب شرب مواجه ند ؛	این در	1<2	unknown	elaboration	elaboration
این در	حالی	1<2	unknown	joint	conjunction
مردم آبادان در اعتراض به عدم دسترسی به آب شرب در مقابل اداره آب این شهر تجمع کردند .	ست	1<2	unknown	topic-comment	comment
ست	که پروژههای انتقال آب از سرچشمههای کارون و خوزستان ، با موافقت سازمان محیطزیست به دیگر مناطق کماکان ادامه دارد	1<2	unknown	elaboration	elaboration
یک مادر به همراه فرزند ش در خراسان رضوی برای پرداخت هزینه یک میلیون و ۲۰۰هزار تومانی بیمارستان گرو گرفته شدهاند .	با اینکه این مادر به همراه همسر ش پیش از زایمان اصرار داشتند به بیمارستان دولتی فرستاده شوند	1<2	unknown	elaboration	elaboration
با اینکه این مادر به همراه همسر ش پیش از زایمان اصرار داشتند به بیمارستان دولتی فرستاده شوند	اما اورژانس آنها را به یک بیمارستان خیریه برده است .	1<2	unknown	contrast	contrast
با اینکه این مادر به همراه همسر ش پیش از زایمان اصرار داشتند به بیمارستان دولتی فرستاده شوند	مادر زایمان طبیعی داشته	1<2	unknown	joint	conjunction
مادر زایمان طبیعی داشته	که بر اساس طرح تحول سلامت کاملا رایگان است	1<2	unknown	elaboration	elaboration
مادر زایمان طبیعی داشته	اما بیمه سلامت در بیمارستانهای خصوصی هیچ ارزشی ندارد .	1<2	unknown	contrast	contrast
هر روز که میگذرد	۳۸۰ هزار تومان به هزینههای بیمارستان اضافه میشود	1>2	unknown	temporal	temporal
با اینکه این مادر به همراه همسر ش پیش از زایمان اصرار داشتند به بیمارستان دولتی فرستاده شوند	۳۸۰ هزار تومان به هزینههای بیمارستان اضافه میشود	1<2	unknown	joint	conjunction
۳۸۰ هزار تومان به هزینههای بیمارستان اضافه میشود	و تلاش مددکاران این بیمارستان هم تنها به تخفیف ۴۰۰ هزار تومانی محدود شده است .	1<2	unknown	joint	conjunction
براساس اصل ۴۳ قانون اساسی	بهداشت و درمان و آموزش و پرورش باید برای عموم مردم رایگان باشد ،	1>2	unknown	attribution	attribution
یک مادر به همراه فرزند ش در خراسان رضوی برای پرداخت هزینه یک میلیون و ۲۰۰هزار تومانی بیمارستان گرو گرفته شدهاند .	بهداشت و درمان و آموزش و پرورش باید برای عموم مردم رایگان باشد ،	1<2	unknown	background	frame
با اینحال وزیر بهداشت معتقد است	« افکار سوسیالیستی هنوز در ذهن برخی از تصمیم گیرندگان رسوباتی دارد	1>2	unknown	attribution	attribution
بهداشت و درمان و آموزش و پرورش باید برای عموم مردم رایگان باشد ،	« افکار سوسیالیستی هنوز در ذهن برخی از تصمیم گیرندگان رسوباتی دارد	1<2	unknown	contrast	contrast
و	معتقد	1>2	unknown	cause	causal
« افکار سوسیالیستی هنوز در ذهن برخی از تصمیم گیرندگان رسوباتی دارد	معتقد	1<2	unknown	cause	causal
معتقد	ند	1<2	unknown	joint	conjunction
یک مادر به همراه فرزند ش در خراسان رضوی برای پرداخت هزینه یک میلیون و ۲۰۰هزار تومانی بیمارستان گرو گرفته شدهاند .	که حوزه سلامت حاکمیتی است	1<2	unknown	evaluation	comment
که حوزه سلامت حاکمیتی است	و نباید اجازه ورود بخش خصوصی را داد . »	1<2	unknown	contrast	contrast
سخنگوی سازمان هواپیمایی کشوری گفته	« هماکنون ۲ تا ۲/۵ درصد مردم ایران از سیستم حمل و نقل هوایی استفاده میکنند » .	1>2	unknown	attribution	attribution
بهدلیل بالا بودن قیمت بلیت هواپیماها	« هماکنون ۲ تا ۲/۵ درصد مردم ایران از سیستم حمل و نقل هوایی استفاده میکنند » .	1>2	unknown	cause	causal
آنگونه که رضا جعفرزاده اعلام کرده	« سازمان هواپیمایی طبق قانون ، نرخ تکلیفی برای شرکتهای هواپیمایی ندارد ؛	1>2	unknown	attribution	attribution
« هماکنون ۲ تا ۲/۵ درصد مردم ایران از سیستم حمل و نقل هوایی استفاده میکنند » .	« سازمان هواپیمایی طبق قانون ، نرخ تکلیفی برای شرکتهای هواپیمایی ندارد ؛	1<2	unknown	explanation	explanation
« سازمان هواپیمایی طبق قانون ، نرخ تکلیفی برای شرکتهای هواپیمایی ندارد ؛	اما مدیران عامل شرکتهای هواپیمایی دامنه نرخی را بر اساس هزینههای تمام شده یک ساعت صندلی پرواز تعیین کردهاند » .	1<2	unknown	contrast	contrast
امروز در واکنش به گرانی بلیتهای هواپیما ، انجمن شرکتهای هواپیمایی گفته	قیمتها را محدود کرده	1>2	unknown	attribution	attribution
« هماکنون ۲ تا ۲/۵ درصد مردم ایران از سیستم حمل و نقل هوایی استفاده میکنند » .	قیمتها را محدود کرده	1<2	unknown	topic-comment	comment
قیمتها را محدود کرده	و بر این اساس دیگر « خبری از بلیتهای بالای یک میلیون تومان نیست » .	1<2	unknown	cause	causal
« هماکنون ۲ تا ۲/۵ درصد مردم ایران از سیستم حمل و نقل هوایی استفاده میکنند » .	آزادسازی قیمت بلیت هواپیماها در دولت حسن روحانی و وزارت عباس آخوندی عملیاتی شد ؛	1<2	unknown	elaboration	elaboration
آخوندی چهار سال پیش در پاسخ به انتقادات از گرانیهای ناشی از اجرای چنین سیاستی ، ادعا کرده بود	« این موضوع به پروازهای چارتری ارتباط پیدا میکند	1>2	unknown	attribution	attribution
آزادسازی قیمت بلیت هواپیماها در دولت حسن روحانی و وزارت عباس آخوندی عملیاتی شد ؛	« این موضوع به پروازهای چارتری ارتباط پیدا میکند	1<2	unknown	elaboration	elaboration
« این موضوع به پروازهای چارتری ارتباط پیدا میکند	که اتفاقا با آزادسازی بلیت این موضوع از بین میرود » .	1<2	unknown	elaboration	elaboration
آخوندی همچنین مدعی بود	که « آزادسازی قیمتها مرحله نخست نوسازی صنعت هوانوردی است » .	1>2	unknown	attribution	attribution
« این موضوع به پروازهای چارتری ارتباط پیدا میکند	که « آزادسازی قیمتها مرحله نخست نوسازی صنعت هوانوردی است » .	1<2	unknown	joint	conjunction
رییس سازمان هواپیمایی کشوری نیز در آن زمان گفته بود	« آزادسازی نرخ بلیت هواپیما لزوما به معنای گران شدن قیمت بلیت هواپیما نیست » .	1>2	unknown	attribution	attribution
« این موضوع به پروازهای چارتری ارتباط پیدا میکند	« آزادسازی نرخ بلیت هواپیما لزوما به معنای گران شدن قیمت بلیت هواپیما نیست » .	1<2	unknown	joint	conjunction
« آزادسازی نرخ بلیت هواپیما لزوما به معنای گران شدن قیمت بلیت هواپیما نیست » .	برخلاف ادعاهای آخوندی ، نه تنها از قیمت بلیتها کاسته نشده است ؛	1<2	unknown	contrast	contrast
برخلاف ادعاهای آخوندی ، نه تنها از قیمت بلیتها کاسته نشده است ؛	بلکه با وجود گذشت چهار سال از اعمال سیاستهای مورد پسند وی ، قیمت بلیتها با افزایش روبرو شده	1<2	unknown	contrast	contrast
بلکه با وجود گذشت چهار سال از اعمال سیاستهای مورد پسند وی ، قیمت بلیتها با افزایش روبرو شده	و از تاثیر آن بر نوسازی صنعت هواپیمایی کشور نیز اطلاعی در دست نیست .	1<2	unknown	joint	conjunction
معاون توسعه سازمان نظام پرستاری ضمن انتقاد از « پزشکمداری » در نظام سلامت ایران گفته	فقط ۵۰ درصد از نیاز درمانی بیماران مورد رسیدگی قرار میگیرد	1>2	unknown	attribution	attribution
بهدلیل کمبود پرستار	فقط ۵۰ درصد از نیاز درمانی بیماران مورد رسیدگی قرار میگیرد	1>2	unknown	cause	causal
فقط ۵۰ درصد از نیاز درمانی بیماران مورد رسیدگی قرار میگیرد	و « این یعنی مردم تا حد مرگ و میر خسارت میبینند » .	1<2	unknown	cause	causal
بر اساس آماری	در کشورهای بلژیک ، هلند و سوید به ازا هر ۱۰۰۰ نفر جمعیت ۱۰ پرستار وجود دارد .	1>2	unknown	attribution	attribution
بر اساس آماری	که محمد شریفیمقد م ارایه کرده ،	1<2	unknown	elaboration	elaboration
فقط ۵۰ درصد از نیاز درمانی بیماران مورد رسیدگی قرار میگیرد	در کشورهای بلژیک ، هلند و سوید به ازا هر ۱۰۰۰ نفر جمعیت ۱۰ پرستار وجود دارد .	1<2	unknown	explanation	explanation
این حد بهطور متوسط در استاندارد جهانی ۶ پرستار است	و کشورهای همسایه ایران مانند ارمنستان یا گرجستان نیز این جمعیت پرستار ۶ نفره را طبق استاندارد دارا هستند .	1>2	unknown	background	frame
در کشورهای بلژیک ، هلند و سوید به ازا هر ۱۰۰۰ نفر جمعیت ۱۰ پرستار وجود دارد .	و کشورهای همسایه ایران مانند ارمنستان یا گرجستان نیز این جمعیت پرستار ۶ نفره را طبق استاندارد دارا هستند .	1<2	unknown	joint	conjunction
در کشورهای بلژیک ، هلند و سوید به ازا هر ۱۰۰۰ نفر جمعیت ۱۰ پرستار وجود دارد .	اما در ایران به ازای هر ۱۰۰۰ نفر جمعیت یک و نیم نفر پرستار موجود است .	1<2	unknown	contrast	contrast
دبیر کل خانه پرستار اعلام کرده	که منتظر یم تا ۱۰ هزار پرستار استخدام شوند .	1>2	unknown	attribution	attribution
« این کمبود در کادر پرستاری درحالی است	که منتظر یم تا ۱۰ هزار پرستار استخدام شوند .	1>2	unknown	cause	causal
« این کمبود در کادر پرستاری درحالی است	که ما ۲۰ هزار پرستار بیکار در کشور داریم .	1<2	unknown	elaboration	elaboration
نزدیک به دوسال است	که منتظر یم تا ۱۰ هزار پرستار استخدام شوند .	1>2	unknown	temporal	temporal
فقط ۵۰ درصد از نیاز درمانی بیماران مورد رسیدگی قرار میگیرد	که منتظر یم تا ۱۰ هزار پرستار استخدام شوند .	1<2	unknown	elaboration	elaboration
سالانه ۴ هزار پرستار بازنشستی داریم	و میگوییم همین را جایگزین کنید	1>2	unknown	background	frame
که منتظر یم تا ۱۰ هزار پرستار استخدام شوند .	و میگوییم همین را جایگزین کنید	1<2	unknown	evaluation	comment
و میگوییم همین را جایگزین کنید	تا وضعیت رسیدگی به بیماران بدتر نشود .	1<2	unknown	enablement	purpose
حقوق پرستاران معمولا ۲ تا ۳ میلیون تومان است	سالانه ۶۰۰ میلیارد برای دولت هزینه خواهد داشت	1>2	unknown	cause	causal
و اگر بخواهند ۱۰ هزار پرستار استخدام کنند ،	سالانه ۶۰۰ میلیارد برای دولت هزینه خواهد داشت	1>2	unknown	condition	condition
که منتظر یم تا ۱۰ هزار پرستار استخدام شوند .	سالانه ۶۰۰ میلیارد برای دولت هزینه خواهد داشت	1<2	unknown	joint	conjunction
سالانه ۶۰۰ میلیارد برای دولت هزینه خواهد داشت	که میتواند جلوی بسیاری از خسارات به مردم را بگیرد » .	1<2	unknown	elaboration	elaboration
فقط ۵۰ درصد از نیاز درمانی بیماران مورد رسیدگی قرار میگیرد	شریفیمقدم همچنین به انتقاد از « طرح تحول سلامت » پرداخته	1<2	unknown	topic-change	conjunction
و گفته	طرح تحول سلامت توان اقتصادی صندوق تامین اجتماعی را به نابودی کشانده است	1>2	unknown	attribution	attribution
شریفیمقدم همچنین به انتقاد از « طرح تحول سلامت » پرداخته	طرح تحول سلامت توان اقتصادی صندوق تامین اجتماعی را به نابودی کشانده است	1<2	unknown	explanation	explanation
طرح تحول سلامت توان اقتصادی صندوق تامین اجتماعی را به نابودی کشانده است	و آتیه افراد بازنشسته را از بین خواهد برد .	1<2	unknown	cause	causal
شریفیمقدم همچنین به انتقاد از « طرح تحول سلامت » پرداخته	وی طرح تحول سلامت را « نمایشی » توصیف کرده	1<2	unknown	explanation	explanation
و توضیح داده	« صندوق تامین اجتماعی هم اکنون تحت فشار سنگینی قرار دارد	1>2	unknown	attribution	attribution
وی طرح تحول سلامت را « نمایشی » توصیف کرده	« صندوق تامین اجتماعی هم اکنون تحت فشار سنگینی قرار دارد	1<2	unknown	explanation	explanation
« صندوق تامین اجتماعی هم اکنون تحت فشار سنگینی قرار دارد	که به سختی از پس پرداخت حقوق متعهدین خود برمیآید ؛	1<2	unknown	elaboration	elaboration
« صندوق تامین اجتماعی هم اکنون تحت فشار سنگینی قرار دارد	این بیتردید ناشی از فشاری است	1<2	unknown	evaluation	comment
این بیتردید ناشی از فشاری است	که بابت طرح نمایشی تحول سلامت متحمل شده است » .	1<2	unknown	elaboration	elaboration
انوشیروان محسنی بندپی ، استاندار تهران ، در جلسه ساماندهی کودکان کار ، با اشاره به شیوع کرونا در کشور اعلام کرده است	که « ساماندهی کودکان کار باید به شکل ضربتی و با سرعت بیشتری در این شرایط انجام شود » .	1>2	unknown	attribution	attribution
او با استناد به توافقنامه استانداری و بهزیستی ، گفته است	« کودکانی <*> با مراجعه و تعهد خانوادهها تحویل داده میشوند .	1>2	unknown	attribution	attribution
که « ساماندهی کودکان کار باید به شکل ضربتی و با سرعت بیشتری در این شرایط انجام شود » .	« کودکانی <*> با مراجعه و تعهد خانوادهها تحویل داده میشوند .	1<2	unknown	elaboration	elaboration
« کودکانی <*> با مراجعه و تعهد خانوادهها تحویل داده میشوند .	که جمعآوری میشوند	1<2	unknown	elaboration	elaboration
اگر حضور آنها برای بار اول باشد	با مراجعه و تعهد خانوادهها تحویل داده میشوند .	1>2	unknown	condition	condition
« کودکانی <*> با مراجعه و تعهد خانوادهها تحویل داده میشوند .	در مورد کودکانی <*> ظرف مدت ۸ روز باید تعیین تکلیف شوند	1<2	unknown	joint	conjunction
در مورد کودکانی <*> ظرف مدت ۸ روز باید تعیین تکلیف شوند	که برای دومین بار و علی رغم تعهد جمع آوری میشوند	1<2	unknown	elaboration	elaboration
و اگر کودکان ایرانی بودند	تحویل مراکز بهریستی شوند	1>2	unknown	condition	condition
در مورد کودکانی <*> ظرف مدت ۸ روز باید تعیین تکلیف شوند	تحویل مراکز بهریستی شوند	1<2	unknown	elaboration	elaboration
و اگر از اتباع بودند	تمهیدات و تسهیلات لازم برای خروج آنها از مرز فراهم شود » .	1>2	unknown	condition	condition
تحویل مراکز بهریستی شوند	تمهیدات و تسهیلات لازم برای خروج آنها از مرز فراهم شود » .	1<2	unknown	joint	conjunction
که « ساماندهی کودکان کار باید به شکل ضربتی و با سرعت بیشتری در این شرایط انجام شود » .	اگرچه این روزها خبرهای دیگری هم شنیدیم	1<2	unknown	cause	causal
اگرچه این روزها خبرهای دیگری هم شنیدیم	که نشان از تلاش جمعیتهای داوطلب برای آموزش و رساندن وسایل ضدعفونیکننده و ماسک به کودکان کار در شهرهایی مثل بوشهر و شیراز داشت ،	1<2	unknown	elaboration	elaboration
اگرچه این روزها خبرهای دیگری هم شنیدیم	اما سیاست اصلی دولت در قبال کودکان کار همچنان همان است که بود ؛	1<2	unknown	contrast	contrast
اما سیاست اصلی دولت در قبال کودکان کار همچنان همان است که بود ؛	رد مرز و جمعآوری .	1<2	unknown	elaboration	elaboration
اما سیاست اصلی دولت در قبال کودکان کار همچنان همان است که بود ؛	اسم رمز « ساماندهی »	1<2	unknown	explanation	explanation
اسم رمز « ساماندهی »	سالها ست که	1<2	unknown	temporal	temporal
اسم رمز « ساماندهی »	به عنوان راهبرد اصلی دولتها در ایران در مواجهه با مسیله کار کودکان دنبال میشود .	1<2	unknown	temporal	temporal
اسم رمز « ساماندهی »	واکنشهای « ضربتی » دولت در موقعیتهای بحرانی چون شیوع بیماریهای واگیرداری مثل کرونا هم بیش از آنکه ناشی از ناچارگی دولت باشد ،	1<2	unknown	joint	conjunction
واکنشهای « ضربتی » دولت در موقعیتهای بحرانی چون شیوع بیماریهای واگیرداری مثل کرونا هم بیش از آنکه ناشی از ناچارگی دولت باشد ،	دنباله سیاستهایی است	1<2	unknown	contrast	contrast
دنباله سیاستهایی است	که همواره به تداوم انواع محرومیتهای اقتصادی و اجتماعی در میان اقشار فرودست جامعه دامن زدهاند .	1<2	unknown	elaboration	elaboration
شهرداری و بنیاد مستضعفان با هم به توافق رسیدهاند که پارکینگ پروانه را به پلاسکو تحویل دهند	تا در اختیار مراجعهکنندگان آنها قرار بگیرد .	1<2	unknown	attribution	attribution
شهرداری و بنیاد مستضعفان با هم به توافق رسیدهاند که پارکینگ پروانه را به پلاسکو تحویل دهند	با این تصمیم نه تنها یکی از جمعهبازارهای مهم شهری در چند سال گذشته جمع میشود ،	1<2	unknown	cause	causal
با این تصمیم نه تنها یکی از جمعهبازارهای مهم شهری در چند سال گذشته جمع میشود ،	بلکه بخش مهمی از درآمد ۱۳۰۰ فروشنده این بازار نیز از بین میرود ؛	1<2	unknown	joint	conjunction
بلکه بخش مهمی از درآمد ۱۳۰۰ فروشنده این بازار نیز از بین میرود ؛	غرفهدارانی که با این خبر امید شان به حضور بیشتر مردم با نزدیک شدن نوروز ، به یاس تبدیل شده است .	1<2	unknown	elaboration	elaboration
مجید کاظمیان ، مدیر روابط عمومی جمعه بازار ، میگوید :	« به ما اعلام شده که این هفته آخر کار غرفهداران در پارکینگ پروانه است .	1>2	unknown	attribution	attribution
شهرداری و بنیاد مستضعفان با هم به توافق رسیدهاند که پارکینگ پروانه را به پلاسکو تحویل دهند	« به ما اعلام شده که این هفته آخر کار غرفهداران در پارکینگ پروانه است .	1<2	unknown	elaboration	elaboration
« به ما اعلام شده که این هفته آخر کار غرفهداران در پارکینگ پروانه است .	تا امروز هیچ جایگزینی به ما معرفی نکردند	1<2	unknown	contrast	contrast
تا امروز هیچ جایگزینی به ما معرفی نکردند	که مناسب باشد .	1<2	unknown	elaboration	elaboration
در سالهای گذشته این مجموعه در بین مردم محبوبیت بسیاری پیدا کرده بود	و حالا شاهد این هستیم که تنها دلخوشی ۱۳۰۰ خانواده از بین میرود . »	1>2	unknown	contrast	contrast
« به ما اعلام شده که این هفته آخر کار غرفهداران در پارکینگ پروانه است .	و حالا شاهد این هستیم که تنها دلخوشی ۱۳۰۰ خانواده از بین میرود . »	1<2	unknown	cause	causal
در چند سال گذشته بارها مسوولان اعلام کردند	که دستفروشها تبدیل به « مشکل شهری » شدهاند .	1>2	unknown	attribution	attribution
که دستفروشها تبدیل به « مشکل شهری » شدهاند .	بارها دستفروشان را از خیابان جمع و در فضاهای محدود و غیر خیابانی ساماندهی کردند .	1>2	unknown	cause	causal
شهرداری و بنیاد مستضعفان با هم به توافق رسیدهاند که پارکینگ پروانه را به پلاسکو تحویل دهند	بارها دستفروشان را از خیابان جمع و در فضاهای محدود و غیر خیابانی ساماندهی کردند .	1<2	unknown	evaluation	comment
بارها دستفروشان را از خیابان جمع و در فضاهای محدود و غیر خیابانی ساماندهی کردند .	حالا به نظر میرسد پارکینگ پروانه تهران ، یکی از مهمترین فضاهای متمرکز دستفروشان هم قرار است تعطیل شود .	1<2	unknown	contrast	contrast
یک شرکت مشاور برای شرکت در مسابقه طراحی ساختمان پلاسکو دعوت شده است	کمیسیون ماده ۵ شهرداری تهران <*> مجوز احداث ساختمانی ۱۵ طبقه را در محل پلاسکوی کنونی صادر کرد	1>2	unknown	background	frame
یک شرکت مشاور برای شرکت در مسابقه طراحی ساختمان پلاسکو دعوت شده است	اما این شرکت مشاور در نامهای <*> از شرکت در این مسابقه انصراف داده است .	1<2	unknown	contrast	contrast
اما این شرکت مشاور در نامهای <*> از شرکت در این مسابقه انصراف داده است .	به دلیل « عدم رعایت مصوبه شورایعالی و عدم ثبت مسابقه در دبیرخانه مسابقات معماری و شهرسازی »	1<2	unknown	explanation	explanation
کمیسیون ماده ۵ شهرداری تهران <*> مجوز احداث ساختمانی ۱۵ طبقه را در محل پلاسکوی کنونی صادر کرد	به بهانه رفع دغدغه کسبه	1<2	unknown	cause	causal
کمیسیون ماده ۵ شهرداری تهران <*> مجوز احداث ساختمانی ۱۵ طبقه را در محل پلاسکوی کنونی صادر کرد	این درحالی است که متولی صدور مجوز ساختمان بلندمرتبه شورایعالی معماری و شهرسازی است	1<2	unknown	contrast	contrast
و این شورا تصویب کرده است	که تا اطلاع ثانوی هیچ بلندمرتبه جدید در پایتخت احداث نشود .	1>2	unknown	attribution	attribution
این درحالی است که متولی صدور مجوز ساختمان بلندمرتبه شورایعالی معماری و شهرسازی است	که تا اطلاع ثانوی هیچ بلندمرتبه جدید در پایتخت احداث نشود .	1<2	unknown	joint	conjunction
که تا اطلاع ثانوی هیچ بلندمرتبه جدید در پایتخت احداث نشود .	اما <*> مالک زمین ( بنیاد مستضعفان ) اقدام به برگزاری مسابقه طراحی برای ساختمان پلاسکو کرده است	1<2	unknown	contrast	contrast
اما <*> مالک زمین ( بنیاد مستضعفان ) اقدام به برگزاری مسابقه طراحی برای ساختمان پلاسکو کرده است	علیرغم مخالفت شورایعالی نسبت به این موضوع ،	1<2	unknown	contrast	contrast
اما <*> مالک زمین ( بنیاد مستضعفان ) اقدام به برگزاری مسابقه طراحی برای ساختمان پلاسکو کرده است	و به همین دلیل نیز در دبیرخانه مسابقات معماری و شهرسازی ثبت نکرده است .	1<2	unknown	cause	causal
این روایت داستانی تکراری در شهر تهران است	رشد ساختمانهای مسکونی و تجاری بلندمرتبه در دهه اخیر در شهر تهران ناشی از این همدستی است	1>2	unknown	cause	causal
این روایت داستانی تکراری در شهر تهران است	که نهادهای خصوصی برای منافع اقتصادی و سیاسی خود قوانین را نادیده میگیرند	1<2	unknown	explanation	explanation
که نهادهای خصوصی برای منافع اقتصادی و سیاسی خود قوانین را نادیده میگیرند	یا آنها را تغییر میدهند	1<2	unknown	joint	conjunction
که نهادهای خصوصی برای منافع اقتصادی و سیاسی خود قوانین را نادیده میگیرند	و شهرداری تهران نیز با آنها همراهی میکند .	1<2	unknown	joint	conjunction
کمیسیون ماده ۵ شهرداری تهران <*> مجوز احداث ساختمانی ۱۵ طبقه را در محل پلاسکوی کنونی صادر کرد	رشد ساختمانهای مسکونی و تجاری بلندمرتبه در دهه اخیر در شهر تهران ناشی از این همدستی است	1<2	unknown	evaluation	comment
رشد ساختمانهای مسکونی و تجاری بلندمرتبه در دهه اخیر در شهر تهران ناشی از این همدستی است	که نمونههای غولمقیاس آن را در منطقه ۲۲ میبینیم .	1<2	unknown	elaboration	elaboration
رشد ساختمانهای مسکونی و تجاری بلندمرتبه در دهه اخیر در شهر تهران ناشی از این همدستی است	در این وضعیت شرکتهای مشاور نیز مستقیم یا غیرمستقیم مشارکت دارند	1<2	unknown	elaboration	elaboration
در این وضعیت شرکتهای مشاور نیز مستقیم یا غیرمستقیم مشارکت دارند	و این موضوع باعث مشروعیتزدایی از این شرکتهای مشاور شده است .	1<2	unknown	cause	causal
در این وضعیت شرکتهای مشاور نیز مستقیم یا غیرمستقیم مشارکت دارند	در این وضعیت اما شرکتهایی وجود دارند	1<2	unknown	contrast	contrast
در این وضعیت اما شرکتهایی وجود دارند	که تن به این شکل از همدستی نمیدهند	1<2	unknown	elaboration	elaboration
در این وضعیت اما شرکتهایی وجود دارند	با این که حرکت خلاف این جریان تبعات سنگینی برای آنها خواهد داشت .	1<2	unknown	contrast	contrast
حجتالاسلام علی ذوعلم در گفتوگو با ایسنا گفته :	« فراخوانی برای دریافت نظرات معلمان پیرامون قطع کتب درسی و کوچکتر شدن آن انجام شد .	1>2	unknown	attribution	attribution
با بالا رفتن قیمت کاغذ ، رییس سازمان پژوهش و برنامهریزی آموزشی از احتمال تغییر ابعاد کتابهای درسی خبر داد .	« فراخوانی برای دریافت نظرات معلمان پیرامون قطع کتب درسی و کوچکتر شدن آن انجام شد .	1<2	unknown	summary	organization
« فراخوانی برای دریافت نظرات معلمان پیرامون قطع کتب درسی و کوچکتر شدن آن انجام شد .	در نظرخواهی ۸۰ درصد موافق این اقدام بودند ،	1<2	unknown	elaboration	elaboration
در نظرخواهی ۸۰ درصد موافق این اقدام بودند ،	ولی خب تعداد زیادی افراد در نظرخواهی شرکت نکرده بودند	1<2	unknown	contrast	contrast
در نظرخواهی ۸۰ درصد موافق این اقدام بودند ،	و به همین علت باید از پژوهشها و مطالعات انجامشده در این زمینه نیز استفاده کنیم	1<2	unknown	cause	causal
و به همین علت باید از پژوهشها و مطالعات انجامشده در این زمینه نیز استفاده کنیم	و بعد تصمیمگیری نهایی را انجام دهیم . »	1<2	unknown	joint	conjunction
با بالا رفتن قیمت کاغذ ، رییس سازمان پژوهش و برنامهریزی آموزشی از احتمال تغییر ابعاد کتابهای درسی خبر داد .	با توجه به افزایش سرسامآور قیمت کاغذ در سال جاری ، بهینهسازی ابعاد کتابهای درسی میتواند یکی از راههای صرفهجویی در هزینهها باشد .	1<2	unknown	explanation	explanation
کتابهای درسی دوره دوم ابتدایی در سالهای گذشته با قطع رحلی ۲۸۲۲ سانتیمتر در اختیار دانشآموزان قرار میگرفت .	بیش از ۲ هزار تن در مصرف کاغذ در سال صرفهجویی میشود .	1>2	unknown	background	frame
اگر این ابعاد به قطع وزیری ۲۳۱۶ سانتیمتر تغییر کند	بیش از ۲ هزار تن در مصرف کاغذ در سال صرفهجویی میشود .	1>2	unknown	attribution	attribution
با توجه به افزایش سرسامآور قیمت کاغذ در سال جاری ، بهینهسازی ابعاد کتابهای درسی میتواند یکی از راههای صرفهجویی در هزینهها باشد .	بیش از ۲ هزار تن در مصرف کاغذ در سال صرفهجویی میشود .	1<2	unknown	elaboration	elaboration
با بالا رفتن قیمت کاغذ ، رییس سازمان پژوهش و برنامهریزی آموزشی از احتمال تغییر ابعاد کتابهای درسی خبر داد .	در روزهای گذشته قیمت هر بند کاغذ تحریر از مرز ۵۰۰ هزارتومان هم گذشته است .	1<2	unknown	elaboration	elaboration
در روزهای گذشته قیمت هر بند کاغذ تحریر از مرز ۵۰۰ هزارتومان هم گذشته است .	افزایش سرسامآور قیمت کاغذ در ماههای اخیر نهتنها بر بازار نشر ،	1<2	unknown	cause	causal
افزایش سرسامآور قیمت کاغذ در ماههای اخیر نهتنها بر بازار نشر ،	بلکه بر سیستم آموزشی نیز تاثیر گذاشته .	1<2	unknown	joint	conjunction
۹۰ درصد از کاغذ کشور وارداتی است	و تغییرات نرخ ارز و عدم نظارت بر قیمتگذاری بر بالا رفتن قیمت نقش داشته است .	1>2	unknown	cause	causal
در روزهای گذشته قیمت هر بند کاغذ تحریر از مرز ۵۰۰ هزارتومان هم گذشته است .	و تغییرات نرخ ارز و عدم نظارت بر قیمتگذاری بر بالا رفتن قیمت نقش داشته است .	1<2	unknown	evaluation	comment
سازمان پژوهش و برنامهریزی آموزشی اعلام کرده	که گرانی کاغذ تاثیر مستقیمی روی این تصمیم نذاشته	1>2	unknown	attribution	attribution
در روزهای گذشته قیمت هر بند کاغذ تحریر از مرز ۵۰۰ هزارتومان هم گذشته است .	که گرانی کاغذ تاثیر مستقیمی روی این تصمیم نذاشته	1<2	unknown	explanation	explanation
که گرانی کاغذ تاثیر مستقیمی روی این تصمیم نذاشته	اما بیتاثیر هم نبوده است .	1<2	unknown	contrast	contrast
نشت نفت از بخاری یک مدرسه کانکسی در استان بوشهر را به آتش کشید .	این واقعه در روستای بارگاهی استان بوشهر رخ داده	1<2	unknown	elaboration	elaboration
این واقعه در روستای بارگاهی استان بوشهر رخ داده	و طی آن تمامی میز و نیکمتها و وسایل دانشآموزان در آتش از بین رفته است .	1<2	unknown	joint	conjunction
طبق گفته نایب رییس شورای این روستا ،	« فداکاری حسن مال احمدی ، معلم مدرسه باعث شد ۲۴ دانشآموز مدرسه از مرگ نجات پیدا کنند » .	1>2	unknown	attribution	attribution
و طی آن تمامی میز و نیکمتها و وسایل دانشآموزان در آتش از بین رفته است .	« فداکاری حسن مال احمدی ، معلم مدرسه باعث شد ۲۴ دانشآموز مدرسه از مرگ نجات پیدا کنند » .	1<2	unknown	contrast	contrast
روستای بارگاهی دارای یک مدرسه بود	از آن زمان ، ۴۰ دانشآموز مقطع ابتدایی این روستا در کانکس به ادامه تحصیل مشغول ند .	1>2	unknown	cause	causal
روستای بارگاهی دارای یک مدرسه بود	که در زلزله ۲ سال پیش دشتستان از بین رفت .	1<2	unknown	elaboration	elaboration
نشت نفت از بخاری یک مدرسه کانکسی در استان بوشهر را به آتش کشید .	از آن زمان ، ۴۰ دانشآموز مقطع ابتدایی این روستا در کانکس به ادامه تحصیل مشغول ند .	1<2	unknown	background	frame
نشت نفت از بخاری یک مدرسه کانکسی در استان بوشهر را به آتش کشید .	آتشسوزی در مدارس ناشی از سیستمهای گرمایشی ناایمن ، بارها به مرگ و سوختگی دانشآموزان منجر شده است .	1<2	unknown	elaboration	elaboration
آتشسوزی در مدارس ناشی از سیستمهای گرمایشی ناایمن ، بارها به مرگ و سوختگی دانشآموزان منجر شده است .	از جمله آذرماه سال ۹۱ آتشسوزی در مدرسه انقلاب اسلامی شینآباد پیرانشهر باعث سوختگی ۲۹ دانشآموز این مدرسه و مرگ دو تن از آنها شد .	1<2	unknown	elaboration	elaboration
از جمله آذرماه سال ۹۱ آتشسوزی در مدرسه انقلاب اسلامی شینآباد پیرانشهر باعث سوختگی ۲۹ دانشآموز این مدرسه و مرگ دو تن از آنها شد .	چند هفته پیش نیز حادثه مشابهی در مدرسه روستای قوبوز آذربایجانشرقی رخ داد	1<2	unknown	joint	conjunction
چند هفته پیش نیز حادثه مشابهی در مدرسه روستای قوبوز آذربایجانشرقی رخ داد	که ۸ دانشآموز کلاس باز هم توسط معلم نجات یافتند	1<2	unknown	elaboration	elaboration
که ۸ دانشآموز کلاس باز هم توسط معلم نجات یافتند	و معلم خود دچار سوختگی شد .	1<2	unknown	joint	conjunction
معاون وزیر آموزش و پرورش چندی پیش ضمن اعلام ممنوعیت استفاده از بخاریهای غیراستاندارد گفته بود	« آموزش و پرورش از لحاظ تامین بخاریهای مجاز و استاندارد هیچ مشکل بودجهای ندارد » .	1>2	unknown	attribution	attribution
آتشسوزی در مدارس ناشی از سیستمهای گرمایشی ناایمن ، بارها به مرگ و سوختگی دانشآموزان منجر شده است .	« آموزش و پرورش از لحاظ تامین بخاریهای مجاز و استاندارد هیچ مشکل بودجهای ندارد » .	1<2	unknown	topic-comment	comment
در همین حال یکی از اعضای کمیسیون آموزش و تحقیقات مجلس نیز خبر داده بود	که برخی مدارس کشور با « بخاریهای هیزمی » گرم نگه داشته میشوند .	1>2	unknown	attribution	attribution
« آموزش و پرورش از لحاظ تامین بخاریهای مجاز و استاندارد هیچ مشکل بودجهای ندارد » .	که برخی مدارس کشور با « بخاریهای هیزمی » گرم نگه داشته میشوند .	1<2	unknown	contrast	contrast
« آموزش و پرورش از لحاظ تامین بخاریهای مجاز و استاندارد هیچ مشکل بودجهای ندارد » .	از میان حدود ۵۳۰ هزار کلاس درس در ایران ، کماکان ۹۶ هزار کلاس درس فاقد سیستم گرمایشی استاندارد هستند .	1<2	unknown	background	frame
یکی از کارشناسان تامین اجتماعی میگوید	تعداد خانوادههایی <*> علیرغم تبلیغات فراوان روی این طرح افزایش پیدا کرده است .	1>2	unknown	attribution	attribution
« بعد از اجرای طرح تحول سلامت تحقیقاتی انجام شده	تعداد خانوادههایی <*> علیرغم تبلیغات فراوان روی این طرح افزایش پیدا کرده است .	1>2	unknown	attribution	attribution
« بعد از اجرای طرح تحول سلامت تحقیقاتی انجام شده	و به لحاظ آماری بررسیهایی انجام شده	1<2	unknown	joint	conjunction
و به لحاظ آماری بررسیهایی انجام شده	که نشان میدهد ،	1<2	unknown	elaboration	elaboration
تعداد خانوادههایی <*> علیرغم تبلیغات فراوان روی این طرح افزایش پیدا کرده است .	که در حوزه درمان مشکل دارند ،	1<2	unknown	elaboration	elaboration
تعداد خانوادههایی <*> علیرغم تبلیغات فراوان روی این طرح افزایش پیدا کرده است .	این آمار مربوط به قبل از اتفاقات اقتصادی اخیر است و فشارهایی	1<2	unknown	elaboration	elaboration
این آمار مربوط به قبل از اتفاقات اقتصادی اخیر است و فشارهایی	که به خانوادهها وارد شد .	1<2	unknown	elaboration	elaboration
تعداد خانوادههایی <*> علیرغم تبلیغات فراوان روی این طرح افزایش پیدا کرده است .	البته نتایج این تحقیق بنا به ملاحظاتی منتشر نشده است .	1<2	unknown	elaboration	elaboration
البته نتایج این تحقیق بنا به ملاحظاتی منتشر نشده است .	با افزایش قیمتها حتما این تعداد افزایش یافته است » .	1<2	unknown	contrast	contrast
کامبیز لعل ضمن ابراز تاسف از نگرش حاکم بر نظام سلامت در کشور گفته است	« حتی کشورهایی صاحب اقتصاد مبتنی بر بازار آزاد و لیبرالیسم نیز چنین بیمهابا بخش سلامت را خصوصیسازی نکردهاند » .	1>2	unknown	attribution	attribution
تعداد خانوادههایی <*> علیرغم تبلیغات فراوان روی این طرح افزایش پیدا کرده است .	« حتی کشورهایی صاحب اقتصاد مبتنی بر بازار آزاد و لیبرالیسم نیز چنین بیمهابا بخش سلامت را خصوصیسازی نکردهاند » .	1<2	unknown	evaluation	comment
« حتی کشورهایی صاحب اقتصاد مبتنی بر بازار آزاد و لیبرالیسم نیز چنین بیمهابا بخش سلامت را خصوصیسازی نکردهاند » .	وزارت بهداشت با ریاست قاضیزاده هاشمی اخیرا داروهای شیمی درمانی را نیز از شمول بیمه خارج کرده است ؛	1<2	unknown	elaboration	elaboration
امری که به گفته کارشناسان	« صدور فرمان مرگ طبقات فرودست « محسوب میشود .	1>2	unknown	attribution	attribution
وزارت بهداشت با ریاست قاضیزاده هاشمی اخیرا داروهای شیمی درمانی را نیز از شمول بیمه خارج کرده است ؛	« صدور فرمان مرگ طبقات فرودست « محسوب میشود .	1<2	unknown	elaboration	elaboration
« حتی کشورهایی صاحب اقتصاد مبتنی بر بازار آزاد و لیبرالیسم نیز چنین بیمهابا بخش سلامت را خصوصیسازی نکردهاند » .	دولت روحانی آزادسازی قیمتها را در پوشش شعار « حمایت از کالای داخلی » انجام میدهد .	1<2	unknown	explanation	explanation
تعداد خانوادههایی <*> علیرغم تبلیغات فراوان روی این طرح افزایش پیدا کرده است .	عبدالله وطنخواه از فعالان کارگری عملکرد دولت در حذف قوانین حمایتی را « زیر پا گذاشتن قانون اساسی » میداند	1<2	unknown	evaluation	comment
و میگوید	« سیاستهایی مثل خصوصیسازی تار و پودهای زندگی ما را کشیده است .	1>2	unknown	attribution	attribution
عبدالله وطنخواه از فعالان کارگری عملکرد دولت در حذف قوانین حمایتی را « زیر پا گذاشتن قانون اساسی » میداند	« سیاستهایی مثل خصوصیسازی تار و پودهای زندگی ما را کشیده است .	1<2	unknown	joint	conjunction
« سیاستهایی مثل خصوصیسازی تار و پودهای زندگی ما را کشیده است .	بهداشت و درمان ما گروگان سیاستهای نیولیبرالی دولت شده است .	1<2	unknown	joint	conjunction
« سیاستهایی مثل خصوصیسازی تار و پودهای زندگی ما را کشیده است .	به نام خصوصیسازی به تاراج اموال عمومی میپردازند .	1<2	unknown	joint	conjunction
به نام خصوصیسازی به تاراج اموال عمومی میپردازند .	کارگران یله و رها شدهاند .	1<2	unknown	cause	causal
به نام خصوصیسازی به تاراج اموال عمومی میپردازند .	چنین اقداماتی باعث میشود که کارگران از سر درد فریاد بزنند و اعتراض کنند .	1<2	unknown	cause	causal
« سیاستهایی مثل خصوصیسازی تار و پودهای زندگی ما را کشیده است .	فلاکت سیاستهایی مثل خروج داروهای شیمی درمانی از شمولیت بیمه بر سر کارگران هوار میشود » .	1<2	unknown	joint	conjunction
تعداد خانوادههایی <*> علیرغم تبلیغات فراوان روی این طرح افزایش پیدا کرده است .	قاضیزاده هاشمی ، وزیر بهداشت دولت اعتدال ، چندی پیش مخالفت خود را با « هزینه سنگین برای بیمارانی <*> اعلام کرده بود .	1<2	unknown	contrast	contrast
قاضیزاده هاشمی ، وزیر بهداشت دولت اعتدال ، چندی پیش مخالفت خود را با « هزینه سنگین برای بیمارانی <*> اعلام کرده بود .	که دو یا سه سال بیشتر زنده نیستند »	1<2	unknown	elaboration	elaboration
قاضیزاده هاشمی ، وزیر بهداشت دولت اعتدال ، چندی پیش مخالفت خود را با « هزینه سنگین برای بیمارانی <*> اعلام کرده بود .	او روز گذشته نیز از تورم پایین قیمت دارو گلایه کرده بود .	1<2	unknown	joint	conjunction
قاضیزاده هاشمی ، وزیر بهداشت دولت اعتدال ، چندی پیش مخالفت خود را با « هزینه سنگین برای بیمارانی <*> اعلام کرده بود .	این در	1<2	unknown	contrast	contrast
رییس سازمان تعزیرات حکومتی در یک برنامه تلویزیونی گفته	« مافیای ثروت و قدرت در بخشهای اجرایی و حاکمیتی تنیده شده است	1>2	unknown	attribution	attribution
که هر مسیولی بخواهد در مقابل آن بایستد	به سختی میتواند دوام بیاورد » .	1>2	unknown	condition	condition
« مافیای ثروت و قدرت در بخشهای اجرایی و حاکمیتی تنیده شده است	به سختی میتواند دوام بیاورد » .	1<2	unknown	elaboration	elaboration
« مافیای ثروت و قدرت در بخشهای اجرایی و حاکمیتی تنیده شده است	علیرضا جمشیدی قاچاقچیان بزرگ و سازمان یافته در کشور را داری « حاشیه امن » توصیف کرده	1<2	unknown	explanation	explanation
و افزوده	« من برای بررسی یک پرونده ۳۶ میلیاردی قاچاق نفت ۱۰ جلسه برگزار کردم	1>2	unknown	attribution	attribution
علیرضا جمشیدی قاچاقچیان بزرگ و سازمان یافته در کشور را داری « حاشیه امن » توصیف کرده	« من برای بررسی یک پرونده ۳۶ میلیاردی قاچاق نفت ۱۰ جلسه برگزار کردم	1<2	unknown	explanation	explanation
« من برای بررسی یک پرونده ۳۶ میلیاردی قاچاق نفت ۱۰ جلسه برگزار کردم	که مسیر این پرونده در مسیر حق و درست هدایت شود	1<2	unknown	elaboration	elaboration
« من برای بررسی یک پرونده ۳۶ میلیاردی قاچاق نفت ۱۰ جلسه برگزار کردم	اما از زمین و زمان فشار وارد میکردند » .	1<2	unknown	contrast	contrast
« مافیای ثروت و قدرت در بخشهای اجرایی و حاکمیتی تنیده شده است	او همچنین به وضعیت قاچاق در گمرگ پرداخته	1<2	unknown	joint	conjunction
و اشاره کرده	در گمرک به طور نظاممند مدیریتی ایجاد شده	1>2	unknown	attribution	attribution
او همچنین به وضعیت قاچاق در گمرگ پرداخته	در گمرک به طور نظاممند مدیریتی ایجاد شده	1<2	unknown	elaboration	elaboration
در گمرک به طور نظاممند مدیریتی ایجاد شده	که مقابله با آنها با مقاومت شدید و فشار روبرو میشود .	1<2	unknown	elaboration	elaboration
در گمرک به طور نظاممند مدیریتی ایجاد شده	رییس سازمان تعزیرات حکومتی ، گمرکات کشور را نیازمند « جراحی » توصیف کرده	1<2	unknown	evaluation	comment
و در مورد مناطق آزاد اظهار داشته	« مناطق آزاد به محل قاچاق تبدیل شدهاند	1>2	unknown	attribution	attribution
رییس سازمان تعزیرات حکومتی ، گمرکات کشور را نیازمند « جراحی » توصیف کرده	« مناطق آزاد به محل قاچاق تبدیل شدهاند	1<2	unknown	joint	conjunction
« مناطق آزاد به محل قاچاق تبدیل شدهاند	و مشکلی از مرزنشینان و مردم محروم حل نکرده است » .	1<2	unknown	joint	conjunction
وی گفته	« افراد خاصی » کالای ذخیره شده پشت مرزها را وارد میکنند	1>2	unknown	attribution	attribution
رییس سازمان تعزیرات حکومتی ، گمرکات کشور را نیازمند « جراحی » توصیف کرده	« افراد خاصی » کالای ذخیره شده پشت مرزها را وارد میکنند	1<2	unknown	joint	conjunction
« افراد خاصی » کالای ذخیره شده پشت مرزها را وارد میکنند	که شناختن آنها کار مشکلی نیست .	1<2	unknown	elaboration	elaboration
این عضو « ستاد مبارزه با قاچاق کالا و ارز » افزوده	بازرسان تعزیرات حکومتی برای نخستین بار فقط پنج هزار تومان برای قاچاق دارو میتوانند قاچاقچی را جریمه کنند » .	1>2	unknown	attribution	attribution
« اولین بار در صدا و سیما میگویم	بازرسان تعزیرات حکومتی برای نخستین بار فقط پنج هزار تومان برای قاچاق دارو میتوانند قاچاقچی را جریمه کنند » .	1>2	unknown	attribution	attribution
رییس سازمان تعزیرات حکومتی ، گمرکات کشور را نیازمند « جراحی » توصیف کرده	بازرسان تعزیرات حکومتی برای نخستین بار فقط پنج هزار تومان برای قاچاق دارو میتوانند قاچاقچی را جریمه کنند » .	1<2	unknown	joint	conjunction
« مافیای ثروت و قدرت در بخشهای اجرایی و حاکمیتی تنیده شده است	جمشیدی همچنین به برخی اظهارات در خصوص انحلال سازمان حمایت از مصرف کنندگان واکنش نشان داده	1<2	unknown	joint	conjunction
و گفته	« اکنون با فشار و اصرار ، گشتهای تعزیرات را ادامه میدهیم	1>2	unknown	attribution	attribution
جمشیدی همچنین به برخی اظهارات در خصوص انحلال سازمان حمایت از مصرف کنندگان واکنش نشان داده	« اکنون با فشار و اصرار ، گشتهای تعزیرات را ادامه میدهیم	1<2	unknown	elaboration	elaboration
اما آقایان میگویند	سازمان تعزیرات و سازمان حمایت حکومتی باید منحل	1>2	unknown	attribution	attribution
« اکنون با فشار و اصرار ، گشتهای تعزیرات را ادامه میدهیم	سازمان تعزیرات و سازمان حمایت حکومتی باید منحل	1<2	unknown	contrast	contrast
سازمان تعزیرات و سازمان حمایت حکومتی باید منحل	و اقتصاد رقابتی شود ،	1<2	unknown	joint	conjunction
« اکنون با فشار و اصرار ، گشتهای تعزیرات را ادامه میدهیم	آیا این اقتصاد رقابتی است ؟	1<2	unknown	topic-comment	comment
آیا این اقتصاد رقابتی است ؟	چگونه است در برخی وزارتخانهها ، بازرسیها کم شده است	1<2	unknown	joint	conjunction
آیا این اقتصاد رقابتی است ؟	یا آن را به بخش خصوصی واگذار کرده اند ؟ »	1<2	unknown	joint	conjunction
جمشیدی همچنین به برخی اظهارات در خصوص انحلال سازمان حمایت از مصرف کنندگان واکنش نشان داده	سال گذشته عباس آخوندی ، وزیر راه و شهرسازی ، عملکرد سازمان حمایت از مصرفکنندگان را « کمونیستی » دانسته	1<2	unknown	background	frame
سال گذشته عباس آخوندی ، وزیر راه و شهرسازی ، عملکرد سازمان حمایت از مصرفکنندگان را « کمونیستی » دانسته	و خواستار انحلال آن شده بود .	1<2	unknown	joint	conjunction
خبرگزاری ایسنا در گزارشی به بررسی وضعیت ایران در زمینه پیوستن به کنوانسیون « منع شکنجه » پرداخته	اصل ۳۸ قانون اساسی به صراحت شکنجه را ممنوع کرده است ،	1>2	unknown	attribution	attribution
خبرگزاری ایسنا در گزارشی به بررسی وضعیت ایران در زمینه پیوستن به کنوانسیون « منع شکنجه » پرداخته	و از جمله به مرگ ستار بهشتی و زهرا کاظمی در دوران بازداشت و جنایت کهریزک اشاره کرده است ؛	1<2	unknown	elaboration	elaboration
اصل ۳۸ قانون اساسی به صراحت شکنجه را ممنوع کرده است ،	اما ایران به کنوانسیون « منع شکنجه » نپیوسته است .	1<2	unknown	contrast	contrast
اما ایران به کنوانسیون « منع شکنجه » نپیوسته است .	تا این لحظه بیش از ۱۶۰ کشور جهان به این کنوانسیون پیوستهاند	1<2	unknown	contrast	contrast
تا این لحظه بیش از ۱۶۰ کشور جهان به این کنوانسیون پیوستهاند	و تنها تعداد اندکی آن را امضا یا تصویب نکردهاند .	1<2	unknown	joint	conjunction
مرکز پژوهشهای مجلس در اردیبهشت سال ۱۳۸۲ وظایف و مسیولیتهایی <*> را به این ترتیب اعلام کرده بود :	طرح الحاق ایران به کنوانسیون « منع شکنجه » در مرداد سال ۱۳۸۲ در مجلس تصویب و به شورای نگهبان ارسال شد ؛	1>2	unknown	background	frame
مرکز پژوهشهای مجلس در اردیبهشت سال ۱۳۸۲ وظایف و مسیولیتهایی <*> را به این ترتیب اعلام کرده بود :	که به سبب تصویب این کنوانسیون ایجاد میشود	1<2	unknown	elaboration	elaboration
مرکز پژوهشهای مجلس در اردیبهشت سال ۱۳۸۲ وظایف و مسیولیتهایی <*> را به این ترتیب اعلام کرده بود :	« اتخاذ تدابیر قانونی موثر برای جلوگیری از اعمال شکنجه ، اصلاح رژیم مجازاتها ، جبران زیانهای وارد بر قربانیان شکنجه ، آموزش مقررات و مسایل قانونی شکنجه ، نظارت منظم بر بازجوییها ، بازداشتها و زندانها و منع اعطای عفو عمومی » .	1<2	unknown	elaboration	elaboration
مرکز پژوهشهای مجلس در اردیبهشت سال ۱۳۸۲ وظایف و مسیولیتهایی <*> را به این ترتیب اعلام کرده بود :	کارشناسان مرکز پژوهشهای مجلس اجرای این کنوانسیون را نیازمند « عزم سیاسی » دانسته	1<2	unknown	evaluation	comment
و اعلام کرده بودند	« الحاق به کنوانسیون به تعداد پروندههایی <*> میافزاید	1>2	unknown	attribution	attribution
در صورت عدم وجود چنین عزمی ،	« الحاق به کنوانسیون به تعداد پروندههایی <*> میافزاید	1>2	unknown	condition	condition
بهدلیل اعمال مجازات بدنی در ایران	« الحاق به کنوانسیون به تعداد پروندههایی <*> میافزاید	1>2	unknown	cause	causal
کارشناسان مرکز پژوهشهای مجلس اجرای این کنوانسیون را نیازمند « عزم سیاسی » دانسته	« الحاق به کنوانسیون به تعداد پروندههایی <*> میافزاید	1<2	unknown	explanation	explanation
« الحاق به کنوانسیون به تعداد پروندههایی <*> میافزاید	که ایران در آنها بهدلیل نقض حقوق بشر محکوم میشود ،	1<2	unknown	elaboration	elaboration
« الحاق به کنوانسیون به تعداد پروندههایی <*> میافزاید	و در سطحی بالاتر میتواند به پیگرد قانونی برخی مقامات نیز منجر شود » .	1<2	unknown	joint	conjunction
و در سطحی بالاتر میتواند به پیگرد قانونی برخی مقامات نیز منجر شود » .	مجازات بدنی در چند کشور از جمله ایران ، عربستان ، سومالی ، پاکستان و افغانستان اجرا میشود	1<2	unknown	cause	causal
مجازات بدنی در چند کشور از جمله ایران ، عربستان ، سومالی ، پاکستان و افغانستان اجرا میشود	و از میان کشورهای یادشده فقط ایران به کنوانسیون منع شکنجه نپیوسته است .	1<2	unknown	elaboration	elaboration
مجازات بدنی در چند کشور از جمله ایران ، عربستان ، سومالی ، پاکستان و افغانستان اجرا میشود	در قطعنامه ۳۸ / ۱۹۹۷ کمیسیون حقوق بشر سازمان ملل متحد ، مجازات بدنی در ردیف شکنجه قلمداد شده است .	1<2	unknown	contrast	contrast
بر اساس گزارش ایسنا ،	طرح الحاق ایران به کنوانسیون « منع شکنجه » در مرداد سال ۱۳۸۲ در مجلس تصویب و به شورای نگهبان ارسال شد ؛	1>2	unknown	attribution	attribution
اصل ۳۸ قانون اساسی به صراحت شکنجه را ممنوع کرده است ،	طرح الحاق ایران به کنوانسیون « منع شکنجه » در مرداد سال ۱۳۸۲ در مجلس تصویب و به شورای نگهبان ارسال شد ؛	1<2	unknown	explanation	explanation
طرح الحاق ایران به کنوانسیون « منع شکنجه » در مرداد سال ۱۳۸۲ در مجلس تصویب و به شورای نگهبان ارسال شد ؛	اما شورای نگهبان با اعلام <*> آنرا رد کرد	1<2	unknown	contrast	contrast
اما شورای نگهبان با اعلام <*> آنرا رد کرد	اینکه « این طرح باعث افزایش هزینه عمومی است	1<2	unknown	elaboration	elaboration
اینکه « این طرح باعث افزایش هزینه عمومی است	و طریق جبران آن مشخص نشده است »	1<2	unknown	joint	conjunction
اما شورای نگهبان با اعلام <*> آنرا رد کرد	و برای اصلاح به مجلس بازگرداند .	1<2	unknown	joint	conjunction
اما شورای نگهبان با اعلام <*> آنرا رد کرد	یکی از موادی <*> عبارت ست از اینکه	1<2	unknown	elaboration	elaboration
یکی از موادی <*> عبارت ست از اینکه	که بر اساس اعلام شورای نگهبان برای دولت ایران بار مالی بهوجود میآورد	1<2	unknown	elaboration	elaboration
یکی از موادی <*> عبارت ست از اینکه	« هر دولت عضو موظف است بهطور مرتب و منظم قواعد و روشهای مربوط به بازجویی ( بازپرسی ) و ترتیبات راجع به نگهداری افراد ( در بازداشتگاهها ) را انجام دهد .	1<2	unknown	elaboration	elaboration
« هر دولت عضو موظف است بهطور مرتب و منظم قواعد و روشهای مربوط به بازجویی ( بازپرسی ) و ترتیبات راجع به نگهداری افراد ( در بازداشتگاهها ) را انجام دهد .	این بازنگری و مراقبت شامل هر نوع دستگیری ، زندان و در هر قلمرویی <*> با در نظر گرفتن اصل ممنوعیت شکنجه میباشد » .	1<2	unknown	elaboration	elaboration
این بازنگری و مراقبت شامل هر نوع دستگیری ، زندان و در هر قلمرویی <*> با در نظر گرفتن اصل ممنوعیت شکنجه میباشد » .	که حوزه قضایی آن دولت است ،	1<2	unknown	elaboration	elaboration
طرح الحاق ایران به کنوانسیون « منع شکنجه » در مرداد سال ۱۳۸۲ در مجلس تصویب و به شورای نگهبان ارسال شد ؛	این طرح در نهایت به مجمع تشخیص مصلحت نظام ارسال شد	1<2	unknown	joint	conjunction
طرح الحاق ایران به کنوانسیون « منع شکنجه » در مرداد سال ۱۳۸۲ در مجلس تصویب و به شورای نگهبان ارسال شد ؛	و در آنجا نیز به تصویب نرسید .	1<2	unknown	joint	conjunction
خبرها نشان میدهد	که علت خودکشی این کارگر ، مخالفت با اعطای وام به او بوده است .	1>2	unknown	attribution	attribution
در آستانه روز کارگر ، علی اکبری ، کارگر خدماتی شرکت داروپخش اقدام به خودکشی کرده است .	که علت خودکشی این کارگر ، مخالفت با اعطای وام به او بوده است .	1<2	unknown	explanation	explanation
در آستانه روز کارگر ، علی اکبری ، کارگر خدماتی شرکت داروپخش اقدام به خودکشی کرده است .	گفته میشود علی اکبری ، کارگر پرسابقه این شرکت داروسازی و پخش دارو ، برای تامین داروی کودکش درخواست وام داشته	1<2	unknown	summary	organization
گفته میشود علی اکبری ، کارگر پرسابقه این شرکت داروسازی و پخش دارو ، برای تامین داروی کودکش درخواست وام داشته	ولی بارها با رد این درخواست روبرو شده است .	1<2	unknown	contrast	contrast
گفته میشود علی اکبری ، کارگر پرسابقه این شرکت داروسازی و پخش دارو ، برای تامین داروی کودکش درخواست وام داشته	وی بعد از ارایه درخواست ملاقات با مدیرعامل ، تهدید به خودکشی کرد ،	1<2	unknown	joint	conjunction
وی بعد از ارایه درخواست ملاقات با مدیرعامل ، تهدید به خودکشی کرد ،	اما توجهی به وی نشد .	1<2	unknown	contrast	contrast
وی بعد از ارایه درخواست ملاقات با مدیرعامل ، تهدید به خودکشی کرد ،	اکبری پس از خروج از اتاق مدیرعامل این کارخانه خود را از طبقه چهارم ساختمانی در محوطه کارخانه به پایین پرتاب کرد .	1<2	unknown	cause	causal
گفته میشود علی اکبری ، کارگر پرسابقه این شرکت داروسازی و پخش دارو ، برای تامین داروی کودکش درخواست وام داشته	او پس از این حادثه به بیمارستان میلاد تهران منتقل شد	1<2	unknown	joint	conjunction
گفته میشود علی اکبری ، کارگر پرسابقه این شرکت داروسازی و پخش دارو ، برای تامین داروی کودکش درخواست وام داشته	و ۴ ساعت بعد در بیمارستان جان باخت .	1<2	unknown	joint	conjunction
گفته میشود علی اکبری ، کارگر پرسابقه این شرکت داروسازی و پخش دارو ، برای تامین داروی کودکش درخواست وام داشته	در اسفندماه یونس عساکره نیز در اعتراض به جمع شدن بساط میوهفروشیاش در خرمشهر خود را در مقابل ساختمان شهرداری به آتش کشید .	1<2	unknown	comparison	concession
در اسفندماه یونس عساکره نیز در اعتراض به جمع شدن بساط میوهفروشیاش در خرمشهر خود را در مقابل ساختمان شهرداری به آتش کشید .	در طول یک سال گذشته ، کارگران دیگری هم به دلیل مشکلات اقتصادی اقدام به خودکشی کردهاند ؛	1<2	unknown	joint	conjunction
در طول یک سال گذشته ، کارگران دیگری هم به دلیل مشکلات اقتصادی اقدام به خودکشی کردهاند ؛	از جمله دستفروشی <*> و کارگران اخراجی معدن طلای آقدره .	1<2	unknown	elaboration	elaboration
از جمله دستفروشی <*> و کارگران اخراجی معدن طلای آقدره .	که خود را زیر ریل قطار مترو انداخت	1<2	unknown	elaboration	elaboration
در آستانه روز کارگر ، علی اکبری ، کارگر خدماتی شرکت داروپخش اقدام به خودکشی کرده است .	شرکت داروپخش با تولید بیش از ۴۵۰ قلم دارو در حوزههای مختلف درمانی یکی از شرکتهای بزرگ دارویی کشور است .	1<2	unknown	background	frame
شرکت داروپخش با تولید بیش از ۴۵۰ قلم دارو در حوزههای مختلف درمانی یکی از شرکتهای بزرگ دارویی کشور است .	این شرکت در سال ۷۲ توسط سازمان بورس اوراق بهادار تهران پذیرش شده	1<2	unknown	joint	conjunction
شرکت داروپخش با تولید بیش از ۴۵۰ قلم دارو در حوزههای مختلف درمانی یکی از شرکتهای بزرگ دارویی کشور است .	و عمده سهام آن به شرکت سرمایهگذاری دارویی تامین وابسته به سازمان تامین اجتماعی تعلق دارد .	1<2	unknown	joint	conjunction
وزیر آموزش و پرورش میگوید این وزارتخانه در راستای طرحهای اشتغالزایی مدارس ، پیشنهاد ایجاد مغازه در فضای حیاط مدارس را داده است	تا با این طرح جدید محلی برای کسب درآمد مدارس دولتی فراهم شود .	1<2	unknown	enablement	purpose
علی اصغر فانی در گفت و گو با خبرگزاری فارس گفته است :	مثلا فرض بفرمایید ما ۴ مغازه از گوشه مدرسه به سمت بیرون احداث کنیم و منافع ش را خرج مدرسه کنیم .	1>2	unknown	attribution	attribution
« ممکن است یک مدرسه حیاط خیلی بزرگی داشته باشد	مثلا فرض بفرمایید ما ۴ مغازه از گوشه مدرسه به سمت بیرون احداث کنیم و منافع ش را خرج مدرسه کنیم .	1>2	unknown	background	frame
« ممکن است یک مدرسه حیاط خیلی بزرگی داشته باشد	که بر خیابان هم باشد ؛	1<2	unknown	elaboration	elaboration
وزیر آموزش و پرورش میگوید این وزارتخانه در راستای طرحهای اشتغالزایی مدارس ، پیشنهاد ایجاد مغازه در فضای حیاط مدارس را داده است	مثلا فرض بفرمایید ما ۴ مغازه از گوشه مدرسه به سمت بیرون احداث کنیم و منافع ش را خرج مدرسه کنیم .	1<2	unknown	summary	organization
مثلا فرض بفرمایید ما ۴ مغازه از گوشه مدرسه به سمت بیرون احداث کنیم و منافع ش را خرج مدرسه کنیم .	این یکی از پیشنهادهایی هست	1<2	unknown	elaboration	elaboration
این یکی از پیشنهادهایی هست	که حتی مجلس شورای اسلامی ، به ما اجازه این کار را داده است	1<2	unknown	elaboration	elaboration
که حتی مجلس شورای اسلامی ، به ما اجازه این کار را داده است	منتها ما هنوز عملیاتی نکردیم	1<2	unknown	contrast	contrast
منتها ما هنوز عملیاتی نکردیم	و در حال مطالعه هستیم	1<2	unknown	explanation	explanation
که حتی مجلس شورای اسلامی ، به ما اجازه این کار را داده است	یعنی هیچ منع قانونی ندارد .	1<2	unknown	cause	causal
وزیر آموزش و پرورش با تاکید بر <*> تصریح کرد :	میتوان به این طرح امیدوار بود	1>2	unknown	attribution	attribution
وزیر آموزش و پرورش با تاکید بر <*> تصریح کرد :	اینکه در حال مطالعه روی این موضوع هستیم ،	1<2	unknown	elaboration	elaboration
وزیر آموزش و پرورش میگوید این وزارتخانه در راستای طرحهای اشتغالزایی مدارس ، پیشنهاد ایجاد مغازه در فضای حیاط مدارس را داده است	میتوان به این طرح امیدوار بود	1<2	unknown	evaluation	comment
میتوان به این طرح امیدوار بود	البته ما یک خط قرمز داریم مبنی بر	1<2	unknown	cause	causal
البته ما یک خط قرمز داریم مبنی بر	اینکه فعالیت مورد نظر نباید مغایر با ماموریت تعلیم و تربیت باشد .	1<2	unknown	elaboration	elaboration
میتوان به این طرح امیدوار بود	چند سالی است <*> چنین اتفاقی افتاده	1<2	unknown	elaboration	elaboration
چند سالی است <*> چنین اتفاقی افتاده	که در مساجد محلههایی که این امکان را داشتند ،	1<2	unknown	elaboration	elaboration
چند سالی است <*> چنین اتفاقی افتاده	و موجب شده است مسجد به یک خودکفایی برسد ؛	1<2	unknown	cause	causal
چند سالی است <*> چنین اتفاقی افتاده	ضمن اینکه به فعالیتهای مسجد نیز لطمه نزده است » .	1<2	unknown	joint	conjunction
وزیر آموزش و پرورش میگوید این وزارتخانه در راستای طرحهای اشتغالزایی مدارس ، پیشنهاد ایجاد مغازه در فضای حیاط مدارس را داده است	آموزش و پرورش در ایران همواره با مساله بودجه مواجه بوده است	1<2	unknown	elaboration	elaboration
آموزش و پرورش در ایران همواره با مساله بودجه مواجه بوده است	و در سالهای گذشته ، هرچه بیشتر به سمت پولی کردن خدمات آموزشی روی آورده است .	1<2	unknown	cause	causal
و در سالهای گذشته ، هرچه بیشتر به سمت پولی کردن خدمات آموزشی روی آورده است .	پس از تاسیس مدارس غیر دولتی ، اجاره مدارس به دانشگاهها و آموزشگاهها ، واگذاری بوفه به بخش خصوصی ، استفاده از فضاهای مدارس برای تبلیغات تجاری ، خرید خدمت از بخش خصوصی <*> اکنون نوبت به تجاریسازی حیاط مدارس رسیده است .	1<2	unknown	elaboration	elaboration
پس از تاسیس مدارس غیر دولتی ، اجاره مدارس به دانشگاهها و آموزشگاهها ، واگذاری بوفه به بخش خصوصی ، استفاده از فضاهای مدارس برای تبلیغات تجاری ، خرید خدمت از بخش خصوصی <*> اکنون نوبت به تجاریسازی حیاط مدارس رسیده است .	که منجر به واگذاری مدارس دولتی به بخش خصوصی شده است ،	1<2	unknown	elaboration	elaboration
آموزش و پرورش در ایران همواره با مساله بودجه مواجه بوده است	بودجه آموزش و پرورش در سال ۹۵ در حالی افزایش یافته است ،	1<2	unknown	explanation	explanation
بودجه آموزش و پرورش در سال ۹۵ در حالی افزایش یافته است ،	که بودجه این وزارتخانه منهای بخش پرسنلی آن نسبت به سال قبل ۱۲ درصد کاهش را نشان میدهد ،	1<2	unknown	elaboration	elaboration
بودجه آموزش و پرورش در سال ۹۵ در حالی افزایش یافته است ،	این درحالی است	1<2	unknown	background	frame
این درحالی است	که سند تحول بنیادین صراحتا بر « افزایش سهم هزینههای غیرپرسنلی در بودجه جاری آموزش و پرورش » تاکید میکند .	1<2	unknown	elaboration	elaboration
رییس سازمان سیما ، منظر و فضای سبز شهری شیراز در نامهای مجوز قطع سه درخت سرو را اعلام کرده است .	بنا به نامهای <*> قطع سه درخت سرو <*> با حضور ناظر فضای سبز منطقه بلامانع است .	1<2	unknown	elaboration	elaboration
بنا به نامهای <*> قطع سه درخت سرو <*> با حضور ناظر فضای سبز منطقه بلامانع است .	که در سایت معماری نیوز منتشر شده	1<2	unknown	elaboration	elaboration
قطع سه درخت سرو	که در زیربنای آتیالاحداث واقع شده است	1<2	unknown	elaboration	elaboration
طبق بند ج ماده ۵ آییننامه قانون اصلاح لایحه قانونی حفظ و گسترش فضای سبز در شهرها	با حضور ناظر فضای سبز منطقه بلامانع است .	1>2	unknown	attribution	attribution
رییس سازمان سیما ، منظر و فضای سبز شهری شیراز در نامهای مجوز قطع سه درخت سرو را اعلام کرده است .	قطعکردن درختان و از بینبردن باغات در تهران از مسایل جدی و در عین حال تکراری است	1<2	unknown	evaluation	comment
قطعکردن درختان و از بینبردن باغات در تهران از مسایل جدی و در عین حال تکراری است	و در چند سال گذشته شاهد واگذاری باغات و فضاهای سبز و عمومی از سوی شهرداری برای کسب درامد و یا پرداخت بدهی بودهایم .	1<2	unknown	explanation	explanation
قطعکردن درختان و از بینبردن باغات در تهران از مسایل جدی و در عین حال تکراری است	حالا به نظر میرسد که شهرداری کلانشهرهای ایران به دنبال الگوبرداری از سیاستهای شهرداری تهران هستند .	1<2	unknown	comparison	concession
حالا به نظر میرسد که شهرداری کلانشهرهای ایران به دنبال الگوبرداری از سیاستهای شهرداری تهران هستند .	معماری نیوز در گزارش دیگری از راهکارهای مشابه شهرداری چهار کلانشهر ایران ، یعنی شیراز ، اصفهان ، تبریز و مشهد برای کسب درآمدهای عمده خود از طریق فروش تراکم خبر داده است .	1<2	unknown	explanation	explanation
معماری نیوز در گزارش دیگری از راهکارهای مشابه شهرداری چهار کلانشهر ایران ، یعنی شیراز ، اصفهان ، تبریز و مشهد برای کسب درآمدهای عمده خود از طریق فروش تراکم خبر داده است .	در همین راستا ، چند روز پیش خبر خصوصیشدن یک زمین ورزشی عمومی در قزوین به دست شهرداری منتشر شد	1<2	unknown	joint	conjunction
در همین راستا ، چند روز پیش خبر خصوصیشدن یک زمین ورزشی عمومی در قزوین به دست شهرداری منتشر شد	که نارضایتی شهروندان قزوین را در پی داشت .	1<2	unknown	elaboration	elaboration
بنابر آمار خطاهای پزشکی	بهطور میانگین هر روز هشت مورد خطای پزشکی از سوی پزشکی قانونی به تایید میرسد .	1>2	unknown	attribution	attribution
بنابر آمار خطاهای پزشکی	که توسط سازمان پزشکی قانونی اعلام شده ،	1<2	unknown	elaboration	elaboration
بهطور میانگین هر روز هشت مورد خطای پزشکی از سوی پزشکی قانونی به تایید میرسد .	در سال گذشته ٧ هزار و ٣٨١ مورد پرونده با موضوع خطای پزشکی در پزشکی قانونی تشکیل شده	1<2	unknown	summary	organization
در سال گذشته ٧ هزار و ٣٨١ مورد پرونده با موضوع خطای پزشکی در پزشکی قانونی تشکیل شده	که ۴ هزار و ٣۵٨ پرونده به تبریه پزشک و ٣ هزار و ٢٣ پرونده به محکومیت پزشک منجر شده است .	1<2	unknown	elaboration	elaboration
بهطور میانگین هر روز هشت مورد خطای پزشکی از سوی پزشکی قانونی به تایید میرسد .	جراحی زنان و زایمان و نازایی با ٩۴٣ مورد پرونده ارجاعی به پزشکی قانونی در صدر شکایتها قرار داشته	1<2	unknown	elaboration	elaboration
جراحی زنان و زایمان و نازایی با ٩۴٣ مورد پرونده ارجاعی به پزشکی قانونی در صدر شکایتها قرار داشته	و جراحی عمومی ، جراحی ارتوپدی ، دندانپزشکی و پزشک عمومی به ترتیب با ۶٣١ ، ۶٠۴ ، ۵۴٢ و ٣۶۶ مورد شکایت در رتبههای بعدی قرار دارند .	1<2	unknown	joint	conjunction
آمارهای سازمان پزشکی قانونی نشان میدهد	میزان شکایتها با موضوع قصور پزشکی ، از ۴٧١۴ مورد در سال ٩١ به ٧٣٨١ مورد شکایت در سال ٩۴ افزایش پیدا کرده است .	1>2	unknown	attribution	attribution
بهطور میانگین هر روز هشت مورد خطای پزشکی از سوی پزشکی قانونی به تایید میرسد .	میزان شکایتها با موضوع قصور پزشکی ، از ۴٧١۴ مورد در سال ٩١ به ٧٣٨١ مورد شکایت در سال ٩۴ افزایش پیدا کرده است .	1<2	unknown	elaboration	elaboration
میزان شکایتها با موضوع قصور پزشکی ، از ۴٧١۴ مورد در سال ٩١ به ٧٣٨١ مورد شکایت در سال ٩۴ افزایش پیدا کرده است .	سازمان نظام پزشکی نیز آمار جداگانهای منتشر کرده	1<2	unknown	contrast	contrast
که بر اساس آن ،	سال گذشته ١۵هزار مورد شکایت در این سازمان ثبت شده	1>2	unknown	attribution	attribution
سازمان نظام پزشکی نیز آمار جداگانهای منتشر کرده	سال گذشته ١۵هزار مورد شکایت در این سازمان ثبت شده	1<2	unknown	elaboration	elaboration
سال گذشته ١۵هزار مورد شکایت در این سازمان ثبت شده	که در ۴٢ درصد موارد ، منجر به محکومیت پزشک شده است ؛	1<2	unknown	elaboration	elaboration
که در ۴٢ درصد موارد ، منجر به محکومیت پزشک شده است ؛	از جمله محرومیت دایم سه پزشک و محرومیت موقت ١١ پزشک از طبابت .	1<2	unknown	elaboration	elaboration
بیماران میتوانند از سه مرجع قوه قضاییه ، سازمان نظام پزشکی و پزشکی قانونی شکایتهای خود را اعلام کنند	و مشخص نیست آمارهای ارایه شده توسط پزشکی قانونی و سازمان نظام پزشکی تا چه حد ممکن است همپوشانی داشته باشند .	1>2	unknown	cause	causal
میزان شکایتها با موضوع قصور پزشکی ، از ۴٧١۴ مورد در سال ٩١ به ٧٣٨١ مورد شکایت در سال ٩۴ افزایش پیدا کرده است .	و مشخص نیست آمارهای ارایه شده توسط پزشکی قانونی و سازمان نظام پزشکی تا چه حد ممکن است همپوشانی داشته باشند .	1<2	unknown	cause	causal
و مشخص نیست آمارهای ارایه شده توسط پزشکی قانونی و سازمان نظام پزشکی تا چه حد ممکن است همپوشانی داشته باشند .	سامانه ١۶٩٠ برای ثبت شکایت در خصوص قصورهای پزشکان در سازمان نظام پزشکی راهاندازی شده است .	1<2	unknown	elaboration	elaboration
بهطور میانگین هر روز هشت مورد خطای پزشکی از سوی پزشکی قانونی به تایید میرسد .	در پی درگذشت عباس کیارستمی و اطلاعات منتشر شده در مورد قصورهای صورت گرفته در روند درمانی وی ، انتقادات نسبت به اشتباهات پزشکان بالا گرفته است .	1<2	unknown	background	frame
دمای شهرهای مختلف خوزستان به بالای ۵۰ درجه سانتی گراد رسیده است ،	اما کارگران باید همچون شرایط عادی به کار خود ادامه دهند .	1<2	unknown	contrast	contrast
بر اساس اعلام اداره کل هواشناسی خوزستان ،	دمای هوای امروز در بستان و شادگان ۵۱ ، آبادان ۵۰ ، اهواز ، امیدیه ، بهبهان ، رادار اهواز و شوش ۴۹ درجه سانتی گراد گزارش شده است .	1>2	unknown	attribution	attribution
دمای شهرهای مختلف خوزستان به بالای ۵۰ درجه سانتی گراد رسیده است ،	دمای هوای امروز در بستان و شادگان ۵۱ ، آبادان ۵۰ ، اهواز ، امیدیه ، بهبهان ، رادار اهواز و شوش ۴۹ درجه سانتی گراد گزارش شده است .	1<2	unknown	elaboration	elaboration
دمای هوای امروز در بستان و شادگان ۵۱ ، آبادان ۵۰ ، اهواز ، امیدیه ، بهبهان ، رادار اهواز و شوش ۴۹ درجه سانتی گراد گزارش شده است .	نقاط مختلف خوزستان فردا با افزایش دما مواجه خواهند شد	1<2	unknown	joint	conjunction
نقاط مختلف خوزستان فردا با افزایش دما مواجه خواهند شد	به طوری که دما در بستان و شادگان به ۵۱ ، آبادان ، اهواز ، امیدیه ، بهبهان ، رادار اهواز و شوش به ۵۰ و در رامهرمز ، شوشتر ، ماهشهر ، آغاجاری و گتوند به ۴۹ درجه سانتیگراد میرسد .	1<2	unknown	manner-means	mode
با وجود چنین شرایطی سختی	کاهش ساعت کاری در دمای بالای ۴۹ درجه سانتیگراد تنها شامل کارمندان شده ،	1>2	unknown	contrast	contrast
با وجود چنین شرایطی سختی	که عبور و مرور روزمره را نیز مختل میکند ،	1<2	unknown	elaboration	elaboration
با وجود چنین شرایطی سختی	آن طور که خانه کارگر خوزستان اعلام کرده ،	1<2	unknown	manner-means	mode
دمای شهرهای مختلف خوزستان به بالای ۵۰ درجه سانتی گراد رسیده است ،	کاهش ساعت کاری در دمای بالای ۴۹ درجه سانتیگراد تنها شامل کارمندان شده ،	1<2	unknown	cause	causal
کاهش ساعت کاری در دمای بالای ۴۹ درجه سانتیگراد تنها شامل کارمندان شده ،	و کارگران <*> را شامل نمی شود .	1<2	unknown	joint	conjunction
و کارگران <*> را شامل نمی شود .	که بیشتر در فضای باز مشغول به کار هستند	1<2	unknown	elaboration	elaboration
کاهش ساعت کاری در دمای بالای ۴۹ درجه سانتیگراد تنها شامل کارمندان شده ،	گرمای شدید یک هفته گذشته باعث فوت یک کارگر در این استان شد .	1<2	unknown	background	frame
دانشگاه فرهنگیان ، وابسته به وزارت آموزش و پرورش ، علیه معلولان و بیماران تبعیض اعمال میکند	و کسانی <*> نمیتوانند در این دانشگاه تحصیل کنند .	1<2	unknown	joint	conjunction
و کسانی <*> نمیتوانند در این دانشگاه تحصیل کنند .	که سلامت کامل جسمی نداشته باشند	1<2	unknown	elaboration	elaboration
عباس قنبری ، معاون دانشجویی دانشگاه فرهنگیان گفت	« ۳۰ بیماری ممنوعه برای معلمان » تعیین شده	1>2	unknown	attribution	attribution
دانشگاه فرهنگیان ، وابسته به وزارت آموزش و پرورش ، علیه معلولان و بیماران تبعیض اعمال میکند	« ۳۰ بیماری ممنوعه برای معلمان » تعیین شده	1<2	unknown	elaboration	elaboration
« ۳۰ بیماری ممنوعه برای معلمان » تعیین شده	و کسانی <*> نمیتوانند در دانشگاه فرهنگیان تحصیل کنند .	1<2	unknown	cause	causal
و کسانی <*> نمیتوانند در دانشگاه فرهنگیان تحصیل کنند .	که به این بیماریها مبتلا باشند	1<2	unknown	elaboration	elaboration
قنبری گفت :	« بینایی ، افزایش نامتعارف وزن و سلامت ستون فقرات برای ما بسیار مهم بود	1>2	unknown	attribution	attribution
و کسانی <*> نمیتوانند در دانشگاه فرهنگیان تحصیل کنند .	« بینایی ، افزایش نامتعارف وزن و سلامت ستون فقرات برای ما بسیار مهم بود	1<2	unknown	elaboration	elaboration
« بینایی ، افزایش نامتعارف وزن و سلامت ستون فقرات برای ما بسیار مهم بود	و تستهای فوق العاده دقیق از نظر سلامت جسمانی انجام شد .	1<2	unknown	cause	causal
اگر به طور مثال فردی قدش خیلی کوتاه باشد ،	خود به خود وارد مراحل بعدی نمیشود ،	1>2	unknown	condition	condition
و تستهای فوق العاده دقیق از نظر سلامت جسمانی انجام شد .	خود به خود وارد مراحل بعدی نمیشود ،	1<2	unknown	enablement	purpose
یعنی اگر شرایط اولیه را نداشته باشند	در مراحل بعدی حضور نمییابند . »	1>2	unknown	condition	condition
خود به خود وارد مراحل بعدی نمیشود ،	در مراحل بعدی حضور نمییابند . »	1<2	unknown	summary	organization
دانشگاه فرهنگیان ، وابسته به وزارت آموزش و پرورش ، علیه معلولان و بیماران تبعیض اعمال میکند	مطابق قانون جامع حمایت از معلولان دولت موظف به ایجاد فرصتهای شغلی برای آنها است .	1<2	unknown	contrast	contrast
معاون صید و بنادر ماهیگیری سازمان شیلات ایران اعلام کرد :	روند آزادسازی صیادان دربند به کندی پیش میرود .	1>2	unknown	attribution	attribution
از آنجایی که طرف مقابل ، دولت رسمی سومالی نیست ،	روند آزادسازی صیادان دربند به کندی پیش میرود .	1>2	unknown	cause	causal
روند آزادسازی صیادان دربند به کندی پیش میرود .	از فروردین ماه سال ۹۴ یعنی بیش از ۶۰۰ روز پیش لنج ناخدا جمالالدین دهواری به همراه ۲۰ صیاد در دام دزدان دریایی سومالی گرفتار شد .	1<2	unknown	background	frame
براساس آخرین خبرها	۸ نفر از این صیادان به علت شکنجههای جسمی دزدان دریایی سومالیایی کشته ، ۴ نفر از آنشها به کمک دولت سومالی موفق به فرار	1>2	unknown	attribution	attribution
از فروردین ماه سال ۹۴ یعنی بیش از ۶۰۰ روز پیش لنج ناخدا جمالالدین دهواری به همراه ۲۰ صیاد در دام دزدان دریایی سومالی گرفتار شد .	۸ نفر از این صیادان به علت شکنجههای جسمی دزدان دریایی سومالیایی کشته ، ۴ نفر از آنشها به کمک دولت سومالی موفق به فرار	1<2	unknown	joint	conjunction
۸ نفر از این صیادان به علت شکنجههای جسمی دزدان دریایی سومالیایی کشته ، ۴ نفر از آنشها به کمک دولت سومالی موفق به فرار	و یک نفر نیز به تنهایی از دست دزدان دریایی فرار کرده است	1<2	unknown	joint	conjunction
۸ نفر از این صیادان به علت شکنجههای جسمی دزدان دریایی سومالیایی کشته ، ۴ نفر از آنشها به کمک دولت سومالی موفق به فرار	و بعد از چند روز پیادهروی به وسیله دولت سومالی به ایران بازگشته است ،	1<2	unknown	joint	conjunction
۸ نفر از این صیادان به علت شکنجههای جسمی دزدان دریایی سومالیایی کشته ، ۴ نفر از آنشها به کمک دولت سومالی موفق به فرار	اما هنوز ۸ تن از صیادان ایرانی در چنگال دزدان دریایی اسیرند .	1<2	unknown	contrast	contrast
روند آزادسازی صیادان دربند به کندی پیش میرود .	علی اصغر مجاهدی ، معاون صید و بنادر ماهیگیری سازمان شیلات ایران همچنین از توافق با وزارت کشور برای جبران خسارتهای ناشی از دزدی دریایی خبر داده است .	1<2	unknown	topic-change	conjunction
علی اصغر مجاهدی ، معاون صید و بنادر ماهیگیری سازمان شیلات ایران همچنین از توافق با وزارت کشور برای جبران خسارتهای ناشی از دزدی دریایی خبر داده است .	علاوه بر وضعیت سخت صیادان دربند ایرانی ، خانواده این صیادان هم <*> در اضطراب و نگرانی روزگار میگذرانند .	1<2	unknown	elaboration	elaboration
علاوه بر وضعیت سخت صیادان دربند ایرانی ، خانواده این صیادان هم <*> در اضطراب و نگرانی روزگار میگذرانند .	نزدیک به دو سال است که	1<2	unknown	temporal	temporal
علاوه بر وضعیت سخت صیادان دربند ایرانی ، خانواده این صیادان هم <*> در اضطراب و نگرانی روزگار میگذرانند .	پیش از این صاحب لنج ۳۵۰ میلیون تومان پول از مساجد و اهالی شهر جمع کرده	1<2	unknown	joint	conjunction
پیش از این صاحب لنج ۳۵۰ میلیون تومان پول از مساجد و اهالی شهر جمع کرده	و برای دزدها فرستاده بود	1<2	unknown	joint	conjunction
پیش از این صاحب لنج ۳۵۰ میلیون تومان پول از مساجد و اهالی شهر جمع کرده	اما رابطی <*> با پولها فرار میکند .	1<2	unknown	contrast	contrast
اما رابطی <*> با پولها فرار میکند .	که قرار بود پول را به دزدان دریایی بدهد ،	1<2	unknown	elaboration	elaboration
معاون درمان وزیر بهداشت ضمن اعلام این خبر گفته	« شیوه اداره دولتی بیمارستانها با بروکراسی و مشکلات بسیار زیادی مواجه است ،	1>2	unknown	attribution	attribution
دولت یازدهم قصد دارد با تصویب برنامه ششم توسعه ، اداره بیمارستان های دولتی را به شرکت های غیر دولتی واگذار کند .	« شیوه اداره دولتی بیمارستانها با بروکراسی و مشکلات بسیار زیادی مواجه است ،	1<2	unknown	explanation	explanation
« شیوه اداره دولتی بیمارستانها با بروکراسی و مشکلات بسیار زیادی مواجه است ،	بیمارستانهای دولتی چابک نیستند ،	1<2	unknown	explanation	explanation
بیمارستانهای دولتی چابک نیستند ،	نمیتوانند به درستی از منابعی <*> استفاده کنند » .	1<2	unknown	cause	causal
نمیتوانند به درستی از منابعی <*> استفاده کنند » .	که دراختیار دارند ،	1<2	unknown	elaboration	elaboration
« شیوه اداره دولتی بیمارستانها با بروکراسی و مشکلات بسیار زیادی مواجه است ،	تا پیش از این ، از کمبود منابع مالی در بیمارستان های دولتی به عنوان یکی از مشکلات اداره آنها نام برده می شد .	1<2	unknown	contrast	contrast
« شیوه اداره دولتی بیمارستانها با بروکراسی و مشکلات بسیار زیادی مواجه است ،	محمد آقاجانی همچنین اشاره ای به دلایل « چابک نبودن » بیمارستان های تحت مدیریت وزارت بهداشت نکرده	1<2	unknown	contrast	contrast
محمد آقاجانی همچنین اشاره ای به دلایل « چابک نبودن » بیمارستان های تحت مدیریت وزارت بهداشت نکرده	و از راهکارهای دیگر برای « چابک سازی » آنها نیز نامی نبرده است .	1<2	unknown	joint	conjunction
معاون وزیر بهداشت گفته	این بیمارستانها کماکان در مالکیت دولت باقی خواهند ماند	1>2	unknown	attribution	attribution
دولت یازدهم قصد دارد با تصویب برنامه ششم توسعه ، اداره بیمارستان های دولتی را به شرکت های غیر دولتی واگذار کند .	این بیمارستانها کماکان در مالکیت دولت باقی خواهند ماند	1<2	unknown	elaboration	elaboration
این بیمارستانها کماکان در مالکیت دولت باقی خواهند ماند	اما مدیریت آنها به بخش غیردولتی سپرده خواهد شد .	1<2	unknown	contrast	contrast
این بیمارستانها کماکان در مالکیت دولت باقی خواهند ماند	آقاجانی شرط این واگذاریها را « عدم افزایش تعرفه دولتی و پرداختی مردم » اعلام کرده ،	1<2	unknown	joint	conjunction
آقاجانی شرط این واگذاریها را « عدم افزایش تعرفه دولتی و پرداختی مردم » اعلام کرده ،	اما از چگونگی تامین مناقع مالی شرکت های غیردولتی و نحوه قرارداد کارکنان بیمارستانها با این شرکتها حرفی نزده است .	1<2	unknown	contrast	contrast
این بیمارستانها کماکان در مالکیت دولت باقی خواهند ماند	در حال حاضر بخش هایی از جامعه درمان با عدم پرداخت مزد روبرو هستند	1<2	unknown	background	frame
در حال حاضر بخش هایی از جامعه درمان با عدم پرداخت مزد روبرو هستند	و مشخص نیست <*> چه تغییری در وضعیت قرارداد و پرداخت های آنها اتفاق خواهد افتاد .	1<2	unknown	cause	causal
در صورت خصوصی شدن بیمارستان ها ،	چه تغییری در وضعیت قرارداد و پرداخت های آنها اتفاق خواهد افتاد .	1>2	unknown	condition	condition
دولت یازدهم قصد دارد با تصویب برنامه ششم توسعه ، اداره بیمارستان های دولتی را به شرکت های غیر دولتی واگذار کند .	شعار « خصوصی سازی شرکت های دولتی برای افزایش کارایی و رشد اقتصادی » ، در سیاست های تمامی دولت های پس از جنگ نقشی محوری داشته است .	1<2	unknown	evaluation	comment
شعار « خصوصی سازی شرکت های دولتی برای افزایش کارایی و رشد اقتصادی » ، در سیاست های تمامی دولت های پس از جنگ نقشی محوری داشته است .	برخی از منتقدان نیز با ارایه تجارب شکست خورده کشورهای مختلف ، صحت چنین ادعاهایی را زیر سوال برده اند .	1<2	unknown	contrast	contrast
معاون اقتصادی وزارت کار به تازگی پیشنهاد تعیین حداقل دستمزد به صورت منطقهای را در شورای عالی کار مطرح کرده	که این موضوع با واکنش منفی فعالان کارگری مواجه شده است .	1<2	unknown	elaboration	elaboration
دبیرکل کانون عالی انجمنهای صنفی کارگران در اینباره گفته	نمیتوان به دنبال اجرای مزد منطقهای بود	1>2	unknown	attribution	attribution
وقتی حقوقی <*> با خط فقر و نرخ تورم فاصله بسیار دارد ،	نمیتوان به دنبال اجرای مزد منطقهای بود	1>2	unknown	background	frame
وقتی حقوقی <*> با خط فقر و نرخ تورم فاصله بسیار دارد ،	که کارگران میگیرند	1<2	unknown	elaboration	elaboration
معاون اقتصادی وزارت کار به تازگی پیشنهاد تعیین حداقل دستمزد به صورت منطقهای را در شورای عالی کار مطرح کرده	نمیتوان به دنبال اجرای مزد منطقهای بود	1<2	unknown	topic-comment	comment
نمیتوان به دنبال اجرای مزد منطقهای بود	و این تغییر شیوه مزد با وضع حقوق فعلی کارگران جور در نمیآید .	1<2	unknown	joint	conjunction
به گفته هادی ابوی	زیر ساختهای منطقهای شدن دستمزد در کشور مهیا نیست .	1>2	unknown	attribution	attribution
نمیتوان به دنبال اجرای مزد منطقهای بود	زیر ساختهای منطقهای شدن دستمزد در کشور مهیا نیست .	1<2	unknown	explanation	explanation
زیر ساختهای منطقهای شدن دستمزد در کشور مهیا نیست .	او بر سیاست سهجانبهگرایی ( کارگران ، کارفرما و دولت ) تاکید کرده	1<2	unknown	explanation	explanation
و گفته	مزد منطقهای زمانی قابلیت اجرا دارد	1>2	unknown	attribution	attribution
او بر سیاست سهجانبهگرایی ( کارگران ، کارفرما و دولت ) تاکید کرده	مزد منطقهای زمانی قابلیت اجرا دارد	1<2	unknown	joint	conjunction
مزد منطقهای زمانی قابلیت اجرا دارد	که حقوق کارگران بیش از سه میلیون تومان در نظر گرفته شود .	1<2	unknown	background	frame
در همین زمینه علی خدایی ، عضو هیات مدیره کانون عالی شوراهای اسلامی کار کشور هم گفته	امکان عملیاتی کردن مزد منطقهای با توجه به <*> امکانپذیر نیست .	1>2	unknown	attribution	attribution
نمیتوان به دنبال اجرای مزد منطقهای بود	امکان عملیاتی کردن مزد منطقهای با توجه به <*> امکانپذیر نیست .	1<2	unknown	joint	conjunction
امکان عملیاتی کردن مزد منطقهای با توجه به <*> امکانپذیر نیست .	اینکه کار تحقیقاتی روی آن انجام نشده است ،	1<2	unknown	elaboration	elaboration
معاون اقتصادی وزارت کار به تازگی پیشنهاد تعیین حداقل دستمزد به صورت منطقهای را در شورای عالی کار مطرح کرده	تعیین حداقل دستمزد کارگران هر ساله با اعتراض کارگران همراه است .	1<2	unknown	background	frame
دولت معتقد است	نرخ تورم مبنای افزایش حقوقها است	1>2	unknown	attribution	attribution
تعیین حداقل دستمزد کارگران هر ساله با اعتراض کارگران همراه است .	نرخ تورم مبنای افزایش حقوقها است	1<2	unknown	explanation	explanation
نرخ تورم مبنای افزایش حقوقها است	در حالیکه کارگران معتقد ند دولت باید بر اساس افزایش هزینههای زندگی حداقل نرخ دستمزد را افزایش دهد .	1<2	unknown	contrast	contrast
نرخ تورم مبنای افزایش حقوقها است	این در حالی است	1<2	unknown	background	frame
این در حالی است	که دولت در لایحه اصلاح قانون کار تلاش دارد گزینه وضع اقتصادی کشور را هم وارد فرایند تعیین حداقل دستمزد کند .	1<2	unknown	elaboration	elaboration
رییس موسسه مطالعات و تحقیقات اجتماعی دانشگاه تهران ، گفته	نگاه سرمایهداری در اداره شهرها باعث دوقطبیشدن شهرهای بزرگ شده	1>2	unknown	attribution	attribution
نگاه سرمایهداری در اداره شهرها باعث دوقطبیشدن شهرهای بزرگ شده	به گونهای که فقرا جرات پا گذاشتن به مناطق عیاننشین را ندارند .	1<2	unknown	cause	causal
حسین ایمانی جاجرمی معتقد است	حق بر شهر گروههای مختلف اجتماعی با تبدیل فضای شهر به فضای مبادله و کالایی کردن زندگی نقض شده است .	1>2	unknown	attribution	attribution
نگاه سرمایهداری در اداره شهرها باعث دوقطبیشدن شهرهای بزرگ شده	حق بر شهر گروههای مختلف اجتماعی با تبدیل فضای شهر به فضای مبادله و کالایی کردن زندگی نقض شده است .	1<2	unknown	topic-comment	comment
به گفته او	شهرداری و تمام دستگاههایی <*> در این مسیر حرکت کرده	1>2	unknown	attribution	attribution
حق بر شهر گروههای مختلف اجتماعی با تبدیل فضای شهر به فضای مبادله و کالایی کردن زندگی نقض شده است .	شهرداری و تمام دستگاههایی <*> در این مسیر حرکت کرده	1<2	unknown	elaboration	elaboration
شهرداری و تمام دستگاههایی <*> در این مسیر حرکت کرده	که وارد کارهای پولی شدهاند	1<2	unknown	elaboration	elaboration
شهرداری و تمام دستگاههایی <*> در این مسیر حرکت کرده	و متوجه نبودهاند	1<2	unknown	contrast	contrast
که وقتی چنین سیاست اقتصادی را دنبال میکنند	باید با پیامدهای آن نیز مواجه شوند .	1>2	unknown	background	frame
و متوجه نبودهاند	باید با پیامدهای آن نیز مواجه شوند .	1<2	unknown	cause	causal
به گفته او	و برای همین امروز حتی نمیتوان زمین بازی برای کودکان در تهران ایجاد کرد	1>2	unknown	attribution	attribution
ساخت مراکز عمومی مانند پارک و مدرسه سود مادی ندارد	و برای همین امروز حتی نمیتوان زمین بازی برای کودکان در تهران ایجاد کرد	1>2	unknown	cause	causal
حق بر شهر گروههای مختلف اجتماعی با تبدیل فضای شهر به فضای مبادله و کالایی کردن زندگی نقض شده است .	و برای همین امروز حتی نمیتوان زمین بازی برای کودکان در تهران ایجاد کرد	1<2	unknown	joint	conjunction
و برای همین امروز حتی نمیتوان زمین بازی برای کودکان در تهران ایجاد کرد	چون قیمت زمین بالاست	1<2	unknown	cause	causal
چون قیمت زمین بالاست	و گروههای کاسبکار بر زمینها چنگ انداختهاند .	1<2	unknown	joint	conjunction
به اعتقاد این جامعهشناس	با چنین اقداماتی فرآیند طرد اجتماعی در فضای شهری شروع میشود	1>2	unknown	attribution	attribution
و برای همین امروز حتی نمیتوان زمین بازی برای کودکان در تهران ایجاد کرد	با چنین اقداماتی فرآیند طرد اجتماعی در فضای شهری شروع میشود	1<2	unknown	joint	conjunction
با چنین اقداماتی فرآیند طرد اجتماعی در فضای شهری شروع میشود	و عملا گروههای کمدرآمد از شهر حذف میشوند .	1<2	unknown	cause	causal
نگاه سرمایهداری در اداره شهرها باعث دوقطبیشدن شهرهای بزرگ شده	کاسبکارسالاری در حکمرانی شهری از سالها پیش مورد مطالعه قرار گرفته	1<2	unknown	attribution	attribution
کاسبکارسالاری در حکمرانی شهری از سالها پیش مورد مطالعه قرار گرفته	و اثرات مخرب آن بر روی زندگی مردم در شهرها بررسی شده است .	1<2	unknown	joint	conjunction
برخی نظریهپردازان شهری مانند دیوید هاروی	معتقد	1>2	unknown	attribution	attribution
کاسبکارسالاری در حکمرانی شهری از سالها پیش مورد مطالعه قرار گرفته	معتقد	1<2	unknown	topic-comment	comment
معتقد	ند	1<2	unknown	elaboration	elaboration
یک حقوقدان میگوید	طرح کارورزی دولت با تکلیف قانونی <*> تعارض دارد	1>2	unknown	attribution	attribution
طرح کارورزی دولت با تکلیف قانونی <*> تعارض دارد	که از سوی مجلس برای اشتغالزایی در قانون برنامه ششم توسعه گنجانده شده است	1<2	unknown	elaboration	elaboration
طرح کارورزی دولت با تکلیف قانونی <*> تعارض دارد	و ضروری است تا مجلس نظر خود را در این مورد ارایه کند .	1<2	unknown	cause	causal
به گفته علیرضا مقدم ،	دولت موظف است تا به منظور ترغیب کارفرمایانی <*> آنها را تا مدت دو سال از پرداخت سهم بیمه کارفرما معاف کند	1>2	unknown	attribution	attribution
برابر ماده ۷۱ قانون برنامه ششم توسعه	دولت موظف است تا به منظور ترغیب کارفرمایانی <*> آنها را تا مدت دو سال از پرداخت سهم بیمه کارفرما معاف کند	1>2	unknown	attribution	attribution
طرح کارورزی دولت با تکلیف قانونی <*> تعارض دارد	دولت موظف است تا به منظور ترغیب کارفرمایانی <*> آنها را تا مدت دو سال از پرداخت سهم بیمه کارفرما معاف کند	1<2	unknown	explanation	explanation
دولت موظف است تا به منظور ترغیب کارفرمایانی <*> آنها را تا مدت دو سال از پرداخت سهم بیمه کارفرما معاف کند	که اقدام به استخدام دانشآموختگان دانشگاهی میکنند ،	1<2	unknown	elaboration	elaboration
اما اکنون که طرح کارورزی به اجرا درآمده است	میشنویم که کارفرمایان علاوه براین معافیت میتوانند در مدت مذکور دستمزدی معادل ثلث حداقل مزد قانونی پرداخت کنند .	1>2	unknown	background	frame
دولت موظف است تا به منظور ترغیب کارفرمایانی <*> آنها را تا مدت دو سال از پرداخت سهم بیمه کارفرما معاف کند	میشنویم که کارفرمایان علاوه براین معافیت میتوانند در مدت مذکور دستمزدی معادل ثلث حداقل مزد قانونی پرداخت کنند .	1<2	unknown	contrast	contrast
این حقوقدان بابیان این که در هیچکجای ماده ۷۱ قانون برنامه ششم توسعه صحبتی نشده <*> گفته :	شرایط کارورزی و کارآموزی در فصل پنجم قانون کار به تفصیل مشخص شده	1>2	unknown	attribution	attribution
این حقوقدان بابیان این که در هیچکجای ماده ۷۱ قانون برنامه ششم توسعه صحبتی نشده <*> گفته :	که کارفرما میتواند به کارورز دستمزدی کمتر از حداقلهای قانونی پرداخت کند ،	1<2	unknown	elaboration	elaboration
دولت موظف است تا به منظور ترغیب کارفرمایانی <*> آنها را تا مدت دو سال از پرداخت سهم بیمه کارفرما معاف کند	شرایط کارورزی و کارآموزی در فصل پنجم قانون کار به تفصیل مشخص شده	1<2	unknown	contrast	contrast
شرایط کارورزی و کارآموزی در فصل پنجم قانون کار به تفصیل مشخص شده	و دولت نمیتواند مدت کارورزی را به دلخواه افزایش یا کاهش دهد	1<2	unknown	cause	causal
و دولت نمیتواند مدت کارورزی را به دلخواه افزایش یا کاهش دهد	یا کارگر را با یک طرح احتمالا کارشناسی نشده از شمول قانون کار و مصوبات شورای عالی کار خارج سازد .	1<2	unknown	joint	conjunction
پس از اصرار دولت یازدهم بر روی لایحه اصلاح قانون کار ، طرح کارورزی دومین طرح در حوزه کار است	پرداخت یکسوم حقوق به کارورزان برای مدت دو سال عملا نیروی کار فوقالعاده ارزان برای کارفرمایان ایجاد میکند	1>2	unknown	background	frame
پس از اصرار دولت یازدهم بر روی لایحه اصلاح قانون کار ، طرح کارورزی دومین طرح در حوزه کار است	که با انتقاد شدید فعالان صنفی مواجه شده است .	1<2	unknown	elaboration	elaboration
منتقدان میگویند	پرداخت یکسوم حقوق به کارورزان برای مدت دو سال عملا نیروی کار فوقالعاده ارزان برای کارفرمایان ایجاد میکند	1>2	unknown	attribution	attribution
طرح کارورزی دولت با تکلیف قانونی <*> تعارض دارد	پرداخت یکسوم حقوق به کارورزان برای مدت دو سال عملا نیروی کار فوقالعاده ارزان برای کارفرمایان ایجاد میکند	1<2	unknown	topic-comment	comment
پرداخت یکسوم حقوق به کارورزان برای مدت دو سال عملا نیروی کار فوقالعاده ارزان برای کارفرمایان ایجاد میکند	و مشخص نیست بعد از دو سال این کارگران جذب کارگاه شوند یا خیر	1<2	unknown	cause	causal
پرداخت یکسوم حقوق به کارورزان برای مدت دو سال عملا نیروی کار فوقالعاده ارزان برای کارفرمایان ایجاد میکند	و در نهایت نظامی از کارگران با قراردادهای موقت کار خلق میشود .	1<2	unknown	cause	causal
دولت فرانسه نشان لژیون دونور <*> را به شاهزاده محمد بن نایف ولیعهد و وزیر کشور عربستان سعودی اهدا کرد .	اعطای این نشان به شاهزاده سعودی ، موجی از انتقادات را در شبکههای مجازی به راه انداخته است .	1>2	unknown	background	frame
دولت فرانسه نشان لژیون دونور <*> را به شاهزاده محمد بن نایف ولیعهد و وزیر کشور عربستان سعودی اهدا کرد .	که افتخارآمیزترین نشان این کشور محسوب میشود	1<2	unknown	elaboration	elaboration
دولت فرانسه نشان لژیون دونور <*> را به شاهزاده محمد بن نایف ولیعهد و وزیر کشور عربستان سعودی اهدا کرد .	شاهزاده بن نایف <*> نشان لژیون دونور را دریافت کرده است .	1<2	unknown	summary	organization
شاهزاده بن نایف <*> نشان لژیون دونور را دریافت کرده است .	به خاطر تلاشهای خود برای مبارزه با تروریسم و افراطگرایی	1<2	unknown	explanation	explanation
اعطای این نشان به شاهزاده سعودی ، موجی از انتقادات را در شبکههای مجازی به راه انداخته است .	دولت فرانسوا اولاند روابط نزدیکی با خاندان سلطنتی سعودی برقرار کرده	1<2	unknown	background	frame
دولت فرانسوا اولاند روابط نزدیکی با خاندان سلطنتی سعودی برقرار کرده	و عربستان سعودی از مهمترین خریداران سلاحهای فرانسوی به شمار میآید .	1<2	unknown	joint	conjunction
دولت فرانسوا اولاند روابط نزدیکی با خاندان سلطنتی سعودی برقرار کرده	لازم به ذکر است که دولت عربستان یکشنبه گذشته چندی پس از دریافت نشان لژیون دونور توسط شاهزاده بن نیاف ، هفتادمین محکوم به مرگ سال ۲۰۱۶ خود را گردن زد .	1<2	unknown	joint	conjunction
امیرکبیر ، یکی از سیاست مداران نمونه ایران ، پیش از دوران صدراعظمی ، پنج سال را در عثمانی با دولت آن کشور و دولتهای روس و انگلیس مشغول مذاکره بود .	در این مذاکرات بارها دشواری برای امیرکبیر پیش آمد .	1<2	unknown	elaboration	elaboration
در یک مورد بر اثر زدن تهمتی به امیرکبیر	کسانی به خانه او حمله و اتاق او را غارت کردند ؛	1>2	unknown	explanation	explanation
در این مذاکرات بارها دشواری برای امیرکبیر پیش آمد .	کسانی به خانه او حمله و اتاق او را غارت کردند ؛	1<2	unknown	explanation	explanation
کسانی به خانه او حمله و اتاق او را غارت کردند ؛	با این هدف که شخصیت امیر را لکهدار کنند	1<2	unknown	enablement	purpose
با این هدف که شخصیت امیر را لکهدار کنند	تا او مذاکرات را ترک کند	1<2	unknown	enablement	purpose
کسانی به خانه او حمله و اتاق او را غارت کردند ؛	اما امیرکبیر به فراست مقصود آنان را دریافت .	1<2	unknown	contrast	contrast
اما امیرکبیر به فراست مقصود آنان را دریافت .	همه این ا را تحمل کرد	1<2	unknown	temporal	temporal
اما امیرکبیر به فراست مقصود آنان را دریافت .	و نتیجه آن دفاع از حق و حقوق سرزمینی ایران بود .	1<2	unknown	temporal	temporal
اما امیرکبیر به فراست مقصود آنان را دریافت .	او چنان تاثیرگذار بود	1<2	unknown	attribution	attribution
او چنان تاثیرگذار بود	که حتی پس از مرگ هم از اتهام و ناسزاگویی در امان نماند .	1<2	unknown	elaboration	elaboration
که حتی پس از مرگ هم از اتهام و ناسزاگویی در امان نماند .	تا آنجا که برخی علنا به او امیر شقی گفتند	1<2	unknown	explanation	explanation
تا آنجا که برخی علنا به او امیر شقی گفتند	و او را در شمار قاتلان ایمه خواندند ؛	1<2	unknown	joint	conjunction
تا آنجا که برخی علنا به او امیر شقی گفتند	کسی که اموال خود را وقف مسجد ، مدرسه و تاسیساتی در کربلا کرده بود	1<2	unknown	contrast	contrast
کسی که اموال خود را وقف مسجد ، مدرسه و تاسیساتی در کربلا کرده بود	و پیکر او در کنار سیدالشهدا دفن شد .	1<2	unknown	joint	conjunction
امیرکبیر ، یکی از سیاست مداران نمونه ایران ، پیش از دوران صدراعظمی ، پنج سال را در عثمانی با دولت آن کشور و دولتهای روس و انگلیس مشغول مذاکره بود .	یکی از وزرای خارجه ، زمانی در جمعی خصوصی ، در پاسخ به سوالی درباره سیاست مداران قدیم ایران ، از وثوق الدوله نام برد	1<2	unknown	joint	conjunction
و گفت :	او برای کاری <*> آبروی خود را هزینه کرد .	1>2	unknown	attribution	attribution
یکی از وزرای خارجه ، زمانی در جمعی خصوصی ، در پاسخ به سوالی درباره سیاست مداران قدیم ایران ، از وثوق الدوله نام برد	او برای کاری <*> آبروی خود را هزینه کرد .	1<2	unknown	joint	conjunction
او برای کاری <*> آبروی خود را هزینه کرد .	که فکر میکرد منافع ایران در آن است ،	1<2	unknown	elaboration	elaboration
البته این قرارداد و شخصیت وثوق الدوله از موضوعات پربحث در تاریخ معاصر بوده ،	مجتهدی <*> درباره وثوق الدوله نظری کم و بیش شبیه همان سخن دارد .	1>2	unknown	background	frame
البته این قرارداد و شخصیت وثوق الدوله از موضوعات پربحث در تاریخ معاصر بوده ،	ولی درخور توجه است .	1<2	unknown	contrast	contrast
او برای کاری <*> آبروی خود را هزینه کرد .	مجتهدی <*> درباره وثوق الدوله نظری کم و بیش شبیه همان سخن دارد .	1<2	unknown	evaluation	comment
مجتهدی <*> درباره وثوق الدوله نظری کم و بیش شبیه همان سخن دارد .	که میتوانست قاضی باشد و	1<2	unknown	evaluation	comment
که میتوانست قاضی باشد و	در عرصه سیاست حضوری بی واسطه داشت ،	1<2	unknown	joint	conjunction
امیرکبیر ، یکی از سیاست مداران نمونه ایران ، پیش از دوران صدراعظمی ، پنج سال را در عثمانی با دولت آن کشور و دولتهای روس و انگلیس مشغول مذاکره بود .	مدرس از مخالفان پرحرارت و فعال قرارداد ١۹١۹ بود	1<2	unknown	joint	conjunction
مدرس از مخالفان پرحرارت و فعال قرارداد ١۹١۹ بود	و میتوان گفت فعالیت او در ناکامی این قرارداد تاثیری بسزا داشت .	1<2	unknown	joint	conjunction
مدرس میگفت	من با ماده اول قرارداد	1>2	unknown	attribution	attribution
مدرس از مخالفان پرحرارت و فعال قرارداد ١۹١۹ بود	من با ماده اول قرارداد	1<2	unknown	explanation	explanation
مخالف	م	1>2	unknown	attribution	attribution
من با ماده اول قرارداد	م	1<2	unknown	explanation	explanation
م	زیرا این ماده تصریح میکند	1<2	unknown	comparison	concession
م	که استقلال ایران را به رسمیت میشناسد .	1<2	unknown	evaluation	comment
مدرس از مخالفان پرحرارت و فعال قرارداد ١۹١۹ بود	مثل این که کسی سیادت من را به رسیمت بشناسد .	1<2	unknown	elaboration	elaboration
مثل این که کسی سیادت من را به رسیمت بشناسد .	همین به رسمیت شناختن خود نوعی زیرسیوال بردن است .	1<2	unknown	contrast	contrast
همین به رسمیت شناختن خود نوعی زیرسیوال بردن است .	در این که مدرس به جد با این قرارداد مخالف بود ، هیچ شبههای نیست ؛	1<2	unknown	explanation	explanation
امیرکبیر ، یکی از سیاست مداران نمونه ایران ، پیش از دوران صدراعظمی ، پنج سال را در عثمانی با دولت آن کشور و دولتهای روس و انگلیس مشغول مذاکره بود .	اما در کابینه بعدی از طرفداران پروپاقرص وثوق الدوله بود ؛	1<2	unknown	elaboration	elaboration
اما در کابینه بعدی از طرفداران پروپاقرص وثوق الدوله بود ؛	با این استدلال که در عالم سیاست اختلاف نظر نباید به کینه ورزی یا به قول امروزی به حذف منجر شود .	1<2	unknown	joint	conjunction
این فهرست را میشود باز هم ادامه داد	و مثالهای بیشتری را برشمرد .	1>2	unknown	condition	condition
اما در کابینه بعدی از طرفداران پروپاقرص وثوق الدوله بود ؛	و مثالهای بیشتری را برشمرد .	1<2	unknown	explanation	explanation
و مثالهای بیشتری را برشمرد .	اگر از سیاست مداران بگذریم ،	1<2	unknown	joint	conjunction
و مثالهای بیشتری را برشمرد .	لااقل در ٢۰۰ سال گذشته مانند دوره دفاع مقدس بسیاری از جوانان برومند این مملکت جان خود را کف دست گرفته	1<2	unknown	enablement	purpose
امیرکبیر ، یکی از سیاست مداران نمونه ایران ، پیش از دوران صدراعظمی ، پنج سال را در عثمانی با دولت آن کشور و دولتهای روس و انگلیس مشغول مذاکره بود .	و جان فشانی کردند	1<2	unknown	evaluation	comment
و جان فشانی کردند	تا همگان بدانند بر سر تمامیت ارضی با کسی تعارف نداریم .	1<2	unknown	contrast	contrast
در چنین وضعیتی بگذار رسانههایی به تصور خود ، خادمی را خاین جلوه دهند .	مردم و تاریخ که میدانند	1>2	unknown	condition	condition
تا همگان بدانند بر سر تمامیت ارضی با کسی تعارف نداریم .	مردم و تاریخ که میدانند	1<2	unknown	joint	conjunction
و حتی اگر ندانند <*> همان کتاب « تاریخ جامع ایران »	که پشت سر وزیر امور خارجه امروز ما ست ،	1>2	unknown	attribution	attribution
و حتی اگر ندانند <*> همان کتاب « تاریخ جامع ایران »	ایران که پابرجا ست .	1<2	unknown	elaboration	elaboration
تا همگان بدانند بر سر تمامیت ارضی با کسی تعارف نداریم .	که پشت سر وزیر امور خارجه امروز ما ست ،	1<2	unknown	joint	conjunction
بسیاری از کارشناسان به درستی تاکید دارند	که حذف چهار صفر از پول ملی تاثیری بر تورم ندارد .	1>2	unknown	attribution	attribution
در روزهای اخیر مطالب بسیاری درباره حذف چهار صفر از پول ملی از سوی نهادهای رسمی و شبکههای اجتماعی مطرح شده است .	که حذف چهار صفر از پول ملی تاثیری بر تورم ندارد .	1<2	unknown	elaboration	elaboration
که حذف چهار صفر از پول ملی تاثیری بر تورم ندارد .	ریشههای تورم در افزایش نقدینگی است	1<2	unknown	explanation	explanation
ریشههای تورم در افزایش نقدینگی است	و با حذف صفر ضرورتا رشد نقدینگی کم نمیشود .	1<2	unknown	joint	conjunction
اگر افزایش سریع نقدینگی ادامه پیدا کند	حذف هر تعداد صفر از پول قادر به کاهش تورم نخواهد بود .	1>2	unknown	condition	condition
اگر افزایش سریع نقدینگی ادامه پیدا کند	و اقتصاد نیز در شرایط رکودی قرار داشته باشد ،	1<2	unknown	joint	conjunction
ریشههای تورم در افزایش نقدینگی است	حذف هر تعداد صفر از پول قادر به کاهش تورم نخواهد بود .	1<2	unknown	explanation	explanation
برخی تصور میکنند	حذف صفرها از پول تورم را پنهان میکند .	1>2	unknown	attribution	attribution
که حذف چهار صفر از پول ملی تاثیری بر تورم ندارد .	حذف صفرها از پول تورم را پنهان میکند .	1<2	unknown	joint	conjunction
حذف صفرها از پول تورم را پنهان میکند .	این تصور نیز درست نیست ،	1<2	unknown	topic-comment	comment
زیرا اگر قیمت برنج از ١۰ هزار برسد به ١۵ هزار تومان یا از یک برسد به ١ . ۵ تومان ،	در هر دو صورت قیمت ۵۰ درصد افزایش پیدا کرده است .	1>2	unknown	condition	condition
در هر دو صورت قیمت ۵۰ درصد افزایش پیدا کرده است .	آمارهای رسمی میزان تورم را نشان خواهد داد .	1>2	unknown	elaboration	elaboration
این تصور نیز درست نیست ،	آمارهای رسمی میزان تورم را نشان خواهد داد .	1<2	unknown	explanation	explanation
که حذف چهار صفر از پول ملی تاثیری بر تورم ندارد .	درباره احساس مردم نسبت به تورم هم به نظر نمیرسد که حذف صفر تاثیر چندانی داشته باشد .	1<2	unknown	joint	conjunction
درباره احساس مردم نسبت به تورم هم به نظر نمیرسد که حذف صفر تاثیر چندانی داشته باشد .	مردم خیلی زود درآمد و هزینههای واقعی را برآورد میکنند	1<2	unknown	explanation	explanation
مردم خیلی زود درآمد و هزینههای واقعی را برآورد میکنند	و میبینند که آیا سفره آنها کوچک میشود یا نه .	1<2	unknown	joint	conjunction
در مقابل تجربه نشان میدهد	که با برداشتن صفر از پول ملی غالبا مردم احساس میکنند ارزش داراییها و درآمد شان کم شده است	1>2	unknown	attribution	attribution
درباره احساس مردم نسبت به تورم هم به نظر نمیرسد که حذف صفر تاثیر چندانی داشته باشد .	که با برداشتن صفر از پول ملی غالبا مردم احساس میکنند ارزش داراییها و درآمد شان کم شده است	1<2	unknown	contrast	contrast
که با برداشتن صفر از پول ملی غالبا مردم احساس میکنند ارزش داراییها و درآمد شان کم شده است	و در ابتدا از این تغییر ناخشنود میشوند .	1<2	unknown	cause	causal
که حذف چهار صفر از پول ملی تاثیری بر تورم ندارد .	با توجه به تداوم تحریمهای آمریکا علیه ایران و رشد بالای نقدینگی ، در شرایط کنونی مسیله حذف چهار صفر از پول و تغییر واحد پول تاثیری بر تورم نخواهد داشت	1<2	unknown	elaboration	elaboration
با توجه به تداوم تحریمهای آمریکا علیه ایران و رشد بالای نقدینگی ، در شرایط کنونی مسیله حذف چهار صفر از پول و تغییر واحد پول تاثیری بر تورم نخواهد داشت	و بیشتر یک بحث فنی است .	1<2	unknown	joint	conjunction
با توجه به تداوم تحریمهای آمریکا علیه ایران و رشد بالای نقدینگی ، در شرایط کنونی مسیله حذف چهار صفر از پول و تغییر واحد پول تاثیری بر تورم نخواهد داشت	مدتها ست که جریان سکه و اسکناس در مبادلات روزمره با مشکل مواجه شده است .	1<2	unknown	elaboration	elaboration
مدتها ست که جریان سکه و اسکناس در مبادلات روزمره با مشکل مواجه شده است .	اسکناسها و سکههای زیر پنج هزار تومان دیگر در عمل ارزشی ندارند	1<2	unknown	explanation	explanation
اسکناسها و سکههای زیر پنج هزار تومان دیگر در عمل ارزشی ندارند	و از جریان خارج شده اند .	1<2	unknown	joint	conjunction
مدتها ست که جریان سکه و اسکناس در مبادلات روزمره با مشکل مواجه شده است .	در همه کشورهای جهان سکه بخشی از مبادلات نقدی است .	1<2	unknown	contrast	contrast
در همه کشورهای جهان سکه بخشی از مبادلات نقدی است .	به ویژه در کشورهای در حال توسعه <*> ضرب سکه در داخل کمهزینهتر است	1<2	unknown	elaboration	elaboration
به ویژه در کشورهای در حال توسعه <*> ضرب سکه در داخل کمهزینهتر است	که کاغذ ویژه اسکناس وارداتی است ،	1<2	unknown	elaboration	elaboration
ضرب سکه در داخل کمهزینهتر است	و باید در خدمت انجام مبادلات نقدی باشد .	1<2	unknown	joint	conjunction
اگر دولت بخواهد همچنان بخشی از مبادلات مردم با سکه انجام شود ،	باید در سالهای آینده سکههای پنج هزارتومانی و ١۰هزارتومانی ضرب کند .	1>2	unknown	condition	condition
به ویژه در کشورهای در حال توسعه <*> ضرب سکه در داخل کمهزینهتر است	باید در سالهای آینده سکههای پنج هزارتومانی و ١۰هزارتومانی ضرب کند .	1<2	unknown	evaluation	comment
باید در سالهای آینده سکههای پنج هزارتومانی و ١۰هزارتومانی ضرب کند .	این سکهها اثر روانی بدی خواهند داشت	1<2	unknown	evaluation	comment
این سکهها اثر روانی بدی خواهند داشت	و به وضوح نشانگر ازبین رفتن ارزش پول ملی هستند .	1<2	unknown	explanation	explanation
باید در سالهای آینده سکههای پنج هزارتومانی و ١۰هزارتومانی ضرب کند .	با توجه به قیمت بالای کاغذهای وارداتی ویژه نشر اسکناس ، اسکناسهای جدید هم ۵۰ هزار تومان و بالاتر خواهد بود .	1<2	unknown	joint	conjunction
با توجه به تداوم تحریمهای آمریکا علیه ایران و رشد بالای نقدینگی ، در شرایط کنونی مسیله حذف چهار صفر از پول و تغییر واحد پول تاثیری بر تورم نخواهد داشت	در واقع سالها تورم بالا و انباشت اثر آن بر ارزش پول ملی ، دولت را ناگزیر به تغییر واحد پول کرده است .	1<2	unknown	summary	organization
با توجه به تداوم تحریمهای آمریکا علیه ایران و رشد بالای نقدینگی ، در شرایط کنونی مسیله حذف چهار صفر از پول و تغییر واحد پول تاثیری بر تورم نخواهد داشت	این بحث از زمان دولت احمدی نژاد هم مطرح بود	1<2	unknown	elaboration	elaboration
این بحث از زمان دولت احمدی نژاد هم مطرح بود	ولی شرایط تورمی و بی تاثیربودن حذف صفرها بر تورم دولت را از اجرای این تصمیم باز داشت .	1<2	unknown	contrast	contrast
یکی از مشکلات اساسی درباره این سیاست ، توضیحات ناکافی از سوی دولت و وجود ابهام در علت اعمال این سیاست برای مردم است .	و همین مسیله اجرای این سیاست را دشوارتر میکند .	1>2	unknown	explanation	explanation
یکی از مشکلات اساسی درباره این سیاست ، توضیحات ناکافی از سوی دولت و وجود ابهام در علت اعمال این سیاست برای مردم است .	ضعف شدید سرمایه اجتماعی و نبود باور به کارایی سیاستهای اقتصادی ، بسیاری از مردم را نسبت به این سیاست بدبین کرده است	1<2	unknown	joint	conjunction
که حذف چهار صفر از پول ملی تاثیری بر تورم ندارد .	و همین مسیله اجرای این سیاست را دشوارتر میکند .	1<2	unknown	elaboration	elaboration
که حذف چهار صفر از پول ملی تاثیری بر تورم ندارد .	در سالهای اخیر اجرای بسیاری از سیاستهای اصلاحی ، مانند حذف یارانههای سنگین انرژی ، حذف یارانه دهکهای بالای درآمدی و … <*> ناممکن بوده است .	1<2	unknown	evaluation	comment
به دلیل شرایط دشوار اقتصادی ،	ناممکن بوده است .	1>2	unknown	cause	causal
در سالهای اخیر اجرای بسیاری از سیاستهای اصلاحی ، مانند حذف یارانههای سنگین انرژی ، حذف یارانه دهکهای بالای درآمدی و … <*> ناممکن بوده است .	برای حذف چهار صفر از پول ملی نیز وضعیت مشابهی وجود دارد .	1<2	unknown	comparison	concession
برای حذف چهار صفر از پول ملی نیز وضعیت مشابهی وجود دارد .	به باور برخی از کارشناسان در حال حاضر اجرای این سیاست بسیار پرهزینه و کم فایده است .	1<2	unknown	explanation	explanation
به باور برخی از کارشناسان در حال حاضر اجرای این سیاست بسیار پرهزینه و کم فایده است .	از یک سو کل اسکناسهای در جریان باید جمع آوری شود	1<2	unknown	explanation	explanation
از یک سو کل اسکناسهای در جریان باید جمع آوری شود	و اسکناسهای جدید با استفاده از کاغذهای گران وارداتی منتشر شود ،	1<2	unknown	joint	conjunction
از یک سو کل اسکناسهای در جریان باید جمع آوری شود	و از سوی دیگر کل دفاتر حسابداری موسسات دولتی و خصوصی ، آمارها و محاسبات مجددا بر مبنای واحد پولی جدید تهیه شود ،	1<2	unknown	joint	conjunction
و از سوی دیگر کل دفاتر حسابداری موسسات دولتی و خصوصی ، آمارها و محاسبات مجددا بر مبنای واحد پولی جدید تهیه شود ،	بدون آنکه چشم اندازی برای حل مشکلات بودجه و رشد نقدینگی ایجاد شده باشد .	1<2	unknown	manner-means	mode
مردم در انتظار حل مشکل تحریمها هستند	به همین دلیل بهتر است <*> تغییر واحد پول ملی در شرایط مساعدتری انجام شود	1>2	unknown	evaluation	comment
مردم در انتظار حل مشکل تحریمها هستند	و حذف چهار صفر در شرایط تداوم رکود تورمی مردم ناراضی را خوشحال نمیکند .	1<2	unknown	cause	causal
در روزهای اخیر مطالب بسیاری درباره حذف چهار صفر از پول ملی از سوی نهادهای رسمی و شبکههای اجتماعی مطرح شده است .	به همین دلیل بهتر است <*> تغییر واحد پول ملی در شرایط مساعدتری انجام شود	1<2	unknown	topic-comment	comment
با تحمل هزینه ضرب سکههای هزار و پنج هزار تومانی و اسکناسهای ۵۰ هزار و صد هزار تومانی ،	تغییر واحد پول ملی در شرایط مساعدتری انجام شود	1>2	unknown	manner-means	mode
تغییر واحد پول ملی در شرایط مساعدتری انجام شود	که مردم شاهد توقف رشد سریع قیمتها و رونق اقتصادی باشند .	1<2	unknown	elaboration	elaboration
قانوننویسی و قانونگذاری در ایران نیازمند نقدهای جدی و بنیادین است .	آخرین و شاید یکی از برجستهترین نمونههای این نوع طرحها و لوایح ، طرح « رفع انحصار از زبان انگلیسی در نظام آموزش همگانی کشور » است	1>2	unknown	background	frame
قانوننویسی و قانونگذاری در ایران نیازمند نقدهای جدی و بنیادین است .	بخش مهمی از مشکلات مربوط به سستی و کم اثری قانون در ایران ، از لایحه نویسیها و طرح نویسیهای ضعیف و ناپخته دولت و برخی نمایندگان محترم و در نهایت فرایند تصویب آنها در مجلس ناشی میشود .	1<2	unknown	explanation	explanation
بخش مهمی از مشکلات مربوط به سستی و کم اثری قانون در ایران ، از لایحه نویسیها و طرح نویسیهای ضعیف و ناپخته دولت و برخی نمایندگان محترم و در نهایت فرایند تصویب آنها در مجلس ناشی میشود .	متونی که عمدتا براساس سلیقههای شخصی و بدون توجه به تجربه اجتماعی و نیازهای عمومی تهیه شده	1<2	unknown	elaboration	elaboration
متونی که عمدتا براساس سلیقههای شخصی و بدون توجه به تجربه اجتماعی و نیازهای عمومی تهیه شده	و گاهی نیز در پی جلب منافع برای گروههای کوچک ولی قدرتمند هستند	1<2	unknown	joint	conjunction
و بیش از آنکه کمکی به نظم و جامعه کنند ،	موجب بی نظمی و سردرگمی مردم و تحمیل هزینههای سنگین اقتصادی ، اجتماعی و فرهنگی بر دوش دولت و ملت می شوند .	1>2	unknown	comparison	concession
متونی که عمدتا براساس سلیقههای شخصی و بدون توجه به تجربه اجتماعی و نیازهای عمومی تهیه شده	موجب بی نظمی و سردرگمی مردم و تحمیل هزینههای سنگین اقتصادی ، اجتماعی و فرهنگی بر دوش دولت و ملت می شوند .	1<2	unknown	joint	conjunction
آخرین و شاید یکی از برجستهترین نمونههای این نوع طرحها و لوایح ، طرح « رفع انحصار از زبان انگلیسی در نظام آموزش همگانی کشور » است	که بیش از ۵۰ نفر از نمایندگان آن را امضا کرده اند .	1<2	unknown	elaboration	elaboration
آخرین و شاید یکی از برجستهترین نمونههای این نوع طرحها و لوایح ، طرح « رفع انحصار از زبان انگلیسی در نظام آموزش همگانی کشور » است	این طرح برنامه ریزی درسی و برنامه ریزی آموزشی را به حوزه قانون گذاری کشانده است .	1<2	unknown	explanation	explanation
این طرح برنامه ریزی درسی و برنامه ریزی آموزشی را به حوزه قانون گذاری کشانده است .	تلقی نانوشته طراحان محترم این است که مجلس میتواند به برنامه ریزی درسی و آموزشی هم وارد شود .	1<2	unknown	explanation	explanation
با چنین منطقی اگر قوانینی درباره مثلا کم و زیاد شدن مبحث انتگرال یا تاریخ فلان دوره و جغرافیای فلان قسمت دنیا یا آوردن نام فلان شاعر و بهمان نویسنده در کتابهای درسی یا انواع ورزش برای زنگ ورزش ، یا تعیین موضوعات برای انشای دانش آموزان و … وضع شوند ،	نباید تعجب کرد .	1>2	unknown	condition	condition
تلقی نانوشته طراحان محترم این است که مجلس میتواند به برنامه ریزی درسی و آموزشی هم وارد شود .	نباید تعجب کرد .	1<2	unknown	evaluation	comment
برنامه ریزی درسی و آموزشی امری کارشناسی و سیال است	واردشدن قوه تقنینی کشور به چنین موضوعی از پایه مغایر با شان قانون گذار و شیون قانون گذاری است .	1>2	unknown	explanation	explanation
برنامه ریزی درسی و آموزشی امری کارشناسی و سیال است	که اصولا خارج از قلمرو قانون گذاری قرار میگیرد .	1<2	unknown	elaboration	elaboration
این طرح برنامه ریزی درسی و برنامه ریزی آموزشی را به حوزه قانون گذاری کشانده است .	واردشدن قوه تقنینی کشور به چنین موضوعی از پایه مغایر با شان قانون گذار و شیون قانون گذاری است .	1<2	unknown	contrast	contrast
واردشدن قوه تقنینی کشور به چنین موضوعی از پایه مغایر با شان قانون گذار و شیون قانون گذاری است .	« مجلس میتواند در عموم مسایل قانون وضع کند » ( اصل هفتادم قانون اساسی )	1<2	unknown	explanation	explanation
« مجلس میتواند در عموم مسایل قانون وضع کند » ( اصل هفتادم قانون اساسی )	ولی این اختیار محدود به حدود تقسیم کار عمومی و حقوق اساسی ملت و امور اجرایی است .	1<2	unknown	contrast	contrast
توجه به جزییات پرتعارض ، غیرواقع بینانه و غیرکارشناسی این طرح نیز از این جهت خالی از فایده نیست	از تاریخ تصویب این قانون ، آموزش زبان انگلیسی در نظام آموزش همگانی کشور جنبه اختیاری خواهد داشت .	1>2	unknown	background	frame
توجه به جزییات پرتعارض ، غیرواقع بینانه و غیرکارشناسی این طرح نیز از این جهت خالی از فایده نیست	که تذکری باشد برای لزوم دقت و توجه بیشتر در قانون نویسی و قانون گذاری	1<2	unknown	enablement	purpose
که تذکری باشد برای لزوم دقت و توجه بیشتر در قانون نویسی و قانون گذاری	که سرنوشت مردم را تعیین میکند .	1<2	unknown	elaboration	elaboration
از تاریخ تصویب این قانون ، آموزش زبان انگلیسی در نظام آموزش همگانی کشور جنبه اختیاری خواهد داشت .	این شیوه قانون نویسی گره نمی گشاید ،	1>2	unknown	evaluation	comment
از تاریخ تصویب این قانون ، آموزش زبان انگلیسی در نظام آموزش همگانی کشور جنبه اختیاری خواهد داشت .	این قانون از تاریخ تصویب باید اجرا شود ( ماده ١ ) .	1<2	unknown	elaboration	elaboration
از تاریخ تصویب این قانون ، آموزش زبان انگلیسی در نظام آموزش همگانی کشور جنبه اختیاری خواهد داشت .	یک سلیقه چندنفره تا چه اندازه برای تصمیم گیری در چنین موضوع مهم و کارشناسانهای اعتبار دارد ؟	1<2	unknown	topic-comment	comment
علاوه بر این اگر فرض کنیم این قانون در مثلا بهمن ماه تصویب شود ،	وزارت آموزش و پرورش باید فورا کلاسهای آموزش زبان انگلیسی در پایههای مختلف تحصیلی را اختیاری کرده	1>2	unknown	condition	condition
وزارت آموزش و پرورش باید فورا کلاسهای آموزش زبان انگلیسی در پایههای مختلف تحصیلی را اختیاری کرده	آیا در اجرا امکان چنین تغییر بزرگی وجود دارد ؟	1>2	unknown	elaboration	elaboration
وزارت آموزش و پرورش باید فورا کلاسهای آموزش زبان انگلیسی در پایههای مختلف تحصیلی را اختیاری کرده	و زبانهای دیگر را هم جانشین آن کند .	1<2	unknown	joint	conjunction
یک سلیقه چندنفره تا چه اندازه برای تصمیم گیری در چنین موضوع مهم و کارشناسانهای اعتبار دارد ؟	آیا در اجرا امکان چنین تغییر بزرگی وجود دارد ؟	1<2	unknown	joint	conjunction
یک سلیقه چندنفره تا چه اندازه برای تصمیم گیری در چنین موضوع مهم و کارشناسانهای اعتبار دارد ؟	دانش آموزی <*> برای آینده اش باید چه کند ؟	1<2	unknown	joint	conjunction
دانش آموزی <*> برای آینده اش باید چه کند ؟	که اکنون در حال گذراندن درس زبان انگلیسی است ،	1<2	unknown	elaboration	elaboration
دانش آموزی <*> برای آینده اش باید چه کند ؟	معلوم نیست .	1<2	unknown	topic-comment	comment
یک سلیقه چندنفره تا چه اندازه برای تصمیم گیری در چنین موضوع مهم و کارشناسانهای اعتبار دارد ؟	معلمی <*> چه خواهد کرد ؟	1<2	unknown	joint	conjunction
معلمی <*> چه خواهد کرد ؟	که به تدریس زبان انگلیسی اشتغال دارد ،	1<2	unknown	elaboration	elaboration
یک سلیقه چندنفره تا چه اندازه برای تصمیم گیری در چنین موضوع مهم و کارشناسانهای اعتبار دارد ؟	شغل و آینده شغلی و درآمد مختصر زندگی اش چه میشود ؟	1<2	unknown	joint	conjunction
از تاریخ تصویب این قانون ، آموزش زبان انگلیسی در نظام آموزش همگانی کشور جنبه اختیاری خواهد داشت .	دانشگاههای کشور موظف اند با مراکز علمی کشورهای دیگر برای آموزش زبانهای آنها در مدارس ایران ( ماده ٢ ) تفاهم نامه و قرارداد منعقد کنند .	1<2	unknown	topic-change	conjunction
دانشگاههای کشور موظف اند با مراکز علمی کشورهای دیگر برای آموزش زبانهای آنها در مدارس ایران ( ماده ٢ ) تفاهم نامه و قرارداد منعقد کنند .	چنین کاری تا چه حد ممکن است ؟	1<2	unknown	topic-comment	comment
چنین کاری تا چه حد ممکن است ؟	چقدر طول میکشد ؟	1<2	unknown	joint	conjunction
چنین کاری تا چه حد ممکن است ؟	چقدر مفید است ؟	1<2	unknown	joint	conjunction
چنین کاری تا چه حد ممکن است ؟	چقدر زمان میبرد	1<2	unknown	joint	conjunction
چقدر زمان میبرد	که نتایج این مثلا تفاهم نامهها به کلاسهای درس منتهی شود ؟	1<2	unknown	enablement	purpose
چنین کاری تا چه حد ممکن است ؟	در این مدت نظام آموزشی کشور و وضعیت دانش آموزان و مدارس چه خواهد شد ؟	1<2	unknown	joint	conjunction
از تاریخ تصویب این قانون ، آموزش زبان انگلیسی در نظام آموزش همگانی کشور جنبه اختیاری خواهد داشت .	از تاریخ تصویب این قانون آموزش وپرورش مکلف خواهد بود آموزش زبانهای موضوع این قانون و زبان انگلیسی را صرفا از طریق آموزشگاههای آزاد ارایه کند . ( ماده ۳ )	1<2	unknown	topic-change	conjunction
از تاریخ تصویب این قانون آموزش وپرورش مکلف خواهد بود آموزش زبانهای موضوع این قانون و زبان انگلیسی را صرفا از طریق آموزشگاههای آزاد ارایه کند . ( ماده ۳ )	کدام منطق بر این نوع تعیین تکلیف قانونی حاکم است ؟	1<2	unknown	topic-comment	comment
کدام منطق بر این نوع تعیین تکلیف قانونی حاکم است ؟	این قانون است یا بازارسازی برای آموزشگاههای آزاد ؟	1<2	unknown	joint	conjunction
درحالی که سالها ست کارشناسان برجسته آموزشی و متخصصان اقتصاد آموزش و پرورش سیطره آموزشگاههای آزاد و کنکور بر نظام آموزشی را از موجبات کاهش کیفیت آموزش و گاهی فساد میدانند ،	چرا باید آموزش زبان انگلیسی و زبانهای خارجی دیگر از مدارس رسمی به آموزشگاههای آزاد منتقل شود ؟	1>2	unknown	background	frame
کدام منطق بر این نوع تعیین تکلیف قانونی حاکم است ؟	چرا باید آموزش زبان انگلیسی و زبانهای خارجی دیگر از مدارس رسمی به آموزشگاههای آزاد منتقل شود ؟	1<2	unknown	joint	conjunction
قانون باید متضمن نفع عمومی باشد .	چه نفع عمومی در این مقررات وجود دارد ؟	1>2	unknown	topic-comment	comment
کدام منطق بر این نوع تعیین تکلیف قانونی حاکم است ؟	چه نفع عمومی در این مقررات وجود دارد ؟	1<2	unknown	joint	conjunction
کدام منطق بر این نوع تعیین تکلیف قانونی حاکم است ؟	گذشته از اینها درحال حاضر چه تعداد آموزشگاه زبان در ایران فعال است ؟	1<2	unknown	joint	conjunction
کدام منطق بر این نوع تعیین تکلیف قانونی حاکم است ؟	چه تعداد دان ش آموز باید به این آموزشگاهها فرستاده شوند ؟	1<2	unknown	joint	conjunction
کدام منطق بر این نوع تعیین تکلیف قانونی حاکم است ؟	آیا درحال حاضر آموزشگاههای آزاد فعال توان جذب ناگهانی این همه دانش آموز را دارند ؟	1<2	unknown	joint	conjunction
کدام منطق بر این نوع تعیین تکلیف قانونی حاکم است ؟	هزینه ای <*> چقدر است	1<2	unknown	joint	conjunction
هزینه ای <*> چقدر است	که از این طریق بر مردم تحمیل میشود ،	1<2	unknown	elaboration	elaboration
کدام منطق بر این نوع تعیین تکلیف قانونی حاکم است ؟	و چه خانوارهایی توان تحمل چنین هزینههایی را دارند ؟	1<2	unknown	joint	conjunction
قانون نویس نمی تواند <*> قانون بنویسد .	این شیوه قانون نویسی گره نمی گشاید ،	1>2	unknown	explanation	explanation
قانون نویس نمی تواند <*> قانون بنویسد .	بدون دقیقترین پاسخ به چنین جزییاتی	1<2	unknown	manner-means	mode
قانون نویس نمی تواند <*> قانون بنویسد .	جالبتر از همه اینکه طراحان این طرح از مجلس تقاضای یک فوریت نیز کرده بودند .	1<2	unknown	evaluation	comment
جالبتر از همه اینکه طراحان این طرح از مجلس تقاضای یک فوریت نیز کرده بودند .	این همه شتاب چه علتی دارد ؟	1<2	unknown	topic-comment	comment
اگر قرار به برقراری و تثبیت و تحکیم نظم در جامعه است ،	این شیوه قانون نویسی گره نمی گشاید ،	1>2	unknown	condition	condition
آخرین و شاید یکی از برجستهترین نمونههای این نوع طرحها و لوایح ، طرح « رفع انحصار از زبان انگلیسی در نظام آموزش همگانی کشور » است	این شیوه قانون نویسی گره نمی گشاید ،	1<2	unknown	topic-comment	comment
این شیوه قانون نویسی گره نمی گشاید ،	گره میافکند .	1<2	unknown	joint	conjunction
افزایش قیمت بنزین برای بخش سهمیهای آن ، ۵۰ درصد است و برای بخش غیرسهمیهای ۳۰۰ درصد ؛	نگارنده پیش از این بارها پیشنهاد داده بود برای کاستن از فشار سنگین بودجهای بر دولت <*> گسترش پایههای مالیاتی میتواند اولین اقدام موثر باشد .	1>2	unknown	background	frame
افزایش قیمت بنزین برای بخش سهمیهای آن ، ۵۰ درصد است و برای بخش غیرسهمیهای ۳۰۰ درصد ؛	صرف نظر از شیوه تصمیم گیری و نوع کار کارشناسی ، تصمیمی است که در فاز اجرایی قرار گرفته است .	1<2	unknown	elaboration	elaboration
افزایش قیمت بنزین برای بخش سهمیهای آن ، ۵۰ درصد است و برای بخش غیرسهمیهای ۳۰۰ درصد ؛	بنزین	1<2	unknown	elaboration	elaboration
بنزین	به دلیل ماهیت استراتژیک آن ،	1<2	unknown	explanation	explanation
بنزین	وضعیتی بسیار متفاوت نسبت به سایر حاملهای انرژی دارد .	1<2	unknown	cause	causal
بنزین	با ایجاد نظام سهمیه بندی برای حمل ونقل درون شهری اعم از تاکسیهای اینترنتی و البته آژانسها و … ، جای سوالی جدی باقی است که تکلیف مسافربرهای شخصی <*> چه میشود ؟	1<2	unknown	explanation	explanation
با ایجاد نظام سهمیه بندی برای حمل ونقل درون شهری اعم از تاکسیهای اینترنتی و البته آژانسها و … ، جای سوالی جدی باقی است که تکلیف مسافربرهای شخصی <*> چه میشود ؟	که برای فرار از بی کاری ، به امرار معاش از طریق خودروی ارزان قیمت خود میپرداختند	1<2	unknown	elaboration	elaboration
نگارنده پیش از این بارها پیشنهاد داده بود برای کاستن از فشار سنگین بودجهای بر دولت <*> گسترش پایههای مالیاتی میتواند اولین اقدام موثر باشد .	بر اثر تحریمها و کاهش جدی صادرات نفت خام ایران ،	1<2	unknown	explanation	explanation
نگارنده پیش از این بارها پیشنهاد داده بود برای کاستن از فشار سنگین بودجهای بر دولت <*> گسترش پایههای مالیاتی میتواند اولین اقدام موثر باشد .	به بیان دیگر ، با شناسایی دقیق افراد ثروتمند و نهادهایی که <*> بسیار بیش از ۳١ هزار میلیارد تومان حاصل از افزایش اخیر قیمت بنزین ، امکان بهره برداری برای دولت وجود داشت	1<2	unknown	summary	organization
به بیان دیگر ، با شناسایی دقیق افراد ثروتمند و نهادهایی که <*> بسیار بیش از ۳١ هزار میلیارد تومان حاصل از افزایش اخیر قیمت بنزین ، امکان بهره برداری برای دولت وجود داشت	فرار مالیاتی میکنند	1<2	unknown	elaboration	elaboration
فرار مالیاتی میکنند	و حجم آن حدود ۴۰ هزار میلیارد تومان برآورد میشود ،	1<2	unknown	joint	conjunction
به بیان دیگر ، با شناسایی دقیق افراد ثروتمند و نهادهایی که <*> بسیار بیش از ۳١ هزار میلیارد تومان حاصل از افزایش اخیر قیمت بنزین ، امکان بهره برداری برای دولت وجود داشت	و این میزان دغدغه و حاشیه نیز ایجاد نمی شد .	1<2	unknown	joint	conjunction
به بیان دیگر ، با شناسایی دقیق افراد ثروتمند و نهادهایی که <*> بسیار بیش از ۳١ هزار میلیارد تومان حاصل از افزایش اخیر قیمت بنزین ، امکان بهره برداری برای دولت وجود داشت	در عین حال ، تکلیف قانونی حذف یارانه ثروتمندان نیز یکی از مواردی بود	1<2	unknown	joint	conjunction
در عین حال ، تکلیف قانونی حذف یارانه ثروتمندان نیز یکی از مواردی بود	که منابع درآمدی پذیرفته شدهای برای دولت ایجاد میکرد	1<2	unknown	elaboration	elaboration
که منابع درآمدی پذیرفته شدهای برای دولت ایجاد میکرد	و این شیوه نادرست پرداخت یارانه به همه را اصلاح میکرد .	1<2	unknown	joint	conjunction
نگارنده پیش از این بارها پیشنهاد داده بود برای کاستن از فشار سنگین بودجهای بر دولت <*> گسترش پایههای مالیاتی میتواند اولین اقدام موثر باشد .	از روشهای اصلی شناسایی اقشار پردرآمد ، استفاده از دادههای سازمان امور مالیاتی است	1<2	unknown	manner-means	mode
و طبق قانون	باید همه اطلاعات مالی و ثروت افراد در اختیار سازمان امور مالیاتی باشد .	1>2	unknown	attribution	attribution
از روشهای اصلی شناسایی اقشار پردرآمد ، استفاده از دادههای سازمان امور مالیاتی است	باید همه اطلاعات مالی و ثروت افراد در اختیار سازمان امور مالیاتی باشد .	1<2	unknown	explanation	explanation
از روشهای اصلی شناسایی اقشار پردرآمد ، استفاده از دادههای سازمان امور مالیاتی است	از این طریق ، دولت هم میتواند اقشار گوناگون را شناسایی کند	1<2	unknown	elaboration	elaboration
از این طریق ، دولت هم میتواند اقشار گوناگون را شناسایی کند	و هم از اقشار پردرآمد مالیات بگیرد .	1<2	unknown	joint	conjunction
از این طریق ، دولت هم میتواند اقشار گوناگون را شناسایی کند	همچنین دولت میتوانست با استفاده از بانکهای اطلاعاتی ، از امکانهای قانونی خود در راستای حذف یارانه و مالیات ستانی از ثروتمندان به نحو احسن استفاده کند .	1<2	unknown	joint	conjunction
از این طریق ، دولت هم میتواند اقشار گوناگون را شناسایی کند	دولت با استفاده از روشهایی مانند برآورد میزان حسابهای بانکی یا مجموع درآمد افراد ، کار قطع یارانهها را پیش می برد .	1<2	unknown	contrast	contrast
نگارنده پیش از این بارها پیشنهاد داده بود برای کاستن از فشار سنگین بودجهای بر دولت <*> گسترش پایههای مالیاتی میتواند اولین اقدام موثر باشد .	تاکید و توافق همه نهادهای کشور برای پیاده سازی نظام یکپارچه مالیاتی ، راه عبور از شرایط دشوار فعلی است .	1<2	unknown	evaluation	comment
نگارنده پیش از این بارها پیشنهاد داده بود برای کاستن از فشار سنگین بودجهای بر دولت <*> گسترش پایههای مالیاتی میتواند اولین اقدام موثر باشد .	همچنین هرچه میزان دریافت کنندگان یارانه ها کمتر شود ،	1<2	unknown	elaboration	elaboration
همچنین هرچه میزان دریافت کنندگان یارانه ها کمتر شود ،	مبالغ بیشتری به افراد نیازمند اختصاص مییابد	1<2	unknown	comparison	concession
مبالغ بیشتری به افراد نیازمند اختصاص مییابد	یا صرف حوزه عمرانی کشور یا ارایه تسهیلات به بنگاههای کوچک و شرکتهای دانش بنیان برای ایجاد اشتغال پایدار خواهد شد .	1<2	unknown	joint	conjunction
همچنین هرچه میزان دریافت کنندگان یارانه ها کمتر شود ،	پرداخت یارانه نقدی هدفمند ، شیوهای شناخته شده در همه	1<2	unknown	elaboration	elaboration
پرداخت یارانه نقدی هدفمند ، شیوهای شناخته شده در همه	دنیا	1<2	unknown	elaboration	elaboration
دنیا	ست	1<2	unknown	elaboration	elaboration
ست	که میتوان برای جلوگیری از به انحراف کشیده شدن آن ، از روش حمایت کالایی استفاده کرد ؛	1<2	unknown	elaboration	elaboration
نگارنده پیش از این بارها پیشنهاد داده بود برای کاستن از فشار سنگین بودجهای بر دولت <*> گسترش پایههای مالیاتی میتواند اولین اقدام موثر باشد .	به این معنی که صرفا اقشار نیازمند برای تامین برخی کالاهای ضروری و اساسی حمایت شوند	1<2	unknown	topic-change	conjunction
به این معنی که صرفا اقشار نیازمند برای تامین برخی کالاهای ضروری و اساسی حمایت شوند	که این حمایت نیز میتواند به چند شکل انجام شود .	1<2	unknown	contrast	contrast
مسیله بنزین و قیمت آن نیز میتوانست در فضای کارشناسیشدهای تعیین تکلیف شود ؛	که از دوران احمدی نژاد آغاز شد	1>2	unknown	contrast	contrast
مسیله بنزین و قیمت آن نیز میتوانست در فضای کارشناسیشدهای تعیین تکلیف شود ؛	اما اکنون زمزمههای باز توزیع مبلغ حاصل از افزایش قیمت بنزین میان ١۸ میلیون خانوار ایرانی مطرح میشود . <*> حتی برخی از اقشاری	1<2	unknown	explanation	explanation
اما اکنون زمزمههای باز توزیع مبلغ حاصل از افزایش قیمت بنزین میان ١۸ میلیون خانوار ایرانی مطرح میشود . <*> حتی برخی از اقشاری	در اینکه بخشهایی از کشور حتما نیازمند حمایت جدی هستند ، تردیدی نیست .	1<2	unknown	elaboration	elaboration
اما اکنون زمزمههای باز توزیع مبلغ حاصل از افزایش قیمت بنزین میان ١۸ میلیون خانوار ایرانی مطرح میشود . <*> حتی برخی از اقشاری	که در آمارها شاغل محسوب میشوند ،	1<2	unknown	explanation	explanation
که در آمارها شاغل محسوب میشوند ،	وضعیت نابسامانی دارند .	1<2	unknown	joint	conjunction
وضعیت نابسامانی دارند .	عمر قراردادهای کار به یک ماه رسیده <*> این دستمزد با تورم بالای ۴۰ درصد	1<2	unknown	elaboration	elaboration
عمر قراردادهای کار به یک ماه رسیده <*> این دستمزد با تورم بالای ۴۰ درصد	و برخی کارفرمایان حقوقی بسیار ناچیز و کمتر از نرخ مصوب وزارت کار ، به کارگران پرداخت میکنند .	1<2	unknown	elaboration	elaboration
که از این پس افزایش بیشتری هم خواهد یافت ،	که از دوران احمدی نژاد آغاز شد	1>2	unknown	topic-comment	comment
که از این پس افزایش بیشتری هم خواهد یافت ،	هرگز تکافوی هزینهها را نمی کند .	1<2	unknown	elaboration	elaboration
که از این پس افزایش بیشتری هم خواهد یافت ،	سیاستهای نادرست توزیعی ، آسیبی است	1<2	unknown	contrast	contrast
به این معنی که صرفا اقشار نیازمند برای تامین برخی کالاهای ضروری و اساسی حمایت شوند	که از دوران احمدی نژاد آغاز شد	1<2	unknown	topic-comment	comment
که از دوران احمدی نژاد آغاز شد	و مشخص نیست دولت روحانی با ادعای درک درست از اقتصاد ، چرا در همان مسیر گام برمی دارد ؟	1<2	unknown	joint	conjunction
و مشخص نیست دولت روحانی با ادعای درک درست از اقتصاد ، چرا در همان مسیر گام برمی دارد ؟	عدد اعلامی ۳١ هزار میلیارد حتما به جای توزیع تام و تمام ، میتواند در بخشهای مولد اقتصادی برای ایجاد اشتغال یا خدمات هدفمند بهداشت و درمان ، به کار انداخته شود	1<2	unknown	elaboration	elaboration
و البته بخشی از آن نیز صرف دهکهای پایین درآمدی شود	که به درستی شناسایی شده اند .	1>2	unknown	contrast	contrast
که به درستی شناسایی شده اند .	بااین حال خوش بینی بیش از حد درباره آن نیز اشتباهی محاسباتی است .	1>2	unknown	explanation	explanation
که به درستی شناسایی شده اند .	اگرچه با اعلام افزایش نیافتن قیمت گازوییل و سوخت خودروهای گازسوز ، افزایش هزینه کالا و خدمات شتاب کمتری خواهد داشت ،	1<2	unknown	joint	conjunction
به این معنی که صرفا اقشار نیازمند برای تامین برخی کالاهای ضروری و اساسی حمایت شوند	بااین حال خوش بینی بیش از حد درباره آن نیز اشتباهی محاسباتی است .	1<2	unknown	evaluation	comment
سخن در این باب بسیار است	و ناگزیر به اختصار و اشارهام :	1>2	unknown	explanation	explanation
درباره بازتاب خبر کودک آزاری و رفتار خلاف اخلاق معاون یک دبیرستان پسرانه تهران در فضای مجازی چند نکته مهم شایان توجه است .	و ناگزیر به اختصار و اشارهام :	1<2	unknown	elaboration	elaboration
درباره بازتاب خبر کودک آزاری و رفتار خلاف اخلاق معاون یک دبیرستان پسرانه تهران در فضای مجازی چند نکته مهم شایان توجه است .	١-وزارت آموزش وپرورش به عنوان وزارتخانه مسیول ، در کار خبررسانی کاملا منفعل عمل کرده است .	1<2	unknown	elaboration	elaboration
عناصر این خبر نشان میداد	که به سرعت موجی بلند خواهد ساخت .	1>2	unknown	attribution	attribution
که به سرعت موجی بلند خواهد ساخت .	می توانستند به سرعت اخبار موثق را از همان مدرسه گرفته	1>2	unknown	cause	causal
اگر مسیولان این وزارتخانه درک رسانهای داشتند ،	می توانستند به سرعت اخبار موثق را از همان مدرسه گرفته	1>2	unknown	condition	condition
به دلیل تسلط و اختیارات اداری	می توانستند به سرعت اخبار موثق را از همان مدرسه گرفته	1>2	unknown	explanation	explanation
١-وزارت آموزش وپرورش به عنوان وزارتخانه مسیول ، در کار خبررسانی کاملا منفعل عمل کرده است .	می توانستند به سرعت اخبار موثق را از همان مدرسه گرفته	1<2	unknown	explanation	explanation
می توانستند به سرعت اخبار موثق را از همان مدرسه گرفته	و با انتشار اخبار درست و دقیق در آشنایی افکار عمومی با واقعیت اثرگذار باشند .	1<2	unknown	joint	conjunction
١-وزارت آموزش وپرورش به عنوان وزارتخانه مسیول ، در کار خبررسانی کاملا منفعل عمل کرده است .	٢-تلویزیون رسانهای است که میتواند به فوریت نسبت به مسایل مختلف واکنش نشان دهد .	1<2	unknown	joint	conjunction
٢-تلویزیون رسانهای است که میتواند به فوریت نسبت به مسایل مختلف واکنش نشان دهد .	با وجوداین در حالی که از حدود غروب دوشنبه موج این خبر فراگیر شده بود ،	1<2	unknown	contrast	contrast
با وجوداین در حالی که از حدود غروب دوشنبه موج این خبر فراگیر شده بود ،	اما تلویزیون نیز منفعل برخورد کرد .	1<2	unknown	contrast	contrast
اما تلویزیون نیز منفعل برخورد کرد .	بی عملی وزارتخانه مسیول و تلویزیون در همان مدت طلایی دیشب تا الان <*> میدان وسیعی برای « خبربازی » در فضای مجازی باز کرده است .	1<2	unknown	elaboration	elaboration
بی عملی وزارتخانه مسیول و تلویزیون در همان مدت طلایی دیشب تا الان <*> میدان وسیعی برای « خبربازی » در فضای مجازی باز کرده است .	که این یادداشت نوشته میشود ( عصر روز سه شنبه ) ،	1<2	unknown	elaboration	elaboration
١-وزارت آموزش وپرورش به عنوان وزارتخانه مسیول ، در کار خبررسانی کاملا منفعل عمل کرده است .	۳-در اطلاع رسانی از اخبار مربوط به حوادث ، خصوصا موضوعات خلاف اخلاق ، رعایت حقوق قربانی یا قربانیان و حتی وابستگان آنها بسیار مهم است .	1<2	unknown	joint	conjunction
به ویژه وقتی قربانی یا قربانیان کودک باشند ،	بیشتر باید از این نظر حمایت شوند .	1>2	unknown	background	frame
۳-در اطلاع رسانی از اخبار مربوط به حوادث ، خصوصا موضوعات خلاف اخلاق ، رعایت حقوق قربانی یا قربانیان و حتی وابستگان آنها بسیار مهم است .	بیشتر باید از این نظر حمایت شوند .	1<2	unknown	elaboration	elaboration
۳-در اطلاع رسانی از اخبار مربوط به حوادث ، خصوصا موضوعات خلاف اخلاق ، رعایت حقوق قربانی یا قربانیان و حتی وابستگان آنها بسیار مهم است .	روزنامهنگاری حرفهای به این اصول آگاه است	1<2	unknown	elaboration	elaboration
روزنامهنگاری حرفهای به این اصول آگاه است	و آن را رعایت میکند .	1<2	unknown	joint	conjunction
روزنامهنگاری حرفهای به این اصول آگاه است	کمااین که در اولین خبری <*> این نکات رعایت شد	1<2	unknown	explanation	explanation
کمااین که در اولین خبری <*> این نکات رعایت شد	که از این حادثه به وسیله یک خبرگزاری رسمی منتشر شد ،	1<2	unknown	elaboration	elaboration
روزنامهنگاری حرفهای به این اصول آگاه است	اما فضای مجازی محیطی عمومی است	1<2	unknown	contrast	contrast
اما فضای مجازی محیطی عمومی است	که هرکس میتواند در آن مطلبی بگذارد	1<2	unknown	elaboration	elaboration
که هرکس میتواند در آن مطلبی بگذارد	یا خبری منتشر کند .	1<2	unknown	joint	conjunction
که هرکس میتواند در آن مطلبی بگذارد	گاه ممکن است <*> پیرایههایی هم به خبر اضافه شود یا ساخته شود .	1<2	unknown	joint	conjunction
به خاطر هیجانات یا ایجاد کشش بیشتر یا جلب توجه یا دلایل دیگر ،	پیرایههایی هم به خبر اضافه شود یا ساخته شود .	1>2	unknown	explanation	explanation
گاه ممکن است <*> پیرایههایی هم به خبر اضافه شود یا ساخته شود .	در این صورت کشف حقیقت دشوارتر خواهد شد .	1<2	unknown	cause	causal
اما فضای مجازی محیطی عمومی است	در حالی که هنوز جزییات مهم و اصلی حادثه معلوم نبوده است ،	1<2	unknown	cause	causal
در حالی که هنوز جزییات مهم و اصلی حادثه معلوم نبوده است ،	در خیلی از مطالب فضای مجازی حتی عنوان جرم را هم معلوم کردند .	1<2	unknown	contrast	contrast
در حالی که هنوز جزییات مهم و اصلی حادثه معلوم نبوده است ،	جرایمی سنگین <*> و آثار روانی و اجتماعی ناگواری برای قربانیان هم درپی داشته باشد .	1<2	unknown	joint	conjunction
جرایمی سنگین <*> و آثار روانی و اجتماعی ناگواری برای قربانیان هم درپی داشته باشد .	که مجازات آنها ممکن است مرگ باشد	1<2	unknown	elaboration	elaboration
۴ - وقتی ما نتوانیم تصویری درست و واقعی از حادثهای - آن هم با خصوصیات حادثه مورد بحث - داشته باشیم ،	طبعا در تحلیل علل و عوامل حادثه ، گره گشایی از حادثه ، یافتن راهحلهای مبارزه با بزه و حتی دفاع و حمایت از قربانیان موفق نخواهیم بود .	1>2	unknown	condition	condition
١-وزارت آموزش وپرورش به عنوان وزارتخانه مسیول ، در کار خبررسانی کاملا منفعل عمل کرده است .	طبعا در تحلیل علل و عوامل حادثه ، گره گشایی از حادثه ، یافتن راهحلهای مبارزه با بزه و حتی دفاع و حمایت از قربانیان موفق نخواهیم بود .	1<2	unknown	joint	conjunction
طبعا در تحلیل علل و عوامل حادثه ، گره گشایی از حادثه ، یافتن راهحلهای مبارزه با بزه و حتی دفاع و حمایت از قربانیان موفق نخواهیم بود .	در انواع جرایم یا رفتارهای نابهنجار یا خلاف اخلاق ، خصوصیات متفاوتی وجود دارد	1<2	unknown	summary	organization
در انواع جرایم یا رفتارهای نابهنجار یا خلاف اخلاق ، خصوصیات متفاوتی وجود دارد	و هرکدام آثار فردی و اجتماعی مختلفی تولید میکند .	1<2	unknown	elaboration	elaboration
در انواع جرایم یا رفتارهای نابهنجار یا خلاف اخلاق ، خصوصیات متفاوتی وجود دارد	کاستن و افزودن به عناصر یک خبر ، مانع از شناخت واقعیت و مواجهه با آن است .	1<2	unknown	joint	conjunction
کاستن و افزودن به عناصر یک خبر ، مانع از شناخت واقعیت و مواجهه با آن است .	خبر هرچه به مرز فاجعه نزدیکتر باشد ،	1<2	unknown	manner-means	mode
خبر هرچه به مرز فاجعه نزدیکتر باشد ،	مهمتر و جذابتر است	1<2	unknown	comparison	concession
اما نمی توان وقتی هنوز چیزی به دقت روشن نیست ،	بر اساس عنصر خیال خبر را مهمتر و جذابتر کرد .	1>2	unknown	condition	condition
خبر هرچه به مرز فاجعه نزدیکتر باشد ،	بر اساس عنصر خیال خبر را مهمتر و جذابتر کرد .	1<2	unknown	contrast	contrast
۵-شاید در این فضای پرتب و هیجان ، خواندن این که حتی حقوق شخص متهم هم باید محفوظ بماند ، کمی برای خواننده محترم نامانوس باشد .	دفاع از قربانیان نمی تواند به قیمت نقض حقوق اولیه متهم تمام شود .	1>2	unknown	contrast	contrast
١-وزارت آموزش وپرورش به عنوان وزارتخانه مسیول ، در کار خبررسانی کاملا منفعل عمل کرده است .	دفاع از قربانیان نمی تواند به قیمت نقض حقوق اولیه متهم تمام شود .	1<2	unknown	joint	conjunction
دفاع از قربانیان نمی تواند به قیمت نقض حقوق اولیه متهم تمام شود .	او هر جرمی مرتکب شده باشد ، باید پس از دادرسی عادلانه به هر مجازاتی <*> محکوم شود ؛	1<2	unknown	explanation	explanation
او هر جرمی مرتکب شده باشد ، باید پس از دادرسی عادلانه به هر مجازاتی <*> محکوم شود ؛	که لازم است	1<2	unknown	elaboration	elaboration
او هر جرمی مرتکب شده باشد ، باید پس از دادرسی عادلانه به هر مجازاتی <*> محکوم شود ؛	در حالی که حیثیت و حقوق او نیز محفوظ بماند .	1<2	unknown	temporal	temporal
١-وزارت آموزش وپرورش به عنوان وزارتخانه مسیول ، در کار خبررسانی کاملا منفعل عمل کرده است .	۶-وقتی سوژه خبر انسانهایی هستند <*> شیوه انتشار خبر بسیار سختتر و پیچیدهتر است .	1<2	unknown	joint	conjunction
۶-وقتی سوژه خبر انسانهایی هستند <*> شیوه انتشار خبر بسیار سختتر و پیچیدهتر است .	که دچار آسیبهای روانی و جسمانی شده اند ،	1<2	unknown	elaboration	elaboration
ممکن است افشای همه چیز در عرصه عمومی ، بیشتر به آنها آسیب بزند .	به همین دلیل است که در پروندههای خلاف عفت عمومی دادگاه غیرعلنی برگزار میشود .	1>2	unknown	explanation	explanation
به همین دلیل است که در پروندههای خلاف عفت عمومی دادگاه غیرعلنی برگزار میشود .	بازی خبری با فاجعه ، در این قبیل موارد چه بسا موجب آسیب بیشتر آسیب دیدگان شود .	1>2	unknown	summary	organization
۶-وقتی سوژه خبر انسانهایی هستند <*> شیوه انتشار خبر بسیار سختتر و پیچیدهتر است .	بازی خبری با فاجعه ، در این قبیل موارد چه بسا موجب آسیب بیشتر آسیب دیدگان شود .	1<2	unknown	explanation	explanation
۷-نکته آخر این که اگر تلویزیون به عنوان رسانهای بسیار مهم و اثرگذار به وظایف حرفهای خود به درستی عمل کند	با قدرت گرفتن دوباره فضای رسانهای حرفهای و رسمی کشور ، از سهم فضای مجازی در اطلاع رسانی کاسته شود	1>2	unknown	condition	condition
۷-نکته آخر این که اگر تلویزیون به عنوان رسانهای بسیار مهم و اثرگذار به وظایف حرفهای خود به درستی عمل کند	و بگذارند مطبوعات کشور در آزادی و استقلال و امنیت فعالیت کنند ،	1<2	unknown	joint	conjunction
١-وزارت آموزش وپرورش به عنوان وزارتخانه مسیول ، در کار خبررسانی کاملا منفعل عمل کرده است .	با قدرت گرفتن دوباره فضای رسانهای حرفهای و رسمی کشور ، از سهم فضای مجازی در اطلاع رسانی کاسته شود	1<2	unknown	joint	conjunction
با قدرت گرفتن دوباره فضای رسانهای حرفهای و رسمی کشور ، از سهم فضای مجازی در اطلاع رسانی کاسته شود	و روزنامهنگاری حرفهای و آزاد حتما ظرفیت آن را دارد که فضای رسانهای کشور را در اختیار خود بگیرد .	1<2	unknown	joint	conjunction
هم زمان با هفته کارگر ، موضوع حمایت از کالای ایرانی به یکی از محورهای سخنرانی مقامات عالی کشور تبدیل شده است .	که در نهایت منجر به اشتغال زایی ، به کارگیری نیروی متخصص ، رشد ، توسعه و بالندگی اقتصادی کشور شده است .	1>2	unknown	background	frame
مروری بر تجارب بین المللی سیاست گذاری در کشورهای مختلف نشان میدهد	که در نهایت منجر به اشتغال زایی ، به کارگیری نیروی متخصص ، رشد ، توسعه و بالندگی اقتصادی کشور شده است .	1>2	unknown	attribution	attribution
دولتها فارغ از درجه توسعه یافتگی اعم از انگلستان ، آمریکا ، ویتنام ، اندونزی ، سنگاپور و … در دهه های مختلف استراتژی های مشخص ، مدون و طولانی مدتی برای حمایت از کالای داخلی تدوین کرده اند	که در نهایت منجر به اشتغال زایی ، به کارگیری نیروی متخصص ، رشد ، توسعه و بالندگی اقتصادی کشور شده است .	1>2	unknown	cause	causal
که در نهایت منجر به اشتغال زایی ، به کارگیری نیروی متخصص ، رشد ، توسعه و بالندگی اقتصادی کشور شده است .	باید دقت شود خروجی حمایت از کالاهای داخلی به نقطه پذیرش و خرید کالا توسط مردم میرسد .	1<2	unknown	elaboration	elaboration
باید دقت شود خروجی حمایت از کالاهای داخلی به نقطه پذیرش و خرید کالا توسط مردم میرسد .	آنچه اهمیت دارد اقناع مردم برای پذیرش و خرید یک کالای مشخص است .	1<2	unknown	explanation	explanation
آنچه اهمیت دارد اقناع مردم برای پذیرش و خرید یک کالای مشخص است .	پذیر ش یک کالا از قواعد خاصی تبعیت میکند	1<2	unknown	elaboration	elaboration
پذیر ش یک کالا از قواعد خاصی تبعیت میکند	که با انگاره های ذهنی ، باورها و برداشت های مردم از آن کالای خاص در ارتباط است .	1<2	unknown	elaboration	elaboration
مشتریان تا زمانی که باور نکنند یک کالا مطلوب ، کارآمد و مناسب است	آن را پذیرش نمی کنند	1>2	unknown	condition	condition
که با انگاره های ذهنی ، باورها و برداشت های مردم از آن کالای خاص در ارتباط است .	آن را پذیرش نمی کنند	1<2	unknown	elaboration	elaboration
آن را پذیرش نمی کنند	و علی القاعده متقاضی آن نیز نخواهند بود .	1<2	unknown	joint	conjunction
پذیر ش یک کالا از قواعد خاصی تبعیت میکند	ازجمله فاکتورهای این پذیرش ، شناخت ، تجربه ، احساس و اعتماد است .	1<2	unknown	elaboration	elaboration
ازجمله فاکتورهای این پذیرش ، شناخت ، تجربه ، احساس و اعتماد است .	هرکدام از این موارد تقویت کننده انگیزه مصرف کنندگان برای خرید کالای داخلی است .	1<2	unknown	elaboration	elaboration
نظرسنجی اخیر یکی از مراکز معتبر ( ایسپا ) نیز نشان میدهد	۶۳ درصد مردم کشور اذعان کرده اند با تحقق دو شرط « کیفیت خوب » و « قیمت مناسب » ، متقاضی خرید کالای ایرانی خواهند بود .	1>2	unknown	attribution	attribution
۶۳ درصد مردم کشور اذعان کرده اند با تحقق دو شرط « کیفیت خوب » و « قیمت مناسب » ، متقاضی خرید کالای ایرانی خواهند بود .	بنابراین میتوان ادعا کرد اولین و مهم ترین گام برای حمایت از کالای ایرانی و پذیرش آن توسط مردم ، تغییر انگاره های ذهنی مردم و مصرف کنندگان و اقناع آنان برای پذیرش کالای ایرانی است .	1>2	unknown	evaluation	comment
۶۳ درصد مردم کشور اذعان کرده اند با تحقق دو شرط « کیفیت خوب » و « قیمت مناسب » ، متقاضی خرید کالای ایرانی خواهند بود .	علاوه بر این مهم ، اخیرا مطالعهای کیفی توسط کمیته رصد مرکز روابط عمومی وزارت تعاون ، کار و رفاه اجتماعی انجام شده	1<2	unknown	joint	conjunction
علاوه بر این مهم ، اخیرا مطالعهای کیفی توسط کمیته رصد مرکز روابط عمومی وزارت تعاون ، کار و رفاه اجتماعی انجام شده	که در آن با بیش از ۵۰ تولیدکننده کالای ایرانی مصاحبه صورت گرفته است .	1<2	unknown	elaboration	elaboration
نتایج این مطالعه نیز نشان میدهد	باور مردم به جنس خارجی و غیرایرانی به عنوان یک کالای باکیفیت و مرغوب یکی از برجسته ترین موانع فروش کالاهای ایرانی تلقی میشود .	1>2	unknown	attribution	attribution
علاوه بر این مهم ، اخیرا مطالعهای کیفی توسط کمیته رصد مرکز روابط عمومی وزارت تعاون ، کار و رفاه اجتماعی انجام شده	باور مردم به جنس خارجی و غیرایرانی به عنوان یک کالای باکیفیت و مرغوب یکی از برجسته ترین موانع فروش کالاهای ایرانی تلقی میشود .	1<2	unknown	elaboration	elaboration
که در نهایت منجر به اشتغال زایی ، به کارگیری نیروی متخصص ، رشد ، توسعه و بالندگی اقتصادی کشور شده است .	بنابراین میتوان ادعا کرد اولین و مهم ترین گام برای حمایت از کالای ایرانی و پذیرش آن توسط مردم ، تغییر انگاره های ذهنی مردم و مصرف کنندگان و اقناع آنان برای پذیرش کالای ایرانی است .	1<2	unknown	topic-comment	comment
بنابراین میتوان ادعا کرد اولین و مهم ترین گام برای حمایت از کالای ایرانی و پذیرش آن توسط مردم ، تغییر انگاره های ذهنی مردم و مصرف کنندگان و اقناع آنان برای پذیرش کالای ایرانی است .	در این چارچوب حمایت از کالای ایرانی بیش از آنکه یک پروژه اقتصادی -فنی در نظر گرفته شود ،	1<2	unknown	elaboration	elaboration
در این چارچوب حمایت از کالای ایرانی بیش از آنکه یک پروژه اقتصادی -فنی در نظر گرفته شود ،	پروژهای اجتماعی-فرهنگی و حتی روان شناختی است .	1<2	unknown	comparison	concession
بنابراین میتوان ادعا کرد اولین و مهم ترین گام برای حمایت از کالای ایرانی و پذیرش آن توسط مردم ، تغییر انگاره های ذهنی مردم و مصرف کنندگان و اقناع آنان برای پذیرش کالای ایرانی است .	نکته آخر اینکه موفقیت سیاست حمایت از کالای ایرانی مستلزم افزایش اعتماد و امید اجتماعی است	1<2	unknown	evaluation	comment
نکته آخر اینکه موفقیت سیاست حمایت از کالای ایرانی مستلزم افزایش اعتماد و امید اجتماعی است	چراکه هیچ سیاستی در یک جامعه ناامید موفق نخواهد شد .	1<2	unknown	cause	causal
١١۰ سال پس از مشروطیت ، ایران همچنان مهد دموکراسی خاورمیانه است .	افتخار برگزاری هرسال یک انتخابات را تا قرنها کسی نمی تواند از جمهوری اسلامی بگیرد	1>2	unknown	background	frame
افتخار برگزاری هرسال یک انتخابات را تا قرنها کسی نمی تواند از جمهوری اسلامی بگیرد	٢۳ و ٢۴ اردیبهشت ١۳۹۷ مرحله دوم انتخابات نمایندگان فرهنگیان در هییت امنای صندوق ذخیره فرهنگیان در اردوگاه شهید باهنر برگزار شد	1>2	unknown	background	frame
و همین است که وقتی بحث انتخابات در هر اندازهای میشود ،	حسگرهای همه حساس میشود و	1>2	unknown	temporal	temporal
افتخار برگزاری هرسال یک انتخابات را تا قرنها کسی نمی تواند از جمهوری اسلامی بگیرد	حسگرهای همه حساس میشود و	1<2	unknown	cause	causal
اگر ماجرا به انتخابات در یکی از حساس ترین بخشهای اقتصادی آموزش وپرورش <*> برسد ،	باید بیش از همیشه دقت و حساسیت به خرج داد .	1>2	unknown	condition	condition
اگر ماجرا به انتخابات در یکی از حساس ترین بخشهای اقتصادی آموزش وپرورش <*> برسد ،	که با حدود ۹۰۰ هزار سهام دار فرهنگی سروکار دارد ،	1<2	unknown	elaboration	elaboration
افتخار برگزاری هرسال یک انتخابات را تا قرنها کسی نمی تواند از جمهوری اسلامی بگیرد	باید بیش از همیشه دقت و حساسیت به خرج داد .	1<2	unknown	joint	conjunction
٢۳ و ٢۴ اردیبهشت ١۳۹۷ مرحله دوم انتخابات نمایندگان فرهنگیان در هییت امنای صندوق ذخیره فرهنگیان در اردوگاه شهید باهنر برگزار شد	که تجربه جدیدی در آموزش وپرورش بود .	1<2	unknown	elaboration	elaboration
٢۳ و ٢۴ اردیبهشت ١۳۹۷ مرحله دوم انتخابات نمایندگان فرهنگیان در هییت امنای صندوق ذخیره فرهنگیان در اردوگاه شهید باهنر برگزار شد	در آغاز کار <*> نگرانیهایی وجود داشت ،	1<2	unknown	elaboration	elaboration
به علت فضایی که حاکم بود ،	نگرانیهایی وجود داشت ،	1>2	unknown	cause	causal
در آغاز کار <*> نگرانیهایی وجود داشت ،	اما استقبال خوبی از آن به عمل آمد	1<2	unknown	contrast	contrast
اما استقبال خوبی از آن به عمل آمد	و با ایتلافی <*> در نهایت دو عضو و یک بازرس مشخص شدند .	1<2	unknown	joint	conjunction
و با ایتلافی <*> در نهایت دو عضو و یک بازرس مشخص شدند .	که بین شرکت کنندگان شکل گرفت ،	1<2	unknown	elaboration	elaboration
٢۳ و ٢۴ اردیبهشت ١۳۹۷ مرحله دوم انتخابات نمایندگان فرهنگیان در هییت امنای صندوق ذخیره فرهنگیان در اردوگاه شهید باهنر برگزار شد	مسیر جدیدی را در صندوق ذخیره شروع کردیم	1<2	unknown	elaboration	elaboration
مسیر جدیدی را در صندوق ذخیره شروع کردیم	که میخواهیم به تدریج آن را به همه سطوح تصمیم گیری آموزش وپرورش تعمیم دهیم .	1<2	unknown	elaboration	elaboration
مسیر جدیدی را در صندوق ذخیره شروع کردیم	چشم انداز ما فقط انتخاب دو نفر در هییت امنا و یک نفر برای نظارت نیست ؛	1<2	unknown	elaboration	elaboration
چشم انداز ما فقط انتخاب دو نفر در هییت امنا و یک نفر برای نظارت نیست ؛	ما میخواهیم این جریان را در آموزش وپرورش راه بیندازیم	1<2	unknown	contrast	contrast
ما میخواهیم این جریان را در آموزش وپرورش راه بیندازیم	و به تدریج به سمتی برویم	1<2	unknown	joint	conjunction
و به تدریج به سمتی برویم	که تمامی سطوح تصمیم گیری در وزارتخانه متاثر از رای و نظر فرهنگیان باشد .	1<2	unknown	elaboration	elaboration
٢۳ و ٢۴ اردیبهشت ١۳۹۷ مرحله دوم انتخابات نمایندگان فرهنگیان در هییت امنای صندوق ذخیره فرهنگیان در اردوگاه شهید باهنر برگزار شد	درواقع این انتخابات و انتخاب مدیران مدارس دو گام مهم برای مشارکت بیشتر معلمان در تصمیم گیری و اجراست .	1<2	unknown	evaluation	comment
سرمایه صندوق متعلق به خود معلمان است	و آنها باید خود شان تصمیم گیری کنند .	1>2	unknown	cause	causal
درواقع این انتخابات و انتخاب مدیران مدارس دو گام مهم برای مشارکت بیشتر معلمان در تصمیم گیری و اجراست .	و آنها باید خود شان تصمیم گیری کنند .	1<2	unknown	explanation	explanation
و آنها باید خود شان تصمیم گیری کنند .	از سوی دیگر باید توجه کرد که صندوق ذخیره فرهنگیان به عنوان تنها بازوی اقتصادی سرمایه انسانی آموزش وپرورش باید به جایگاهی برسد	1<2	unknown	joint	conjunction
از سوی دیگر باید توجه کرد که صندوق ذخیره فرهنگیان به عنوان تنها بازوی اقتصادی سرمایه انسانی آموزش وپرورش باید به جایگاهی برسد	که به قدرتی اقتصادی به عنوان پشتوانه فرهنگیان بدل شود	1<2	unknown	elaboration	elaboration
که به قدرتی اقتصادی به عنوان پشتوانه فرهنگیان بدل شود	و بتواند به بهبود معیشت فرهنگیان عزیز کمک کند .	1<2	unknown	joint	conjunction
٢۳ و ٢۴ اردیبهشت ١۳۹۷ مرحله دوم انتخابات نمایندگان فرهنگیان در هییت امنای صندوق ذخیره فرهنگیان در اردوگاه شهید باهنر برگزار شد	اقتصاد آموزش وپرورش نیاز به باز تعریف و بازسازی دارد .	1<2	unknown	topic-change	conjunction
اقتصاد آموزش وپرورش نیاز به باز تعریف و بازسازی دارد .	شرایطی <*> مطلوب هیچ کدام از طرفهای مرتبط با این دستگاه عظیم نیست ؛	1<2	unknown	explanation	explanation
شرایطی <*> مطلوب هیچ کدام از طرفهای مرتبط با این دستگاه عظیم نیست ؛	که در آن به سر میبریم	1<2	unknown	elaboration	elaboration
شرایطی <*> مطلوب هیچ کدام از طرفهای مرتبط با این دستگاه عظیم نیست ؛	نه مردم راضی هستند ،	1<2	unknown	explanation	explanation
نه مردم راضی هستند ،	نه معلمان از معیشت خود رضایت دارند ،	1<2	unknown	joint	conjunction
نه مردم راضی هستند ،	نه ستاد آموزش وپرور ش میتواند هزینههای هنگفت خود را در یک تراز مالی ، سربه سر کند	1<2	unknown	joint	conjunction
نه مردم راضی هستند ،	و نه دولت میتواند بیش از این بودجه آموزش وپرور ش را افزایش دهد .	1<2	unknown	joint	conjunction
در آخر هم همین میشود که همه وزرای آموزش وپرورش میگویند	همه بودجه را خرج حقوق و دستمزد میکنند	1>2	unknown	attribution	attribution
همه بودجه را خرج حقوق و دستمزد میکنند	پس باید به یک سازوکار اقتصادی دیگر برای آموزش وپرورش رسید	1>2	unknown	evaluation	comment
همه بودجه را خرج حقوق و دستمزد میکنند	و البته فرهنگیان هم همچنان راضی نیستند .	1<2	unknown	joint	conjunction
اقتصاد آموزش وپرورش نیاز به باز تعریف و بازسازی دارد .	پس باید به یک سازوکار اقتصادی دیگر برای آموزش وپرورش رسید	1<2	unknown	topic-comment	comment
پس باید به یک سازوکار اقتصادی دیگر برای آموزش وپرورش رسید	و چه بازویی قوی تر از صندوق ذخیره فرهنگیان .	1<2	unknown	topic-comment	comment
و چه بازویی قوی تر از صندوق ذخیره فرهنگیان .	صندوق ذخیره فرهنگیان صرفا یک موسسه اقتصادی است	1<2	unknown	elaboration	elaboration
صندوق ذخیره فرهنگیان صرفا یک موسسه اقتصادی است	و باید تلاش کنیم سودآوری آن افزایش یابد .	1<2	unknown	joint	conjunction
صندوق ذخیره فرهنگیان صرفا یک موسسه اقتصادی است	در واقع صندوق ذخیره فرهنگیان نباید به صندوق خیریه تبدیل شود ؛	1<2	unknown	summary	organization
در واقع صندوق ذخیره فرهنگیان نباید به صندوق خیریه تبدیل شود ؛	این اشتباهی است که در سالهای گذشته وجود داشته است .	1<2	unknown	elaboration	elaboration
صندوق باید در جایی سرمایه گذاری کند	و این منطق شرکتهای تجاری است .	1>2	unknown	explanation	explanation
صندوق باید در جایی سرمایه گذاری کند	که بیشترین سودآوری را داشته باشد	1<2	unknown	elaboration	elaboration
صندوق ذخیره فرهنگیان صرفا یک موسسه اقتصادی است	و این منطق شرکتهای تجاری است .	1<2	unknown	elaboration	elaboration
پس باید به یک سازوکار اقتصادی دیگر برای آموزش وپرورش رسید	امیدوار م با بسترهای الکترونیکی <*> بتوانیم گامهای مهم تری را در مشارکت تمامی فرهنگیان در سطوح تصمیم گیری وزارتخانه برداریم .	1<2	unknown	evaluation	comment
امیدوار م با بسترهای الکترونیکی <*> بتوانیم گامهای مهم تری را در مشارکت تمامی فرهنگیان در سطوح تصمیم گیری وزارتخانه برداریم .	که در این دوره به وجود آوردهایم ،	1<2	unknown	elaboration	elaboration
در خبرها آمده بود	مجلس به دنبال اصلاح قانون « ممنوعیت به کارگیری بازنشستگان » است	1>2	unknown	attribution	attribution
که در آن برخی سمتها از این منع استثنا شده بودند	و همین مسیله بستری فراهم کرده بود	1>2	unknown	cause	causal
مجلس به دنبال اصلاح قانون « ممنوعیت به کارگیری بازنشستگان » است	و همین مسیله بستری فراهم کرده بود	1<2	unknown	elaboration	elaboration
و همین مسیله بستری فراهم کرده بود	که بسیاری از مدیران سالمند ، همچنان به فعالیت ادامه بدهند .	1<2	unknown	enablement	purpose
مجلس به دنبال اصلاح قانون « ممنوعیت به کارگیری بازنشستگان » است	برای کشوری <*> این اقدام حتما مفید خواهد بود .	1<2	unknown	evaluation	comment
برای کشوری <*> این اقدام حتما مفید خواهد بود .	که بخش عمدهای از جمعیت آن در سن جوانی قرار داشته	1<2	unknown	evaluation	comment
که بخش عمدهای از جمعیت آن در سن جوانی قرار داشته	و تحصیلات عالی دارند ،	1<2	unknown	joint	conjunction
برای کشوری <*> این اقدام حتما مفید خواهد بود .	جوانان از انرژی بالاتر و نیروی بیشتر برخوردار بوده	1<2	unknown	explanation	explanation
جوانان از انرژی بالاتر و نیروی بیشتر برخوردار بوده	مشروط بر این که از شایستگانی انتخاب شوند	1<2	unknown	condition	condition
مشروط بر این که از شایستگانی انتخاب شوند	که با درک بهتر از مقتضیات امروز ایران و جهان بهره وری و کارایی بیشتری داشته باشند .	1<2	unknown	elaboration	elaboration
اما به یک نکته کلیدی نیز باید توجه کرد .	نمی توان گفت صرفا با اصلاح قانون منع به کارگیری بازنشستگان ، مشکل مدیریتی کشور حل خواهد شد .	1>2	unknown	background	frame
این اصلاحیه حتما در کنار یک سامانه کارآمد در ساختار اداره کشور میتواند معنای لازم را بدهد	نمی توان گفت صرفا با اصلاح قانون منع به کارگیری بازنشستگان ، مشکل مدیریتی کشور حل خواهد شد .	1>2	unknown	summary	organization
این اصلاحیه حتما در کنار یک سامانه کارآمد در ساختار اداره کشور میتواند معنای لازم را بدهد	و گرنه ممکن است مانند دوران دولت قبل ، شرایط را به مراتب بدتر کند .	1<2	unknown	condition	condition
مجلس به دنبال اصلاح قانون « ممنوعیت به کارگیری بازنشستگان » است	نمی توان گفت صرفا با اصلاح قانون منع به کارگیری بازنشستگان ، مشکل مدیریتی کشور حل خواهد شد .	1<2	unknown	topic-comment	comment
متاسفانه قوانین ایران تکه تکه بوده و کمتر ارتباط ارگانیکی با یکدیگر دارند .	سیستم اداری و استخدامی کشور نیازمند آن است که به شکل سلسه مراتبی ، کارکنان دستگاهها ارتقا یابند و به تدریج به راس هرم مدیریتی برسند .	1>2	unknown	background	frame
نمی توان گفت صرفا با اصلاح قانون منع به کارگیری بازنشستگان ، مشکل مدیریتی کشور حل خواهد شد .	سیستم اداری و استخدامی کشور نیازمند آن است که به شکل سلسه مراتبی ، کارکنان دستگاهها ارتقا یابند و به تدریج به راس هرم مدیریتی برسند .	1<2	unknown	explanation	explanation
سیستم اداری و استخدامی کشور نیازمند آن است که به شکل سلسه مراتبی ، کارکنان دستگاهها ارتقا یابند و به تدریج به راس هرم مدیریتی برسند .	اما در سازمانهای اداری معمولا ارتباط دقیقی میان بدنه و راس وجود ندارد .	1<2	unknown	contrast	contrast
اما در سازمانهای اداری معمولا ارتباط دقیقی میان بدنه و راس وجود ندارد .	تغییر راس یک وزارتخانه یا دستگاه حاکمیتی سبب میشود افراد به شکل اتوبوسی از سازمان قبلی آن مدیر به سازمان جدید نقل مکان کنند ؛	1<2	unknown	explanation	explanation
تغییر راس یک وزارتخانه یا دستگاه حاکمیتی سبب میشود افراد به شکل اتوبوسی از سازمان قبلی آن مدیر به سازمان جدید نقل مکان کنند ؛	منابع انسانیای که بعدها جز رسوبات همان سیستم خواهند بود .	1<2	unknown	elaboration	elaboration
اما در سازمانهای اداری معمولا ارتباط دقیقی میان بدنه و راس وجود ندارد .	این عارضه <*> کار را به نقطهای رسانده	1<2	unknown	explanation	explanation
به دلیل بها ندادن به تخصص و شایستگی در دهههای گذشته ،	کار را به نقطهای رسانده	1>2	unknown	cause	causal
این عارضه <*> کار را به نقطهای رسانده	که امروز ناگزیر از تصویب قانون ممنوعیت به کارگیری بازنشستگان هستیم ؛	1<2	unknown	elaboration	elaboration
این عارضه <*> کار را به نقطهای رسانده	در صورتی که در یک سامانه پویا ، به شکل طبیعی این جایگزینیها صورت میگیرد .	1<2	unknown	comparison	concession
این عارضه <*> کار را به نقطهای رسانده	با پیشی گرفتن برخی معیارهای من درآوردی بر تخصص ، عملا سیستم کارشناسی کنار میرود	1<2	unknown	summary	organization
و به طور طبیعی ، افرادی تصور میکنند	می توانند همواره در مسیولیت باقی بمانند .	1>2	unknown	attribution	attribution
با پیشی گرفتن برخی معیارهای من درآوردی بر تخصص ، عملا سیستم کارشناسی کنار میرود	می توانند همواره در مسیولیت باقی بمانند .	1<2	unknown	joint	conjunction
اگر سامانه مدیریتی کشور به شیوه انتخاب اصلح از میان کارشناسان همان مجموعه <*> عمل کند ،	افزوده شدن امتیاز جوانی میتواند کامل کننده این حلقه باشد .	1>2	unknown	condition	condition
اگر سامانه مدیریتی کشور به شیوه انتخاب اصلح از میان کارشناسان همان مجموعه <*> عمل کند ،	که سلسله مراتب تخصصی را طی کرده	1<2	unknown	condition	condition
که سلسله مراتب تخصصی را طی کرده	و وابسته به فلان جریان و باند مالی نباشند ،	1<2	unknown	joint	conjunction
افزوده شدن امتیاز جوانی میتواند کامل کننده این حلقه باشد .	فقط در این صورت است که از حضور افرادی <*> جلوگیری کرد .	1>2	unknown	condition	condition
سیستم اداری و استخدامی کشور نیازمند آن است که به شکل سلسه مراتبی ، کارکنان دستگاهها ارتقا یابند و به تدریج به راس هرم مدیریتی برسند .	فقط در این صورت است که از حضور افرادی <*> جلوگیری کرد .	1<2	unknown	topic-comment	comment
فقط در این صورت است که از حضور افرادی <*> جلوگیری کرد .	که به اسم جوانی ، به یک جریان خاص وابسته بوده	1<2	unknown	topic-comment	comment
که به اسم جوانی ، به یک جریان خاص وابسته بوده	و اتفاقا علاقه مند به طی یک شبه ره صدساله و کسب منافع اقتصادی حتی بیشتر از فلان مدیر سالخورده متخلف هستند ،	1<2	unknown	joint	conjunction
فقط در این صورت است که از حضور افرادی <*> جلوگیری کرد .	پستهای مدیریتی یعنی فرصت	1<2	unknown	explanation	explanation
پستهای مدیریتی یعنی فرصت	و فرصت طلبان به شدت دنبال به دست آوردن آن هستند .	1<2	unknown	elaboration	elaboration
و فرصت طلبان به شدت دنبال به دست آوردن آن هستند .	در بین جوانان نیز از این گونه افراد وجود دارند .	1<2	unknown	elaboration	elaboration
فقط در این صورت است که از حضور افرادی <*> جلوگیری کرد .	مدیریت جوانان حتما برکات فراوانی دارد	1<2	unknown	evaluation	comment
مدیریت جوانان حتما برکات فراوانی دارد	اما برای این صفت جوانی ، صفتهایی چون شایستگی نیز نیاز است	1<2	unknown	contrast	contrast
اما برای این صفت جوانی ، صفتهایی چون شایستگی نیز نیاز است	تا در کنار درک درست جوانان کارشناس و شایسته از اقتضایات روز جهان ، جامعه با حضور این جوانان ، بانشاط شود .	1<2	unknown	enablement	purpose
مدیریت جوانان حتما برکات فراوانی دارد	فراموش نکنیم مطالبه جامعه ما فقط جوانگرایی نیست	1<2	unknown	explanation	explanation
فراموش نکنیم مطالبه جامعه ما فقط جوانگرایی نیست	بلکه شایسته سالاری است .	1<2	unknown	contrast	contrast
فقط در این صورت است که از حضور افرادی <*> جلوگیری کرد .	متاسفانه در بین برخی دانشجویان خود ، با افرادی مواجه شدم	1<2	unknown	explanation	explanation
متاسفانه در بین برخی دانشجویان خود ، با افرادی مواجه شدم	که علاقه مند بودند خود را به یک طیف خاص منتسب کنند .	1<2	unknown	elaboration	elaboration
وقتی دلیل آن را سوال میکردم ،	فقط در این صورت است که میتوانند امیدوار به کسب مدارج مدیریتی و استفاده از مواهب آن باشند .	1>2	unknown	temporal	temporal
پاسخ میدانند	فقط در این صورت است که میتوانند امیدوار به کسب مدارج مدیریتی و استفاده از مواهب آن باشند .	1>2	unknown	attribution	attribution
متاسفانه در بین برخی دانشجویان خود ، با افرادی مواجه شدم	فقط در این صورت است که میتوانند امیدوار به کسب مدارج مدیریتی و استفاده از مواهب آن باشند .	1<2	unknown	joint	conjunction
فقط در این صورت است که میتوانند امیدوار به کسب مدارج مدیریتی و استفاده از مواهب آن باشند .	در این منظومه فکری ، منافع ملی و توسعه کشور هیچ جایگاهی ندارد .	1<2	unknown	evaluation	comment
سیستم اداری و استخدامی کشور نیازمند آن است که به شکل سلسه مراتبی ، کارکنان دستگاهها ارتقا یابند و به تدریج به راس هرم مدیریتی برسند .	پیشنهاد نگارنده این است که در کنار اصلاح این نوع قوانین ، مجلس و سازمان امور اداری و استخدامی ، معیارهایی برای استفاده از شایستگان جوان تدوین و به طور جدی آنها را اعمال کند .	1<2	unknown	evaluation	comment
پیشنهاد نگارنده این است که در کنار اصلاح این نوع قوانین ، مجلس و سازمان امور اداری و استخدامی ، معیارهایی برای استفاده از شایستگان جوان تدوین و به طور جدی آنها را اعمال کند .	در غیر این صورت ممکن است به جای بازنشستگان ناکارآمد ، جوانان فرصت طلبی بر سر کار بیایند	1<2	unknown	condition	condition
در غیر این صورت ممکن است به جای بازنشستگان ناکارآمد ، جوانان فرصت طلبی بر سر کار بیایند	که بدون طی کردن مراحل کارشناسی و سلسله مراتب مدیریتی ، تهدید تازهای برای سیستم اداره کشور شوند .	1<2	unknown	elaboration	elaboration
شورای اسلامی شهر تهران در بد وضعیتی قرار دارد ؛	انتخاب دوباره شهردار !	1<2	unknown	elaboration	elaboration
شورای اسلامی شهر تهران در بد وضعیتی قرار دارد ؛	چه باید کرد ؟	1<2	unknown	topic-comment	comment
چه باید کرد ؟	بر اساس چه شاخص هایی ؟	1<2	unknown	joint	conjunction
اگر نگاه مردم به حل اساسی مسایل شهر باشد ،	مهم ترین آنها عبارت اند از : حمل ونقل و آلودگی هوا	1>2	unknown	condition	condition
شورای اسلامی شهر تهران در بد وضعیتی قرار دارد ؛	مهم ترین آنها عبارت اند از : حمل ونقل و آلودگی هوا	1<2	unknown	topic-comment	comment
مهم ترین آنها عبارت اند از : حمل ونقل و آلودگی هوا	که در این صورت باید کسی را انتخاب کرد	1<2	unknown	topic-comment	comment
که در این صورت باید کسی را انتخاب کرد	که در این حوزه صاحب نظر و تجربه باشد ،	1<2	unknown	elaboration	elaboration
که در این حوزه صاحب نظر و تجربه باشد ،	چراکه اولویت اصلی مردم تهران رفع مشکل حمل ونقل و نیز به تبع آن آلودگی هواست ؛	1<2	unknown	explanation	explanation
چراکه اولویت اصلی مردم تهران رفع مشکل حمل ونقل و نیز به تبع آن آلودگی هواست ؛	مشکلی که شهر را از کیفیت مطلوب زیست خارج کرده است .	1<2	unknown	elaboration	elaboration
اگر به اولویت های شهرداری از نگاه کارشناسان توجه کنیم ،	مسایل اساسی تامین منابع درآمدی پایدار و قطع ارتباط ناصحیح شهرسازی با تامین درآمد برای شهرداری است .	1>2	unknown	condition	condition
مهم ترین آنها عبارت اند از : حمل ونقل و آلودگی هوا	مسایل اساسی تامین منابع درآمدی پایدار و قطع ارتباط ناصحیح شهرسازی با تامین درآمد برای شهرداری است .	1<2	unknown	joint	conjunction
مسایل اساسی تامین منابع درآمدی پایدار و قطع ارتباط ناصحیح شهرسازی با تامین درآمد برای شهرداری است .	در این صورت باید شهرسازی باشد	1<2	unknown	topic-comment	comment
در این صورت باید شهرسازی باشد	که به اقتصاد شهری آگاه باشد	1<2	unknown	elaboration	elaboration
که به اقتصاد شهری آگاه باشد	و با کسب درآمد از سایر منابع به تدریج درآمدهای شهری ناشی از ساخت وساز را کاهش دهد	1<2	unknown	joint	conjunction
در این صورت باید شهرسازی باشد	یا بالعکس اقتصاددانی باید انتخاب شود	1<2	unknown	joint	conjunction
یا بالعکس اقتصاددانی باید انتخاب شود	که به رعایت قوانین و مقررات شهرسازی پایبند و به امور شهرداری نیز واقف باشد .	1<2	unknown	elaboration	elaboration
مهم ترین آنها عبارت اند از : حمل ونقل و آلودگی هوا	بااین حال ، وجود صلاحیت های یادشده صرفا کفایت نمی کند ؛	1<2	unknown	contrast	contrast
شناخت قوانین شهرداری و نیز آشنایی با مصوبات هییت دولت و دستورالعملها و بخش نامه های وزارتخانهها در حوزه مدیریت شهری نیز ضروری است	برای شهردار تهران داشتن این ویژگیها ضروری است .	1>2	unknown	elaboration	elaboration
شناخت قوانین شهرداری و نیز آشنایی با مصوبات هییت دولت و دستورالعملها و بخش نامه های وزارتخانهها در حوزه مدیریت شهری نیز ضروری است	و این شناخت به یک باره حاصل نمی شود	1<2	unknown	elaboration	elaboration
و این شناخت به یک باره حاصل نمی شود	و عمری میطلبد در این راه .	1<2	unknown	joint	conjunction
شناخت قوانین شهرداری و نیز آشنایی با مصوبات هییت دولت و دستورالعملها و بخش نامه های وزارتخانهها در حوزه مدیریت شهری نیز ضروری است	باید افزود که شناخت نظام اداری کشور با مدیریت شهری مرتبط است .	1<2	unknown	joint	conjunction
باید افزود که شناخت نظام اداری کشور با مدیریت شهری مرتبط است .	. . مانند وزارتخانه ها ، سازمان های دولتی و . . . .	1<2	unknown	elaboration	elaboration
شناخت قوانین شهرداری و نیز آشنایی با مصوبات هییت دولت و دستورالعملها و بخش نامه های وزارتخانهها در حوزه مدیریت شهری نیز ضروری است	همه اینها به علاوه تخصص ، تجربه و آشنایی با ساختارها و معرفت به قوانین ، باید اهل تعامل با قوای سه گانه و . . . باشد	1<2	unknown	joint	conjunction
شناخت قوانین شهرداری و نیز آشنایی با مصوبات هییت دولت و دستورالعملها و بخش نامه های وزارتخانهها در حوزه مدیریت شهری نیز ضروری است	و نه تنها اهل مذاکره و گفت وگو	1<2	unknown	joint	conjunction
و نه تنها اهل مذاکره و گفت وگو	بلکه طرف مقابل نیز با او حاضر به همکاری و همراهی باشد ؛	1<2	unknown	elaboration	elaboration
بااین حال ، وجود صلاحیت های یادشده صرفا کفایت نمی کند ؛	برای شهردار تهران داشتن این ویژگیها ضروری است .	1<2	unknown	explanation	explanation
برای شهردار تهران داشتن این ویژگیها ضروری است .	همچنین مهم ترین اصل داشتن پایگاه مردمی برای شهردار است ؛	1<2	unknown	elaboration	elaboration
همچنین مهم ترین اصل داشتن پایگاه مردمی برای شهردار است ؛	یعنی شناخته شده باشد	1<2	unknown	attribution	attribution
یعنی شناخته شده باشد	و مردم تهران او را قبول داشته باشند .	1<2	unknown	joint	conjunction
همچنین مهم ترین اصل داشتن پایگاه مردمی برای شهردار است ؛	بدون همراهی و همکاری مردم مدیریت شهری تهران ناتوان خواهد بود .	1<2	unknown	explanation	explanation
همچنین مهم ترین اصل داشتن پایگاه مردمی برای شهردار است ؛	لازمه این امر ، حمایت همه جانبه شورای اسلامی شهر تهران از شهردار است	1<2	unknown	elaboration	elaboration
لازمه این امر ، حمایت همه جانبه شورای اسلامی شهر تهران از شهردار است	و برای موفقیت ، مقبولیت شهردار نزد کارکنان شهرداری ضرورت دارد ،	1<2	unknown	joint	conjunction
و برای موفقیت ، مقبولیت شهردار نزد کارکنان شهرداری ضرورت دارد ،	چراکه بدنه کارشناسی شهرداری است که موتور محرکه تغییرات و تحولات شهری است .	1<2	unknown	explanation	explanation
حال که شهردار تهران در ابتدای کار دوره جدید مدیریت شهری انتخاب نمی شود ،	برای اجتناب از تغییرات مجدد در ساختار مدیریتی شهرداری و نیز جلوگیری از تغییرات اساسی در برنامه های آغازشده ازسوی شهردار قبلی ، باید فردی انتخاب شود	1>2	unknown	cause	causal
مهم ترین آنها عبارت اند از : حمل ونقل و آلودگی هوا	برای اجتناب از تغییرات مجدد در ساختار مدیریتی شهرداری و نیز جلوگیری از تغییرات اساسی در برنامه های آغازشده ازسوی شهردار قبلی ، باید فردی انتخاب شود	1<2	unknown	joint	conjunction
برای اجتناب از تغییرات مجدد در ساختار مدیریتی شهرداری و نیز جلوگیری از تغییرات اساسی در برنامه های آغازشده ازسوی شهردار قبلی ، باید فردی انتخاب شود	که همان راهی را برود که از ابتدای دوره جدید مدیریت شهری آغاز شده است ؛	1<2	unknown	elaboration	elaboration
که همان راهی را برود که از ابتدای دوره جدید مدیریت شهری آغاز شده است ؛	یعنی راهی مبتنی بر شفافیت ، مشارکت ، تخصص گرایی و مردم داری ؛	1<2	unknown	elaboration	elaboration
یعنی راهی مبتنی بر شفافیت ، مشارکت ، تخصص گرایی و مردم داری ؛	یعنی پذیرش حاکمیت خوب شهری .	1<2	unknown	joint	conjunction
در پایان باید اذعان کرد رقیب محافظه کار در پی آن است که شورای دوره پنجم در همان مسیری گام بردارد	بنابراین توجه باید کرد که مسیر همانی است	1>2	unknown	evaluation	comment
در پایان باید اذعان کرد رقیب محافظه کار در پی آن است که شورای دوره پنجم در همان مسیری گام بردارد	که شورای اول رفت	1<2	unknown	elaboration	elaboration
در پایان باید اذعان کرد رقیب محافظه کار در پی آن است که شورای دوره پنجم در همان مسیری گام بردارد	و در این میان با ترفندهای مختلف سعی در برهم زدن اتحاد و انسجام شورا دارد .	1<2	unknown	joint	conjunction
در پایان باید اذعان کرد رقیب محافظه کار در پی آن است که شورای دوره پنجم در همان مسیری گام بردارد	همچنان سعی میکند که شورا را از اهداف و سیاست های اعلامی دور کند	1<2	unknown	joint	conjunction
در پایان باید اذعان کرد رقیب محافظه کار در پی آن است که شورای دوره پنجم در همان مسیری گام بردارد	و آنها را وادار به محافظه کاری و حرکت در مسیر شورای چهارم کند .	1<2	unknown	joint	conjunction
اگر موفق به اختلاف نشود ،	قطعا استراتژی دوم را پیگیری میکند .	1>2	unknown	condition	condition
در پایان باید اذعان کرد رقیب محافظه کار در پی آن است که شورای دوره پنجم در همان مسیری گام بردارد	قطعا استراتژی دوم را پیگیری میکند .	1<2	unknown	joint	conjunction
برای اجتناب از تغییرات مجدد در ساختار مدیریتی شهرداری و نیز جلوگیری از تغییرات اساسی در برنامه های آغازشده ازسوی شهردار قبلی ، باید فردی انتخاب شود	بنابراین توجه باید کرد که مسیر همانی است	1<2	unknown	summary	organization
بنابراین توجه باید کرد که مسیر همانی است	که دکتر نجفی آغاز کرد	1<2	unknown	elaboration	elaboration
بنابراین توجه باید کرد که مسیر همانی است	و در همان چارچوب شهردار بعدی باید حرکت کند .	1<2	unknown	joint	conjunction
برای اجتناب از تغییرات مجدد در ساختار مدیریتی شهرداری و نیز جلوگیری از تغییرات اساسی در برنامه های آغازشده ازسوی شهردار قبلی ، باید فردی انتخاب شود	قطعا شورای پنجم در مسیر شورای دوره اول نخواهد رفت	1<2	unknown	evaluation	comment
قطعا شورای پنجم در مسیر شورای دوره اول نخواهد رفت	و این دوره آغازگر حرکتی نوین در شکل گیری نظام مدیریتی شهری کشور خواهد بود .	1<2	unknown	joint	conjunction
نقد اصلاحات و اصلاح طلبان با این که تکرار مکررات است ،	اما جنبه استراتژیک پیدا کرده است .	1>2	unknown	contrast	contrast
اما جنبه استراتژیک پیدا کرده است .	اصلاح طلبان <*> یکی حضور جدی شان در دولتها و دیگری دلبستگی شان به جامعه مدنی ، زمینه ساز بحثهای فراوانی شده اند	1>2	unknown	background	frame
اما جنبه استراتژیک پیدا کرده است .	استراتژیک به این معنا که شاید بتوان از رهگذر نقد این جریان سیاسی و عملکرد آن ، وضعیت موجود را کالبدشکافی کرد ؛	1<2	unknown	explanation	explanation
استراتژیک به این معنا که شاید بتوان از رهگذر نقد این جریان سیاسی و عملکرد آن ، وضعیت موجود را کالبدشکافی کرد ؛	وضعیتی	1<2	unknown	elaboration	elaboration
وضعیتی	که تهی از امر سیاسی است	1<2	unknown	elaboration	elaboration
وضعیتی	و جریانی مستقل از مرکز در آن وجود ندارد .	1<2	unknown	joint	conjunction
اصلاح طلبان <*> یکی حضور جدی شان در دولتها و دیگری دلبستگی شان به جامعه مدنی ، زمینه ساز بحثهای فراوانی شده اند	به دلیل دوزیست بودن شان ،	1<2	unknown	explanation	explanation
اصلاح طلبان <*> یکی حضور جدی شان در دولتها و دیگری دلبستگی شان به جامعه مدنی ، زمینه ساز بحثهای فراوانی شده اند	که بدون آنان ممکن نمی شد .	1<2	unknown	elaboration	elaboration
برخی نظریه پردازان اصلاح طلب و فعالان سیاسی آنان به این باور اذعان دارند	که اصلاح طلبان یک پا در قدرت و یک پا در جامعه مدنی دارند .	1>2	unknown	attribution	attribution
که اصلاح طلبان یک پا در قدرت و یک پا در جامعه مدنی دارند .	این رویکرد ، حاصل پارادوکسی لاینحل است	1>2	unknown	cause	causal
اصلاح طلبان <*> یکی حضور جدی شان در دولتها و دیگری دلبستگی شان به جامعه مدنی ، زمینه ساز بحثهای فراوانی شده اند	این رویکرد ، حاصل پارادوکسی لاینحل است	1<2	unknown	elaboration	elaboration
این رویکرد ، حاصل پارادوکسی لاینحل است	که اصلاح طلبان را وادار میکند تا دست به توجیه این تضادها بزنند و تنها راه گذر به دموکراسی را در همین تضادها جست وجو کنند .	1<2	unknown	elaboration	elaboration
شاید برخی از اصلاح طلبان بد شان نیاید جامه اپوزیسیون بر تن کرده	ازاین رو تاکید همه اصلاح طلبان بر همزیستی دولت و ملت قابل فهم است .	1>2	unknown	evaluation	comment
شاید برخی از اصلاح طلبان بد شان نیاید جامه اپوزیسیون بر تن کرده	و با فاصله از دولت به این پارادوکس دردناک خاتمه و منفک از مرکزگرایی به سیاست ورزی ادامه دهند ؛	1<2	unknown	joint	conjunction
شاید برخی از اصلاح طلبان بد شان نیاید جامه اپوزیسیون بر تن کرده	اما چهار دهه سیاست ورزی در دولتهای انقلاب اسلامی به آنان آموخته مرکزگرا باشند و نگذارند جناحهای رقیب بندناف شان را از مرکز قطع کنند .	1<2	unknown	contrast	contrast
اصلاح طلبان <*> یکی حضور جدی شان در دولتها و دیگری دلبستگی شان به جامعه مدنی ، زمینه ساز بحثهای فراوانی شده اند	ازاین رو تاکید همه اصلاح طلبان بر همزیستی دولت و ملت قابل فهم است .	1<2	unknown	evaluation	comment
ازاین رو تاکید همه اصلاح طلبان بر همزیستی دولت و ملت قابل فهم است .	گویا ماهی به دم خود رسیده است	1<2	unknown	contrast	contrast
گویا ماهی به دم خود رسیده است	و به همین دلیل حمله بی امان اپوزیسیون مرکزگریز شدت گرفته	1<2	unknown	explanation	explanation
و به همین دلیل حمله بی امان اپوزیسیون مرکزگریز شدت گرفته	و گاه غیرمنصفانه آنان را به شدت میکوبد	1<2	unknown	joint	conjunction
و به همین دلیل حمله بی امان اپوزیسیون مرکزگریز شدت گرفته	و با درشت نمایی پارادوکس درونی اصلاح طلبان در بی اعتبارکردن شان در چشم مردم تلاش میکند .	1<2	unknown	joint	conjunction
این حملات صریح اپوزیسیون داخلی و خارجی نتیجه عکس داده	و اصلاح طلبان را ناگزیر کرده تا دیگر نتوانند بند ناف خود را از مرکز جدا کنند ؛	1>2	unknown	background	frame
و به همین دلیل حمله بی امان اپوزیسیون مرکزگریز شدت گرفته	و اصلاح طلبان را ناگزیر کرده تا دیگر نتوانند بند ناف خود را از مرکز جدا کنند ؛	1<2	unknown	cause	causal
و اصلاح طلبان را ناگزیر کرده تا دیگر نتوانند بند ناف خود را از مرکز جدا کنند ؛	کاری که تا دیروز به سهولت انجام پذیر بود .	1<2	unknown	elaboration	elaboration
اتصال به مرکز ، سیاست ورزی اصلاح طلبان را تهدید کرده است .	ازاین رو آنان با صراحت بیشتری از مرکزگرایی دفاع کرده	1>2	unknown	explanation	explanation
و اصلاح طلبان را ناگزیر کرده تا دیگر نتوانند بند ناف خود را از مرکز جدا کنند ؛	ازاین رو آنان با صراحت بیشتری از مرکزگرایی دفاع کرده	1<2	unknown	summary	organization
ازاین رو آنان با صراحت بیشتری از مرکزگرایی دفاع کرده	و درصدد حل تضادهای خود با جامعه مدنی اند .	1<2	unknown	joint	conjunction
اصلاح طلبان <*> یکی حضور جدی شان در دولتها و دیگری دلبستگی شان به جامعه مدنی ، زمینه ساز بحثهای فراوانی شده اند	اینک اصلاح طلبان وارث تاریخی هستند <*> امور واقع را تیوریزه میکند ؛	1<2	unknown	topic-change	conjunction
اینک اصلاح طلبان وارث تاریخی هستند <*> امور واقع را تیوریزه میکند ؛	که بیش از آنکه موجب امر واقعی یا خلق سیاست شود ،	1<2	unknown	comparison	concession
اینک اصلاح طلبان وارث تاریخی هستند <*> امور واقع را تیوریزه میکند ؛	اموری که از قدرت دولت تفریق نمی شود	1<2	unknown	elaboration	elaboration
اموری که از قدرت دولت تفریق نمی شود	و به بیانی دیگر تاریخ دولتها ست .	1<2	unknown	summary	organization
اموری که از قدرت دولت تفریق نمی شود	امر واقعی زمانی محقق میشود	1<2	unknown	contrast	contrast
امر واقعی زمانی محقق میشود	که از دولت تفریق شده	1<2	unknown	condition	condition
که از دولت تفریق شده	و سیاست به معنای رهایی رقم میخورد .	1<2	unknown	joint	conjunction
امر واقعی زمانی محقق میشود	از این منظر اصلاح طلبان راه دشواری پیش رو دارند .	1<2	unknown	evaluation	comment
اصلاح طلبان <*> یکی حضور جدی شان در دولتها و دیگری دلبستگی شان به جامعه مدنی ، زمینه ساز بحثهای فراوانی شده اند	آنان <*> امروز ناگزیر به این کار سوق داده شده اند	1<2	unknown	topic-change	conjunction
آنان <*> امروز ناگزیر به این کار سوق داده شده اند	که تا دیروز تخم مرغهای شان را در یک سبد نمی گذاشتند ،	1<2	unknown	elaboration	elaboration
آنان <*> امروز ناگزیر به این کار سوق داده شده اند	و جالب آنکه هرچه بیشتر از مردم و جامعه مدنی حرف میزنند ،	1<2	unknown	explanation	explanation
و جالب آنکه هرچه بیشتر از مردم و جامعه مدنی حرف میزنند ،	تضادهای درونی خود را عمیقتر و آشکارتر نشان میدهند ؛	1<2	unknown	comparison	concession
تضادهای درونی خود را عمیقتر و آشکارتر نشان میدهند ؛	به این دلیل که آنان قادر به اصلاحات استراتژیکی مانند بازتوزیع و بازشناسی نیستند .	1<2	unknown	explanation	explanation
به این دلیل که آنان قادر به اصلاحات استراتژیکی مانند بازتوزیع و بازشناسی نیستند .	بازتوزیع اصلاحاتی ناظر بر برابری از حیث دسترسی همگان به فرصتهای اقتصادی است	1<2	unknown	elaboration	elaboration
بازتوزیع اصلاحاتی ناظر بر برابری از حیث دسترسی همگان به فرصتهای اقتصادی است	و بازشناسی اساسا مفهومی برای عدالت در به رسمیت شناختن گروههای مختلف اجتماعی ؛	1<2	unknown	joint	conjunction
و جالب آنکه هرچه بیشتر از مردم و جامعه مدنی حرف میزنند ،	این گفته به آن معنا نیست که اصلاح طلبان نباید از مردم حرف بزنند ،	1<2	unknown	elaboration	elaboration
این گفته به آن معنا نیست که اصلاح طلبان نباید از مردم حرف بزنند ،	هر نوع سیاستی منهای مردم بی معنا ست .	1<2	unknown	cause	causal
و جالب آنکه هرچه بیشتر از مردم و جامعه مدنی حرف میزنند ،	اصلاح طلبان با مردمی سروکار دارند	1<2	unknown	contrast	contrast
اصلاح طلبان با مردمی سروکار دارند	که هستند .	1<2	unknown	elaboration	elaboration
اصلاح طلبان با مردمی سروکار دارند	اپوزیسیون تلاش میکند تا اصلاح طلبان پوزیسیون شده را هرچه بیشتر به سمت مرکز سوق دهد	1<2	unknown	explanation	explanation
اپوزیسیون تلاش میکند تا اصلاح طلبان پوزیسیون شده را هرچه بیشتر به سمت مرکز سوق دهد	تا توان آنان را در اصلاحات بنیادی خنثی کند	1<2	unknown	enablement	purpose
تا توان آنان را در اصلاحات بنیادی خنثی کند	و نگذارد دیگر آنان ناهستها را هست کنند .	1<2	unknown	joint	conjunction
اصلاح طلبان با مردمی سروکار دارند	این معضل بزرگ اصلاح طلبان است	1<2	unknown	elaboration	elaboration
این معضل بزرگ اصلاح طلبان است	و برای حل آن ، <*> محتاج عمل هستند .	1<2	unknown	joint	conjunction
بیش از آنکه به نظریه نیاز داشته باشند ،	محتاج عمل هستند .	1>2	unknown	comparison	concession
اصلاح طلبان <*> یکی حضور جدی شان در دولتها و دیگری دلبستگی شان به جامعه مدنی ، زمینه ساز بحثهای فراوانی شده اند	با این وجود ، هنوز اصلاح طلبان در جامعه دست بالا را دارند .	1<2	unknown	contrast	contrast
با این وجود ، هنوز اصلاح طلبان در جامعه دست بالا را دارند .	سرمایههایی دارند	1<2	unknown	cause	causal
سرمایههایی دارند	که نباید چوب حراج به آنان بزنند .	1<2	unknown	elaboration	elaboration
سرمایههایی دارند	چهرههای تکین	1<2	unknown	elaboration	elaboration
چهرههای تکین	که تن به روابط بوروکراتیک نداده اند ،	1<2	unknown	elaboration	elaboration
که تن به روابط بوروکراتیک نداده اند ،	در دولت بوده اند	1<2	unknown	joint	conjunction
در دولت بوده اند	و نادولت اند .	1<2	unknown	contrast	contrast
و نادولت اند .	این نادولتی این امکان را پیش پای آنان میگذارد که اصلاح طلبان را از وضعیت ناممکن نجات دهد .	1<2	unknown	elaboration	elaboration
چهرههای تکین	اصلاح طلبان خاصه آنان <*> باید اهتمام بورزند	1<2	unknown	elaboration	elaboration
اصلاح طلبان خاصه آنان <*> باید اهتمام بورزند	که در قدرت اند	1<2	unknown	elaboration	elaboration
اصلاح طلبان خاصه آنان <*> باید اهتمام بورزند	تا از این چهرهها صیانت کنند .	1<2	unknown	enablement	purpose
اصلاح طلبان خاصه آنان <*> باید اهتمام بورزند	استفاده از توان آنان برای جابهجایی بوروکراتیک در ماشین دولت کار عبث و بیهودهای است .	1<2	unknown	explanation	explanation
استفاده از توان آنان برای جابهجایی بوروکراتیک در ماشین دولت کار عبث و بیهودهای است .	تجربه تلاش برای حضور سیدحسن خمینی در انتخابات خبرگان سال ۹۴ نمونهای از این تجربه تلخ است .	1<2	unknown	explanation	explanation
استفاده از توان آنان برای جابهجایی بوروکراتیک در ماشین دولت کار عبث و بیهودهای است .	اشتباهات استراتژیک سخت قابل جبران است .	1<2	unknown	evaluation	comment
چهرههای تکین	اصلاح طلبان چهرههایی دارند	1<2	unknown	joint	conjunction
اصلاح طلبان چهرههایی دارند	که به قول ابن جماعه ، « وجوه الناس »اند ؛	1<2	unknown	elaboration	elaboration
اصلاح طلبان چهرههایی دارند	آنان کسانی هستند	1<2	unknown	elaboration	elaboration
آنان کسانی هستند	که صلاحیت قرارگرفتن در مجموعه « اهل حل و عقد » را دارند .	1<2	unknown	elaboration	elaboration
آنان کسانی هستند	کسانی	1<2	unknown	joint	conjunction
کسانی	که صرفا از علما یا امرای دارنده قدرت دینی و سیاسی نیستند ؛	1<2	unknown	elaboration	elaboration
کسانی	بلکه شخصیتهای هدایتگر سیاسی و اجتماعی اند .	1<2	unknown	contrast	contrast
آنان کسانی هستند	آنان صاحبان بالقوه قدرت اند	1<2	unknown	joint	conjunction
آنان کسانی هستند	و به زبان امروزی هنوز توان خلق امر سیاسی را دارند .	1<2	unknown	joint	conjunction
سالها ست مقاله آی اس آی میزان و مبنای ارزیابی و اعتبارسنجی و ملاک هویت جامعه علمی کشور شده است ؛	همه چیز از جذب و پذیرش گرفته تا تبدیل وضعیت استخدامی ، ارتقا ، گرنت و . . . بر اساس آن سنجیده میشود .	1<2	unknown	explanation	explanation
به تازگی استاد گلشنی ، استاد برجسته فلسفه علم دانشگاه شریف و از استادان تراز اول کشور ، در نقدی دردمندانه و ناصحانه عنوان کردند	بیش از ۴۰۰ جایزه معتبر علمی در دنیا وجود دارد	1>2	unknown	attribution	attribution
سالها ست مقاله آی اس آی میزان و مبنای ارزیابی و اعتبارسنجی و ملاک هویت جامعه علمی کشور شده است ؛	بیش از ۴۰۰ جایزه معتبر علمی در دنیا وجود دارد	1<2	unknown	contrast	contrast
بیش از ۴۰۰ جایزه معتبر علمی در دنیا وجود دارد	که آی اس آی مبنای آن نیست .	1<2	unknown	elaboration	elaboration
بیش از ۴۰۰ جایزه معتبر علمی در دنیا وجود دارد	یا استادانی در استنفورد ، برکلی و پرینستون هستند	1<2	unknown	joint	conjunction
یا استادانی در استنفورد ، برکلی و پرینستون هستند	که معیار ورود شان آی اس آی نبوده است .	1<2	unknown	elaboration	elaboration
بر اساس آیین نامه ارتقای وزارت علوم ،	امتیاز اعطایی به هر طرح کلان ملی ، برابر یک مقاله آی اس آی است .	1>2	unknown	attribution	attribution
سالها ست مقاله آی اس آی میزان و مبنای ارزیابی و اعتبارسنجی و ملاک هویت جامعه علمی کشور شده است ؛	امتیاز اعطایی به هر طرح کلان ملی ، برابر یک مقاله آی اس آی است .	1<2	unknown	topic-change	conjunction
امتیاز اعطایی به هر طرح کلان ملی ، برابر یک مقاله آی اس آی است .	کسانی <*> نیک آگاهاند اجرای آن چند سال زمان میبرد	1<2	unknown	topic-comment	comment
کسانی <*> نیک آگاهاند اجرای آن چند سال زمان میبرد	که تجربه اجرای طرحها و پروژههای کلان را دارند ( به استثنای پروژههای فرمایشی با افتتاحهای نمایشی و نتایج همایشی ) ،	1<2	unknown	elaboration	elaboration
کسانی <*> نیک آگاهاند اجرای آن چند سال زمان میبرد	و مجری با چه چالشها و مسایل متنوع و بغرنجی روبه روست ؛	1<2	unknown	joint	conjunction
و مجری با چه چالشها و مسایل متنوع و بغرنجی روبه روست ؛	از جذب و تامین بودجه و مدیریت آن گرفته تا حفط منابع انسانی ، تامین ملزومات و مهمتر از همه تعریف و جذب طرح و متقاعدکردن کارفرمای سنتی ، بی انگیزه و عافیت طلب برای اجرای یک پروژه علمی و پژوهشی و مهمتر از همه ، حل یک مساله اساسی و مبنایی کشور .	1<2	unknown	elaboration	elaboration
کسانی <*> نیک آگاهاند اجرای آن چند سال زمان میبرد	ارزش و بهای این همه گرفتاری و درگیری علمی ، فنی و اجرایی ، <*> برابر این است که در اتاقت بنشینی	1<2	unknown	contrast	contrast
از منظر تصمیم گیران وزارت علوم و شورای عالی انقلاب فرهنگی ،	برابر این است که در اتاقت بنشینی	1>2	unknown	attribution	attribution
برابر این است که در اتاقت بنشینی	و به اتکای دانشجو یا کارشناس خود ، مقاله بنویسی	1<2	unknown	joint	conjunction
برابر این است که در اتاقت بنشینی	و راهکار علمی مرزدانشی بدهی برای غربیها و شرقیهای پیشرفته ؛	1<2	unknown	joint	conjunction
و راهکار علمی مرزدانشی بدهی برای غربیها و شرقیهای پیشرفته ؛	غربیهایی که حرفهای شدهاند	1<2	unknown	attribution	attribution
غربیهایی که حرفهای شدهاند	که با اندکی کار سیستماتیک ، مدون و برنامه ریزی شده محصول ش کنند	1<2	unknown	elaboration	elaboration
که با اندکی کار سیستماتیک ، مدون و برنامه ریزی شده محصول ش کنند	و به خود مان بفروشند	1<2	unknown	joint	conjunction
برابر این است که در اتاقت بنشینی	و این جا ست که عمق فاجعه آشکار میشود .	1<2	unknown	joint	conjunction
در بیانی روان ، شیوا و رسا به زبانی انگلیسی <*> عصاره تلاش ، پژوهش ، خلاقیت ، نوآوری ، تجربه و دانشت را در اختیار او بگذاری و اغلب چندصددلاری نیز بپردازی تا چاپ و منتشر ش کنند و برای خیل ابرشرکتهای هایتک صنعتی آنها محصولی جدید بسازند یا محصولات پیشین را ارتقا دهند و تو در تمنای بهره مندی از نسخه عهدبوق همان محصول باشی .	کار از ما ، جا از ما ، هزینه از ما ، ابزار و تجهیزات و امکانات از ما ، فکر از ما ، روش شناسی و شبیه سازی و پیاده سازی و کالیبراسیون و اعتبارسنجی و ارزیابی و صحت سنجی از ما و محصول نهایی و انتفاع تجاری از او .	1>2	unknown	summary	organization
در بیانی روان ، شیوا و رسا به زبانی انگلیسی <*> عصاره تلاش ، پژوهش ، خلاقیت ، نوآوری ، تجربه و دانشت را در اختیار او بگذاری و اغلب چندصددلاری نیز بپردازی تا چاپ و منتشر ش کنند و برای خیل ابرشرکتهای هایتک صنعتی آنها محصولی جدید بسازند یا محصولات پیشین را ارتقا دهند و تو در تمنای بهره مندی از نسخه عهدبوق همان محصول باشی .	که البته زبان علم است ،	1<2	unknown	elaboration	elaboration
در بیانی روان ، شیوا و رسا به زبانی انگلیسی <*> عصاره تلاش ، پژوهش ، خلاقیت ، نوآوری ، تجربه و دانشت را در اختیار او بگذاری و اغلب چندصددلاری نیز بپردازی تا چاپ و منتشر ش کنند و برای خیل ابرشرکتهای هایتک صنعتی آنها محصولی جدید بسازند یا محصولات پیشین را ارتقا دهند و تو در تمنای بهره مندی از نسخه عهدبوق همان محصول باشی .	چه استعماری از این فراتر و	1<2	unknown	topic-comment	comment
در بیانی روان ، شیوا و رسا به زبانی انگلیسی <*> عصاره تلاش ، پژوهش ، خلاقیت ، نوآوری ، تجربه و دانشت را در اختیار او بگذاری و اغلب چندصددلاری نیز بپردازی تا چاپ و منتشر ش کنند و برای خیل ابرشرکتهای هایتک صنعتی آنها محصولی جدید بسازند یا محصولات پیشین را ارتقا دهند و تو در تمنای بهره مندی از نسخه عهدبوق همان محصول باشی .	سهم محقق ایرانی ، اضافه شدن خطی است به رزومه و البته گذر از فیلترهای آی اس آی مبنای وزارت علوم	1<2	unknown	joint	conjunction
سهم محقق ایرانی ، اضافه شدن خطی است به رزومه و البته گذر از فیلترهای آی اس آی مبنای وزارت علوم	و چه استثماری ژرفتر از این ؛	1<2	unknown	topic-comment	comment
و چه استثماری ژرفتر از این ؛	بردگی نوین علمی .	1<2	unknown	elaboration	elaboration
و این جا ست که عمق فاجعه آشکار میشود .	کار از ما ، جا از ما ، هزینه از ما ، ابزار و تجهیزات و امکانات از ما ، فکر از ما ، روش شناسی و شبیه سازی و پیاده سازی و کالیبراسیون و اعتبارسنجی و ارزیابی و صحت سنجی از ما و محصول نهایی و انتفاع تجاری از او .	1<2	unknown	explanation	explanation
کار از ما ، جا از ما ، هزینه از ما ، ابزار و تجهیزات و امکانات از ما ، فکر از ما ، روش شناسی و شبیه سازی و پیاده سازی و کالیبراسیون و اعتبارسنجی و ارزیابی و صحت سنجی از ما و محصول نهایی و انتفاع تجاری از او .	حتی مالکیت معنوی محصول هم از آن او ؛	1<2	unknown	elaboration	elaboration
حتی مالکیت معنوی محصول هم از آن او ؛	چون <*> نویسنده مقاله فاقد حقوق مالکانه در محصول مبتنی بر آن است .	1<2	unknown	cause	causal
به اعتبار قانون مالکیت معنوی ،	نویسنده مقاله فاقد حقوق مالکانه در محصول مبتنی بر آن است .	1>2	unknown	attribution	attribution
کار از ما ، جا از ما ، هزینه از ما ، ابزار و تجهیزات و امکانات از ما ، فکر از ما ، روش شناسی و شبیه سازی و پیاده سازی و کالیبراسیون و اعتبارسنجی و ارزیابی و صحت سنجی از ما و محصول نهایی و انتفاع تجاری از او .	از سوی دیگر ، ما نیز در ایران سازوکار شناسایی دستاوردها و محصولات مبتنی بر تلاش پژوهشگران خود مان را نداریم .	1<2	unknown	contrast	contrast
از سوی دیگر ، ما نیز در ایران سازوکار شناسایی دستاوردها و محصولات مبتنی بر تلاش پژوهشگران خود مان را نداریم .	مهم تر ، اولیتر و دردناکتر از همه <*> این که در بسیاری از حوزهها فاقد بلوغ ، ظرفیت ، زیرساخت و توانمندی لازم برای کاربردی سازی عملیاتی و ماموریت گرای نتایج دستاوردهای علمی و پژوهشی خویش هستیم ؛	1<2	unknown	explanation	explanation
مهم تر ، اولیتر و دردناکتر از همه <*> این که در بسیاری از حوزهها فاقد بلوغ ، ظرفیت ، زیرساخت و توانمندی لازم برای کاربردی سازی عملیاتی و ماموریت گرای نتایج دستاوردهای علمی و پژوهشی خویش هستیم ؛	( که شاه بیت رنج نامه جامعه محققان و پژوهشگران ماموریت گرای کشور است )	1<2	unknown	elaboration	elaboration
مهم تر ، اولیتر و دردناکتر از همه <*> این که در بسیاری از حوزهها فاقد بلوغ ، ظرفیت ، زیرساخت و توانمندی لازم برای کاربردی سازی عملیاتی و ماموریت گرای نتایج دستاوردهای علمی و پژوهشی خویش هستیم ؛	به ویژه در مواردی	1<2	unknown	elaboration	elaboration
به ویژه در مواردی	که بالفعل شدن پژوهش مانع رانت باشد و مخل آسایش مدیران آمارمثبت بدون مشکل همیشه موفق .	1<2	unknown	elaboration	elaboration
سالها ست مقاله آی اس آی میزان و مبنای ارزیابی و اعتبارسنجی و ملاک هویت جامعه علمی کشور شده است ؛	هدف از این یادداشت ، صرفا بیان آفات این سازوکار نامبارک داوری و ارزیابی توان و بضاعت علمی است	1<2	unknown	evaluation	comment
هدف از این یادداشت ، صرفا بیان آفات این سازوکار نامبارک داوری و ارزیابی توان و بضاعت علمی است	که عملا عایدی آن نصیب بیگانه میشود	1<2	unknown	elaboration	elaboration
که عملا عایدی آن نصیب بیگانه میشود	و تجلی فواید ش بیرون مرزها ست .	1<2	unknown	joint	conjunction
هدف از این یادداشت ، صرفا بیان آفات این سازوکار نامبارک داوری و ارزیابی توان و بضاعت علمی است	قطعا در این انحراف ، عوامل متعددی دخیلا ند ؛	1<2	unknown	elaboration	elaboration
قطعا در این انحراف ، عوامل متعددی دخیلا ند ؛	از نبود شاخص جایگزین گرفته تا رفتارکاری پژوهشگران تا . . .	1<2	unknown	elaboration	elaboration
از نبود شاخص جایگزین گرفته تا رفتارکاری پژوهشگران تا . . .	که همگی را میتوان در جای خود بررسی کرد .	1<2	unknown	elaboration	elaboration
قطعا در این انحراف ، عوامل متعددی دخیلا ند ؛	آنچه مسلم است ، این است که زعمای قوم و خبرگان علمی کشور <*> فکری به حال این نقیصه جمیله کرده	1<2	unknown	contrast	contrast
آنچه مسلم است ، این است که زعمای قوم و خبرگان علمی کشور <*> فکری به حال این نقیصه جمیله کرده	که بر طیف رنگارنگ مسایل و چالشهای کشور آگاه هستند	1<2	unknown	contrast	contrast
که بر طیف رنگارنگ مسایل و چالشهای کشور آگاه هستند	و تفاوت پژوهش مسیله گرا را با مقاله محور میدانند ،	1<2	unknown	joint	conjunction
آنچه مسلم است ، این است که زعمای قوم و خبرگان علمی کشور <*> فکری به حال این نقیصه جمیله کرده	و درمانی برای این درد بیابند .	1<2	unknown	joint	conjunction
و درمانی برای این درد بیابند .	دردی که میرود هویت و خاصیت را از جامعه علمی این مرز و بوم برباید .	1<2	unknown	elaboration	elaboration
دردی که میرود هویت و خاصیت را از جامعه علمی این مرز و بوم برباید .	کشوری که هنوز شفای بوعلی اش ، اخلاق ناصری خواجه نصیرش و آثارالباقیه ابوریحان بیرونی اش نه در کنج کتابخانهها و آرشیوها	1<2	unknown	elaboration	elaboration
کشوری که هنوز شفای بوعلی اش ، اخلاق ناصری خواجه نصیرش و آثارالباقیه ابوریحان بیرونی اش نه در کنج کتابخانهها و آرشیوها	که در زندگی مردمان ش ساری و جاری است و محل رجوع مستمر پژوهشگران و اندیشمندان .	1<2	unknown	elaboration	elaboration
سعودیها در کنار سایر اقدامات مخرب علیه ایران ، نیم نگاهی به ایتلافهای نفتی جدید برای فشار بر منابع درآمدی ایران دارند .	عربستان به دنبال کویت و عراق بود	1<2	unknown	explanation	explanation
عربستان به دنبال کویت و عراق بود	تا این دو تولیدکننده نفت را زیر سلطه خود بگیرد .	1<2	unknown	enablement	purpose
عربستان به دنبال کویت و عراق بود	از آنان خواست کار روی میادین مشترک را متوقف کنند	1<2	unknown	temporal	temporal
عربستان به دنبال کویت و عراق بود	و حالا درخواست کرده میادین را به عربستان واگذار	1<2	unknown	temporal	temporal
عربستان به دنبال کویت و عراق بود	و در ازای دریافت مبالغ مشخصی کناره گیری کنند .	1<2	unknown	temporal	temporal
عربستان به دنبال کویت و عراق بود	این در حالی است که کویت کشوری صاحب احترام در میان اعراب است .	1<2	unknown	background	frame
این در حالی است که کویت کشوری صاحب احترام در میان اعراب است .	این کشور عملا در تجاوز سعودیها به یمن همکاری نداشت	1<2	unknown	explanation	explanation
این کشور عملا در تجاوز سعودیها به یمن همکاری نداشت	و در موضوع ایران هم تلاش کرده وارد تیم عربستان نشود .	1<2	unknown	joint	conjunction
این کشور عملا در تجاوز سعودیها به یمن همکاری نداشت	دولت کویت ، در ارتباط با اروپا ، آمریکا و چین شرایطی کمتر از عربستان ندارد .	1<2	unknown	joint	conjunction
این در حالی است که کویت کشوری صاحب احترام در میان اعراب است .	عراق نیز با توجه به رشد دموکراسی در این کشور و پیشرفتهای سالهای اخیر و البته بی اعتمادی به سعودیها و اهداف آنان در نزدیکی به عراق ، روی خوش نشان نداده است .	1<2	unknown	joint	conjunction
این در حالی است که کویت کشوری صاحب احترام در میان اعراب است .	درباره کشوری مانند قطر نیز روابط هنوز به قبل از بحران میان تعدادی از کشورهای عربی به سرکردگی عربستان با این کشور برنگشته است .	1<2	unknown	joint	conjunction
عربستان به دنبال کویت و عراق بود	با این حساب عربستان بیشتر امیدوار به حمایتهای آمریکا و حتی روسیه در موضوع افزایش سهم خود در بازار است	1<2	unknown	evaluation	comment
با این حساب عربستان بیشتر امیدوار به حمایتهای آمریکا و حتی روسیه در موضوع افزایش سهم خود در بازار است	تا نفت خود را جایگزین نفت ایران کند .	1<2	unknown	enablement	purpose
سعودیها در کنار سایر اقدامات مخرب علیه ایران ، نیم نگاهی به ایتلافهای نفتی جدید برای فشار بر منابع درآمدی ایران دارند .	آنها <*> تلاش کردند علاوه بر نفت به حوزه نظامی علیه ایران هم ورود کنند	1<2	unknown	elaboration	elaboration
با طرح مسیله محقق نشدنی ناتوی عربی ،	تلاش کردند علاوه بر نفت به حوزه نظامی علیه ایران هم ورود کنند	1>2	unknown	manner-means	mode
آنها <*> تلاش کردند علاوه بر نفت به حوزه نظامی علیه ایران هم ورود کنند	اما به همان دلایلی <*> این پروژه در حد یک تبلیغات گذرا باقی خواهد ماند	1<2	unknown	contrast	contrast
اما به همان دلایلی <*> این پروژه در حد یک تبلیغات گذرا باقی خواهد ماند	که ذکر شد ،	1<2	unknown	elaboration	elaboration
اما به همان دلایلی <*> این پروژه در حد یک تبلیغات گذرا باقی خواهد ماند	و کشورهایی مانند لبنان ، سوریه ، عراق ، کویت ، قطر و حتی برخی از کشورهای شمال آفریقا در این زمینه با عربستان همراه نیستند .	1<2	unknown	joint	conjunction
و کشورهایی مانند لبنان ، سوریه ، عراق ، کویت ، قطر و حتی برخی از کشورهای شمال آفریقا در این زمینه با عربستان همراه نیستند .	کشورهایی مثل امارات و بحرین <*> احتمالا تنها گزینههایی هستند	1<2	unknown	contrast	contrast
کشورهایی مثل امارات و بحرین <*> احتمالا تنها گزینههایی هستند	که زیر نفوذ مالی سعودیها و نیازمند دلارهای نفتی و سرمایه گذاری هستند ،	1<2	unknown	elaboration	elaboration
احتمالا تنها گزینههایی هستند	که عربستان میتواند روی آنها حساب کند .	1<2	unknown	elaboration	elaboration
آنها <*> تلاش کردند علاوه بر نفت به حوزه نظامی علیه ایران هم ورود کنند	سعودیها در موضوع یمن و سوریه نیز دست به ایتلاف سازی زدند	1<2	unknown	joint	conjunction
سعودیها در موضوع یمن و سوریه نیز دست به ایتلاف سازی زدند	اما عملا به توفیقی نرسیدند .	1<2	unknown	contrast	contrast
سعودیها در موضوع یمن و سوریه نیز دست به ایتلاف سازی زدند	تا پیش از قتل عجیب خاشقجی در ترکیه ، آمریکاییها در تلاش بودند با ایجاد پیوند میان اسراییل ، عربستان و امارات ، مانع ایجاد ثبات و استقرار سیاسی در منطقه شده	1<2	unknown	elaboration	elaboration
تا پیش از قتل عجیب خاشقجی در ترکیه ، آمریکاییها در تلاش بودند با ایجاد پیوند میان اسراییل ، عربستان و امارات ، مانع ایجاد ثبات و استقرار سیاسی در منطقه شده	و شرایط عراق ، سوریه و لبنان را ناآرام نگه دارند .	1<2	unknown	joint	conjunction
ایالات متحده اعلام کرد	نه تنها نیروهای خود را از سوریه خارج نمی کند	1>2	unknown	attribution	attribution
تا پیش از قتل عجیب خاشقجی در ترکیه ، آمریکاییها در تلاش بودند با ایجاد پیوند میان اسراییل ، عربستان و امارات ، مانع ایجاد ثبات و استقرار سیاسی در منطقه شده	نه تنها نیروهای خود را از سوریه خارج نمی کند	1<2	unknown	explanation	explanation
نه تنها نیروهای خود را از سوریه خارج نمی کند	بلکه آنها را افزایش خواهد داد	1<2	unknown	contrast	contrast
نه تنها نیروهای خود را از سوریه خارج نمی کند	که این نه تنها تخلف از مقررات بین المللی است که نیروهای خارجی بدون اجازه یک دولت در آن کشور حضور داشته باشند	1<2	unknown	elaboration	elaboration
که این نه تنها تخلف از مقررات بین المللی است که نیروهای خارجی بدون اجازه یک دولت در آن کشور حضور داشته باشند	بلکه خلاف شعارهای ظاهری ترامپ است	1<2	unknown	elaboration	elaboration
بلکه خلاف شعارهای ظاهری ترامپ است	که از هزینه زابودن حضور نیروهای این کشور در برخی مناطق جهان گفته بود .	1<2	unknown	elaboration	elaboration
آنها <*> تلاش کردند علاوه بر نفت به حوزه نظامی علیه ایران هم ورود کنند	تلاش بعدی آنان تغییر در نتایج انتخابات عراق و لبنان بود .	1<2	unknown	joint	conjunction
تلاش بعدی آنان تغییر در نتایج انتخابات عراق و لبنان بود .	تزریق پول و امکانات و دراختیارگذاشتن دستگاههای تبلیغاتی و رسانهای به افراد و گروههای متمایل و وابسته به این کشورها ، به شدت دنبال شد	1<2	unknown	elaboration	elaboration
تزریق پول و امکانات و دراختیارگذاشتن دستگاههای تبلیغاتی و رسانهای به افراد و گروههای متمایل و وابسته به این کشورها ، به شدت دنبال شد	اما در هر دو انتخابات ، نتیجهای غیر از آنچه آنان دنبال آن بودند ، به دست آمد .	1<2	unknown	contrast	contrast
سعودیها در کنار سایر اقدامات مخرب علیه ایران ، نیم نگاهی به ایتلافهای نفتی جدید برای فشار بر منابع درآمدی ایران دارند .	جبهه مقابل ایران در منطقه تلاش بسیاری کرده که از زمان روی کارآمدن رییس جمهور جدید آمریکا به ویژه پس از خروج ترامپ از برجام و اعمال تحریمهای دوباره ضد ایران ، روشهای متعدد نظامی ، امنیتی و تبلیغاتی را علیه نقش ایران در منطقه به کار بگیرد .	1<2	unknown	evaluation	comment
جبهه مقابل ایران در منطقه تلاش بسیاری کرده که از زمان روی کارآمدن رییس جمهور جدید آمریکا به ویژه پس از خروج ترامپ از برجام و اعمال تحریمهای دوباره ضد ایران ، روشهای متعدد نظامی ، امنیتی و تبلیغاتی را علیه نقش ایران در منطقه به کار بگیرد .	ادعای خطرناک بودن توان موشکی و نفوذ منطقهای ایران و ادعای هزینه شدن پول نفت صادراتی ایران در این بخشها ، از جمله اقداماتی است که با آن بتوان تحریم غیرقانونی و غیرانسانی ایران و فشار بر جمهوری اسلامی را توجیه کرد .	1<2	unknown	elaboration	elaboration
جبهه مقابل ایران در منطقه تلاش بسیاری کرده که از زمان روی کارآمدن رییس جمهور جدید آمریکا به ویژه پس از خروج ترامپ از برجام و اعمال تحریمهای دوباره ضد ایران ، روشهای متعدد نظامی ، امنیتی و تبلیغاتی را علیه نقش ایران در منطقه به کار بگیرد .	ایران میتواند همانند دوران جنگ با ارتباط با کشورهای میانه رو عربی <*> فضای منطقه را از یکدستی خارج کند	1<2	unknown	topic-comment	comment
ایران میتواند همانند دوران جنگ با ارتباط با کشورهای میانه رو عربی <*> فضای منطقه را از یکدستی خارج کند	که علاقه مند به روشهای هییت حاکمه جدید عربستان نیستند ،	1<2	unknown	elaboration	elaboration
فضای منطقه را از یکدستی خارج کند	و بازیگری موثری را انجام دهد .	1<2	unknown	joint	conjunction
خبر ، باورنکردنی است ؛	جان بولتون معروف ، مشاور امنیت ملی امروز ترامپ ، قمه را از رو بسته	1>2	unknown	evaluation	comment
و پیشاپیش به دیوان کیفری بین المللی لاهه و قضات آن اعلام کرده است	که آنها و آرای شان را به قول جوانان امروزی « عمرا » به رسمیت نمی شناسد .	1>2	unknown	attribution	attribution
جان بولتون معروف ، مشاور امنیت ملی امروز ترامپ ، قمه را از رو بسته	که آنها و آرای شان را به قول جوانان امروزی « عمرا » به رسمیت نمی شناسد .	1<2	unknown	joint	conjunction
اگر هم علیه آمریکا رای بدهند ،	خود شان و دادگاه شان و حکم شان را هم مشمول تحریم خواهند کرد .	1>2	unknown	condition	condition
که آنها و آرای شان را به قول جوانان امروزی « عمرا » به رسمیت نمی شناسد .	خود شان و دادگاه شان و حکم شان را هم مشمول تحریم خواهند کرد .	1<2	unknown	joint	conjunction
جان بولتون معروف ، مشاور امنیت ملی امروز ترامپ ، قمه را از رو بسته	این دادگاه صلاحیت ش در زمینه رسیدگی به جرایم دولتها و مقامات علیه بشریت است ؛	1<2	unknown	elaboration	elaboration
این دادگاه صلاحیت ش در زمینه رسیدگی به جرایم دولتها و مقامات علیه بشریت است ؛	جرایمی که مقررات بین المللی آنها را تقبیح و نهی کرده است .	1<2	unknown	elaboration	elaboration
جرایمی که مقررات بین المللی آنها را تقبیح و نهی کرده است .	مانند استفاده از سلاح شیمیایی	1<2	unknown	elaboration	elaboration
مانند استفاده از سلاح شیمیایی	که در سردشت ایران و حلبچه عراق به کار رفت	1<2	unknown	elaboration	elaboration
که در سردشت ایران و حلبچه عراق به کار رفت	و صدا از دنیای متمدن <*> برنیامد .	1<2	unknown	joint	conjunction
و صدا از دنیای متمدن <*> برنیامد .	که مواد ش را تامین کرده بود ،	1<2	unknown	elaboration	elaboration
مانند استفاده از سلاح شیمیایی	مانند همین بمب فسفری	1<2	unknown	joint	conjunction
مانند همین بمب فسفری	که یکی ، دو روز پیش هواپیماهای آمریکایی بر سر مردم سوریه فرو ریختند .	1<2	unknown	attribution	attribution
جان بولتون معروف ، مشاور امنیت ملی امروز ترامپ ، قمه را از رو بسته	باید از بولتون و صداقت ش تشکر کرد	1<2	unknown	evaluation	comment
باید از بولتون و صداقت ش تشکر کرد	که این چنین گستاخانه انسانیت و حقوق بین الملل را زیر پا میگذارد .	1<2	unknown	explanation	explanation
باید از بولتون و صداقت ش تشکر کرد	این نوع گردنکشی آشکار اهانت به مللی است	1<2	unknown	evaluation	comment
این نوع گردنکشی آشکار اهانت به مللی است	که خود را متمدن میدانند	1<2	unknown	elaboration	elaboration
که خود را متمدن میدانند	و همین دادگاهها را تشکیل داده اند .	1<2	unknown	joint	conjunction
جان بولتون معروف ، مشاور امنیت ملی امروز ترامپ ، قمه را از رو بسته	اکنون کم نیستند کسانی	1<2	unknown	evaluation	comment
اکنون کم نیستند کسانی	که در آمریکا و در همان دستگاه دولتی ، کاخ سفید و در روزنامه نیویورک تایمز مینویسند	1<2	unknown	elaboration	elaboration
که در آمریکا و در همان دستگاه دولتی ، کاخ سفید و در روزنامه نیویورک تایمز مینویسند	و رییس جمهور ایالات متحده را دیوانه میخوانند	1<2	unknown	joint	conjunction
و به صراحت اعلام میکنند	دستورات ش را قابل اجرا نمی دانند .	1>2	unknown	attribution	attribution
که در آمریکا و در همان دستگاه دولتی ، کاخ سفید و در روزنامه نیویورک تایمز مینویسند	دستورات ش را قابل اجرا نمی دانند .	1<2	unknown	joint	conjunction
که در آمریکا و در همان دستگاه دولتی ، کاخ سفید و در روزنامه نیویورک تایمز مینویسند	تا جایی که ترامپ به دروغ سنج متوسل شده	1<2	unknown	elaboration	elaboration
تا جایی که ترامپ به دروغ سنج متوسل شده	و همکاران ش را بررسی میکند	1<2	unknown	joint	conjunction
و همکاران ش را بررسی میکند	تا ببیند کار کدام یک بوده است !	1<2	unknown	enablement	purpose
تا جایی که ترامپ به دروغ سنج متوسل شده	او میداند کار بولتون نبوده ،	1<2	unknown	joint	conjunction
او میداند کار بولتون نبوده ،	چراکه بولتون بلندگوی اربابش است ؛	1<2	unknown	explanation	explanation
چراکه بولتون بلندگوی اربابش است ؛	به قول خود شان ، هیز مسترز ویس ( HIS MASTER’S VOICE )	1<2	unknown	elaboration	elaboration
به قول خود شان ، هیز مسترز ویس ( HIS MASTER’S VOICE )	که در قدیم نشان صفحههای موسیقی کمپانی آرسی ای بود ، با عکس سگی	1<2	unknown	elaboration	elaboration
که در قدیم نشان صفحههای موسیقی کمپانی آرسی ای بود ، با عکس سگی	که پشت بلندگوی گرامافونی نشسته بود	1<2	unknown	elaboration	elaboration
که پشت بلندگوی گرامافونی نشسته بود	و بوق بلندگو صدای ارباب ش را پخش میکرد .	1<2	unknown	joint	conjunction
گرچه این دادگاه بین المللی با دیوان دادگستری لاهه فرق میکند -	اما این نوع موضع گیریهای مسیولان آمریکا این تردید و نگرانی را در دل قضات آن ایجاد میکند	1>2	unknown	contrast	contrast
گرچه این دادگاه بین المللی با دیوان دادگستری لاهه فرق میکند -	که هم اکنون دعاوی ایران علیه آمریکا در آن مطرح است -	1<2	unknown	elaboration	elaboration
گرچه این دادگاه بین المللی با دیوان دادگستری لاهه فرق میکند -	و آمریکا در پاسخ مستندات و دلایل خود ش را هم تقدیم کرده	1<2	unknown	joint	conjunction
گرچه این دادگاه بین المللی با دیوان دادگستری لاهه فرق میکند -	و در دست بررسی برای صدور رای است ،	1<2	unknown	joint	conjunction
جان بولتون معروف ، مشاور امنیت ملی امروز ترامپ ، قمه را از رو بسته	اما این نوع موضع گیریهای مسیولان آمریکا این تردید و نگرانی را در دل قضات آن ایجاد میکند	1<2	unknown	evaluation	comment
که مبادا خلاف میل آمریکا رای دهند	و خود شان و دادگاه را مشمول مجازات و تحریم آمریکا کنند !	1>2	unknown	condition	condition
اما این نوع موضع گیریهای مسیولان آمریکا این تردید و نگرانی را در دل قضات آن ایجاد میکند	و خود شان و دادگاه را مشمول مجازات و تحریم آمریکا کنند !	1<2	unknown	enablement	purpose
اما این نوع موضع گیریهای مسیولان آمریکا این تردید و نگرانی را در دل قضات آن ایجاد میکند	اما این تظاهرات احمقانه و قانون شکنانه بدون بازتاب نخواهد ماند	1<2	unknown	contrast	contrast
اما این تظاهرات احمقانه و قانون شکنانه بدون بازتاب نخواهد ماند	و کشورهای دیگر را به واکنش وامی دارد . وجود	1<2	unknown	joint	conjunction
جان بولتون معروف ، مشاور امنیت ملی امروز ترامپ ، قمه را از رو بسته	چنین کسانی در راس کشور بزرگ و مهمی مانند آمریکا مایه سرافکندگی است .	1<2	unknown	evaluation	comment
چنین کسانی در راس کشور بزرگ و مهمی مانند آمریکا مایه سرافکندگی است .	خواهید دید که جهان در برابر شان موضع خواهد گرفت	1<2	unknown	joint	conjunction
و وقتی ببینند که تنها نیستند ،	فریاد خواهند زد .	1>2	unknown	background	frame
خواهید دید که جهان در برابر شان موضع خواهد گرفت	فریاد خواهند زد .	1<2	unknown	joint	conjunction
چنین کسانی در راس کشور بزرگ و مهمی مانند آمریکا مایه سرافکندگی است .	اما شاید درس عبرتی هم برای دیگران باشد .	1<2	unknown	evaluation	comment
اما شاید درس عبرتی هم برای دیگران باشد .	کشورهای کوچک باید همواره به یاد داشته باشند که قانون ، از جمله قوانین بین المللی ، چتر حمایت آنان است	1<2	unknown	explanation	explanation
که قانون ، از جمله قوانین بین المللی ، چتر حمایت آنان است	و در گذر زمان بر فرادستان تحمیل شده	1<2	unknown	joint	conjunction
و در گذر زمان بر فرادستان تحمیل شده	تا حقوق فرودستان را پاس بدارند	1<2	unknown	enablement	purpose
که قانون ، از جمله قوانین بین المللی ، چتر حمایت آنان است	و حفظ حرمت قانون با فرودستان است .	1<2	unknown	joint	conjunction
کشورهای کوچک باید همواره به یاد داشته باشند که قانون ، از جمله قوانین بین المللی ، چتر حمایت آنان است	در میان کشورها هم چنین است .	1<2	unknown	comparison	concession
کشورهای کوچک باید همواره به یاد داشته باشند که قانون ، از جمله قوانین بین المللی ، چتر حمایت آنان است	این گونه بدمستی بولتونی میتواند حاصل تهدیدها و قانون شکنیهایی باشد	1<2	unknown	cause	causal
این گونه بدمستی بولتونی میتواند حاصل تهدیدها و قانون شکنیهایی باشد	که بهانه و فرصت گستاخی را به کشور بزرگ و توانمندی مانند آمریکا میدهد	1<2	unknown	elaboration	elaboration
که بهانه و فرصت گستاخی را به کشور بزرگ و توانمندی مانند آمریکا میدهد	که قوانین بین المللی را به سخره بگیرند	1<2	unknown	elaboration	elaboration
که قوانین بین المللی را به سخره بگیرند	و این چنین به قانون شکنی خود ببالند .	1<2	unknown	joint	conjunction
بیش از ٢۰ روز است که بخش وسیعی از کشور مان زیر فشار سنگین سیل سهمگین گرفتار شده است	و مردم این مناطق به مصیبتی بزرگ رسیده اند ؛	1<2	unknown	joint	conjunction
و مردم این مناطق به مصیبتی بزرگ رسیده اند ؛	مصیبتی که رفع خسارت هایش ماهها و سالها فرصت میطلبد ،	1<2	unknown	elaboration	elaboration
مصیبتی که رفع خسارت هایش ماهها و سالها فرصت میطلبد ،	آن هم به شرطی که اولویت همه مسیولان باشد .	1<2	unknown	condition	condition
و مردم این مناطق به مصیبتی بزرگ رسیده اند ؛	مناطق آسیب دیده سیل ( به جز گلستان ) هشت سال گرفتار جنگ نامتوازن تحمیلی بوده اند ؛	1<2	unknown	elaboration	elaboration
مناطق آسیب دیده سیل ( به جز گلستان ) هشت سال گرفتار جنگ نامتوازن تحمیلی بوده اند ؛	به ویژه استان های کرمانشاه ، ایلام ، لرستان و خوزستان و حتی فارس .	1<2	unknown	explanation	explanation
بیش از ٢۰ روز است که بخش وسیعی از کشور مان زیر فشار سنگین سیل سهمگین گرفتار شده است	هنوز نمی دانم آیا میتوان برای مردم سیل زده این مناطق یک همسانی با دوره جنگ زدگی تعریف کرد یا نه ؟	1<2	unknown	evaluation	comment
هنوز نمی دانم آیا میتوان برای مردم سیل زده این مناطق یک همسانی با دوره جنگ زدگی تعریف کرد یا نه ؟	ولی میدانم هر دو واقعه غم بزرگی است برای این مردم .	1<2	unknown	contrast	contrast
همچنین با حفظ سهم تقدیر بر این	باور	1>2	unknown	attribution	attribution
بیش از ٢۰ روز است که بخش وسیعی از کشور مان زیر فشار سنگین سیل سهمگین گرفتار شده است	باور	1<2	unknown	topic-comment	comment
م	که تدبیر در هر دو حادثه سهم بیشتری دارد .	1>2	unknown	contrast	contrast
باور	که تدبیر در هر دو حادثه سهم بیشتری دارد .	1<2	unknown	elaboration	elaboration
که تدبیر در هر دو حادثه سهم بیشتری دارد .	قصدم سخن درباره جنگ تحمیلی نیست ، <*> که البته تدبیر کاملا مطلوبی نبود	1<2	unknown	joint	conjunction
قصدم سخن درباره جنگ تحمیلی نیست ، <*> که البته تدبیر کاملا مطلوبی نبود	بلکه میخواهم تصویری واقع بینانه از ضرورت های « پساسیل » ارایه دهم	1<2	unknown	joint	conjunction
بلکه میخواهم تصویری واقع بینانه از ضرورت های « پساسیل » ارایه دهم	و با برداشت از تجربه مدیریتی پساجنگ	1<2	unknown	joint	conjunction
و بهتر از آنچه شد ، میتوانست باشد ،	این مصیبت دوم تاریخ نیم قرن ایران را بهتر بتوان مدیریت کرد .	1>2	unknown	attribution	attribution
این مصیبت دوم تاریخ نیم قرن ایران را بهتر بتوان مدیریت کرد .	به قول فرزانه بانوی کم مثل و مشابه ، توران میرهادی ،	1>2	unknown	background	frame
باور	به قول فرزانه بانوی کم مثل و مشابه ، توران میرهادی ،	1<2	unknown	elaboration	elaboration
به قول فرزانه بانوی کم مثل و مشابه ، توران میرهادی ،	این غم بزرگ را به کاری بزرگ تبدیل کنیم .	1<2	unknown	elaboration	elaboration
این غم بزرگ را به کاری بزرگ تبدیل کنیم .	به نظر م تحقق این آرزو شروطی دارد :	1<2	unknown	contrast	contrast
١ - عوامل تدبیر این حادثه فقط در دولت نیست	( هرچند دولت و قوه اجرایی در مدیریت این بحران شایسته عمل نکرد ) ؛	1>2	unknown	attribution	attribution
به نظر م تحقق این آرزو شروطی دارد :	( هرچند دولت و قوه اجرایی در مدیریت این بحران شایسته عمل نکرد ) ؛	1<2	unknown	explanation	explanation
( هرچند دولت و قوه اجرایی در مدیریت این بحران شایسته عمل نکرد ) ؛	به عنوان مثال فردی از مسیولان در بازدید از یکی از مناطق سیل زده گفته است :	1<2	unknown	joint	conjunction
( هرچند دولت و قوه اجرایی در مدیریت این بحران شایسته عمل نکرد ) ؛	« عدم لایروبی رودخانهها علت اصلی سیل بوده است »	1<2	unknown	evaluation	comment
« عدم لایروبی رودخانهها علت اصلی سیل بوده است »	و ظاهرا نخواسته یا نمی دانسته نابودی ارادی و غیرارادی پوشش های جنگلی و گیاهی از عوامل مهمتر این مهم بوده اند .	1<2	unknown	contrast	contrast
خشک سالی چندین ساله قابل فهم است ،	اما باید ساخت و سازهای غیرقانونی و سودجویانه حاشیه دریاها و رودخانهها را به روی خود بیاوریم . <*> در تامین منابع جبران سیل	1>2	unknown	comparison	concession
این غم بزرگ را به کاری بزرگ تبدیل کنیم .	اما باید ساخت و سازهای غیرقانونی و سودجویانه حاشیه دریاها و رودخانهها را به روی خود بیاوریم . <*> در تامین منابع جبران سیل	1<2	unknown	joint	conjunction
اما باید ساخت و سازهای غیرقانونی و سودجویانه حاشیه دریاها و رودخانهها را به روی خود بیاوریم . <*> در تامین منابع جبران سیل	٢ - همچنان که در جنگ تحمیلی همه در تامین منابع آن مشارکت داشتند ،	1<2	unknown	elaboration	elaboration
اما باید ساخت و سازهای غیرقانونی و سودجویانه حاشیه دریاها و رودخانهها را به روی خود بیاوریم . <*> در تامین منابع جبران سیل	( که همه آن بر دوش نظام سیاسی است ) ،	1<2	unknown	explanation	explanation
( که همه آن بر دوش نظام سیاسی است ) ،	همه نهادها باید مشارکت کنند .	1<2	unknown	joint	conjunction
تخصیص بودجه ناچیز برای جبران این غم بزرگ کافی نیست	و ضمنا همگی به امکانات محدود دولت رسمی آگاهیم .	1>2	unknown	enablement	purpose
این غم بزرگ را به کاری بزرگ تبدیل کنیم .	و ضمنا همگی به امکانات محدود دولت رسمی آگاهیم .	1<2	unknown	joint	conjunction
زلزله ۵/۲ ریشتری تهران ، بیش از ساختمانها و سازههای تهران ، دلهای تهرانیها را لرزانده است .	بعد از سالها بحث احتمال زلزله ، تهران بالاخره تکان خورد .	1<2	unknown	summary	organization
بعد از سالها بحث احتمال زلزله ، تهران بالاخره تکان خورد .	معلوم شد که تهران هم میتواند بلرزد .	1<2	unknown	summary	organization
زلزله ۵/۲ ریشتری تهران ، بیش از ساختمانها و سازههای تهران ، دلهای تهرانیها را لرزانده است .	خوشبختانه لرزش چهارشنبه شب تهران چنان نبود	1<2	unknown	elaboration	elaboration
خوشبختانه لرزش چهارشنبه شب تهران چنان نبود	که ویرانی و تلفاتی داشته باشد ؛	1<2	unknown	elaboration	elaboration
خوشبختانه لرزش چهارشنبه شب تهران چنان نبود	اما نگرانیها را دامن زد .	1<2	unknown	contrast	contrast
خوشبختانه لرزش چهارشنبه شب تهران چنان نبود	این لرزش ما را با این پرسش تکراری ، جدیتر از همیشه مواجه کرده است	1<2	unknown	joint	conjunction
این لرزش ما را با این پرسش تکراری ، جدیتر از همیشه مواجه کرده است	که زمین لرزه احتمالی تهران چه مقیاسی خواهد داشت ،	1<2	unknown	elaboration	elaboration
که زمین لرزه احتمالی تهران چه مقیاسی خواهد داشت ،	چه زمانی اتفاق خواهد افتاد	1<2	unknown	joint	conjunction
که زمین لرزه احتمالی تهران چه مقیاسی خواهد داشت ،	و چه آثار و ابعادی به جای خواهد گذاشت .	1<2	unknown	joint	conjunction
زلزله ۵/۲ ریشتری تهران ، بیش از ساختمانها و سازههای تهران ، دلهای تهرانیها را لرزانده است .	در سه روزی <*> حدس و گمانهای مختلف برای پاسخ به همان سوال قدیمی و تکراری رونق بیشتری یافته است .	1<2	unknown	joint	conjunction
در سه روزی <*> حدس و گمانهای مختلف برای پاسخ به همان سوال قدیمی و تکراری رونق بیشتری یافته است .	که از لرزش تهران میگذرد ،	1<2	unknown	elaboration	elaboration
در سه روزی <*> حدس و گمانهای مختلف برای پاسخ به همان سوال قدیمی و تکراری رونق بیشتری یافته است .	از گمانه زنیهای علمی کارشناسان برجسته تا برآوردهای عامیانه ای	1<2	unknown	elaboration	elaboration
از گمانه زنیهای علمی کارشناسان برجسته تا برآوردهای عامیانه ای	که از ذهن بعضی مقامات یا مردم عادی در رسانههای مختلف در حال انتشار است .	1<2	unknown	elaboration	elaboration
از گمانه زنیهای علمی کارشناسان برجسته تا برآوردهای عامیانه ای	برخی از این گمانهها و احتمالها ، درست یا غلط ، ممکن است تصویری تباه و سیاه در پیش روی تهرانیها باز کند .	1<2	unknown	elaboration	elaboration
برخی از این گمانهها و احتمالها ، درست یا غلط ، ممکن است تصویری تباه و سیاه در پیش روی تهرانیها باز کند .	تصویری که حاصلی غیر از استیصال و عجز ندارد .	1<2	unknown	elaboration	elaboration
تصویری که حاصلی غیر از استیصال و عجز ندارد .	احساس نگرانی تا زمانی خوب است	1<2	unknown	cause	causal
احساس نگرانی تا زمانی خوب است	که بتواند قدرت حرکت و دفاع ایجاد کند .	1<2	unknown	elaboration	elaboration
نگرانی و اضطراب وقتی به اندازهای برسد	به عنوان اضطراب منفی ، زیان بار است .	1>2	unknown	background	frame
نگرانی و اضطراب وقتی به اندازهای برسد	که غیر از بن بست و ناتوانی محض محصولی نداشته باشد ،	1<2	unknown	elaboration	elaboration
احساس نگرانی تا زمانی خوب است	به عنوان اضطراب منفی ، زیان بار است .	1<2	unknown	joint	conjunction
در جریان اطلاعات ، باید پرسید رسانهها چگونه باید اخبار کارشناسی مربوط به بحث احتمالهای وقوع زمین لرزه در تهران را مطرح کنند ؟	با این مقدمه به نظر میرسد رسانهها از یک سو و دولت از سوی دیگر باید در اطلاع رسانی درباره احتمالهای زمین لرزه تهران ، سیاست خاصی را پیش بگیرند .	1>2	unknown	evaluation	comment
در جریان اطلاعات ، باید پرسید رسانهها چگونه باید اخبار کارشناسی مربوط به بحث احتمالهای وقوع زمین لرزه در تهران را مطرح کنند ؟	به ویژه اینکه تمام مباحث صرفا بر « احتمال » تاکید دارند .	1<2	unknown	background	frame
در جریان اطلاعات ، باید پرسید رسانهها چگونه باید اخبار کارشناسی مربوط به بحث احتمالهای وقوع زمین لرزه در تهران را مطرح کنند ؟	از نظر اخلاق حرفهای ، با توجه به انعکاس اخبار احتمال وقوع زمین لرزه در تهران ، باید همه احتمالها به هر ترتیب در معرض اطلاع افکار عمومی قرار گیرد .	1<2	unknown	topic-comment	comment
از نظر اخلاق حرفهای ، با توجه به انعکاس اخبار احتمال وقوع زمین لرزه در تهران ، باید همه احتمالها به هر ترتیب در معرض اطلاع افکار عمومی قرار گیرد .	نویسنده نمی تواند به این پرسش پاسخی بدهد ؛	1<2	unknown	explanation	explanation
نویسنده نمی تواند به این پرسش پاسخی بدهد ؛	ولی میتواند این تردید را داشته باشد	1<2	unknown	contrast	contrast
ولی میتواند این تردید را داشته باشد	که دانستن چنین احتمالاتی کمکی به مردم عادی میکند .	1<2	unknown	elaboration	elaboration
از نظر اخلاق حرفهای ، با توجه به انعکاس اخبار احتمال وقوع زمین لرزه در تهران ، باید همه احتمالها به هر ترتیب در معرض اطلاع افکار عمومی قرار گیرد .	مردم باید زندگی روزمره خود را سپری کنند .	1<2	unknown	cause	causal
مردم باید زندگی روزمره خود را سپری کنند .	کار ، مدرسه ، کاسبی و همه چیز در جریان است .	1<2	unknown	cause	causal
مردم باید زندگی روزمره خود را سپری کنند .	واقعیت این است که گستردگی موضوع و نامعلوم بودن زمان ، امکان هر واکنشی را سلب میکند ؛	1<2	unknown	cause	causal
واقعیت این است که گستردگی موضوع و نامعلوم بودن زمان ، امکان هر واکنشی را سلب میکند ؛	جز اینکه برخی اقدامات احتیاطی مانند احتیاطهای شبانگاهی و زمان خواب یا آماده بودن برای گریز سریع از ساختمان یا آماده داشتن کیف و ساک کمکهای اولیه ، تدارک دیده شود .	1<2	unknown	condition	condition
مردم باید زندگی روزمره خود را سپری کنند .	کسانی که باید از این احتمالها حتما مطلع باشند ، مسیولان کشوری هستند	1<2	unknown	cause	causal
کسانی که باید از این احتمالها حتما مطلع باشند ، مسیولان کشوری هستند	تا بتوانند تدارک لازم برای مواجهه با احتمال حادثه را فراهم آورند ؛	1<2	unknown	enablement	purpose
کسانی که باید از این احتمالها حتما مطلع باشند ، مسیولان کشوری هستند	اما مردم چه باید بکنند .	1<2	unknown	contrast	contrast
زلزله ۵/۲ ریشتری تهران ، بیش از ساختمانها و سازههای تهران ، دلهای تهرانیها را لرزانده است .	با این مقدمه به نظر میرسد رسانهها از یک سو و دولت از سوی دیگر باید در اطلاع رسانی درباره احتمالهای زمین لرزه تهران ، سیاست خاصی را پیش بگیرند .	1<2	unknown	evaluation	comment
با این مقدمه به نظر میرسد رسانهها از یک سو و دولت از سوی دیگر باید در اطلاع رسانی درباره احتمالهای زمین لرزه تهران ، سیاست خاصی را پیش بگیرند .	سیاستی که در آن ، اضطراب بتواند مولد حرکت باشد ؛	1<2	unknown	elaboration	elaboration
سیاستی که در آن ، اضطراب بتواند مولد حرکت باشد ؛	نه موجب سردرگمی و بن بست و استیصال .	1<2	unknown	joint	conjunction
با این مقدمه به نظر میرسد رسانهها از یک سو و دولت از سوی دیگر باید در اطلاع رسانی درباره احتمالهای زمین لرزه تهران ، سیاست خاصی را پیش بگیرند .	انتشار اخبار و اطلاعاتی <*> باید با رعایت معیاری به نام اضطراب منفی و اضطراب مثبت ، برنامه ریزی شود .	1<2	unknown	explanation	explanation
انتشار اخبار و اطلاعاتی <*> باید با رعایت معیاری به نام اضطراب منفی و اضطراب مثبت ، برنامه ریزی شود .	که بیانگر احتمال وقوع زلزله در تهران باشد ،	1<2	unknown	elaboration	elaboration
وقتی خبری ، مردم را در نگرانی گریزناپذیر و بن بست قرار میدهد	مفید نیست .	1>2	unknown	background	frame
وقتی خبری ، مردم را در نگرانی گریزناپذیر و بن بست قرار میدهد	و هیچ راه حلی ارایه نمی دهد ،	1<2	unknown	joint	conjunction
انتشار اخبار و اطلاعاتی <*> باید با رعایت معیاری به نام اضطراب منفی و اضطراب مثبت ، برنامه ریزی شود .	مفید نیست .	1<2	unknown	explanation	explanation
مفید نیست .	چنین فضایی بی شک بیشتر به هرج ومرج و بی نظمی و اغتشاشات ذهنی میانجامد ،	1<2	unknown	joint	conjunction
چنین فضایی بی شک بیشتر به هرج ومرج و بی نظمی و اغتشاشات ذهنی میانجامد ،	بدون آنکه بتوان در برابر آن کاری کرد .	1<2	unknown	manner-means	mode
مفید نیست .	این یک اضطراب منفی است ؛	1<2	unknown	evaluation	comment
اما در مقابل ، بی آنکه نیازی به تصریح به اخباری باشد	رسانهها میتوانند به آگاه کردن مردم به شیوههای مقابله با آثار فوری زلزله بپردازند .	1>2	unknown	manner-means	mode
اما در مقابل ، بی آنکه نیازی به تصریح به اخباری باشد	که صرفا بیانگر احتمالهای کارشناسانه است ،	1<2	unknown	elaboration	elaboration
انتشار اخبار و اطلاعاتی <*> باید با رعایت معیاری به نام اضطراب منفی و اضطراب مثبت ، برنامه ریزی شود .	رسانهها میتوانند به آگاه کردن مردم به شیوههای مقابله با آثار فوری زلزله بپردازند .	1<2	unknown	contrast	contrast
رسانهها میتوانند به آگاه کردن مردم به شیوههای مقابله با آثار فوری زلزله بپردازند .	این درواقع یک اضطراب مثبت است .	1<2	unknown	evaluation	comment
رسانه درعین حال که باید اخبار و اطلاعات درست و دقیق را منتشر کند . . .	اینک وضعیت روانی و روحی مباحث مربوط به احتمال زمین لرزه تهران ، از موارد کمیابی است	1>2	unknown	background	frame
رسانه درعین حال که باید اخبار و اطلاعات درست و دقیق را منتشر کند . . .	اما در مواقع بحران خیز عمومی ، اخلاق حرفه روزنامه نگاری اقتضا میکند به کمک مقابله با بخشهای مختلف بحران برآید .	1<2	unknown	contrast	contrast
با این مقدمه به نظر میرسد رسانهها از یک سو و دولت از سوی دیگر باید در اطلاع رسانی درباره احتمالهای زمین لرزه تهران ، سیاست خاصی را پیش بگیرند .	اینک وضعیت روانی و روحی مباحث مربوط به احتمال زمین لرزه تهران ، از موارد کمیابی است	1<2	unknown	evaluation	comment
اینک وضعیت روانی و روحی مباحث مربوط به احتمال زمین لرزه تهران ، از موارد کمیابی است	که همه رسانهها را به اتخاذ روشی حرفهای برای ترمیم و احیای وضعیت روانی مردم دعوت میکند .	1<2	unknown	elaboration	elaboration
اینک وضعیت روانی و روحی مباحث مربوط به احتمال زمین لرزه تهران ، از موارد کمیابی است	دولت نیز نباید از وظیفه خود غفلت کند .	1<2	unknown	joint	conjunction
دولت نیز نباید از وظیفه خود غفلت کند .	دولت میتواند به عنوان یک منبع مستقل خبری و با استفاده از کارشناسان خبره ، اخبار معتبر و درجه اول مربوط به احتمال وقوع زلزله در تهران را پیگیری کرده	1<2	unknown	explanation	explanation
دولت میتواند به عنوان یک منبع مستقل خبری و با استفاده از کارشناسان خبره ، اخبار معتبر و درجه اول مربوط به احتمال وقوع زلزله در تهران را پیگیری کرده	و شیوه انتشار آنها را با اتخاذ روشهای حرفهای ، نه سانسور ، مدیریت کند .	1<2	unknown	joint	conjunction
زلزله ۵/۲ ریشتری تهران ، بیش از ساختمانها و سازههای تهران ، دلهای تهرانیها را لرزانده است .	زندگی در تهران جاری است .	1<2	unknown	evaluation	comment
علنی بودن جلسههای مجلس شورای اسلامی به معنای این است	که مذاکرات و وقایع آن در صحن ، باید به اطلاع عموم برسد .	1<2	unknown	elaboration	elaboration
مجلس محلی است	ملت باید از وقایعی <*> مطلع شوند .	1>2	unknown	explanation	explanation
مجلس محلی است	که نمایندگان برگزیده مردم در آن حضور دارند	1<2	unknown	elaboration	elaboration
که نمایندگان برگزیده مردم در آن حضور دارند	و هرچه انجام میدهند ، به نام و به واسطه آرای ملت است .	1<2	unknown	joint	conjunction
علنی بودن جلسههای مجلس شورای اسلامی به معنای این است	ملت باید از وقایعی <*> مطلع شوند .	1<2	unknown	summary	organization
ملت باید از وقایعی <*> مطلع شوند .	که در صحن مجلس میگذرد	1<2	unknown	elaboration	elaboration
نه فقط مذاکرات ، بلکه رفتار نمایندگان در مجلس نیز از نظر افکار عمومی مهم و اثرگذار است ،	به همین دلیل <*> علنی بودن منحصر و محدود به پخش مذاکرات نیست ،	1>2	unknown	cause	causal
علنی بودن جلسههای مجلس شورای اسلامی به معنای این است	به همین دلیل <*> علنی بودن منحصر و محدود به پخش مذاکرات نیست ،	1<2	unknown	joint	conjunction
به همین دلیل <*> علنی بودن منحصر و محدود به پخش مذاکرات نیست ،	بنا بر اصل آزادی بیان ،	1<2	unknown	attribution	attribution
به همین دلیل <*> علنی بودن منحصر و محدود به پخش مذاکرات نیست ،	بلکه تصویرهایی که نمایندگان با رفتار خود میسازند نیز گاه از هر مذاکرهای مهمتر و موثرتر است .	1<2	unknown	joint	conjunction
به همین دلیل <*> علنی بودن منحصر و محدود به پخش مذاکرات نیست ،	در گردش اطلاعات و عرف روزنامهنگاری امروزین ، عکس ، قدر و مرتبه و اهمیتی هم شان نوشته دارد .	1<2	unknown	evaluation	comment
در گردش اطلاعات و عرف روزنامهنگاری امروزین ، عکس ، قدر و مرتبه و اهمیتی هم شان نوشته دارد .	یک عکس میتواند حرفی بزند به اندازه صدها کلمه .	1<2	unknown	cause	causal
در گردش اطلاعات و عرف روزنامهنگاری امروزین ، عکس ، قدر و مرتبه و اهمیتی هم شان نوشته دارد .	جای شگفتی دارد که نمایندگانی چند در مجلس شورای اسلامی ، خواستار محدودیت حضور خبرنگاران در صحن مجلس شدهاند .	1<2	unknown	joint	conjunction
جای شگفتی دارد که نمایندگانی چند در مجلس شورای اسلامی ، خواستار محدودیت حضور خبرنگاران در صحن مجلس شدهاند .	کسب خبر ، در زمره حقوق اساسی	1<2	unknown	explanation	explanation
کسب خبر ، در زمره حقوق اساسی	رسانها	1<2	unknown	cause	causal
ست	و نمیتوان جز در موارد اسناد طبقه بندی شده یا مکانهای خاص مانع از آن شد که خبرنگاران به وظیفه حرفهای خود برای کسب خبر بپردازند .	1>2	unknown	condition	condition
کسب خبر ، در زمره حقوق اساسی	و نمیتوان جز در موارد اسناد طبقه بندی شده یا مکانهای خاص مانع از آن شد که خبرنگاران به وظیفه حرفهای خود برای کسب خبر بپردازند .	1<2	unknown	joint	conjunction
علنی بودن جلسههای مجلس شورای اسلامی به معنای این است	خبرنگار ممکن است عکاس باشد .	1<2	unknown	topic-change	conjunction
خبرنگار ممکن است عکاس باشد .	او نیز باید بتواند در مکانی مانند صحن مجلس در جلسه علنی به انجام وظیفه حرفهای خود بپردازد .	1<2	unknown	elaboration	elaboration
او نیز باید بتواند در مکانی مانند صحن مجلس در جلسه علنی به انجام وظیفه حرفهای خود بپردازد .	احتمالا نمایندگان محترم ، از این مکدر هستند	1<2	unknown	elaboration	elaboration
احتمالا نمایندگان محترم ، از این مکدر هستند	که عکاسها با شکار لحظهها عکسهایی میگیرند	1<2	unknown	joint	conjunction
خبرنگار ممکن است عکاس باشد .	که برای بعضی نمایندگان خوشایند نیست	1<2	unknown	evaluation	comment
و با حضور عکاسان خبری در صحن آنها معذب میشوند ؛	وقتی یک عکاس خبری در مکانی است	1>2	unknown	background	frame
و با حضور عکاسان خبری در صحن آنها معذب میشوند ؛	همین طور است .	1<2	unknown	elaboration	elaboration
خبرنگار ممکن است عکاس باشد .	وقتی یک عکاس خبری در مکانی است	1<2	unknown	topic-comment	comment
وقتی یک عکاس خبری در مکانی است	که عکس برداری از آن جایز است ،	1<2	unknown	explanation	explanation
وقتی یک عکاس خبری در مکانی است	آدمها باید مراقب رفتار خود باشند .	1<2	unknown	contrast	contrast
وقتی یک عکاس خبری در مکانی است	چون هر لحظه ممکن است سوژه یک عکس شوند ،	1<2	unknown	joint	conjunction
چون هر لحظه ممکن است سوژه یک عکس شوند ،	اما این طبیعت کار عکاسی خبری است .	1<2	unknown	joint	conjunction
چون هر لحظه ممکن است سوژه یک عکس شوند ،	اینجا نمایندگان محترم باید به این توجه کنند که در معرض نگاه عموم هستند	1<2	unknown	comparison	concession
و باید در رفتار خود دقت بیشتری داشته باشند ،	یا در مذاکرات مجادله ایی پدید آید <*> این که یک نماینده در سه تا چهار ساعت جلسه علنی کاملا مراقب رفتار خود باشد	1>2	unknown	background	frame
و باید در رفتار خود دقت بیشتری داشته باشند ،	نه آنکه در خانه ملت ، به محدودکردن حق کسب خبر رسانهها و تحدید گردش اطلاعات بیندیشند .	1<2	unknown	joint	conjunction
نه آنکه در خانه ملت ، به محدودکردن حق کسب خبر رسانهها و تحدید گردش اطلاعات بیندیشند .	میدانیم که جلسههای علنی مجلس ، خسته کننده و فرساینده است	1<2	unknown	contrast	contrast
و باید در رفتار خود دقت بیشتری داشته باشند ،	و نمایندگان ممکن است به دلیل خستگی کاری بکنند	1<2	unknown	joint	conjunction
و نمایندگان ممکن است به دلیل خستگی کاری بکنند	که برای عکاسها جذاب باشد	1<2	unknown	elaboration	elaboration
وقتی یک عکاس خبری در مکانی است	یا در مذاکرات مجادله ایی پدید آید <*> این که یک نماینده در سه تا چهار ساعت جلسه علنی کاملا مراقب رفتار خود باشد	1<2	unknown	joint	conjunction
یا در مذاکرات مجادله ایی پدید آید <*> این که یک نماینده در سه تا چهار ساعت جلسه علنی کاملا مراقب رفتار خود باشد	که سوژه خبری شود یا حتی در گفت وگوهای دوستانه و پرخنده هم سوژه تولید شود .	1<2	unknown	enablement	purpose
یا در مذاکرات مجادله ایی پدید آید <*> این که یک نماینده در سه تا چهار ساعت جلسه علنی کاملا مراقب رفتار خود باشد	که به اصطلاح سوژه دست عکاسهای زیرک ندهد ،	1<2	unknown	contrast	contrast
که به اصطلاح سوژه دست عکاسهای زیرک ندهد ،	بر خستگی و فرسایندگی جلسههای علنی میافزاید ، <*> کسی	1<2	unknown	elaboration	elaboration
بر خستگی و فرسایندگی جلسههای علنی میافزاید ، <*> کسی	اما این هم طبیعت کار نمایندگی و یک سختی در کنار دیگر سختیهای آن است .	1<2	unknown	elaboration	elaboration
بر خستگی و فرسایندگی جلسههای علنی میافزاید ، <*> کسی	که با تلاشهای زیاد خود را به نمایندگی مجلس میرساند ،	1<2	unknown	joint	conjunction
که با تلاشهای زیاد خود را به نمایندگی مجلس میرساند ،	این بخش را هم باید به عنوان بخش جدایی ناپذیر کار پرمسیولیت و فرساینده خود قبول کند	1<2	unknown	comparison	concession
این بخش را هم باید به عنوان بخش جدایی ناپذیر کار پرمسیولیت و فرساینده خود قبول کند	و به جای آنکه با ایجاد محدودیت کاری عکاسها در مجلس ، آزادی رسانهها را مخدوش و تحدید کند ،	1<2	unknown	joint	conjunction
و به جای آنکه با ایجاد محدودیت کاری عکاسها در مجلس ، آزادی رسانهها را مخدوش و تحدید کند ،	قواعد و الزامات آزادی و سختی کار خود را بپذیرد	1<2	unknown	enablement	purpose
برای یک مدیر موفق دانشگاهی <*> شناخت دقیق و درست از فضای علمی ، دانشگاهی و دانشجویی و نیز اشراف کامل بر وضعیت موجود در حوزه آموزش ، پژوهش و فناوری ، یک ضرورت اساسی و انکارناپذیر به شمار میآید ،	ازاین رو به عنوان فردی <*> باید یادآوری کنم گزینه پیشنهادی رییس جمهور برای تصدی وزارت علوم ، فردی بسیار مودب و متین است	1>2	unknown	cause	causal
برای یک مدیر موفق دانشگاهی <*> شناخت دقیق و درست از فضای علمی ، دانشگاهی و دانشجویی و نیز اشراف کامل بر وضعیت موجود در حوزه آموزش ، پژوهش و فناوری ، یک ضرورت اساسی و انکارناپذیر به شمار میآید ،	که به عنوان گزینه پیشنهادی وزارت علوم مطرح میشود ،	1<2	unknown	elaboration	elaboration
ازاین رو به عنوان فردی <*> باید یادآوری کنم گزینه پیشنهادی رییس جمهور برای تصدی وزارت علوم ، فردی بسیار مودب و متین است	که دکتر منصور غلامی را سالهای سال در طول تدریس در دانشکدههای کشاورزی ایران میشناسم ؛	1<2	unknown	elaboration	elaboration
که ١٢ سال رییس دانشگاه بوده	و به همین دلیل به شرایط و وضعیت آموزش عالی اشراف کامل دارد	1>2	unknown	cause	causal
که ١٢ سال رییس دانشگاه بوده	و در بیشتر کمیسیونهای آموزش عالی حضور داشته است	1<2	unknown	joint	conjunction
ازاین رو به عنوان فردی <*> باید یادآوری کنم گزینه پیشنهادی رییس جمهور برای تصدی وزارت علوم ، فردی بسیار مودب و متین است	و به همین دلیل به شرایط و وضعیت آموزش عالی اشراف کامل دارد	1<2	unknown	elaboration	elaboration
و به همین دلیل به شرایط و وضعیت آموزش عالی اشراف کامل دارد	و از گزینههای مناسب برای وزارت علوم است	1<2	unknown	joint	conjunction
که اگر رای اعتماد بگیرد ،	امیدوار م در این شرایط خاص دانشگاه ، موفق باشد .	1>2	unknown	condition	condition
و از گزینههای مناسب برای وزارت علوم است	امیدوار م در این شرایط خاص دانشگاه ، موفق باشد .	1<2	unknown	elaboration	elaboration
ازاین رو به عنوان فردی <*> باید یادآوری کنم گزینه پیشنهادی رییس جمهور برای تصدی وزارت علوم ، فردی بسیار مودب و متین است	درباره فضای حاکم بر مجلس شورای اسلامی و نحوه رای اعتماد به ایشان نیز یقینا در شرایط فعلی رای اعتماد بالای مجلس به ایشان میتواند به قوت و اعتبار وزارت علوم <*> کمک کند .	1<2	unknown	elaboration	elaboration
درباره فضای حاکم بر مجلس شورای اسلامی و نحوه رای اعتماد به ایشان نیز یقینا در شرایط فعلی رای اعتماد بالای مجلس به ایشان میتواند به قوت و اعتبار وزارت علوم <*> کمک کند .	که حق این وزارتخانه است ،	1<2	unknown	elaboration	elaboration
با عنایت به این که گاهی نگاهها و دیدگاههایی سیاسی درباره این وزارتخانه و وزیر آن در محافل گوناگون مطرح میشود ،	معتقدم	1>2	unknown	manner-means	mode
معتقدم	آقای دکتر روحانی این مسایل را مدنظر دارد .	1>2	unknown	attribution	attribution
آقای دکتر روحانی این مسایل را مدنظر دارد .	رییس جمهورحساسیت وزارت علوم و دانشگاهها را در زمینه برآورد دیدگاههای سیاسی کشور حتما لحاظ کرده	1>2	unknown	background	frame
درباره فضای حاکم بر مجلس شورای اسلامی و نحوه رای اعتماد به ایشان نیز یقینا در شرایط فعلی رای اعتماد بالای مجلس به ایشان میتواند به قوت و اعتبار وزارت علوم <*> کمک کند .	رییس جمهورحساسیت وزارت علوم و دانشگاهها را در زمینه برآورد دیدگاههای سیاسی کشور حتما لحاظ کرده	1<2	unknown	joint	conjunction
رییس جمهورحساسیت وزارت علوم و دانشگاهها را در زمینه برآورد دیدگاههای سیاسی کشور حتما لحاظ کرده	و ایشان را پیشنهاد داده است ؛	1<2	unknown	temporal	temporal
رییس جمهورحساسیت وزارت علوم و دانشگاهها را در زمینه برآورد دیدگاههای سیاسی کشور حتما لحاظ کرده	به یقین در پیشنهادشدن رییس دانشگاه بوعلی سینای همدان به مجلس این گونه مسایل در نظر گرفته شده	1<2	unknown	summary	organization
به یقین در پیشنهادشدن رییس دانشگاه بوعلی سینای همدان به مجلس این گونه مسایل در نظر گرفته شده	و بی تردید با توجه به فرمایش مقام معظم رهبری باید دانشگاهها همان مسلک سیاسی خود شان را حفظ کنند	1<2	unknown	joint	conjunction
به یقین در پیشنهادشدن رییس دانشگاه بوعلی سینای همدان به مجلس این گونه مسایل در نظر گرفته شده	و رسالت آگاهی بخشی به جامعه به ویژه قشر جوان دانشجو را عهده دار باشند .	1<2	unknown	joint	conjunction
به یقین در پیشنهادشدن رییس دانشگاه بوعلی سینای همدان به مجلس این گونه مسایل در نظر گرفته شده	برنامه وزیر پیشنهادی معمولا اهمیت بالایی دارد	1<2	unknown	explanation	explanation
برنامه وزیر پیشنهادی معمولا اهمیت بالایی دارد	و گزینه پیشنهادی با تیم کارشناسی زبده ای <*> حتما به اولویتهای فعلی وزارت علوم ، توجه خواهند داشت .	1<2	unknown	joint	conjunction
و گزینه پیشنهادی با تیم کارشناسی زبده ای <*> حتما به اولویتهای فعلی وزارت علوم ، توجه خواهند داشت .	که برنامه را تهیه میکنند	1<2	unknown	elaboration	elaboration
آنچه به عنوان یک دانشگاهی اعتقاد دارم آن است	که باید از این وضع نابسامان آموزش عالی <*> و از این توسعه ناموزون و نابسامان رهایی یابیم .	1>2	unknown	attribution	attribution
ازاین رو به عنوان فردی <*> باید یادآوری کنم گزینه پیشنهادی رییس جمهور برای تصدی وزارت علوم ، فردی بسیار مودب و متین است	که باید از این وضع نابسامان آموزش عالی <*> و از این توسعه ناموزون و نابسامان رهایی یابیم .	1<2	unknown	topic-change	conjunction
که باید از این وضع نابسامان آموزش عالی <*> و از این توسعه ناموزون و نابسامان رهایی یابیم .	که در کشور به وجود آمده است	1<2	unknown	elaboration	elaboration
که باید از این وضع نابسامان آموزش عالی <*> و از این توسعه ناموزون و نابسامان رهایی یابیم .	یکی از اولویتها میتواند سامان بخشیدن به وضعیت آموزش عالی و دانشگاهها باشد و دیگری اعتباربخشی به پژوهش در دانشگاهها .	1<2	unknown	topic-comment	comment
که باید از این وضع نابسامان آموزش عالی <*> و از این توسعه ناموزون و نابسامان رهایی یابیم .	در توضیح بیشتر درباره نابسامانیهای موجود گفتنی است که مسایل مرتبط با تعداد دانشگاهها و عدم اشتغال فارغ التحصیلان ازجمله مصادیق توسعه نامتوازنی است	1<2	unknown	elaboration	elaboration
در توضیح بیشتر درباره نابسامانیهای موجود گفتنی است که مسایل مرتبط با تعداد دانشگاهها و عدم اشتغال فارغ التحصیلان ازجمله مصادیق توسعه نامتوازنی است	که در آموزش عالی وجود دارد	1<2	unknown	contrast	contrast
در توضیح بیشتر درباره نابسامانیهای موجود گفتنی است که مسایل مرتبط با تعداد دانشگاهها و عدم اشتغال فارغ التحصیلان ازجمله مصادیق توسعه نامتوازنی است	که امیدوار یم در برنامه ایشان راهکاری برای ساماندهی آن وجود داشته باشد .	1<2	unknown	evaluation	comment
تاثیر کلان شهر تهران بر مدیریت شهری در سراسر کشور و ملی بودن جایگاه شهردار تهران بر کسی پوشیده نیست .	بعد از بررسی گزینههاو برنامههای مختلف ، محمدعلی نجفی ، از مدیران شناخته شده و توانای کشور <*> با رای قاطع شورا به این سمت برگزیده شد .	1>2	unknown	background	frame
تاثیر کلان شهر تهران بر مدیریت شهری در سراسر کشور و ملی بودن جایگاه شهردار تهران بر کسی پوشیده نیست .	پیشانی و نماد انتخابات ۲۹ اردیبهشت ، در شهرداری تهران تجلی مییافت .	1<2	unknown	explanation	explanation
بعد از بررسی گزینههاو برنامههای مختلف ، محمدعلی نجفی ، از مدیران شناخته شده و توانای کشور <*> با رای قاطع شورا به این سمت برگزیده شد .	نگارنده از علل استعفای شهردار توانمند تهران بی اطلاع است .	1>2	unknown	background	frame
بعد از بررسی گزینههاو برنامههای مختلف ، محمدعلی نجفی ، از مدیران شناخته شده و توانای کشور <*> با رای قاطع شورا به این سمت برگزیده شد .	که سابقه وزارتهای موفق و عضویت شش ساله در شورای شهر تهران را داشت ،	1<2	unknown	elaboration	elaboration
بعد از بررسی گزینههاو برنامههای مختلف ، محمدعلی نجفی ، از مدیران شناخته شده و توانای کشور <*> با رای قاطع شورا به این سمت برگزیده شد .	دعوت به کار چهرههای دانشگاهی ، دارای سلامت مالی و مدیریتی ، فرهیخته و خوش فکر برای در پیش گرفته شدن رویکردهای علمی ، واقع بینانه و مبتنی بر شعارهای انتخاباتی اصلاح طلبان یعنی شفافیت ، سلامت و اطلاع رسانی بی ملاحظه به مردم ، اصلیترین اقدامات شهردار تهران در همین مدت کوتاه است .	1<2	unknown	joint	conjunction
دعوت به کار چهرههای دانشگاهی ، دارای سلامت مالی و مدیریتی ، فرهیخته و خوش فکر برای در پیش گرفته شدن رویکردهای علمی ، واقع بینانه و مبتنی بر شعارهای انتخاباتی اصلاح طلبان یعنی شفافیت ، سلامت و اطلاع رسانی بی ملاحظه به مردم ، اصلیترین اقدامات شهردار تهران در همین مدت کوتاه است .	اقداماتی که تداوم آن میتواند بهترین دوره مدیریت شهری در تهران را رقم زده	1<2	unknown	elaboration	elaboration
اقداماتی که تداوم آن میتواند بهترین دوره مدیریت شهری در تهران را رقم زده	و حتما منشا تحولات چشمگیری در شهرداری های سراسر کشور شود .	1<2	unknown	joint	conjunction
اقداماتی که تداوم آن میتواند بهترین دوره مدیریت شهری در تهران را رقم زده	این مسیله اهمیت نقش آفرینی اعضای شورا در مجاب کردن شهردار تهران برای ماندن در سمت خود را دوچندان میکند .	1<2	unknown	evaluation	comment
بودجه عمرانی شهرداریهامعادل ۷۰ درصد بودجه عمرانی دولت است .	اصلاح هزینه کرد درآمدهای بودجه در مسیر منطبق بر قوانین کشور و تغییر رویکردها و تقویت شاخصهای بهره وری در مدیریت شهری به بازگشت اعتماد مردم به مدیریت شهری انجامیده	1>2	unknown	background	frame
بعد از بررسی گزینههاو برنامههای مختلف ، محمدعلی نجفی ، از مدیران شناخته شده و توانای کشور <*> با رای قاطع شورا به این سمت برگزیده شد .	اصلاح هزینه کرد درآمدهای بودجه در مسیر منطبق بر قوانین کشور و تغییر رویکردها و تقویت شاخصهای بهره وری در مدیریت شهری به بازگشت اعتماد مردم به مدیریت شهری انجامیده	1<2	unknown	joint	conjunction
اصلاح هزینه کرد درآمدهای بودجه در مسیر منطبق بر قوانین کشور و تغییر رویکردها و تقویت شاخصهای بهره وری در مدیریت شهری به بازگشت اعتماد مردم به مدیریت شهری انجامیده	و سرمایه اجتماعی قابل توجهی را برای به حرکت درآوردن سایر محورها و چرخهای نظام اقتصادی کشور به همراه خواهد داشت .	1<2	unknown	cause	causal
نگارنده از علل استعفای شهردار توانمند تهران بی اطلاع است .	تا همین هفته گذشته در جلسات مداومی <*> نجفی با ارادهای استوار ، روحیهای مثال زدنی و امیدوار به آینده به بررسی برنامههای کوتاه و میان مدت پایتخت مشغول بود .	1<2	unknown	explanation	explanation
تا همین هفته گذشته در جلسات مداومی <*> نجفی با ارادهای استوار ، روحیهای مثال زدنی و امیدوار به آینده به بررسی برنامههای کوتاه و میان مدت پایتخت مشغول بود .	که با شهرداران مناطق برگزار میشد ،	1<2	unknown	elaboration	elaboration
تا همین هفته گذشته در جلسات مداومی <*> نجفی با ارادهای استوار ، روحیهای مثال زدنی و امیدوار به آینده به بررسی برنامههای کوتاه و میان مدت پایتخت مشغول بود .	شایعات درباره برکناری یا استعفا را با طنز منحصر به فرد خود پاسخ میداد	1<2	unknown	joint	conjunction
تا همین هفته گذشته در جلسات مداومی <*> نجفی با ارادهای استوار ، روحیهای مثال زدنی و امیدوار به آینده به بررسی برنامههای کوتاه و میان مدت پایتخت مشغول بود .	و اشکالات و نارساییهای جدی را <*> با تشریک مساعی و به یاری طلبیدن کارشناسان شاخص ، بررسی میکرد .	1<2	unknown	joint	conjunction
و اشکالات و نارساییهای جدی را <*> با تشریک مساعی و به یاری طلبیدن کارشناسان شاخص ، بررسی میکرد .	که به سبب رعایت نکردن قوانین و مقررات در اداره شهر به ارث رسیده بود ،	1<2	unknown	elaboration	elaboration
بدهی ۵۲ هزار میلیاردی شهر تهران	این که یک جریان سیاسی با رانت خاص خود ، چنین میراثی برای یک پایتخت باقی بگذارد و باز هم از غیر قابل اداره بودن شهر بعد از شهردار ۱۲ ساله خود سخن بگوید ، از مسایلی است که نمیتوان مشابهی برای آن در سطح جهان یافت .	1>2	unknown	evaluation	comment
بدهی ۵۲ هزار میلیاردی شهر تهران	که تا امروز مکشوف شده ،	1<2	unknown	elaboration	elaboration
بدهی ۵۲ هزار میلیاردی شهر تهران	سه برابر بودجه شهرداری تهران است	1<2	unknown	joint	conjunction
و اگر در مدیریت شهری مفهوم ورشکستگی <*> قابل بیان بود	حتما شهرداری تهران به عنوان سازمان مالی و اقتصادی ورشکسته ، در نظر گرفته میشد .	1>2	unknown	condition	condition
و اگر در مدیریت شهری مفهوم ورشکستگی <*> قابل بیان بود	که در شرکتهای تجاری وجود دارد ،	1<2	unknown	elaboration	elaboration
بدهی ۵۲ هزار میلیاردی شهر تهران	حتما شهرداری تهران به عنوان سازمان مالی و اقتصادی ورشکسته ، در نظر گرفته میشد .	1<2	unknown	evaluation	comment
نگارنده از علل استعفای شهردار توانمند تهران بی اطلاع است .	این که یک جریان سیاسی با رانت خاص خود ، چنین میراثی برای یک پایتخت باقی بگذارد و باز هم از غیر قابل اداره بودن شهر بعد از شهردار ۱۲ ساله خود سخن بگوید ، از مسایلی است که نمیتوان مشابهی برای آن در سطح جهان یافت .	1<2	unknown	contrast	contrast
نجفی ، انضباط ، قانون گرایی ، برنامه محوری و شفافیت با مردم را محور فعالیتهای خود قرار داده است	و حذف این سرمایه ملی ، ضرر و خسارت جبران ناپذیری برای نظام مدیریت ایران به دنبال خواهد داشت .	1>2	unknown	explanation	explanation
نجفی ، انضباط ، قانون گرایی ، برنامه محوری و شفافیت با مردم را محور فعالیتهای خود قرار داده است	و این باید برای هر ایرانی ، مایه مباهات باشد نه این که ابر و باد و مه و خورشید و فلک به دنبال زمین گیرکردن این مدیر شایسته ، سلامت و توانمند <*> باشند .	1<2	unknown	evaluation	comment
و این باید برای هر ایرانی ، مایه مباهات باشد نه این که ابر و باد و مه و خورشید و فلک به دنبال زمین گیرکردن این مدیر شایسته ، سلامت و توانمند <*> باشند .	که ضد رابطه و باندبازی عمل میکند ،	1<2	unknown	elaboration	elaboration
نجفی ، انضباط ، قانون گرایی ، برنامه محوری و شفافیت با مردم را محور فعالیتهای خود قرار داده است	او با وجود فشارهای کم نظیر ، براساس تشخیص خود مدیریت کرده	1<2	unknown	cause	causal
نگارنده از علل استعفای شهردار توانمند تهران بی اطلاع است .	و حذف این سرمایه ملی ، ضرر و خسارت جبران ناپذیری برای نظام مدیریت ایران به دنبال خواهد داشت .	1<2	unknown	evaluation	comment
امنیت پروازهای هوایی مسیلهای بود که در دهه ۸۰ میلادی بارها از سوی آمریکا در منطقه خلیج فارس خدشهدار شد و جان انسانهای بی گناه را به مخاطره انداخت .	با تجاوز عراق به خاک ایران بسیاری از قواعد بین المللی از جمله قواعد فوق مورد نقض کشورها از جمله ایالات متحده آمریکا درباره احترام به محدوده آبی ایران و رعایت اصل بی طرفی قرار گرفت .	1>2	unknown	background	frame
امنیت پروازهای هوایی مسیلهای بود که در دهه ۸۰ میلادی بارها از سوی آمریکا در منطقه خلیج فارس خدشهدار شد و جان انسانهای بی گناه را به مخاطره انداخت .	امنیتی که در اسناد بین المللی مصوب مجامع جهانی بارها بر آن تاکید شده	1<2	unknown	elaboration	elaboration
امنیتی که در اسناد بین المللی مصوب مجامع جهانی بارها بر آن تاکید شده	و کشورها متعهد شده اند که امنیت هوانوردی غیرنظامی در مناطق دریایی را به دقت رعایت کنند	1<2	unknown	joint	conjunction
و کشورها متعهد شده اند که امنیت هوانوردی غیرنظامی در مناطق دریایی را به دقت رعایت کنند	تا جان مسافران پروازهای هوایی به خطر نیفتد .	1<2	unknown	enablement	purpose
امنیت پروازهای هوایی مسیلهای بود که در دهه ۸۰ میلادی بارها از سوی آمریکا در منطقه خلیج فارس خدشهدار شد و جان انسانهای بی گناه را به مخاطره انداخت .	در کنفرانس ١۹١۹ پاریس کنوانسیون نظام تردد هوایی به تصویب رسید	1<2	unknown	joint	conjunction
در کنفرانس ١۹١۹ پاریس کنوانسیون نظام تردد هوایی به تصویب رسید	که <*> هر دولتی حاکمیت تام و انحصاری بر هوای حقوقی قلمرو خود را دارد .	1<2	unknown	elaboration	elaboration
براساس ماده یک این کنوانسیون	هر دولتی حاکمیت تام و انحصاری بر هوای حقوقی قلمرو خود را دارد .	1>2	unknown	attribution	attribution
هر دولتی حاکمیت تام و انحصاری بر هوای حقوقی قلمرو خود را دارد .	قلمرو شامل قلمرو ملی و آبهای سرزمینی مجاور آن میشود .	1<2	unknown	explanation	explanation
در کنفرانس ١۹١۹ پاریس کنوانسیون نظام تردد هوایی به تصویب رسید	بعدها در کنوانسیون هواپیمایی کشوری ، کنوانسیون دریای سرزمینی و کنوانسیون ١۹۸٢ حقوق دریاها ، حاکمیت کشورها بر هوای فوق آبهای مجاور شان مورد تصویب و تاکید مجدد قرار گرفت .	1<2	unknown	temporal	temporal
هدف آمریکا ، یاری رساندن به عراق و مقابله با ایران بود .	دولت آمریکا صراحتا اصل بی طرفی را نقض کرده	1>2	unknown	cause	causal
با تجاوز عراق به خاک ایران بسیاری از قواعد بین المللی از جمله قواعد فوق مورد نقض کشورها از جمله ایالات متحده آمریکا درباره احترام به محدوده آبی ایران و رعایت اصل بی طرفی قرار گرفت .	دولت آمریکا صراحتا اصل بی طرفی را نقض کرده	1<2	unknown	manner-means	mode
دولت آمریکا صراحتا اصل بی طرفی را نقض کرده	و به حمایت از دولتی برخاست	1<2	unknown	joint	conjunction
و به حمایت از دولتی برخاست	که خود چند سال بعد با حمله نظامی علیه آن دولت آن را ساقط کرد .	1<2	unknown	elaboration	elaboration
با تجاوز عراق به خاک ایران بسیاری از قواعد بین المللی از جمله قواعد فوق مورد نقض کشورها از جمله ایالات متحده آمریکا درباره احترام به محدوده آبی ایران و رعایت اصل بی طرفی قرار گرفت .	در منطقه خلیج فارس و در حریم هوایی و آبی ایران در جنگ تحمیلی ناامنی هوانوردی را آمریکا با استقرار دهها کشتی در منطقه و اخطارهای غیرقانونی به هواپیماهای ایرانی به مردم منطقه تحمیل کرده	1<2	unknown	explanation	explanation
در منطقه خلیج فارس و در حریم هوایی و آبی ایران در جنگ تحمیلی ناامنی هوانوردی را آمریکا با استقرار دهها کشتی در منطقه و اخطارهای غیرقانونی به هواپیماهای ایرانی به مردم منطقه تحمیل کرده	و امنیت سفر آنها را از بین برد	1<2	unknown	joint	conjunction
در منطقه خلیج فارس و در حریم هوایی و آبی ایران در جنگ تحمیلی ناامنی هوانوردی را آمریکا با استقرار دهها کشتی در منطقه و اخطارهای غیرقانونی به هواپیماهای ایرانی به مردم منطقه تحمیل کرده	تا این که در ١٢ تیر سال١۳۶۷ اقدامات ضد حقوق بشری آمریکا به اوج خود رسید	1<2	unknown	temporal	temporal
در منطقه خلیج فارس و در حریم هوایی و آبی ایران در جنگ تحمیلی ناامنی هوانوردی را آمریکا با استقرار دهها کشتی در منطقه و اخطارهای غیرقانونی به هواپیماهای ایرانی به مردم منطقه تحمیل کرده	و با دو موشک ناو وینسنس آمریکایی ٢۹۰ مسافر و خدمه هواپیما در چند دقیقه به شهادت میرسند .	1<2	unknown	joint	conjunction
طبق اصول حقوقی هوانوردی غیرنظامی بین المللی	پروازهای درون منطقه یک کشور اطلاعات پروازی شان میتواند از سوی مقامات هوانوردی غیرنظامی همان کشور ردیابی و رصد شود	1>2	unknown	attribution	attribution
و با دو موشک ناو وینسنس آمریکایی ٢۹۰ مسافر و خدمه هواپیما در چند دقیقه به شهادت میرسند .	پروازهای درون منطقه یک کشور اطلاعات پروازی شان میتواند از سوی مقامات هوانوردی غیرنظامی همان کشور ردیابی و رصد شود	1<2	unknown	elaboration	elaboration
پروازهای درون منطقه یک کشور اطلاعات پروازی شان میتواند از سوی مقامات هوانوردی غیرنظامی همان کشور ردیابی و رصد شود	و این در حالی است که اخطار رزم ناو وینسنس به هواپیما مورد تردید بوده	1<2	unknown	elaboration	elaboration
و این در حالی است که اخطار رزم ناو وینسنس به هواپیما مورد تردید بوده	و اساسا اخطارهای قبلی ناوهای آمریکایی نیز به هواپیماهای ایرانی از لحاظ حقوقی غیرقانونی است .	1<2	unknown	joint	conjunction
پروازهای درون منطقه یک کشور اطلاعات پروازی شان میتواند از سوی مقامات هوانوردی غیرنظامی همان کشور ردیابی و رصد شود	ادعای واهی آمریکا مبنی بر شیرجه هواپیمای مسافربری به سوی کشتی آمریکایی کاملا رد شد ؛	1<2	unknown	joint	conjunction
همان طور که شرکتهای بیمه خارجی نیز تایید کردند	منطقه مورد اصابت موشک به هواپیما خارج از منطقه جنگی بوده	1>2	unknown	attribution	attribution
ادعای واهی آمریکا مبنی بر شیرجه هواپیمای مسافربری به سوی کشتی آمریکایی کاملا رد شد ؛	منطقه مورد اصابت موشک به هواپیما خارج از منطقه جنگی بوده	1<2	unknown	explanation	explanation
منطقه مورد اصابت موشک به هواپیما خارج از منطقه جنگی بوده	و هواپیماهای مسافربری حتی با چشم غیرمسلح قابل شناسایی بودند	1<2	unknown	joint	conjunction
منطقه مورد اصابت موشک به هواپیما خارج از منطقه جنگی بوده	و هنوز این سوال برای ملت ایران مطرح است	1<2	unknown	joint	conjunction
و هنوز این سوال برای ملت ایران مطرح است	که مسیولیت بین المللی دولت آمریکا در مجازات مرتکبان و تعهد به مداخله نکردن در منطقه خلیج فارس هیچ گاه از سوی شورای امنیت پیگیری نشد	1<2	unknown	elaboration	elaboration
و هنوز این سوال برای ملت ایران مطرح است	و این در حالی است که در موارد مشابه اقدامات بسیار موثرتری از سوی سازمان ملل متحد و سایر نهادهای تخصصی هوانوردی درباره برخورد با عاملان کشتار انسانها و نقض امنیت هوایی انجام شده است .	1<2	unknown	contrast	contrast
با تجاوز عراق به خاک ایران بسیاری از قواعد بین المللی از جمله قواعد فوق مورد نقض کشورها از جمله ایالات متحده آمریکا درباره احترام به محدوده آبی ایران و رعایت اصل بی طرفی قرار گرفت .	جای آن دارد که در هفته حقوق بشر نهادهای بین المللی و کشورهای حامی حقوق بشر دست از موضع انفعالی خود برداشته	1<2	unknown	evaluation	comment
جای آن دارد که در هفته حقوق بشر نهادهای بین المللی و کشورهای حامی حقوق بشر دست از موضع انفعالی خود برداشته	و حقوق انسانی را مرجح بر ملاحظات سیاسی انگاشته	1<2	unknown	joint	conjunction
جای آن دارد که در هفته حقوق بشر نهادهای بین المللی و کشورهای حامی حقوق بشر دست از موضع انفعالی خود برداشته	و اغراض ساختارشکنانه بین المللی در نادیده گرفتن استقلال و تمامیت ارضی کشورها و نهایتا حقوق مسلم مردم را برنتابند .	1<2	unknown	joint	conjunction
نزدیک به نیم قرن است که مسلمانان روهینگیا مقیم میانمار هستند .	بوداییان <*> شاید کماکان به این صفت در تاریخ مشهور میشدند	1>2	unknown	background	frame
نزدیک به نیم قرن است که مسلمانان روهینگیا مقیم میانمار هستند .	فرزندان و نوههای شان در آنجا متولد شدهاند ،	1<2	unknown	joint	conjunction
نزدیک به نیم قرن است که مسلمانان روهینگیا مقیم میانمار هستند .	دارای مالکیت بر خانه ، مزرعه و مغازه شان هستند	1<2	unknown	joint	conjunction
نزدیک به نیم قرن است که مسلمانان روهینگیا مقیم میانمار هستند .	به طوری که کسی نمی تواند تابعیت و جایگاه آنان را از نظر حقوقی در میانمار زیر سوال ببرد .	1<2	unknown	manner-means	mode
نزدیک به نیم قرن است که مسلمانان روهینگیا مقیم میانمار هستند .	اما تندروی و افراطی گری به درستی مربوط به یک دین و قوم خاص نیست .	1<2	unknown	joint	conjunction
بوداییان <*> شاید کماکان به این صفت در تاریخ مشهور میشدند	بیش از دو دهه است که بوداییان افراطی <*> به حقوق مسلمانان این کشور تجاوز میکنند .	1>2	unknown	cause	causal
بوداییان <*> شاید کماکان به این صفت در تاریخ مشهور میشدند	که قرنها به عنوان مظهر آرامش ، همراهی و مطیع بودن معرفی شده بودند ،	1<2	unknown	elaboration	elaboration
اگر موضوع تجاوز به حقوق مسلمانان میانمار پیش نمی آمد ،	شاید کماکان به این صفت در تاریخ مشهور میشدند	1>2	unknown	condition	condition
بوداییان <*> شاید کماکان به این صفت در تاریخ مشهور میشدند	ولی اکنون به این افسانه پایان داده شده است	1<2	unknown	contrast	contrast
و همان طور که صربها در ایام یوگسلاوی سابق به حقوق مسلمانان بوسنی یا کوزوو تجاوز کردند ،	بیش از دو دهه است که بوداییان افراطی <*> به حقوق مسلمانان این کشور تجاوز میکنند .	1>2	unknown	comparison	concession
بیش از دو دهه است که بوداییان افراطی <*> به حقوق مسلمانان این کشور تجاوز میکنند .	که اکثریت افکار عمومی جامعه میانمار را تشکیل میدهند ،	1<2	unknown	elaboration	elaboration
متاسفانه این تجاوز مانند تجاوز یوگسلاوی سابق ، از حمایت دولت و ارتش این کشور برخوردار است	بنابراین ابتدا از نظر حقوق بین الملل جنایت علیه بشریت و سپس پاک سازی قومی محسوب میشود	1>2	unknown	cause	causal
بیش از دو دهه است که بوداییان افراطی <*> به حقوق مسلمانان این کشور تجاوز میکنند .	بنابراین ابتدا از نظر حقوق بین الملل جنایت علیه بشریت و سپس پاک سازی قومی محسوب میشود	1<2	unknown	topic-comment	comment
بنابراین ابتدا از نظر حقوق بین الملل جنایت علیه بشریت و سپس پاک سازی قومی محسوب میشود	که از جرمهای سنگین جنایی در سطح بین الملل است	1<2	unknown	elaboration	elaboration
که از جرمهای سنگین جنایی در سطح بین الملل است	و مجریان آن باید از سوی دادگاه بین المللی جنایی دستگیر و محاکمه شوند .	1<2	unknown	joint	conjunction
بیش از دو دهه است که بوداییان افراطی <*> به حقوق مسلمانان این کشور تجاوز میکنند .	این که برخی قومیتها بر اثر تحولات تاریخی از سرزمینی به سرزمینی دیگر کوچ اجباری کنند ، امری محتمل است	1<2	unknown	evaluation	comment
این که برخی قومیتها بر اثر تحولات تاریخی از سرزمینی به سرزمینی دیگر کوچ اجباری کنند ، امری محتمل است	و هیچ کس یارای توقف آن را ندارد .	1<2	unknown	joint	conjunction
این که برخی قومیتها بر اثر تحولات تاریخی از سرزمینی به سرزمینی دیگر کوچ اجباری کنند ، امری محتمل است	به طور مثال در جنگ جهانی ، هنگامی که خیل عظیمی از لهستانیها به روسیه برده شدند	1<2	unknown	elaboration	elaboration
به طور مثال در جنگ جهانی ، هنگامی که خیل عظیمی از لهستانیها به روسیه برده شدند	و بر اثر تحولات جنگ ، خواستند آنها را پس بفرستند ،	1<2	unknown	temporal	temporal
به طور مثال در جنگ جهانی ، هنگامی که خیل عظیمی از لهستانیها به روسیه برده شدند	تنها راه نجات آنها عزیمت به ایران بود	1<2	unknown	cause	causal
تنها راه نجات آنها عزیمت به ایران بود	و خود لهستانیها نقش و انتخابی در آن نداشتند .	1<2	unknown	joint	conjunction
به طور مثال در جنگ جهانی ، هنگامی که خیل عظیمی از لهستانیها به روسیه برده شدند	دولت و مردم ایران <*> مقدم این میهمانان ناخوانده را گرامی داشتند	1<2	unknown	elaboration	elaboration
دولت و مردم ایران <*> مقدم این میهمانان ناخوانده را گرامی داشتند	که در آن ایام موقعیت سیاسی و اقتصادی نامناسبی داشتند ،	1<2	unknown	elaboration	elaboration
و با وجود فقر عمومی ،	بهترین امکانات خود را در اختیار لهستانیها قرار دادند	1>2	unknown	contrast	contrast
دولت و مردم ایران <*> مقدم این میهمانان ناخوانده را گرامی داشتند	بهترین امکانات خود را در اختیار لهستانیها قرار دادند	1<2	unknown	temporal	temporal
بهترین امکانات خود را در اختیار لهستانیها قرار دادند	که سیراب کردن و تغذیه آنان در بندر انزلی و سپس اسکان آنها در اصفهان در تاریخ لهستان معروف شده است .	1<2	unknown	elaboration	elaboration
دولت و مردم ایران <*> مقدم این میهمانان ناخوانده را گرامی داشتند	این لهستانیها در ایران زندگی و ازدواج کردند	1<2	unknown	temporal	temporal
دولت و مردم ایران <*> مقدم این میهمانان ناخوانده را گرامی داشتند	و هرکس خواست ، باقی ماند	1<2	unknown	temporal	temporal
و هرکس خواست ، باقی ماند	و هرکس نخواست ، بعد از جنگ جهانی به کشور ش بازگشت .	1<2	unknown	joint	conjunction
دولت و مردم ایران <*> مقدم این میهمانان ناخوانده را گرامی داشتند	آنان قبرستانهای متعددی در ایران دارند	1<2	unknown	elaboration	elaboration
آنان قبرستانهای متعددی در ایران دارند	و هنوز نوادگان شان نزد مردم ایران عزیز هستند .	1<2	unknown	joint	conjunction
این که برخی قومیتها بر اثر تحولات تاریخی از سرزمینی به سرزمینی دیگر کوچ اجباری کنند ، امری محتمل است	اما این نمایش زیبای میهمان نوازی مردم مسلمان ایران از لهستانیهای مسیحی ، در میانمار تبدیل به نمایشی زشت شده است .	1<2	unknown	contrast	contrast
بیش از دو دهه است که بوداییان افراطی <*> به حقوق مسلمانان این کشور تجاوز میکنند .	به هرحال حقوق بین الملل ناظر بر حفظ حقوق بشر و حقوق بشر دوستانه مسلمانان روهینگیا در میانمار است .	1<2	unknown	topic-comment	comment
کمیسر عالی حقوق بشر و دبیرکل سازمان ملل متحد به پاک سازی قومی در میانمار اذعان کرده	و به این ترتیب راه برای دادگاه بین المللی جنایی نسبت به تعقیب آنگ سان سوچی به عنوان بالاترین مقام مسیول در میانمار فراهم شده است .	1>2	unknown	cause	causal
به هرحال حقوق بین الملل ناظر بر حفظ حقوق بشر و حقوق بشر دوستانه مسلمانان روهینگیا در میانمار است .	و به این ترتیب راه برای دادگاه بین المللی جنایی نسبت به تعقیب آنگ سان سوچی به عنوان بالاترین مقام مسیول در میانمار فراهم شده است .	1<2	unknown	explanation	explanation
نقض حقوق مسلمانان میانمار سابقه طولانی داشته	جامعه بین المللی باید از اهرم خود به خوبی استفاده و خانم سوچی را وادار به احترام به حقوق مسلمانان روهینگیا کند	1>2	unknown	evaluation	comment
و زمانی که میانمار در جهان منزوی و در آن به روی کشورهای خارجی بسته بود ،	این نقض حقوق به شکل فجیعی صورت میگرفت .	1>2	unknown	background	frame
نقض حقوق مسلمانان میانمار سابقه طولانی داشته	این نقض حقوق به شکل فجیعی صورت میگرفت .	1<2	unknown	elaboration	elaboration
در سالهای ۱۳۷۸ تا ۱۳۸۰ که رییس هییت مدیره کمیساریای عالی پناهندگان سازمان ملل متحد بودم ،	از کمپ مسلمانان روهینگیا در مرز با تایلند دیدن کردم	1>2	unknown	background	frame
نقض حقوق مسلمانان میانمار سابقه طولانی داشته	از کمپ مسلمانان روهینگیا در مرز با تایلند دیدن کردم	1<2	unknown	elaboration	elaboration
از کمپ مسلمانان روهینگیا در مرز با تایلند دیدن کردم	و از وضعیت فلاکت بار آنان بسیار متاثر شدم	1<2	unknown	temporal	temporal
از کمپ مسلمانان روهینگیا در مرز با تایلند دیدن کردم	و این وضع را به دبیرکل سازمان ملل متحد گزارش و درخواست مساعدت برای آنان کردم ،	1<2	unknown	temporal	temporal
از کمپ مسلمانان روهینگیا در مرز با تایلند دیدن کردم	اما در آن ایام جامعه بین المللی و از جمله سازمان ملل متحد اهرمی علیه نظامیان خودسر و بوداییان افراطی میانمار در اختیار نداشت .	1<2	unknown	contrast	contrast
نقض حقوق مسلمانان میانمار سابقه طولانی داشته	امروز شرایط دگرگون شده	1<2	unknown	contrast	contrast
امروز شرایط دگرگون شده	و میانمار با جامعه بین المللی نوعی آشتی برقرار کرده	1<2	unknown	joint	conjunction
امروز شرایط دگرگون شده	و خانم سوچی <*> رهبر این کشور شده است .	1<2	unknown	joint	conjunction
و خانم سوچی <*> رهبر این کشور شده است .	که به خاطر مخالفت با سیاستهای نظامیان خودسر میانمار ، به دریافت جایزه صلح نوبل مفتخر شده ،	1<2	unknown	elaboration	elaboration
و خانم سوچی <*> رهبر این کشور شده است .	به عبارت دیگر خانم سوچی نمی تواند در قبال جنایت علیه بشریت و پاک سازی قومی <*> بی تفاوت باشد .	1<2	unknown	summary	organization
به عبارت دیگر خانم سوچی نمی تواند در قبال جنایت علیه بشریت و پاک سازی قومی <*> بی تفاوت باشد .	که جرم ژنوساید تلقی میشود ،	1<2	unknown	elaboration	elaboration
امروز شرایط دگرگون شده	این که خانم سوچی از یک سو تمایل دارد خود را یک ناجی حقوق بشر و برنده جایزه صلح نوبل معرفی کند و از سوی دیگر مهر تایید بر تندرویهای بوداییان راست گرای میانمار بزند جمع نقیضین است .	1<2	unknown	evaluation	comment
به هرحال حقوق بین الملل ناظر بر حفظ حقوق بشر و حقوق بشر دوستانه مسلمانان روهینگیا در میانمار است .	جامعه بین المللی باید از اهرم خود به خوبی استفاده و خانم سوچی را وادار به احترام به حقوق مسلمانان روهینگیا کند	1<2	unknown	cause	causal
جامعه بین المللی باید از اهرم خود به خوبی استفاده و خانم سوچی را وادار به احترام به حقوق مسلمانان روهینگیا کند	وگرنه برای اولین بار یک برنده جایزه صلح نوبل به جرم جنایت علیه بشریت به دادگاه بین المللی جنایی فراخوانده خواهد شد	1<2	unknown	contrast	contrast
وگرنه برای اولین بار یک برنده جایزه صلح نوبل به جرم جنایت علیه بشریت به دادگاه بین المللی جنایی فراخوانده خواهد شد	که در آن صورت بنیاد صلح نوبل در نروژ باید چگونگی پس گرفتن جایزه صلح نوبل را مورد ارزیابی قرار دهد .	1<2	unknown	elaboration	elaboration
صاحب نظران درباره علل افزایش نرخ ارز ، دیدگاههای مختلفی دارند ،	منابع دولت مشخص است ؛	1>2	unknown	background	frame
صاحب نظران درباره علل افزایش نرخ ارز ، دیدگاههای مختلفی دارند ،	اما درباره یک نکته تقریبا اتفاق نظر دارند ؛	1<2	unknown	contrast	contrast
تقاضای مردم عادی <*> از ۵۰ تا ۱۰۰ میلیون دلار فراتر نمی رود .	تامین این تقاضا ، اساسا نمی تواند به جهش نرخ ارز منجر شود	1>2	unknown	cause	causal
تقاضای مردم عادی <*> از ۵۰ تا ۱۰۰ میلیون دلار فراتر نمی رود .	که بر اثر التهابات روانی ، سراغ خرید ارز رفتهاند ،	1<2	unknown	elaboration	elaboration
صاحب نظران درباره علل افزایش نرخ ارز ، دیدگاههای مختلفی دارند ،	تامین این تقاضا ، اساسا نمی تواند به جهش نرخ ارز منجر شود	1<2	unknown	elaboration	elaboration
تامین این تقاضا ، اساسا نمی تواند به جهش نرخ ارز منجر شود	و نیازمند استقرار نیروهای انتظامی در مراکز فروش آن در کلان شهرها و در میدان ۱۵ خرداد یا چهارراه استانبول تهران است .	1<2	unknown	elaboration	elaboration
تامین این تقاضا ، اساسا نمی تواند به جهش نرخ ارز منجر شود	این تقاضا در مراکز و بخشهای دیگری وجود دارد	1<2	unknown	contrast	contrast
این تقاضا در مراکز و بخشهای دیگری وجود دارد	که بانک مرکزی و دولت باید به شکل ارزی و ریالی ، آن را تامین کنند .	1<2	unknown	elaboration	elaboration
این تقاضا در مراکز و بخشهای دیگری وجود دارد	فشار بی امان مصارف داخلی در حوزه پرداخت حقوق ، صندوقهای بازنشستگی و یارانه ماهانه ، موضوعی نیست که بتوان با آن با مماشات برخورد کرد .	1<2	unknown	elaboration	elaboration
فشار بی امان مصارف داخلی در حوزه پرداخت حقوق ، صندوقهای بازنشستگی و یارانه ماهانه ، موضوعی نیست که بتوان با آن با مماشات برخورد کرد .	در این شرایط تقویت و حتی حفظ ارزش پول ملی در برابر ارزهای خارجی ، به عنوان پدیدهای غیراولویت دار در نظر مجریان جلوه خواهد کرد .	1<2	unknown	cause	causal
منابع دولت مشخص است ؛	یا درآمد حاصل از نفت است	1<2	unknown	elaboration	elaboration
یا درآمد حاصل از نفت است	که آن هم به سادگی نقل وانتقال وجوه دریافتی اش امکان پذیر نیست	1<2	unknown	elaboration	elaboration
یا درآمد حاصل از نفت است	یا مالیات و صادرات غیرنفتی است	1<2	unknown	joint	conjunction
یا مالیات و صادرات غیرنفتی است	که آن هم معمولا یا گاهی تحقق پیدا نمی کند	1<2	unknown	elaboration	elaboration
که آن هم معمولا یا گاهی تحقق پیدا نمی کند	یا در تحقق تاخیر دارد .	1<2	unknown	joint	conjunction
در دولت اصلاحات <*> هزینههای دولت به اندازه امروز نبود .	امروز هزینههای جاری افزایش زیادی داشته	1>2	unknown	background	frame
در دولت اصلاحات <*> هزینههای دولت به اندازه امروز نبود .	که نگارنده در سازمان برنامه و بودجه فعالیت میکرد ،	1<2	unknown	elaboration	elaboration
منابع دولت مشخص است ؛	امروز هزینههای جاری افزایش زیادی داشته	1<2	unknown	joint	conjunction
امروز هزینههای جاری افزایش زیادی داشته	و تامین منابع پرداخت یارانه نقدی نیز بر گرده دولت سنگینی میکند ؛	1<2	unknown	joint	conjunction
و تامین منابع پرداخت یارانه نقدی نیز بر گرده دولت سنگینی میکند ؛	مصارفی که با توجه به مسایل اجتماعی و سیاسی ، کاستن از آن به غایت دشوار است .	1<2	unknown	elaboration	elaboration
با وجود این هزینههای جاری ،	همچنان نرخ بیکاری نیز خودنمایی میکند .	1>2	unknown	contrast	contrast
امروز هزینههای جاری افزایش زیادی داشته	همچنان نرخ بیکاری نیز خودنمایی میکند .	1<2	unknown	contrast	contrast
همچنان نرخ بیکاری نیز خودنمایی میکند .	نرخ بیکاری در تشکیل سرمایه و سرمایه گذاری کاهش مییابد ؛	1<2	unknown	topic-comment	comment
نرخ بیکاری در تشکیل سرمایه و سرمایه گذاری کاهش مییابد ؛	این موضوع یا در پروژههای عمرانی دولت محقق میشود	1<2	unknown	enablement	purpose
این موضوع یا در پروژههای عمرانی دولت محقق میشود	که درحال حاضر با کمبود اساسی مواجه است	1<2	unknown	elaboration	elaboration
این موضوع یا در پروژههای عمرانی دولت محقق میشود	یا از سوی بخش غیردولتی باید دنبال شود .	1<2	unknown	joint	conjunction
یا از سوی بخش غیردولتی باید دنبال شود .	بخش عمدهای از منابع بخش خصوصی به جای سرمایه گذاری در تولید و ایجاد اشتغال ، به سمت ساخت برج ، مال و پاساژهای لوکس در تهران و کلان شهرها حرکت کرده است	1<2	unknown	contrast	contrast
بخش عمدهای از منابع بخش خصوصی به جای سرمایه گذاری در تولید و ایجاد اشتغال ، به سمت ساخت برج ، مال و پاساژهای لوکس در تهران و کلان شهرها حرکت کرده است	و شاهد اولویت گذاری در این حوزه از سوی خود مردم نیستیم .	1<2	unknown	joint	conjunction
بخش عمدهای از منابع بخش خصوصی به جای سرمایه گذاری در تولید و ایجاد اشتغال ، به سمت ساخت برج ، مال و پاساژهای لوکس در تهران و کلان شهرها حرکت کرده است	دولت بنای دخالت در امور شهروندان را ندارد ،	1<2	unknown	evaluation	comment
دولت بنای دخالت در امور شهروندان را ندارد ،	اما سو استفاده از این دخالت نکردن نیز میتواند بهای گزافی برای کشور و مردم داشته باشد .	1<2	unknown	contrast	contrast
اما سو استفاده از این دخالت نکردن نیز میتواند بهای گزافی برای کشور و مردم داشته باشد .	الگوی تجملی و مسابقه ارتقای خودرو ، مسکن و سبک زندگی تا روستاها گسترده شده است .	1<2	unknown	explanation	explanation
منابع دولت مشخص است ؛	در این شرایط ، تامین منابع برای دولت آسان نیست	1<2	unknown	cause	causal
در این شرایط ، تامین منابع برای دولت آسان نیست	و ناچار باید سراغ محلهای جدید کسب درآمد برود .	1<2	unknown	cause	causal
در این شرایط ، تامین منابع برای دولت آسان نیست	افزایش نرخ ارز در کنار فشار تقاضای داخلی میتواند دستاورد دولت در تک رقمی کردن تورم را نیز به خطر بیندازد ،	1<2	unknown	cause	causal
افزایش نرخ ارز در کنار فشار تقاضای داخلی میتواند دستاورد دولت در تک رقمی کردن تورم را نیز به خطر بیندازد ،	اما از آن گریزی نیست .	1<2	unknown	elaboration	elaboration
افزایش نرخ ارز در کنار فشار تقاضای داخلی میتواند دستاورد دولت در تک رقمی کردن تورم را نیز به خطر بیندازد ،	البته میتوان نرخ ارز را در بودجه به شکل واقع بینانه تعیین کرد ،	1<2	unknown	topic-comment	comment
البته میتوان نرخ ارز را در بودجه به شکل واقع بینانه تعیین کرد ،	اما ممکن است به لحاظ اجتماعی و سیاسی این امر ممکن نباشد	1<2	unknown	contrast	contrast
اما ممکن است به لحاظ اجتماعی و سیاسی این امر ممکن نباشد	و دولت نمی تواند واقعیتهای موجود ارز را به عنوان یک هدف رسمی اعلام کند .	1<2	unknown	joint	conjunction
فراموش نکنیم سپردههایی در بانکها وجود داشته	با این روند سیاست گذاری ، طبیعی است بخشی از مردم <*> سراغ خرید ارز بروند .	1>2	unknown	background	frame
فراموش نکنیم سپردههایی در بانکها وجود داشته	که بر اثر کاهش نرخ سود سپرده ، مردم آنها را از این سامانه خارج کردهاند .	1<2	unknown	elaboration	elaboration
فراموش نکنیم سپردههایی در بانکها وجود داشته	سپردههای موجود در بعضی موسسات مالی نیز یا آزاد شده یا سوخته	1<2	unknown	joint	conjunction
سپردههای موجود در بعضی موسسات مالی نیز یا آزاد شده یا سوخته	که اینها در هجوم نقدینگی به سمت بازارهایی نظیر ارز و سکه و تا حدی مسکن ، بی تاثیر نیست .	1<2	unknown	elaboration	elaboration
فراموش نکنیم سپردههایی در بانکها وجود داشته	اتفاقات دیگری هم رخ داده است .	1<2	unknown	joint	conjunction
اتفاقات دیگری هم رخ داده است .	روز گذشته در مجلس پیشنهاد شد از سود سپردهها مالیات دریافت شود	1<2	unknown	elaboration	elaboration
روز گذشته در مجلس پیشنهاد شد از سود سپردهها مالیات دریافت شود	که البته رای نیاورد .	1<2	unknown	elaboration	elaboration
منابع دولت مشخص است ؛	با این روند سیاست گذاری ، طبیعی است بخشی از مردم <*> سراغ خرید ارز بروند .	1<2	unknown	topic-comment	comment
با این روند سیاست گذاری ، طبیعی است بخشی از مردم <*> سراغ خرید ارز بروند .	که منابعی در اختیار دارند ،	1<2	unknown	elaboration	elaboration
ما با انواع و اقسام پیچیدگیها در نظام تدبیر اقتصادی مواجه هستیم .	باید سرانجام به یک تصمیم جامع در سطوح بالای نظام برسیم .	1>2	unknown	explanation	explanation
با این روند سیاست گذاری ، طبیعی است بخشی از مردم <*> سراغ خرید ارز بروند .	باید سرانجام به یک تصمیم جامع در سطوح بالای نظام برسیم .	1<2	unknown	joint	conjunction
باید سرانجام به یک تصمیم جامع در سطوح بالای نظام برسیم .	مشکل امروز ایران ، فقط رابطه ریال و دلار نیست ،	1<2	unknown	explanation	explanation
مشکل امروز ایران ، فقط رابطه ریال و دلار نیست ،	باید روند سرمایه گذاری در کشور ، الگوی مصرفی مردم ، ایجاد اشتغال با استفاده از سرمایههای راکد داخلی و البته سرمایه گذاری مستقیم خارجی یک اولویت فوری در نظام تصمیم گیری کشور باشد .	1<2	unknown	joint	conjunction
باید سرانجام به یک تصمیم جامع در سطوح بالای نظام برسیم .	نمی توان از دولت انتظار معجزه در شرایط بسیار پیچیده فعلی را داشت ،	1<2	unknown	contrast	contrast
نمی توان از دولت انتظار معجزه در شرایط بسیار پیچیده فعلی را داشت ،	آن هم دولتی که پاسخ گوی نهادهای بسیاری در زمینه تامین ارز و ریال است .	1<2	unknown	elaboration	elaboration
با این روند سیاست گذاری ، طبیعی است بخشی از مردم <*> سراغ خرید ارز بروند .	درعین حال رسانهها میتوانند از تودهای شدن موضوع بسیار تخصصی و حساس ارز جلوگیری کنند .	1<2	unknown	joint	conjunction
حداقل دستمزد ، کمترین رقمی است که نیروی کار با آن به بازسازی فردی میپردازد .	این حداقل در کشور ما و طبق قانون در یک گفت وگو و چانه زنی سه جانبه با نظارت دولت تعیین میشود .	1>2	unknown	background	frame
حداقل دستمزد ، کمترین رقمی است که نیروی کار با آن به بازسازی فردی میپردازد .	درواقع رقمی است که کمتر از آن امکان بازتولید نیروی کار در کوتاه مدت نیز به خطر میافتد .	1<2	unknown	summary	organization
این حداقل در کشور ما و طبق قانون در یک گفت وگو و چانه زنی سه جانبه با نظارت دولت تعیین میشود .	دولت باید نقش بی طرف را بازی کند	1<2	unknown	elaboration	elaboration
دولت باید نقش بی طرف را بازی کند	و مطابق مصالح بلندمدت کشور و با توجه به وضعیت اقتصاد معیشت کارگران و البته مسایل و مشکلات فراروی تولید و کارفرمایان ، در این ارتباط مداخله کند .	1<2	unknown	joint	conjunction
منطق تعیین رقم آن نیز مطابق قانون و عرف به قدرت خرید نیروی کار برمی گردد	و فرض قانون بر ثبات این قدرت خرید است	1>2	unknown	summary	organization
این حداقل در کشور ما و طبق قانون در یک گفت وگو و چانه زنی سه جانبه با نظارت دولت تعیین میشود .	و فرض قانون بر ثبات این قدرت خرید است	1<2	unknown	elaboration	elaboration
و فرض قانون بر ثبات این قدرت خرید است	که البته ابهام تعیین سال پایه مربوط به این ثبات همیشه پابرجا بوده است .	1<2	unknown	elaboration	elaboration
که البته ابهام تعیین سال پایه مربوط به این ثبات همیشه پابرجا بوده است .	ابهامی که به نظر میرسد باید از سوی دولت بررسی و مشخص شود .	1<2	unknown	elaboration	elaboration
که البته ابهام تعیین سال پایه مربوط به این ثبات همیشه پابرجا بوده است .	یکی از گزینههای پیش رو برای رفع این ابهام ، پذیرش سبد غذایی حداقلی برای این موضوع است و البته پذیرش و عمل به آن در قالب تعیین حداقل دستمزد .	1<2	unknown	topic-comment	comment
و فرض قانون بر ثبات این قدرت خرید است	اما در نگاهی میان مدت به نظر میرسد شوکهای قیمتی و البته به باور نگارنده دستمزدی <*> برای جبران هنوز جبران نشده است .	1<2	unknown	elaboration	elaboration
اما در نگاهی میان مدت به نظر میرسد شوکهای قیمتی و البته به باور نگارنده دستمزدی <*> برای جبران هنوز جبران نشده است .	که در سالهای ۹۰ ، ۹١ و ۹٢ بر این حوزه وارد شد ،	1<2	unknown	elaboration	elaboration
با وجود تلاشهای دولت یازدهم	برای جبران هنوز جبران نشده است .	1>2	unknown	contrast	contrast
و فرض قانون بر ثبات این قدرت خرید است	« جدول دستمزد » سه شاخص مرتبط با قدرت خرید نیروی کار شاغل و بازنشسته را نشان میدهد .	1<2	unknown	elaboration	elaboration
« جدول دستمزد » سه شاخص مرتبط با قدرت خرید نیروی کار شاغل و بازنشسته را نشان میدهد .	به عنوان مثال تورم سال ۸۹ باید مبنایی باشد برای تعیین حداقل دستمزد سال ۹۰ .	1<2	unknown	explanation	explanation
همان گونه که در جدول زیر مشاهده میشود ،	نرخ افزایش دستمزد در سال ١۳۹۰ برابر ۸ ، ۹ درصد بوده است	1>2	unknown	background	frame
به عنوان مثال تورم سال ۸۹ باید مبنایی باشد برای تعیین حداقل دستمزد سال ۹۰ .	نرخ افزایش دستمزد در سال ١۳۹۰ برابر ۸ ، ۹ درصد بوده است	1<2	unknown	contrast	contrast
نرخ افزایش دستمزد در سال ١۳۹۰ برابر ۸ ، ۹ درصد بوده است	که ۳ . ۵ درصد از نرخ تورم پایینتر است	1<2	unknown	elaboration	elaboration
که ۳ . ۵ درصد از نرخ تورم پایینتر است	که این امر به معنای کاهش قدرت خرید نیروی کار به همین میزان در سال مذکور است .	1<2	unknown	elaboration	elaboration
به عنوان مثال تورم سال ۸۹ باید مبنایی باشد برای تعیین حداقل دستمزد سال ۹۰ .	روند پایین تربودن نرخ افزایش حداقل دستمزد تا سال ۹۳ ادامه داشته است .	1<2	unknown	elaboration	elaboration
به عنوان مثال تورم سال ۸۹ باید مبنایی باشد برای تعیین حداقل دستمزد سال ۹۰ .	با توجه به تفاوت نرخهای مذکور بین سالهای ۹۰ تا ۹۳ براساس این شاخص قدرت خرید نیروی کار ٢١ . ٢ درصد کاهش یافته است	1<2	unknown	explanation	explanation
با توجه به تفاوت نرخهای مذکور بین سالهای ۹۰ تا ۹۳ براساس این شاخص قدرت خرید نیروی کار ٢١ . ٢ درصد کاهش یافته است	و در بین سالهای ۹۳ تا اول سال ۹۶ ، با توجه به نگرش علمی به حوزه رفاه و دستمزد ، ١۵ درصد این رقم جبران شده است .	1<2	unknown	temporal	temporal
مشابه این روند درخصوص میانگین مستمریهای پرداختی از سوی سازمان تامین اجتماعی نیز مشهود است	اما به نظر میرسد رشد صورت گرفته .	1>2	unknown	summary	organization
گرچه آمار سال پایانی ( سال ۹۵ ) هنوز ارایه نشده	اما به نظر میرسد رشد صورت گرفته .	1>2	unknown	contrast	contrast
به عنوان مثال تورم سال ۸۹ باید مبنایی باشد برای تعیین حداقل دستمزد سال ۹۰ .	اما به نظر میرسد رشد صورت گرفته .	1<2	unknown	evaluation	comment
نکته اول : ماجرای اخیر کودتا در ترکیه در کنار دیگر بحثها ، کودتای السیسی در مصر را به یاد میآورد .	حقوق انسانها پایمال شد ،	1>2	unknown	background	frame
حقوق انسانها پایمال شد ،	عدهای کشته و تعداد بسیار بیشتری روانه زندانها و شکنجه گاههای نظامیان مصر شدند .	1<2	unknown	joint	conjunction
حقوق انسانها پایمال شد ،	سکوت شرم آور و دردآور غرب در قضیه کودتای مصر را نمی توان فراموش کرد ؛	1<2	unknown	joint	conjunction
حقوق انسانها پایمال شد ،	اما به فاصله چند سال همان غرب در قضیه کودتای ترکیه ناگهان به یاد حقوق بشر میافتد	1<2	unknown	contrast	contrast
اما به فاصله چند سال همان غرب در قضیه کودتای ترکیه ناگهان به یاد حقوق بشر میافتد	و از هر فرصت تبلیغاتیسای علیه دولت ترکیه استفاده میکند .	1<2	unknown	joint	conjunction
اگر خوب دقت کنید ،	متوجه میشوید در هر دو قضیه دستور کار جهان غرب حمایت از کودتا گران است .	1>2	unknown	condition	condition
حقوق انسانها پایمال شد ،	متوجه میشوید در هر دو قضیه دستور کار جهان غرب حمایت از کودتا گران است .	1<2	unknown	cause	causal
متوجه میشوید در هر دو قضیه دستور کار جهان غرب حمایت از کودتا گران است .	فرقی نمی کند که کودتا موفق بشود	1<2	unknown	elaboration	elaboration
فرقی نمی کند که کودتا موفق بشود	یا شکست بخورد .	1<2	unknown	joint	conjunction
حواسمان جمع باشد	که فریب تعارفات رایج در قالبهای کهنه را نخوریم .	1>2	unknown	background	frame
که فریب تعارفات رایج در قالبهای کهنه را نخوریم .	حمایت از دموکراسی و کرامت انسانی در قاموس این دولتها از یک تعارف بیشتر جلو نمی رود	1>2	unknown	cause	causal
متوجه میشوید در هر دو قضیه دستور کار جهان غرب حمایت از کودتا گران است .	حمایت از دموکراسی و کرامت انسانی در قاموس این دولتها از یک تعارف بیشتر جلو نمی رود	1<2	unknown	cause	causal
حمایت از دموکراسی و کرامت انسانی در قاموس این دولتها از یک تعارف بیشتر جلو نمی رود	و برای تزیین ویترین است .	1<2	unknown	joint	conjunction
حمایت از دموکراسی و کرامت انسانی در قاموس این دولتها از یک تعارف بیشتر جلو نمی رود	بحثی در این نیست	1<2	unknown	elaboration	elaboration
بحثی در این نیست	که هر دولتی در پی منافع ملی خود باشد ؛	1<2	unknown	elaboration	elaboration
بحثی در این نیست	اما نه به این قیمت که پا بر سر حقیقت بگذارد و تکیه گاهی شود	1<2	unknown	contrast	contrast
اما نه به این قیمت که پا بر سر حقیقت بگذارد و تکیه گاهی شود	برای امثال السیسی	1<2	unknown	explanation	explanation
برای امثال السیسی	که مردم را به زنجیر بکشند	1<2	unknown	elaboration	elaboration
که مردم را به زنجیر بکشند	و حقوق آنها را پایمال کنند .	1<2	unknown	joint	conjunction
متوجه میشوید در هر دو قضیه دستور کار جهان غرب حمایت از کودتا گران است .	یک ژنرال کودتاگر ترکیه آیا از آن جوان آزادی خواه مصری بشرتر است ؟	1<2	unknown	evaluation	comment
نکته دوم : رجب طیب اردوغان این روزها تند میراند .	تردیدی نیست که اردوغان علاوه بر خارج ، مخالفان جدیای در داخل ترکیه دارد ؛	1>2	unknown	background	frame
حقوق انسانها پایمال شد ،	تردیدی نیست که اردوغان علاوه بر خارج ، مخالفان جدیای در داخل ترکیه دارد ؛	1<2	unknown	joint	conjunction
تردیدی نیست که اردوغان علاوه بر خارج ، مخالفان جدیای در داخل ترکیه دارد ؛	احزاب مخالفی که در چند دور انتخابات از طریق صندوق رای نتوانستهاند اردوغان را شکست بدهند .	1<2	unknown	explanation	explanation
احزاب مخالفی که در چند دور انتخابات از طریق صندوق رای نتوانستهاند اردوغان را شکست بدهند .	ارتشی که در یک دهه گذشته بسیاری از امتیازات رانتی را واگذار کرده است .	1<2	unknown	joint	conjunction
احزاب مخالفی که در چند دور انتخابات از طریق صندوق رای نتوانستهاند اردوغان را شکست بدهند .	تشکیلات سازمان یافته بسیار گسترده گولن <*> در کنار فهرستی از دیگر مشکلات از چالشهای جدیای برای حکومت هستند ؛	1<2	unknown	joint	conjunction
تشکیلات سازمان یافته بسیار گسترده گولن <*> در کنار فهرستی از دیگر مشکلات از چالشهای جدیای برای حکومت هستند ؛	که کم کم با حضور در دستگاههای مختلف به تهدید درجه یک در ارزیابیهای اردوغان تبدیل شده است ،	1<2	unknown	elaboration	elaboration
تردیدی نیست که اردوغان علاوه بر خارج ، مخالفان جدیای در داخل ترکیه دارد ؛	اما روش مدیریت جاری نگران کننده است .	1<2	unknown	contrast	contrast
اما روش مدیریت جاری نگران کننده است .	دستگیری و حذف گسترده مخالفان ، آثار اجتماعی و روانی گستردهای خواهد داشت .	1<2	unknown	cause	causal
دستگیری و حذف گسترده مخالفان ، آثار اجتماعی و روانی گستردهای خواهد داشت .	این روش ، جامعه ترکیه را به دو قطب موافق و مخالف میکشاند	1<2	unknown	explanation	explanation
این روش ، جامعه ترکیه را به دو قطب موافق و مخالف میکشاند	و با تزریق خشونت آن را به سمت برخوردهای سنگین خواهد برد .	1<2	unknown	joint	conjunction
اما روش مدیریت جاری نگران کننده است .	خوب است این روزها اردوغان کمی ماندلابخواند .	1<2	unknown	evaluation	comment
سو استفاده سیاسی از رویدادی <*> از سوی هر جریان یا نهادی <*> مصداق فرصت طلبی غیر اخلاقی است .	اما یکی از مشکلات اساسی آن ، فرسودگی ناوگان است .	1>2	unknown	background	frame
سو استفاده سیاسی از رویدادی <*> از سوی هر جریان یا نهادی <*> مصداق فرصت طلبی غیر اخلاقی است .	که همه ایرانیان در غم آن شریک و سهیم هستند ،	1<2	unknown	elaboration	elaboration
از سوی هر جریان یا نهادی	که باشد ،	1<2	unknown	elaboration	elaboration
سو استفاده سیاسی از رویدادی <*> از سوی هر جریان یا نهادی <*> مصداق فرصت طلبی غیر اخلاقی است .	معمولا پس از سوانح مختلف ، عدهای بی توجه به سلسله علل و عوامل این اتفاقات <*> به حمله به یک یا چند مسیول و دولت میپردازند .	1<2	unknown	explanation	explanation
معمولا پس از سوانح مختلف ، عدهای بی توجه به سلسله علل و عوامل این اتفاقات <*> به حمله به یک یا چند مسیول و دولت میپردازند .	که ریشه در مسایل مختلفی دارد ،	1<2	unknown	elaboration	elaboration
میدانیم صنعت حمل و نقل هوایی از این مزیت برخوردار است	اما یکی از مشکلات اساسی آن ، فرسودگی ناوگان است .	1>2	unknown	contrast	contrast
میدانیم صنعت حمل و نقل هوایی از این مزیت برخوردار است	که نقاط کمتر توسعه یافته کشور را به توسعه برساند	1<2	unknown	elaboration	elaboration
اما یکی از مشکلات اساسی آن ، فرسودگی ناوگان است .	صنعت هوانوردی ایران در ردههای آخر کشورهای جهان قرار دارد	1>2	unknown	summary	organization
اما یکی از مشکلات اساسی آن ، فرسودگی ناوگان است .	موضوعی که هراس مسافران از سفرهای هوایی را افزایش داده	1<2	unknown	cause	causal
موضوعی که هراس مسافران از سفرهای هوایی را افزایش داده	و باعث بالارفتن مصرف قطعات یدکی و گاهی نیز زمین گیر شدن هواپیماها شده است .	1<2	unknown	joint	conjunction
اما یکی از مشکلات اساسی آن ، فرسودگی ناوگان است .	نوسازی ناوگان و تجهیزات ناوبری چالشی جدی است .	1<2	unknown	elaboration	elaboration
نوسازی ناوگان و تجهیزات ناوبری چالشی جدی است .	این تجهیزات عمدتا متعلق به دو نسل قبل است .	1<2	unknown	cause	causal
اما یکی از مشکلات اساسی آن ، فرسودگی ناوگان است .	به تبع این شرایط ، تعداد مسافران جابه جا شده در سال کاهش مییابد	1<2	unknown	cause	causal
به تبع این شرایط ، تعداد مسافران جابه جا شده در سال کاهش مییابد	و بهره وری هواپیماها به حداقل میرسد .	1<2	unknown	joint	conjunction
به تبع این شرایط ، تعداد مسافران جابه جا شده در سال کاهش مییابد	این که هواپیما در ۲۴ ساعت به طور متوسط چند ساعت در پرواز است ، در نرخ گذاری آن فاکتوری تعیین کننده است .	1<2	unknown	cause	causal
در این میان نباید از تاثیرات تحریمها در سالهای گذشته عبور کرد .	پیش از فعالیت دولت نهم ، تحریمها به شکل یک جانبه از سوی ایالات متحده علیه ایران اعمال میشد .	1>2	unknown	background	frame
اما یکی از مشکلات اساسی آن ، فرسودگی ناوگان است .	پیش از فعالیت دولت نهم ، تحریمها به شکل یک جانبه از سوی ایالات متحده علیه ایران اعمال میشد .	1<2	unknown	joint	conjunction
پیش از فعالیت دولت نهم ، تحریمها به شکل یک جانبه از سوی ایالات متحده علیه ایران اعمال میشد .	در دولت نهم پرونده ایران به شورای امنیت رفت	1<2	unknown	temporal	temporal
پیش از فعالیت دولت نهم ، تحریمها به شکل یک جانبه از سوی ایالات متحده علیه ایران اعمال میشد .	و تحریمها فراگیر شد .	1<2	unknown	temporal	temporal
آمریکا ، کانادا ، استرالیا ، اتحادیه اروپا ، کره ، ژاپن و . . . به عنوان بزرگ ترین کشورهای صنعتی ناگزیر از تبعیت از تحریمهای بانکی بودند	و این مسیله خرید هواپیمای نو را با مانع مواجه کرد .	1>2	unknown	cause	causal
پیش از فعالیت دولت نهم ، تحریمها به شکل یک جانبه از سوی ایالات متحده علیه ایران اعمال میشد .	و این مسیله خرید هواپیمای نو را با مانع مواجه کرد .	1<2	unknown	temporal	temporal
پیش از فعالیت دولت نهم ، تحریمها به شکل یک جانبه از سوی ایالات متحده علیه ایران اعمال میشد .	امروز استفاده از هواپیماهای با عمر بیش از ۱۵ سال فاقد توجیه اقتصادی است	1<2	unknown	elaboration	elaboration
امروز استفاده از هواپیماهای با عمر بیش از ۱۵ سال فاقد توجیه اقتصادی است	و پس از این مدت باید آن را فروخت .	1<2	unknown	cause	causal
امروز استفاده از هواپیماهای با عمر بیش از ۱۵ سال فاقد توجیه اقتصادی است	بله میتوان نیم قرن هم از یک هواپیما استفاده کرد	1<2	unknown	elaboration	elaboration
بله میتوان نیم قرن هم از یک هواپیما استفاده کرد	اما مقرون به صرفه نخواهد بود .	1<2	unknown	contrast	contrast
پیش از ارجاع پرونده ایران به شورای امنیت ، محصولاتی <*> ممنوع بود .	بنابراین هیچ موتوری را در دنیا نمیتوانستیم خریداری کنیم .	1>2	unknown	cause	causal
پیش از ارجاع پرونده ایران به شورای امنیت ، محصولاتی <*> ممنوع بود .	که بیش از ۱۰ درصد آن به وسیله آمریکا ساخته شده بود ،	1<2	unknown	elaboration	elaboration
فراموش نکنیم دست کم ۳۴ درصد سرمایه گذاری و سهام شرکتهای تولیدکننده موتور هواپیما در دنیا متعلق به آمریکا ست ؛	بنابراین هیچ موتوری را در دنیا نمیتوانستیم خریداری کنیم .	1>2	unknown	cause	causal
اما یکی از مشکلات اساسی آن ، فرسودگی ناوگان است .	بنابراین هیچ موتوری را در دنیا نمیتوانستیم خریداری کنیم .	1<2	unknown	joint	conjunction
بنابراین هیچ موتوری را در دنیا نمیتوانستیم خریداری کنیم .	راهکارهایی مانند خرید هواپیمای دست دوم با سن کم یا اجاره به شرط تملیک در دستور کار بود .	1<2	unknown	topic-comment	comment
اما یکی از مشکلات اساسی آن ، فرسودگی ناوگان است .	مشکلی که پس از قطع نامههای تحریمی شورای امنیت پدید آمد ، این بود	1<2	unknown	joint	conjunction
مشکلی که پس از قطع نامههای تحریمی شورای امنیت پدید آمد ، این بود	که کشورها علاوه بر اجتناب از فروش هواپیما ، از ارایه قطعات نیز پرهیز میکردند .	1<2	unknown	elaboration	elaboration
مشکلی که پس از قطع نامههای تحریمی شورای امنیت پدید آمد ، این بود	قطعات با چند برابر قیمت واقعی تامین میشد	1<2	unknown	cause	causal
قطعات با چند برابر قیمت واقعی تامین میشد	و موتور هواپیما نیز برای تعمیر به کشور سازنده انتقال پیدا نمیکرد .	1<2	unknown	joint	conjunction
اما یکی از مشکلات اساسی آن ، فرسودگی ناوگان است .	برخی کشورهای مقصد به هواپیماهای ایرانی سوخت نمیدادند	1<2	unknown	joint	conjunction
برخی کشورهای مقصد به هواپیماهای ایرانی سوخت نمیدادند	و نشست و برخاستهای غیر ضروری ، ۲۰ تا ۲۵ درصد به هزینه ایرلاینها میافزود .	1<2	unknown	elaboration	elaboration
اما یکی از مشکلات اساسی آن ، فرسودگی ناوگان است .	پیش از آن در جریان سفر رییس جمهوری دوران اصلاحات به فرانسه از رییس جمهور وقت آن کشور ، قول خرید چهار فروند ایرباس۳۳۰ گرفته شد	1<2	unknown	topic-comment	comment
پیش از آن در جریان سفر رییس جمهوری دوران اصلاحات به فرانسه از رییس جمهور وقت آن کشور ، قول خرید چهار فروند ایرباس۳۳۰ گرفته شد	که برد بلند و مناسب پروازهای طولانی دارد	1<2	unknown	elaboration	elaboration
پیش از آن در جریان سفر رییس جمهوری دوران اصلاحات به فرانسه از رییس جمهور وقت آن کشور ، قول خرید چهار فروند ایرباس۳۳۰ گرفته شد	اما آمریکا با استفاده از همان قانون داماتو ، مانع فروش این هواپیماها به ایران شد .	1<2	unknown	contrast	contrast
پیش از آن در جریان سفر رییس جمهوری دوران اصلاحات به فرانسه از رییس جمهور وقت آن کشور ، قول خرید چهار فروند ایرباس۳۳۰ گرفته شد	پیش از تحریمهای سازمان ملل این امکان وجود داشت <*> هواپیماهای مورد نیاز را وارد کشور کنیم .	1<2	unknown	joint	conjunction
که از طریق « لیزینگ »	هواپیماهای مورد نیاز را وارد کشور کنیم .	1>2	unknown	manner-means	mode
اما یکی از مشکلات اساسی آن ، فرسودگی ناوگان است .	با روی کارآمدن دولت یازدهم و توافق برجام <*> این امیدواری ایجاد شد	1<2	unknown	evaluation	comment
با روی کارآمدن دولت یازدهم و توافق برجام <*> این امیدواری ایجاد شد	که بند مشخص برای خرید هواپیماهای نو داشت ،	1<2	unknown	elaboration	elaboration
این امیدواری ایجاد شد	که نیاز کشور یعنی حدود ۲۵۰ فروند هواپیمای جدید در مسیرهای کوتاه ، متوسط و طولانی به کشور وارد شود .	1<2	unknown	elaboration	elaboration
اما یکی از مشکلات اساسی آن ، فرسودگی ناوگان است .	به طور طبیعی ایرلاینهای داخلی <*> سراغ خرید هواپیماهای کهنه و ارزان میروند .	1<2	unknown	elaboration	elaboration
به دلیل نبود توجیه اقتصادی ،	سراغ خرید هواپیماهای کهنه و ارزان میروند .	1>2	unknown	cause	causal
به طور طبیعی ایرلاینهای داخلی <*> سراغ خرید هواپیماهای کهنه و ارزان میروند .	چرا که اگر قیمت بلیت افزایش پیدا کند ،	1<2	unknown	cause	causal
چرا که اگر قیمت بلیت افزایش پیدا کند ،	برای مدتی به شدت مسافر کاهش مییابد	1<2	unknown	cause	causal
و اگر درصد اشغال صندلی از ۷۰ درصد پایین بیاید	دیگر برای آنها توجیه اقتصادی ندارد .	1>2	unknown	condition	condition
و اگر درصد اشغال صندلی از ۷۰ درصد پایین بیاید	و میزان ساعات پرواز در شبانه روز کاهش داشته باشد ،	1<2	unknown	joint	conjunction
چرا که اگر قیمت بلیت افزایش پیدا کند ،	دیگر برای آنها توجیه اقتصادی ندارد .	1<2	unknown	joint	conjunction
به طور طبیعی ایرلاینهای داخلی <*> سراغ خرید هواپیماهای کهنه و ارزان میروند .	از سوی دیگر سنگین بودن اقساط هواپیما نیز میتواند در سودآوری کوتاه مدت ایرلاینها اختلال ایجاد کند	1<2	unknown	joint	conjunction
از سوی دیگر سنگین بودن اقساط هواپیما نیز میتواند در سودآوری کوتاه مدت ایرلاینها اختلال ایجاد کند	و به همین دلیل اشکال مختلف تامین مالی ، مد نظر آنان قرار گرفته است .	1<2	unknown	cause	causal
اما یکی از مشکلات اساسی آن ، فرسودگی ناوگان است .	واقعا شایسته ملت ایران نیست هواپیمایی مانند « ام دی » سوار شوند	1<2	unknown	evaluation	comment
واقعا شایسته ملت ایران نیست هواپیمایی مانند « ام دی » سوار شوند	و مسیولان دولتی باید برای از رده خارج کردن تمامی این هواپیماهای فرسوده اقدام کنند .	1<2	unknown	joint	conjunction
صنعت هوانوردی ایران در ردههای آخر کشورهای جهان قرار دارد	و تجهیزات فرودگاهی نیز دچار نواقص جدی و بعضا متعلق به۲۰ تا ۲۵ سال قبل است	1<2	unknown	joint	conjunction
و تجهیزات فرودگاهی نیز دچار نواقص جدی و بعضا متعلق به۲۰ تا ۲۵ سال قبل است	که نیاز به به روزسانی فوری دارند تا ایمنی پروازها حفظ و از سوانحی مانند سانحه اخیر جلوگیری شود .	1<2	unknown	elaboration	elaboration
و تجهیزات فرودگاهی نیز دچار نواقص جدی و بعضا متعلق به۲۰ تا ۲۵ سال قبل است	بهتر است به جای مقصر دانستن این دولت یا آن وزارتخانه و دستگاه دیگر ، برای استفاده از مواهب برجام در زمینه خرید هواپیما ، نوعی همراهی میان همه نیروها و ارکان در کشور ایجاد شده	1<2	unknown	topic-comment	comment
بهتر است به جای مقصر دانستن این دولت یا آن وزارتخانه و دستگاه دیگر ، برای استفاده از مواهب برجام در زمینه خرید هواپیما ، نوعی همراهی میان همه نیروها و ارکان در کشور ایجاد شده	و باید به آن به عنوان یک پروژه ملی برای رفاه و تامین امنیت جانی مردم و نه رقابت با دولت نگریسته شود .	1<2	unknown	joint	conjunction
بهتر است به جای مقصر دانستن این دولت یا آن وزارتخانه و دستگاه دیگر ، برای استفاده از مواهب برجام در زمینه خرید هواپیما ، نوعی همراهی میان همه نیروها و ارکان در کشور ایجاد شده	همچنین لازم است که با استفاده از مدیران متخصص در ایرلاینهای مختلف ، بیش از پیش به بهره وری ظرفیتهای موجود توجه شود .	1<2	unknown	joint	conjunction
این روزها داعش تبدیل به محملی شده	« ترکیه تنها کشوری است که به درستی با داعش مقابله میکند . »	1>2	unknown	background	frame
این روزها داعش تبدیل به محملی شده	که هر کشور و گروهی خود را پشت مبارزه با آن پنهان کند	1<2	unknown	elaboration	elaboration
که هر کشور و گروهی خود را پشت مبارزه با آن پنهان کند	و در این زمینه طلبکار جهان شوند	1<2	unknown	joint	conjunction
و در این زمینه طلبکار جهان شوند	که ما در حال مبارزه با تروریسم و داعش هستیم ،	1<2	unknown	elaboration	elaboration
و در این زمینه طلبکار جهان شوند	حتی اگر زمانی خود شان نقش محوری در شکل گیری چنین هیولایی داشته باشند .	1<2	unknown	attribution	attribution
اخیرا نیز بنعالی ییلدیریم ، نخست وزیر ترکیه مدعی شده است که :	« ترکیه تنها کشوری است که به درستی با داعش مقابله میکند . »	1>2	unknown	attribution	attribution
وی در جریان مراسم گشایش پروژههای محیط زیستی در آنکارا گفت ،	جهان وانمود میکند که با تروریسم و این گروه تروریستی در جنگ است	1>2	unknown	attribution	attribution
« ترکیه تنها کشوری است که به درستی با داعش مقابله میکند . »	جهان وانمود میکند که با تروریسم و این گروه تروریستی در جنگ است	1<2	unknown	summary	organization
جهان وانمود میکند که با تروریسم و این گروه تروریستی در جنگ است	اما ترکیه واقعا دارد این کار را انجام میدهد .	1<2	unknown	contrast	contrast
« ترکیه تنها کشوری است که به درستی با داعش مقابله میکند . »	این که حکومت ترکیه چنین ادعایی دارد از عجایب است	1<2	unknown	topic-comment	comment
این که حکومت ترکیه چنین ادعایی دارد از عجایب است	زیرا مبارزه ترکها با داعش در دو منطقه صورت میگیرد :	1<2	unknown	cause	causal
زیرا مبارزه ترکها با داعش در دو منطقه صورت میگیرد :	اول در خاک ترکیه و دوم در خاک سوریه ،	1<2	unknown	elaboration	elaboration
این که حکومت ترکیه چنین ادعایی دارد از عجایب است	ولی دولت ترکیه هیچگاه زحمت پاسخ به این پرسش را به خود نمیدهد	1<2	unknown	contrast	contrast
ولی دولت ترکیه هیچگاه زحمت پاسخ به این پرسش را به خود نمیدهد	که بگوید داعش از کجا وارد ترکیه و سوریه شده است ؟	1<2	unknown	elaboration	elaboration
که بگوید داعش از کجا وارد ترکیه و سوریه شده است ؟	جز این که حضور آنان در این منطقه برای چند سال متمادی با حمایت دولت ترکیه بوده است ؟	1<2	unknown	joint	conjunction
که بگوید داعش از کجا وارد ترکیه و سوریه شده است ؟	چرا داع ش در کشورهای دیگر به جز عربستان و ترکیه حضور ندارد ؟	1<2	unknown	joint	conjunction
آیا دستگاههای امنیتی کشورهای دیگر از دستگاههای امنیتی ترکیه و عربستان قوی تر هستند	که اجازه حضور اعضای داعش را در سرزمین خود نمیدهند ؟	1>2	unknown	cause	causal
که بگوید داعش از کجا وارد ترکیه و سوریه شده است ؟	که اجازه حضور اعضای داعش را در سرزمین خود نمیدهند ؟	1<2	unknown	joint	conjunction
که اجازه حضور اعضای داعش را در سرزمین خود نمیدهند ؟	قطعا پاسخ این پرسش منفی است ،	1<2	unknown	topic-comment	comment
قطعا پاسخ این پرسش منفی است ،	چون دستگاههای امنیتی و اطلاعاتی این دو کشور به اندازه کافی قدرت دارند	1<2	unknown	cause	causal
چون دستگاههای امنیتی و اطلاعاتی این دو کشور به اندازه کافی قدرت دارند	که اجازه ندهند نیروهای داعش در قلمرو آنان حضور یابند .	1<2	unknown	enablement	purpose
بنابراین فقط به دو صورت ممکن است که این نیروها در قلمرو آنان حضور پیدا کرده باشند :	اول این که اهل آنجا و تبعه آن کشور باشند	1>2	unknown	background	frame
اول این که اهل آنجا و تبعه آن کشور باشند	از این رو با اطمینان میتوان گفت که اندیشه و ذهنیت القاعده و سپس داعش در عربستان به صورت غیررسمی یا نیمه رسمی حمایت شده است	1>2	unknown	background	frame
اول این که اهل آنجا و تبعه آن کشور باشند	که این حالت برای عربستان مصداق بیشتری دارد	1<2	unknown	elaboration	elaboration
که این حالت برای عربستان مصداق بیشتری دارد	و عموم نیروهای داعش در عربستان از اتباع آن کشور هستند .	1<2	unknown	joint	conjunction
ولی این نیز برای فعالیت آنان کفایت نمیکند .	باید آنان در مراحل خاصی آزادی عمل میداشتند	1>2	unknown	cause	causal
اول این که اهل آنجا و تبعه آن کشور باشند	باید آنان در مراحل خاصی آزادی عمل میداشتند	1<2	unknown	joint	conjunction
باید آنان در مراحل خاصی آزادی عمل میداشتند	که هستههای قدرتمندی را شکل دهند .	1<2	unknown	enablement	purpose
ولی دولت ترکیه هیچگاه زحمت پاسخ به این پرسش را به خود نمیدهد	از این رو با اطمینان میتوان گفت که اندیشه و ذهنیت القاعده و سپس داعش در عربستان به صورت غیررسمی یا نیمه رسمی حمایت شده است	1<2	unknown	topic-comment	comment
از این رو با اطمینان میتوان گفت که اندیشه و ذهنیت القاعده و سپس داعش در عربستان به صورت غیررسمی یا نیمه رسمی حمایت شده است	و این گروه توانسته در آنجا ریشه بدواند	1<2	unknown	cause	causal
و این گروه توانسته در آنجا ریشه بدواند	و سپس در مراحل افراطی تر خود اقدام به عمل کرده است .	1<2	unknown	temporal	temporal
از این رو با اطمینان میتوان گفت که اندیشه و ذهنیت القاعده و سپس داعش در عربستان به صورت غیررسمی یا نیمه رسمی حمایت شده است	ولی در ترکیه تا حدی راه حل دوم غالب است .	1<2	unknown	contrast	contrast
ولی در ترکیه تا حدی راه حل دوم غالب است .	یعنی دولت ترکیه اجازه حضور نیروهای بین المللی داعش را در سرزمین و قلمرو خود داده است .	1<2	unknown	explanation	explanation
یعنی دولت ترکیه اجازه حضور نیروهای بین المللی داعش را در سرزمین و قلمرو خود داده است .	با این هدف که آنان را به عنوان ابزاری علیه دولت سوریه و عراق استفاده کند	1<2	unknown	cause	causal
یعنی دولت ترکیه اجازه حضور نیروهای بین المللی داعش را در سرزمین و قلمرو خود داده است .	و اتفاقا این کار را انجام هم دادند	1<2	unknown	joint	conjunction
یعنی دولت ترکیه اجازه حضور نیروهای بین المللی داعش را در سرزمین و قلمرو خود داده است .	و در مراحل اولیه در اجرای این هدف خود موفق بودند .	1<2	unknown	joint	conjunction
ولی به مرور زمان که اوضاع این گروه در سوریه و عراق به ضعف گرایید	آنان توجه خود را معطوف به ترکیه کردند	1>2	unknown	cause	causal
ولی به مرور زمان که اوضاع این گروه در سوریه و عراق به ضعف گرایید	و فشارها علیه ترکیه نیز افزایش یافت ،	1<2	unknown	temporal	temporal
یعنی دولت ترکیه اجازه حضور نیروهای بین المللی داعش را در سرزمین و قلمرو خود داده است .	آنان توجه خود را معطوف به ترکیه کردند	1<2	unknown	contrast	contrast
آنان توجه خود را معطوف به ترکیه کردند	و بیشترین اقدامات تروریستی خود را در ترکیه انجام دادند	1<2	unknown	joint	conjunction
آنان توجه خود را معطوف به ترکیه کردند	و طبیعی است که ترکها نیز به مقابله با آنها برخیزند	1<2	unknown	cause	causal
و طبیعی است که ترکها نیز به مقابله با آنها برخیزند	و تلفات زیادی هم بدهند	1<2	unknown	cause	causal
و طبیعی است که ترکها نیز به مقابله با آنها برخیزند	ولی این اقدامات به معنای مبارزه ریشهای با داعش نیست ،	1<2	unknown	contrast	contrast
ولی این اقدامات به معنای مبارزه ریشهای با داعش نیست ،	بلکه به منزله دفاع از خود شان است	1<2	unknown	contrast	contrast
بلکه به منزله دفاع از خود شان است	که به نحوی در وقوع آن نیز مسوولیت دارند	1<2	unknown	elaboration	elaboration
ولی این اقدامات به معنای مبارزه ریشهای با داعش نیست ،	و به قول معروف « خودکرده را تدبیر نیست » .	1<2	unknown	evaluation	comment
ولی این اقدامات به معنای مبارزه ریشهای با داعش نیست ،	بنابراین مبارزه دولت ترکیه با داعش ، اصیل نیست .	1<2	unknown	cause	causal
اگر به هر دلیل داع ش با ترکیه کاری نمیداشت ،	همچنان میتوانست تحت حمایت آنها باشد .	1>2	unknown	condition	condition
آنان توجه خود را معطوف به ترکیه کردند	همچنان میتوانست تحت حمایت آنها باشد .	1<2	unknown	evaluation	comment
شاید آنان مرتکب این اشتباه شدند که به ترکیه حمله کردند ،	ولی در هر حال مخالفت ترکیه با داعش فاقد اصالت است .	1>2	unknown	contrast	contrast
آنان توجه خود را معطوف به ترکیه کردند	ولی در هر حال مخالفت ترکیه با داعش فاقد اصالت است .	1<2	unknown	evaluation	comment
نکته دیگری که باید به آن توجه داشت این است	به همین دلیل حملات به شهر الباب را سامان داد	1>2	unknown	cause	causal
نکته دیگری که باید به آن توجه داشت این است	که دولت ترکیه دنبال محملی برای حضور نظامی در سوریه بود .	1<2	unknown	elaboration	elaboration
برای این کار چارهای نداشت	تا این که خود را در پوشش مبارزه با داعش عرضه کند	1>2	unknown	background	frame
تا این که خود را در پوشش مبارزه با داعش عرضه کند	به همین دلیل حملات به شهر الباب را سامان داد	1>2	unknown	cause	causal
به همین دلیل حملات به شهر الباب را سامان داد	دولت ترکیه مبارزه با داعش را محمل و پوشش و توجیه خود برای حضور غیرقانونی در سوریه قرار داده است .	1>2	unknown	summary	organization
به همین دلیل حملات به شهر الباب را سامان داد	تا خود را در صف مقدم مبارزه با داعش معرفی کند	1<2	unknown	enablement	purpose
ولی هنگامی که میبینیم همزمان از نیروهای افراطی و سلفی دیگر حمایت میکند ،	متوجه میشویم که این ادعای دولت ترکیه نیز فاقد اعتبار است .	1>2	unknown	background	frame
ولی هنگامی که میبینیم همزمان از نیروهای افراطی و سلفی دیگر حمایت میکند ،	نیروهایی که در گذشته منبع اصلی نیروگیری برای داعش بوده اند ،	1<2	unknown	elaboration	elaboration
تا خود را در صف مقدم مبارزه با داعش معرفی کند	متوجه میشویم که این ادعای دولت ترکیه نیز فاقد اعتبار است .	1<2	unknown	explanation	explanation
از این رو با اطمینان میتوان گفت که اندیشه و ذهنیت القاعده و سپس داعش در عربستان به صورت غیررسمی یا نیمه رسمی حمایت شده است	دولت ترکیه مبارزه با داعش را محمل و پوشش و توجیه خود برای حضور غیرقانونی در سوریه قرار داده است .	1<2	unknown	joint	conjunction
اگر این دولت در مبارزه با تروریسم و داعش صادق بود ،	باید در برابر نیروهای مشابه آنان نیز مواضع مشابهی اتخاذ میکرد	1>2	unknown	condition	condition
دولت ترکیه مبارزه با داعش را محمل و پوشش و توجیه خود برای حضور غیرقانونی در سوریه قرار داده است .	باید در برابر نیروهای مشابه آنان نیز مواضع مشابهی اتخاذ میکرد	1<2	unknown	explanation	explanation
باید در برابر نیروهای مشابه آنان نیز مواضع مشابهی اتخاذ میکرد	و اجازه نمیداد که تروریسم بین المللی به راحتی در ترکیه جولان دهد	1<2	unknown	joint	conjunction
باید در برابر نیروهای مشابه آنان نیز مواضع مشابهی اتخاذ میکرد	و از این طریق به سوریه و عراق رفت وآمد کند .	1<2	unknown	joint	conjunction
اگر داعش مرتکب اقدامات تروریستی در غرب و نیز ترکیه نمیشد ،	به طور قطع همچنان تحت حمایت این دولتها بود	1>2	unknown	condition	condition
دولت ترکیه مبارزه با داعش را محمل و پوشش و توجیه خود برای حضور غیرقانونی در سوریه قرار داده است .	به طور قطع همچنان تحت حمایت این دولتها بود	1<2	unknown	evaluation	comment
به طور قطع همچنان تحت حمایت این دولتها بود	و میتوانست به اقدامات جنایتکارانه خود در منطقه ادامه دهد	1<2	unknown	joint	conjunction
به طور قطع همچنان تحت حمایت این دولتها بود	ولی به هر دلیلی آنان از خطوط قرمز غرب عبور کردند	1<2	unknown	contrast	contrast
ولی به هر دلیلی آنان از خطوط قرمز غرب عبور کردند	و ترکیه و اروپا و امریکا را نیز نشانه گرفتند	1<2	unknown	joint	conjunction
ولی به هر دلیلی آنان از خطوط قرمز غرب عبور کردند	در نتیجه فشار را بر خود شان افزایش دادند .	1<2	unknown	cause	causal
موضوع احتمال کسری ١۷هزارمیلیارتومانی یارانهها قبلا به عنوان معضل ناکافی بودن منابع پرداختشده ، بارها از سوی اقتصاددانان عنوان شده بود ‪ .	اگرچه این موضوع خبر از سومدیریت در نحوه اجرای طرح هدفمندی میدهد	1>2	unknown	background	frame
موضوع احتمال کسری ١۷هزارمیلیارتومانی یارانهها قبلا به عنوان معضل ناکافی بودن منابع پرداختشده ، بارها از سوی اقتصاددانان عنوان شده بود ‪ .	‬ این سکه استفاده دولت از منابع غیرهدفمندی برای تامین یارانه نقدی خانوار ، امری خلاف قانون است .	1<2	unknown	elaboration	elaboration
اگرچه این موضوع خبر از سومدیریت در نحوه اجرای طرح هدفمندی میدهد	اما مشکلات این طرح ، فراتر از این مسایل است	1>2	unknown	contrast	contrast
اما مشکلات این طرح ، فراتر از این مسایل است	و ردپای نگاهی غیراقتصادی در اصرار بر پرداخت نقدی به مردم از ابتدا مشخص بود .	1<2	unknown	joint	conjunction
اما مشکلات این طرح ، فراتر از این مسایل است	از سوی دیگر وقتی در مقیاسی به این بزرگی ، پرداخت یارانه صورت میگیرد - حدود ۵۰میلیون نفر و به قول دولت ۷۰میلیون نفر - امکان بررسی ونظارت بر صحت و سقم ادعای دولت در پرداخت ماهانه این مبلغ کاری بسیار پرهزینه بوده	1<2	unknown	contrast	contrast
از سوی دیگر وقتی در مقیاسی به این بزرگی ، پرداخت یارانه صورت میگیرد - حدود ۵۰میلیون نفر و به قول دولت ۷۰میلیون نفر - امکان بررسی ونظارت بر صحت و سقم ادعای دولت در پرداخت ماهانه این مبلغ کاری بسیار پرهزینه بوده	و شاید امکانپذیر نباشد .	1<2	unknown	joint	conjunction
اتفاقی <*> این است که بیم آن میرود بخشی از این منابع به سمت و سوی دیگر انحراف پیدا کند .	شاید به همین دلیل هیچکس نمیتواند آمارهای اعلام شده را تایید کند .	1>2	unknown	evaluation	comment
اتفاقی <*> این است که بیم آن میرود بخشی از این منابع به سمت و سوی دیگر انحراف پیدا کند .	که در این فضا میافتد ،	1<2	unknown	elaboration	elaboration
اما مشکلات این طرح ، فراتر از این مسایل است	شاید به همین دلیل هیچکس نمیتواند آمارهای اعلام شده را تایید کند .	1<2	unknown	topic-comment	comment
شاید به همین دلیل هیچکس نمیتواند آمارهای اعلام شده را تایید کند .	از ابتدا ، زمینهسازی برای اجرای طرح دارای مشکلاتی بود .	1<2	unknown	explanation	explanation
از ابتدا ، زمینهسازی برای اجرای طرح دارای مشکلاتی بود .	فرمهایی <*> هیچ وقت اجرا نشد .	1<2	unknown	elaboration	elaboration
فرمهایی <*> هیچ وقت اجرا نشد .	که در ابتدا به عنوان « ثبت اطلاعات خانوار » تهیه شد	1<2	unknown	elaboration	elaboration
توجه داشته باشید	۳۰درصد جمعیت در روستاها به سر میبرند	1>2	unknown	background	frame
طبق اعلام مرکز آمار ،	۳۰درصد جمعیت در روستاها به سر میبرند	1>2	unknown	attribution	attribution
اما مشکلات این طرح ، فراتر از این مسایل است	۳۰درصد جمعیت در روستاها به سر میبرند	1<2	unknown	explanation	explanation
۳۰درصد جمعیت در روستاها به سر میبرند	و در شهرها <*> خیلی از خانوارها <*> یارانه دریافت نمیکنند .	1<2	unknown	joint	conjunction
و در شهرها <*> خیلی از خانوارها <*> یارانه دریافت نمیکنند .	تا جایی که میدانم	1<2	unknown	elaboration	elaboration
خیلی از خانوارها	که جزو طبقه متوسط و نسبتا پایین نیز به شمار میروند ،	1<2	unknown	elaboration	elaboration
این اشکال از روز اول مطرح بود	اما فضای هیجانی ، امکان طرح مسایل جدی و دقیق را نمیدهد .	1>2	unknown	contrast	contrast
۳۰درصد جمعیت در روستاها به سر میبرند	اما فضای هیجانی ، امکان طرح مسایل جدی و دقیق را نمیدهد .	1<2	unknown	elaboration	elaboration
۳۰درصد جمعیت در روستاها به سر میبرند	نکته مهم دیگر این است که پرداخت به بنگاههای تولیدی نیز همان مسایل را دارد	1<2	unknown	comparison	concession
نکته مهم دیگر این است که پرداخت به بنگاههای تولیدی نیز همان مسایل را دارد	که در پرداخت به خانوارها به چشم میخورد .	1<2	unknown	elaboration	elaboration
شناسایی بنگاهها و پرداخت ۳۰درصدی به آنها <*> دشواریهای خاص خود را دارد	ترجیح داده شده که اساسا کل این بخش نادیده گرفته شود .	1>2	unknown	contrast	contrast
شناسایی بنگاهها و پرداخت ۳۰درصدی به آنها <*> دشواریهای خاص خود را دارد	-که اصلا عددی در مقابل هزینههای امروز به شمار نمیرود به حساب نمیآید -	1<2	unknown	elaboration	elaboration
اما به دلیل این که صدای آنها بلندتر از مردم است	ترجیح داده شده که اساسا کل این بخش نادیده گرفته شود .	1>2	unknown	cause	causal
اما به دلیل این که صدای آنها بلندتر از مردم است	و میتوانند انعکاس دهند که به بنگاه مشابه آنها چند برابر پرداخت صورت گرفته ،	1<2	unknown	joint	conjunction
نکته مهم دیگر این است که پرداخت به بنگاههای تولیدی نیز همان مسایل را دارد	ترجیح داده شده که اساسا کل این بخش نادیده گرفته شود .	1<2	unknown	elaboration	elaboration
در خاتمه سوال اساسیتر دیگری باید پاسخ داده شود .	این که آیا تعدیل تولید در کشور ، برنامهریزیشده بوده است ؟	1>2	unknown	background	frame
این که آیا تعدیل تولید در کشور ، برنامهریزیشده بوده است ؟	آنگاه با مزیت تولید ، هزینه تولید کالا کاهش مییافت ،	1>2	unknown	topic-comment	comment
نگارنده بر این باور است که جایگزینی واردات ، امری اتفاقی و تصادفی نبود .	آنگاه با مزیت تولید ، هزینه تولید کالا کاهش مییافت ،	1>2	unknown	topic-comment	comment
دولتی	آنگاه با مزیت تولید ، هزینه تولید کالا کاهش مییافت ،	1>2	unknown	topic-comment	comment
دولتی	که میتوانست منابع هنگفت نفتی که بالغ بر ۷۰۰میلیارد دلار در این هفت سال بوده و حتی نیمی از آن را در تولید کشور مصروف کند ،	1<2	unknown	elaboration	elaboration
دولتی	چرا به این کار مبادرت نورزیده است ؟	1<2	unknown	joint	conjunction
اگر این اتفاق رخ میداد	میتوانست موجب رونق کشور ، افزایش تولید ناخالص ملی و تولید اشتغال مولد شود .	1>2	unknown	condition	condition
اگر این اتفاق رخ میداد	و این مبلغ در اختیار بخش خصوصی توانمند قرار میگرفت ،	1<2	unknown	joint	conjunction
میتوانست موجب رونق کشور ، افزایش تولید ناخالص ملی و تولید اشتغال مولد شود .	آنگاه با مزیت تولید ، هزینه تولید کالا کاهش مییافت ،	1>2	unknown	condition	condition
اما مشکلات این طرح ، فراتر از این مسایل است	آنگاه با مزیت تولید ، هزینه تولید کالا کاهش مییافت ،	1<2	unknown	joint	conjunction
به علت افزایش شغل و دستمزد ،	یارانه نقدی فقط به اقشار نیازمند تعلق میگرفت	1>2	unknown	cause	causal
آنگاه با مزیت تولید ، هزینه تولید کالا کاهش مییافت ،	یارانه نقدی فقط به اقشار نیازمند تعلق میگرفت	1<2	unknown	temporal	temporal
آنگاه با مزیت تولید ، هزینه تولید کالا کاهش مییافت ،	و اینطور به دلیل تورم ، بیاثر نمیشد .	1<2	unknown	temporal	temporal
انتخابات ریاست جمهوری آمریکا به پایان رسید .	پیروز واقعی این انتخابات دونالد ترامپ و بازنده واقعی آن هیلاری کلینتون نبود .	1>2	unknown	evaluation	comment
پیروز واقعی این انتخابات دونالد ترامپ و بازنده واقعی آن هیلاری کلینتون نبود .	برنده این انتخابات تودههای خشمگین بودند و بازنده آن نخبگان ناآگاه .	1<2	unknown	contrast	contrast
پیروز واقعی این انتخابات دونالد ترامپ و بازنده واقعی آن هیلاری کلینتون نبود .	انتخابات سال ٢۰١۶ ، جدال مرسوم حزبی برای تصاحب کرسی ریاست جمهوری آمریکا نبود	1<2	unknown	explanation	explanation
که اگر چنین بود ،	این گونه طرفین دعوا ، یکدیگر را لجن مال نمیکردند ،	1>2	unknown	condition	condition
این گونه طرفین دعوا ، یکدیگر را لجن مال نمیکردند ،	بلکه نبردی برای « بودن آمریکا » و « شدن آمریکا » بود .	1>2	unknown	evaluation	comment
انتخابات سال ٢۰١۶ ، جدال مرسوم حزبی برای تصاحب کرسی ریاست جمهوری آمریکا نبود	بلکه نبردی برای « بودن آمریکا » و « شدن آمریکا » بود .	1<2	unknown	contrast	contrast
انتخابات سال ٢۰١۶ ، جدال مرسوم حزبی برای تصاحب کرسی ریاست جمهوری آمریکا نبود	گروه نخست ، بر هر آنچه اکنون آمریکا به شمار میآید ، افتخار میکرد	1<2	unknown	explanation	explanation
گروه نخست ، بر هر آنچه اکنون آمریکا به شمار میآید ، افتخار میکرد	و گروه دوم ، در پی آمریکای بهتری بود .	1<2	unknown	comparison	concession
گروه نخست ، بر هر آنچه اکنون آمریکا به شمار میآید ، افتخار میکرد	گروه نخست مدافع وضع موجود بود	1<2	unknown	joint	conjunction
گروه نخست مدافع وضع موجود بود	و گروه دوم در آتش تغییر وضع موجود میسوخت .	1<2	unknown	comparison	concession
گروه نخست ، بر هر آنچه اکنون آمریکا به شمار میآید ، افتخار میکرد	گروه نخست پول ، نفوذ و رسانه داشت .	1<2	unknown	joint	conjunction
گروه نخست پول ، نفوذ و رسانه داشت .	اما تنها داشته گروه دوم ، امید بود ؛	1<2	unknown	contrast	contrast
اما تنها داشته گروه دوم ، امید بود ؛	امید به اقتصاد بهتر ، به شغل بیشتر ، به امنیت وسیع تر و به اخلاق متعالی تر .	1<2	unknown	elaboration	elaboration
اما تنها داشته گروه دوم ، امید بود ؛	این امید در فردی جسور ، مستقل و ساختارشکن متجلی شد ؛	1<2	unknown	elaboration	elaboration
این امید در فردی جسور ، مستقل و ساختارشکن متجلی شد ؛	مردی <*> پا به میدان گذاشت	1<2	unknown	elaboration	elaboration
مردی <*> پا به میدان گذاشت	که خود روزگاری درون تشکیلات حاکم ، رییس جمهور میساخت ،	1<2	unknown	elaboration	elaboration
و با وجود ثروت چند میلیارددلاری	به ناجی فقرا و آسیب دیدگان از بحرانهای متعدد سیاسی ، اقتصادی ، اجتماعی و هویتی آمریکا بدل شد .	1>2	unknown	contrast	contrast
مردی <*> پا به میدان گذاشت	به ناجی فقرا و آسیب دیدگان از بحرانهای متعدد سیاسی ، اقتصادی ، اجتماعی و هویتی آمریکا بدل شد .	1<2	unknown	joint	conjunction
فارغ از این که آیا این انتخاب صحیح بوده است یا خیر ،	آنچه اهمیت دارد ، این است که تودهها در نهایت بر نخبگان فایق آمدند	1>2	unknown	manner-means	mode
پیروز واقعی این انتخابات دونالد ترامپ و بازنده واقعی آن هیلاری کلینتون نبود .	آنچه اهمیت دارد ، این است که تودهها در نهایت بر نخبگان فایق آمدند	1<2	unknown	elaboration	elaboration
آنچه اهمیت دارد ، این است که تودهها در نهایت بر نخبگان فایق آمدند	و تشکیلات ، سرانجام مقهور ضدتشکیلات شد .	1<2	unknown	joint	conjunction
آنچه اهمیت دارد ، این است که تودهها در نهایت بر نخبگان فایق آمدند	در این انتخابات ، حمایت گران اقتصادی ، بر مدافعان جهانی شدن	1<2	unknown	joint	conjunction
آنچه اهمیت دارد ، این است که تودهها در نهایت بر نخبگان فایق آمدند	شورید	1<2	unknown	joint	conjunction
پیروز واقعی این انتخابات دونالد ترامپ و بازنده واقعی آن هیلاری کلینتون نبود .	ند	1<2	unknown	evaluation	comment
ند	و انزواطلبان ، بین الملل گرایان را به زیر کشیدند .	1<2	unknown	joint	conjunction
ند	ترامپ نه مبدع شکافهای اجتماعی که حاصل این شکافها بود .	1<2	unknown	joint	conjunction
ترامپ نه مبدع شکافهای اجتماعی که حاصل این شکافها بود .	شم اقتصادی ترامپ ، نیاز جامعه را شناسایی کرد	1<2	unknown	manner-means	mode
شم اقتصادی ترامپ ، نیاز جامعه را شناسایی کرد	و برای آن کالای جذابی ساخت .	1<2	unknown	temporal	temporal
شم اقتصادی ترامپ ، نیاز جامعه را شناسایی کرد	ترامپ « سوپرمن وار » پا به میدان گذاشت	1<2	unknown	temporal	temporal
و راه حلهای بسیار سادهای را برای مشکلات بسیار دشوار ارایه کرد . <*> اکنون انتخاباتی	جنبش تحول خواه ، با کنارزدن تشکیلاتی فاسد و ناکارآمد ، به نخستین موفقیت خود دست یافته است	1>2	unknown	summary	organization
و راه حلهای بسیار سادهای را برای مشکلات بسیار دشوار ارایه کرد . <*> اکنون انتخاباتی	ذهن ساده ساز توده مردم آمریکا نیز به این « سوپرمن » نوظهور دل بست .	1<2	unknown	elaboration	elaboration
و راه حلهای بسیار سادهای را برای مشکلات بسیار دشوار ارایه کرد . <*> اکنون انتخاباتی	که به عنوان انتخابات قرن آمریکا لقب گرفته بود ، <*> اما غولی	1<2	unknown	contrast	contrast
که به عنوان انتخابات قرن آمریکا لقب گرفته بود ، <*> اما غولی	به پایان رسیده است .	1<2	unknown	elaboration	elaboration
که به عنوان انتخابات قرن آمریکا لقب گرفته بود ، <*> اما غولی	که ترامپ را از چراغ جادو خارج کرده است ،	1<2	unknown	explanation	explanation
که ترامپ را از چراغ جادو خارج کرده است ،	به جای نخست خود برنخواهد گشت .	1<2	unknown	joint	conjunction
پیروز واقعی این انتخابات دونالد ترامپ و بازنده واقعی آن هیلاری کلینتون نبود .	جنبش تحول خواه ، با کنارزدن تشکیلاتی فاسد و ناکارآمد ، به نخستین موفقیت خود دست یافته است	1<2	unknown	joint	conjunction
جنبش تحول خواه ، با کنارزدن تشکیلاتی فاسد و ناکارآمد ، به نخستین موفقیت خود دست یافته است	و برای موفقیتهای بعدی بی قراری میکند .	1<2	unknown	elaboration	elaboration
جنبش تحول خواه ، با کنارزدن تشکیلاتی فاسد و ناکارآمد ، به نخستین موفقیت خود دست یافته است	چهل وپنجمین رییس جمهوری آمریکا چارهای ندارد	1<2	unknown	cause	causal
چهل وپنجمین رییس جمهوری آمریکا چارهای ندارد	جز این که به این مطالبات عینیت بخشد ؛	1<2	unknown	joint	conjunction
چهل وپنجمین رییس جمهوری آمریکا چارهای ندارد	درحالی که براساس سنت دیرپای سیاسی در آمریکا ، بسیاری از روسای جمهوری این کشور بعد از کسب پیروزی یا وعدههای خود را فراموش میکنند <*> گام برداشتن در این مسیر ، برای کسی	1<2	unknown	contrast	contrast
درحالی که براساس سنت دیرپای سیاسی در آمریکا ، بسیاری از روسای جمهوری این کشور بعد از کسب پیروزی یا وعدههای خود را فراموش میکنند <*> گام برداشتن در این مسیر ، برای کسی	یا به بهانههایی همچون مانع تراشی مخالفان دولت ، از اجرای آنان سر باز میزنند .	1<2	unknown	elaboration	elaboration
درحالی که براساس سنت دیرپای سیاسی در آمریکا ، بسیاری از روسای جمهوری این کشور بعد از کسب پیروزی یا وعدههای خود را فراموش میکنند <*> گام برداشتن در این مسیر ، برای کسی	که غول تحول خواهی را بیدار کرده ،	1<2	unknown	joint	conjunction
که غول تحول خواهی را بیدار کرده ،	خودکشی سیاسی است ؛	1<2	unknown	elaboration	elaboration
جنبش تحول خواه ، با کنارزدن تشکیلاتی فاسد و ناکارآمد ، به نخستین موفقیت خود دست یافته است	ضمن این که میتواند موجب ناامیدی از تغییرات موثر و مدنی در این کشور شود ؛	1<2	unknown	contrast	contrast
ضمن این که میتواند موجب ناامیدی از تغییرات موثر و مدنی در این کشور شود ؛	موضوعی که اعتراضات خشونت آمیز را رقم خواهد زد . <*> که نیم قرن پیش ، یک رییس جمهوری متفاوت به نام جان اف کندی را حذف فیزیکی کرد ،	1<2	unknown	explanation	explanation
موضوعی که اعتراضات خشونت آمیز را رقم خواهد زد . <*> که نیم قرن پیش ، یک رییس جمهوری متفاوت به نام جان اف کندی را حذف فیزیکی کرد ،	درعین حال ، حتی در صورت عزم جدی ترامپ برای تحقق بخشیدن به وعدههای خود ، دور از انتظار خواهد بود که الیگارشی حاکم بر آمریکا ، به تغییرات ساختارشکنانه مدنظر رییس جمهوری جدید این کشور تن دهد .	1<2	unknown	elaboration	elaboration
این تشکیلات	که نیم قرن پیش ، یک رییس جمهوری متفاوت به نام جان اف کندی را حذف فیزیکی کرد ،	1>2	unknown	condition	condition
جنبش تحول خواه ، با کنارزدن تشکیلاتی فاسد و ناکارآمد ، به نخستین موفقیت خود دست یافته است	حتی اگر این اتفاق دوباره رخ ندهد ،	1<2	unknown	cause	causal
دولت در تصمیم جدیدی به خیال خود قیمت گذاری خودرو را آزاد کرده است	دولت در حالی میخواهد براساس ارز مبادلاتی قیمتها را تعیین کند	1>2	unknown	summary	organization
دولت در تصمیم جدیدی به خیال خود قیمت گذاری خودرو را آزاد کرده است	اما مساله این است که دولت به هیچ وجه دخالت خود را حذف نکرده و نمیکند .	1<2	unknown	contrast	contrast
در همین آیین نامه نوشته شده	که سازمان حمایت از مصرف کننده قیمت را تعیین میکند	1>2	unknown	attribution	attribution
اما مساله این است که دولت به هیچ وجه دخالت خود را حذف نکرده و نمیکند .	که سازمان حمایت از مصرف کننده قیمت را تعیین میکند	1<2	unknown	explanation	explanation
اما مساله این است که دولت به هیچ وجه دخالت خود را حذف نکرده و نمیکند .	و خودروسازان در این میان هیچ سودی نخواهند برد .	1<2	unknown	cause	causal
براساس محاسبات قبلی سازمان حمایت از مصرف ،	خودروسازان تا پایان سال 3500 میلیارد تومان ضرر میکنند .	1>2	unknown	attribution	attribution
اما مساله این است که دولت به هیچ وجه دخالت خود را حذف نکرده و نمیکند .	خودروسازان تا پایان سال 3500 میلیارد تومان ضرر میکنند .	1<2	unknown	explanation	explanation
طبق قانون برنامه پنجم توسعه ،	در شرایطی <*> دولت باید ضرر و زیان تولیدکننده را جبران کند .	1>2	unknown	attribution	attribution
خودروسازان تا پایان سال 3500 میلیارد تومان ضرر میکنند .	در شرایطی <*> دولت باید ضرر و زیان تولیدکننده را جبران کند .	1<2	unknown	explanation	explanation
در شرایطی <*> دولت باید ضرر و زیان تولیدکننده را جبران کند .	که قیمت گذاری را دولت تکلیف کند	1<2	unknown	explanation	explanation
که قیمت گذاری را دولت تکلیف کند	و این قیمتها به صورت عادلانه نباشد ،	1<2	unknown	joint	conjunction
در شرایطی <*> دولت باید ضرر و زیان تولیدکننده را جبران کند .	اما دولت عزمی برای جبران این زیان ندارد .	1<2	unknown	contrast	contrast
اما دولت عزمی برای جبران این زیان ندارد .	چنان که مبلغ درخواستی دوهزار میلیارد تومان خودروسازان را تاکنون پرداخت نکرده	1<2	unknown	explanation	explanation
چنان که مبلغ درخواستی دوهزار میلیارد تومان خودروسازان را تاکنون پرداخت نکرده	و خیالی هم برای پرداخت ندارد .	1<2	unknown	joint	conjunction
در شرایطی <*> دولت باید ضرر و زیان تولیدکننده را جبران کند .	حالا با روش جدیدی <*> خودروسازان هیچ سودی نخواهند کرد .	1<2	unknown	joint	conjunction
حالا با روش جدیدی <*> خودروسازان هیچ سودی نخواهند کرد .	که 12اشتباه محاسباتی در آن وجود دارد ،	1<2	unknown	elaboration	elaboration
بلکه دولت با استفاده از ما ، قیمتها را افزایش داده	در واقع ، سود افزایش قیمت خودرو به دولت میرسد	1>2	unknown	summary	organization
بلکه دولت با استفاده از ما ، قیمتها را افزایش داده	و مابه التفاوت آن را از تولیدکنندگان دریافت خواهد کرد ،	1<2	unknown	joint	conjunction
حالا با روش جدیدی <*> خودروسازان هیچ سودی نخواهند کرد .	در واقع ، سود افزایش قیمت خودرو به دولت میرسد	1<2	unknown	contrast	contrast
در واقع ، سود افزایش قیمت خودرو به دولت میرسد	و بدبینی مردم و گرفتاریها به خودروسازان خواهد رسید .	1<2	unknown	contrast	contrast
دولت در حالی میخواهد براساس ارز مبادلاتی قیمتها را تعیین کند	که یک دلار به تولیدگران تخصیص نیافته	1<2	unknown	contrast	contrast
که یک دلار به تولیدگران تخصیص نیافته	و همه واردات با ارز آزاد بوده است .	1<2	unknown	joint	conjunction
که یک دلار به تولیدگران تخصیص نیافته	همچنین همه راههای دریافت تسهیلات را بسته است .	1<2	unknown	joint	conjunction
دولت در حالی میخواهد براساس ارز مبادلاتی قیمتها را تعیین کند	در همین حال از تولیدکنندگان میخواهد تا متعهد شوند حجم تولید را بالا ببرند	1<2	unknown	joint	conjunction
در همین حال از تولیدکنندگان میخواهد تا متعهد شوند حجم تولید را بالا ببرند	در حالی که شرایط را برای ما تسهیل نکرده است .	1<2	unknown	contrast	contrast
دولت در حالی میخواهد براساس ارز مبادلاتی قیمتها را تعیین کند	در بخش دیگری سازمان حمایت از مصرف خواسته تا اسناد مثبته را ارایه کنیم .	1<2	unknown	joint	conjunction
در حالی که ما برای خروج حسابها 8 درصد پول میدهیم	ما در این وضعیت چطور میتوانیم اسناد آن را ارایه کنیم .	1>2	unknown	background	frame
در حالی که ما برای خروج حسابها 8 درصد پول میدهیم	و همه این روند غیرقانونی است ،	1<2	unknown	joint	conjunction
در بخش دیگری سازمان حمایت از مصرف خواسته تا اسناد مثبته را ارایه کنیم .	ما در این وضعیت چطور میتوانیم اسناد آن را ارایه کنیم .	1<2	unknown	contrast	contrast
مطابق قانون و آیین نامه جدید ،	خودروسازان هیچ حقی ندارند	1>2	unknown	attribution	attribution
دولت در حالی میخواهد براساس ارز مبادلاتی قیمتها را تعیین کند	خودروسازان هیچ حقی ندارند	1<2	unknown	evaluation	comment
خودروسازان هیچ حقی ندارند	و سازمان حمایت از مصرف قیمتها را تعیین میکند	1<2	unknown	joint	conjunction
خودروسازان هیچ حقی ندارند	و خودروسازان نیز باید هر سه ماه یک بار مابه التفاوتها را به حساب دولت واریز کنند .	1<2	unknown	joint	conjunction
پس از شروع بهار عربی در منطقه خاورمیانه	بسیاری از کشورها در برابر آن ایستادگی کردند .	1>2	unknown	temporal	temporal
بسیاری از کشورها در برابر آن ایستادگی کردند .	این عامل باعث تیرگی روابط ایران و ترکیه شد .	1>2	unknown	background	frame
در این میان برداشت ترکیه به عنوان یکی از بازیگران منطقه این بود که سوریه در عرض سه ماه دچار تغییر و تحول بنیادین شود	و در این مسیر تلاشهایی نیز انجام داد .	1>2	unknown	cause	causal
بسیاری از کشورها در برابر آن ایستادگی کردند .	و در این مسیر تلاشهایی نیز انجام داد .	1<2	unknown	jointmult	conjunction
از سوی دیگر ایران در برابر تغییر و تحولات بنیادین در ساختار سیاسی سوریه واکنش نشان داد	این عامل باعث تیرگی روابط ایران و ترکیه شد .	1>2	unknown	cause	causal
از سوی دیگر ایران در برابر تغییر و تحولات بنیادین در ساختار سیاسی سوریه واکنش نشان داد	و تصمیم گرفت از هم پیمان قدیمی خود حمایت کند .	1<2	unknown	jointmult	conjunction
این عامل باعث تیرگی روابط ایران و ترکیه شد .	پیش از این ایران و ترکیه روابط خوبی را پشت سر گذاشته بودند	1<2	unknown	background	frame
پیش از این ایران و ترکیه روابط خوبی را پشت سر گذاشته بودند	و در عرصههای تجاری و بازرگانی ، انرژی و همکاری در برابر « پ ک ک » با یکدیگر همکاریهایی داشتند .	1<2	unknown	explanation	explanation
پس از به وجودآمدن تنش در میان روابط ترکیه و ایران ،	دو کشور سعی کردند که در برخی عرصهها روابط سابق خود را تا حدودی احیا کنند .	1>2	unknown	temporal	temporal
این عامل باعث تیرگی روابط ایران و ترکیه شد .	دو کشور سعی کردند که در برخی عرصهها روابط سابق خود را تا حدودی احیا کنند .	1<2	unknown	contrastmult	contrast
دو کشور سعی کردند که در برخی عرصهها روابط سابق خود را تا حدودی احیا کنند .	این همکاریها به صورت محدود در مواردی <*> اتفاق افتاد .	1<2	unknown	contrastmult	contrast
مانند برگزاری نشست ١۵ در استانبول	اتفاق افتاد .	1>2	unknown	elaboration	elaboration
در ماجرای مساله آزادی گروگانها ما شاهد هستیم که ایران <*> با ترکیه رایزنی کرد .	بنابراین طبیعی بود ترکیه <*> نقش محوری در پایان گروگانگیری ایرانیها ایفا کند .	1>2	unknown	attribution	attribution
در راستای احیای همکاریهای گذشته خود ،	با ترکیه رایزنی کرد .	1>2	unknown	enablement	purpose
از نظر ترکیه	تمایل ایران برای رایزنی ، فرصت و امتیازی بود برای اثبات حسن نیت « آنکارا » در قبال تهران ،	1>2	unknown	attribution	attribution
در ماجرای مساله آزادی گروگانها ما شاهد هستیم که ایران <*> با ترکیه رایزنی کرد .	تمایل ایران برای رایزنی ، فرصت و امتیازی بود برای اثبات حسن نیت « آنکارا » در قبال تهران ،	1<2	unknown	jointmult	conjunction
تمایل ایران برای رایزنی ، فرصت و امتیازی بود برای اثبات حسن نیت « آنکارا » در قبال تهران ،	زیرا همگامی ترکیه میتوانست اندکی از تنش موجود در روابط دو کشور را تعدیل کند .	1<2	unknown	cause	causal
به نظر میرسد سوریه در این ماجرا نتوانسته نقشی جدی ایفا کند .	بنابراین طبیعی بود ترکیه <*> نقش محوری در پایان گروگانگیری ایرانیها ایفا کند .	1>2	unknown	evaluation	comment
به نظر میرسد سوریه در این ماجرا نتوانسته نقشی جدی ایفا کند .	زیرا دولت سوریه در میان مخالفان جایگاهی ندارد .	1<2	unknown	cause	causal
به نظر میرسد سوریه در این ماجرا نتوانسته نقشی جدی ایفا کند .	از سوی دیگر گروگانها در اختیار مخالفان بودند نه دولت بشار اسد .	1<2	unknown	jointmult	conjunction
این عامل باعث تیرگی روابط ایران و ترکیه شد .	بنابراین طبیعی بود ترکیه <*> نقش محوری در پایان گروگانگیری ایرانیها ایفا کند .	1<2	unknown	explanation	explanation
بنابراین طبیعی بود ترکیه <*> نقش محوری در پایان گروگانگیری ایرانیها ایفا کند .	که دارای مناسبات نزدیکی با معارضان سوری است ،	1<2	unknown	elaboration	elaboration
بنابراین طبیعی بود ترکیه <*> نقش محوری در پایان گروگانگیری ایرانیها ایفا کند .	این گام مثبت « آنکارا » میتواند دیپلماتهای ایرانی وترکیهای را به افزایش همکاری در حوزههای مورد اختلاف دیگر ، ترغیب کند .	1<2	unknown	causemult	causal
حمله اسراییل به سوریه با اظهارنظرهای متفاوت پیچیده شده ،	و نبودن خبر دقیق و منبع مستقل و همچنین واکنش نشان ندادن اسراییل ارزیابی در مورد این موضوع را دشوار کرده است .	1<2	unknown	joint	conjunction
سوریه گزارش کرده	که هواپیماهای اسراییلی به یک مرکز تحقیقات نظامی حمله کردهاند	1>2	unknown	attribution	attribution
حمله اسراییل به سوریه با اظهارنظرهای متفاوت پیچیده شده ،	که هواپیماهای اسراییلی به یک مرکز تحقیقات نظامی حمله کردهاند	1<2	unknown	elaboration	elaboration
و برخی منابع لبنانی نیز گفتهاند	که هدف این هواپیماها یک ستون نظامی سوریه بوده	1>2	unknown	attribution	attribution
که هواپیماهای اسراییلی به یک مرکز تحقیقات نظامی حمله کردهاند	که هدف این هواپیماها یک ستون نظامی سوریه بوده	1<2	unknown	joint	conjunction
که هدف این هواپیماها یک ستون نظامی سوریه بوده	که برای گروههای شبه نظامی لبنان موشک حمل میکرده است .	1<2	unknown	elaboration	elaboration
که هواپیماهای اسراییلی به یک مرکز تحقیقات نظامی حمله کردهاند	این دو گزینه هریک به نوعی و با تحلیلی میتواند قابل قبول باشد .	1<2	unknown	evaluation	comment
حمله اسراییل به سوریه با اظهارنظرهای متفاوت پیچیده شده ،	اظهارات دولتمردان سوری از آن جهت میتواند صحت داشته باشد	1<2	unknown	explanation	explanation
که اکنون که سوریه درگیر جنگ داخلی است	و نیروهای اپوزیسیون و نیروهای دولتی پا به پای هم در حال جنگ و برخورد با یکدیگرند ،	1>2	unknown	temporal	temporal
و نیروهای اپوزیسیون و نیروهای دولتی پا به پای هم در حال جنگ و برخورد با یکدیگرند ،	اسراییلیها از تضعیف سوریه خرسندند .	1>2	unknown	cause	causal
اسراییلیها از تضعیف سوریه خرسندند .	درگیریهای گسترده داخلی سوریه با از بین بردن امکانات زیربنایی ، سوریه ضعیف و گرفتاری را به ارث خواهد گذاشت	1>2	unknown	summary	organization
اظهارات دولتمردان سوری از آن جهت میتواند صحت داشته باشد	درگیریهای گسترده داخلی سوریه با از بین بردن امکانات زیربنایی ، سوریه ضعیف و گرفتاری را به ارث خواهد گذاشت	1<2	unknown	cause	causal
درگیریهای گسترده داخلی سوریه با از بین بردن امکانات زیربنایی ، سوریه ضعیف و گرفتاری را به ارث خواهد گذاشت	که مطلوب اسراییل است .	1<2	unknown	elaboration	elaboration
این در حالی است که تا چندی پیش اسراییل از ماندن دولت اسد استقبال میکرد	چراکه دولت اسد اگرچه حامی مقاومت است	1>2	unknown	explanation	explanation
درگیریهای گسترده داخلی سوریه با از بین بردن امکانات زیربنایی ، سوریه ضعیف و گرفتاری را به ارث خواهد گذاشت	چراکه دولت اسد اگرچه حامی مقاومت است	1<2	unknown	background	frame
چراکه دولت اسد اگرچه حامی مقاومت است	اما دولتی مسوولیت پذیر است	1<2	unknown	contrast	contrast
اما دولتی مسوولیت پذیر است	و در طول ۵۰ سال حکومت خاندان اسد بر سوریه هیچ گاه حملهای از جانب سوریه به اسراییل اتفاق نیفتاد	1<2	unknown	cause	causal
و در طول ۵۰ سال حکومت خاندان اسد بر سوریه هیچ گاه حملهای از جانب سوریه به اسراییل اتفاق نیفتاد	و مرز سوریه و اسراییل ، امن ترین مرز سوریه بود .	1<2	unknown	joint	conjunction
چراکه دولت اسد اگرچه حامی مقاومت است	اما امروز اسراییل نگران سوریه پس از اسد و روی کار آمدن نیروهای افراطی نیست	1<2	unknown	contrast	contrast
اما امروز اسراییل نگران سوریه پس از اسد و روی کار آمدن نیروهای افراطی نیست	و از هرج ومرج کنونی نهایت استفاده را به نفع خود میبرد .	1<2	unknown	joint	conjunction
بنابراین اگر سناریوی اول یعنی حمله اسراییل به مرکز نظامی سوری ، صحت داشته باشد	می تواند به دولت سوریه کمک کند	1>2	unknown	condition	condition
بنابراین اگر سناریوی اول یعنی حمله اسراییل به مرکز نظامی سوری ، صحت داشته باشد	و جنبه تبلیغاتی نداشته باشد ،	1<2	unknown	joint	conjunction
چراکه دولت اسد اگرچه حامی مقاومت است	می تواند به دولت سوریه کمک کند	1<2	unknown	evaluation	comment
می تواند به دولت سوریه کمک کند	تا به طرز جدی تری همکاری مخالفان ش با صهیونیست و کشورهای غربی را اثبات کند .	1<2	unknown	enablement	purpose
می تواند به دولت سوریه کمک کند	امری که طبیعتا به ضرر مخالفان و به نفع اسد تمام خواهد شد	1<2	unknown	evaluation	comment
اظهارات دولتمردان سوری از آن جهت میتواند صحت داشته باشد	اما سناریوی دوم حمله اسراییل به کاروان حامل سلاح برای انتقال به لبنان و نیروهای مقاومت است .	1<2	unknown	joint	conjunction
این مساله همواره از نگرانیهای اسراییل بوده	و طبیعی است که در شرایط کنونی این حساسیت بیشتر شده باشد .	1>2	unknown	evaluation	comment
اما سناریوی دوم حمله اسراییل به کاروان حامل سلاح برای انتقال به لبنان و نیروهای مقاومت است .	و طبیعی است که در شرایط کنونی این حساسیت بیشتر شده باشد .	1<2	unknown	background	frame
اظهارات دولتمردان سوری از آن جهت میتواند صحت داشته باشد	در واکنش به این اقدام اسراییل کشورهای منطقهای باید گزینه خویشتنداری را مدنظر قرار دهند	1<2	unknown	condition	condition
در واکنش به این اقدام اسراییل کشورهای منطقهای باید گزینه خویشتنداری را مدنظر قرار دهند	چراکه با توجه به جنگ داخلی سوریه ، هرگونه دخالت خارجی اوضاع را از این نیز پیچیده تر میکند .	1<2	unknown	cause	causal
چرا که بررسی تجربه کشورهای مشابه کشور ما نشان میدهد	که این افزایش تا حد بسیار زیادی غیرکارشناسی است .	1>2	unknown	attribution	attribution
افزایش تقاضا برای ورود به کارشناسیارشد در سالهای اخیر یک افزایش غیرمعمول است	که این افزایش تا حد بسیار زیادی غیرکارشناسی است .	1<2	unknown	explanation	explanation
افزایش تقاضا برای ورود به کارشناسیارشد در سالهای اخیر یک افزایش غیرمعمول است	در رابطه با دلایل افزایش تقاضا برای ورود به دوره کارشناسیارشد میتوان گفت که <*> سعی در ادامه تحصیل و ورود به دوره کارشناسی ارشد دارد .	1<2	unknown	topic-comment	comment
وقتی دانشجو در دوره لیسانس و پس از فارغالتحصیلی از این دوره نمیتواند در بازار کار سهم قابل توجهی به دست بیاورد ،	سعی در ادامه تحصیل و ورود به دوره کارشناسی ارشد دارد .	1>2	unknown	background	frame
در رابطه با دلایل افزایش تقاضا برای ورود به دوره کارشناسیارشد میتوان گفت که <*> سعی در ادامه تحصیل و ورود به دوره کارشناسی ارشد دارد .	این مورد هماکنون باعث شده تعداد زیادی از فارغالتحصیلان دوره لیسانس برای ورود به کارشناسیارشد اقدام کنند .	1<2	unknown	elaboration	elaboration
در رابطه با دلایل افزایش تقاضا برای ورود به دوره کارشناسیارشد میتوان گفت که <*> سعی در ادامه تحصیل و ورود به دوره کارشناسی ارشد دارد .	از طرف دیگر نکته حایز اهمیت تلاشی است	1<2	unknown	joint	conjunction
از طرف دیگر نکته حایز اهمیت تلاشی است	که دانشگاههای کشور برای افزایش سهم خود در پذیرش دانشجویان در دورههای کارشناسیارشد دارند ،	1<2	unknown	elaboration	elaboration
از طرف دیگر نکته حایز اهمیت تلاشی است	مقداری از این افزایش ظرفیت از سوی دانشگاهها قابل تقدیر است	1<2	unknown	evaluation	comment
مقداری از این افزایش ظرفیت از سوی دانشگاهها قابل تقدیر است	اما مساله مهم تحمیل ظرفیت از سوی متقاضیان و جامعه به دانشگاههای کشور است .	1<2	unknown	contrast	contrast
مقداری از این افزایش ظرفیت از سوی دانشگاهها قابل تقدیر است	در طرف دیگر این افزایش ظرفیت تا حدی میتواند برای دانشگاههای کشور به نکته نگرانکنندهای تبدیل شود .	1<2	unknown	contrast	contrast
هماکنون شیوه آموزشی در دوره کارشناسیارشد در برخی دانشگاهها به شکل پژوهشمحور است	نگرانیهایی برای کاهش کیفیت به وجود میآید .	1>2	unknown	background	frame
هماکنون شیوه آموزشی در دوره کارشناسیارشد در برخی دانشگاهها به شکل پژوهشمحور است	که دانشگاهها باید با امکانات آزمایشگاهی ، کارگاهی و سایر امکانات آموزشهایی را به دانشجویان ارایه دهند	1<2	unknown	elaboration	elaboration
حال اگر دانشگاهها بیش از ظرفیت خود اقدام به پذیرش دانشجو کنند	نگرانیهایی برای کاهش کیفیت به وجود میآید .	1>2	unknown	condition	condition
در طرف دیگر این افزایش ظرفیت تا حدی میتواند برای دانشگاههای کشور به نکته نگرانکنندهای تبدیل شود .	نگرانیهایی برای کاهش کیفیت به وجود میآید .	1<2	unknown	explanation	explanation
در رابطه با دلایل افزایش تقاضا برای ورود به دوره کارشناسیارشد میتوان گفت که <*> سعی در ادامه تحصیل و ورود به دوره کارشناسی ارشد دارد .	نکته دیگر این است که <*> شاهد مهاجرت و اعزام برخی متقاضیان به کشورهایی میشویم	1<2	unknown	joint	conjunction
اگر دانشگاههای ما توان پاسخگویی به سیل متقاضیان ورود به کارشناسیارشد را نداشته باشند	شاهد مهاجرت و اعزام برخی متقاضیان به کشورهایی میشویم	1>2	unknown	condition	condition
شاهد مهاجرت و اعزام برخی متقاضیان به کشورهایی میشویم	که حتی سطح علمی پایینتری نسبت به دانشگاههای ما دارند .	1<2	unknown	elaboration	elaboration
نکته دیگر این است که <*> شاهد مهاجرت و اعزام برخی متقاضیان به کشورهایی میشویم	این مساله باعث میشود بخش زیادی از توان علمی و نیروی انسانی کشور به همراه بخش زیادی از ارز کشور به کشورهای دیگر وارد شود .	1<2	unknown	cause	causal
در رابطه با دلایل افزایش تقاضا برای ورود به دوره کارشناسیارشد میتوان گفت که <*> سعی در ادامه تحصیل و ورود به دوره کارشناسی ارشد دارد .	نکته دیگر بحث عدم تعادل ظرفیتها بین رشتههای فنی ، مهندسی و علوم پایه در مقایسه با علومانسانی است .	1<2	unknown	joint	conjunction
نکته دیگر بحث عدم تعادل ظرفیتها بین رشتههای فنی ، مهندسی و علوم پایه در مقایسه با علومانسانی است .	بسیاری از مراکز دانشگاهی معتبر در دنیا در رشتههای فنی ، مهندسی و علوم پایه تولید علم میکنند	1<2	unknown	elaboration	elaboration
بسیاری از مراکز دانشگاهی معتبر در دنیا در رشتههای فنی ، مهندسی و علوم پایه تولید علم میکنند	و نسبت تولید علم در این رشتهها نسبت به علومانسانی قابل مقایسه نیست .	1<2	unknown	joint	conjunction
بسیاری از مراکز دانشگاهی معتبر در دنیا در رشتههای فنی ، مهندسی و علوم پایه تولید علم میکنند	این که چرا هماکنون بخش زیادی از ظرفیتهای دانشگاههای کشور برای دوره کارشناسیارشد مربوط به رشتههای علومانسانی میشود به گسترش بیرویه پذیرش در رشتههای علومانسانی در مقطع لیسانس برمیگردد .	1<2	unknown	contrast	contrast
این که چرا هماکنون بخش زیادی از ظرفیتهای دانشگاههای کشور برای دوره کارشناسیارشد مربوط به رشتههای علومانسانی میشود به گسترش بیرویه پذیرش در رشتههای علومانسانی در مقطع لیسانس برمیگردد .	در حال حاضر بخش زیادی از دانشجویان ما در دوره لیسانس جذب رشتههای علومانسانی میشوند	1<2	unknown	elaboration	elaboration
در حال حاضر بخش زیادی از دانشجویان ما در دوره لیسانس جذب رشتههای علومانسانی میشوند	که این مساله در نوع خود باعث عدم تعادل پذیرش در رشتههای دانشگاهی میشود .	1<2	unknown	cause	causal
این مساله بار دیگر ثابت کرد	که نحوه فعالیت و شیوه تفکر و عمل راستها در اغلب نقاط دنیا به ویژه فرانسه به گونه ای است	1>2	unknown	attribution	attribution
ماجرای دستگیری نیکلا سارکوزی ، رییس جمهور سابق فرانسه و همسر ش کارلا برونی به اتهام تلاش برای خروج اموال خود از این کشور برای فرار از مالیات ، خبری تکان دهنده است .	که نحوه فعالیت و شیوه تفکر و عمل راستها در اغلب نقاط دنیا به ویژه فرانسه به گونه ای است	1<2	unknown	joint	conjunction
که نحوه فعالیت و شیوه تفکر و عمل راستها در اغلب نقاط دنیا به ویژه فرانسه به گونه ای است	که درگیر شدن آنها در مسایل فساد انگیز مالی یا اعطای رانت به برخی لابیها در آنها بیشتر است	1<2	unknown	elaboration	elaboration
چه این که منافع شخصی برای آنها اهمیت بیشتری دارد	و به همین جهت ، بیشتر در معرض فریب و خطا قرار میگیرند .	1>2	unknown	cause	causal
که نحوه فعالیت و شیوه تفکر و عمل راستها در اغلب نقاط دنیا به ویژه فرانسه به گونه ای است	و به همین جهت ، بیشتر در معرض فریب و خطا قرار میگیرند .	1<2	unknown	cause	causal
که نحوه فعالیت و شیوه تفکر و عمل راستها در اغلب نقاط دنیا به ویژه فرانسه به گونه ای است	در سوی مقابل گروههای دیگر سیاسی به ویژه چپهای میانه <*> شرایط متفاوتی نسبت به راستها دارند	1<2	unknown	contrast	contrast
در سوی مقابل گروههای دیگر سیاسی به ویژه چپهای میانه <*> شرایط متفاوتی نسبت به راستها دارند	به دلیل پرنسیب اجتماعی	1<2	unknown	cause	causal
به دلیل پرنسیب اجتماعی	و این که به جامعه و مردم فکر میکنند ،	1<2	unknown	joint	conjunction
در سوی مقابل گروههای دیگر سیاسی به ویژه چپهای میانه <*> شرایط متفاوتی نسبت به راستها دارند	و عمدتا دچار فساد مالی نمیشوند .	1<2	unknown	joint	conjunction
ماجرای دستگیری نیکلا سارکوزی ، رییس جمهور سابق فرانسه و همسر ش کارلا برونی به اتهام تلاش برای خروج اموال خود از این کشور برای فرار از مالیات ، خبری تکان دهنده است .	این که جایگاه و حرمت ریاست جمهوری در کشوری مثل فرانسه ، فدای منافع مادی شود امری بسیار مذموم در افکار عمومی آنها و البته فضای بین المللی است	1<2	unknown	background	frame
و فرانسویها	معتقد	1>2	unknown	attribution	attribution
این که جایگاه و حرمت ریاست جمهوری در کشوری مثل فرانسه ، فدای منافع مادی شود امری بسیار مذموم در افکار عمومی آنها و البته فضای بین المللی است	معتقد	1<2	unknown	explanation	explanation
این که جایگاه و حرمت ریاست جمهوری در کشوری مثل فرانسه ، فدای منافع مادی شود امری بسیار مذموم در افکار عمومی آنها و البته فضای بین المللی است	ند <*> در عین حال فراموش نکنیم هنوز یک سال از برکناری رییس جمهور آلمان	1<2	unknown	joint	conjunction
ند <*> در عین حال فراموش نکنیم هنوز یک سال از برکناری رییس جمهور آلمان	هیچ چیز ، ارزش این جایگاه را ندارد .	1<2	unknown	elaboration	elaboration
این که جایگاه و حرمت ریاست جمهوری در کشوری مثل فرانسه ، فدای منافع مادی شود امری بسیار مذموم در افکار عمومی آنها و البته فضای بین المللی است	که تخلف مالی کوچک تری را مرتکب شده بود ، <*> این که در کمتر از یک سال ، روسای جمهور فعلی و پیشین مهم ترین کشورهای اروپایی	1<2	unknown	evaluation	comment
که تخلف مالی کوچک تری را مرتکب شده بود ، <*> این که در کمتر از یک سال ، روسای جمهور فعلی و پیشین مهم ترین کشورهای اروپایی	نمیگذرد .	1<2	unknown	cause	causal
که تخلف مالی کوچک تری را مرتکب شده بود ، <*> این که در کمتر از یک سال ، روسای جمهور فعلی و پیشین مهم ترین کشورهای اروپایی	به علت فساد مالی ،	1<2	unknown	explanation	explanation
به علت فساد مالی ،	با پرونده قضایی دست به گریبان شده اند ، امری قابل تامل است .	1<2	unknown	condition	condition
ماجرای دستگیری نیکلا سارکوزی ، رییس جمهور سابق فرانسه و همسر ش کارلا برونی به اتهام تلاش برای خروج اموال خود از این کشور برای فرار از مالیات ، خبری تکان دهنده است .	بازداشت کردن رییس جمهور سابق در کشوری مانند فرانسه ، مستلزم این است که اتهام سنگین باشد	1<2	unknown	elaboration	elaboration
بازداشت کردن رییس جمهور سابق در کشوری مانند فرانسه ، مستلزم این است که اتهام سنگین باشد	اگرنه پلیس و دستگاه قضایی ، وارد چنین موضوعی نمیشوند .	1<2	unknown	explanation	explanation
اگرنه پلیس و دستگاه قضایی ، وارد چنین موضوعی نمیشوند .	این که اکنون دولت رقیب راستها در فرانسه بر سر کار است ، نمیتواند نوعی « پاپوش درست کردن » برای رقیب را تداعی کند .	1<2	unknown	contrast	contrast
این که اکنون دولت رقیب راستها در فرانسه بر سر کار است ، نمیتواند نوعی « پاپوش درست کردن » برای رقیب را تداعی کند .	شاید در مرحله شکایت و جنجال سازی در رقابتهای انتخاباتی برای بیرون کردن کاندیدای رقیب از کارزار انتخاباتی ، چنین رفتارهایی از سوی جریانات سیاسی رقیب دیده شود <*> باید توجه داشت در کشورهایی	1<2	unknown	explanation	explanation
شاید در مرحله شکایت و جنجال سازی در رقابتهای انتخاباتی برای بیرون کردن کاندیدای رقیب از کارزار انتخاباتی ، چنین رفتارهایی از سوی جریانات سیاسی رقیب دیده شود <*> باید توجه داشت در کشورهایی	اما دستگاه قضایی در این کشورها ، آبروی خود را فدای امیال دستگاه اجرایی نمیکند .	1<2	unknown	elaboration	elaboration
شاید در مرحله شکایت و جنجال سازی در رقابتهای انتخاباتی برای بیرون کردن کاندیدای رقیب از کارزار انتخاباتی ، چنین رفتارهایی از سوی جریانات سیاسی رقیب دیده شود <*> باید توجه داشت در کشورهایی	که مدیریت در آنها « وسعت » دارد	1<2	unknown	comparison	concession
شاید در مرحله شکایت و جنجال سازی در رقابتهای انتخاباتی برای بیرون کردن کاندیدای رقیب از کارزار انتخاباتی ، چنین رفتارهایی از سوی جریانات سیاسی رقیب دیده شود <*> باید توجه داشت در کشورهایی	مشاغل اداری رسمی آنقدر مهم نیست	1<2	unknown	explanation	explanation
مشاغل اداری رسمی آنقدر مهم نیست	که در کشورهای « شرق » و جهان سوم اهمیت دارد .	1<2	unknown	elaboration	elaboration
مشاغل اداری رسمی آنقدر مهم نیست	در کشورهای اروپایی ، شرکتهای چندملیتی یا کمپانیها ، شرکتهای عظیمی هستند	1<2	unknown	joint	conjunction
بازداشت کردن رییس جمهور سابق در کشوری مانند فرانسه ، مستلزم این است که اتهام سنگین باشد	که به اندازه یک دولت ، اثر گذار هستند .	1<2	unknown	contrast	contrast
در نزد آنها مقامات اداری ، اهمیت عجیب و غریب شرق را ندارد .	نکته دیگر به ضعف عملکردی آقای سارکوزی باز میگردد	1>2	unknown	contrast	contrast
که به اندازه یک دولت ، اثر گذار هستند .	نکته دیگر به ضعف عملکردی آقای سارکوزی باز میگردد	1<2	unknown	elaboration	elaboration
نکته دیگر به ضعف عملکردی آقای سارکوزی باز میگردد	که اگرچه در محافل راستی محبوب بود	1<2	unknown	elaboration	elaboration
نکته دیگر به ضعف عملکردی آقای سارکوزی باز میگردد	اما در محافل عمومی ، فاقد اهمیتی بود <*> و « داشته »هایی	1<2	unknown	joint	conjunction
اما در محافل عمومی ، فاقد اهمیتی بود <*> و « داشته »هایی	که یک رییس جمهور باید داشته باشد	1<2	unknown	elaboration	elaboration
اما در محافل عمومی ، فاقد اهمیتی بود <*> و « داشته »هایی	که باید در وجود مقام عالی اجرایی باشد	1<2	unknown	cause	causal
را نداشت	و همین باعث شد تا تنها یک دوره در الیزه بماند .	1>2	unknown	cause	causal
بازداشت کردن رییس جمهور سابق در کشوری مانند فرانسه ، مستلزم این است که اتهام سنگین باشد	و همین باعث شد تا تنها یک دوره در الیزه بماند .	1<2	unknown	evaluation	comment
و همین باعث شد تا تنها یک دوره در الیزه بماند .	آنچه مشخص است این که دموکراسی برای آنها از همه ملاحظات مهم تر است ،	1<2	unknown	contrast	contrast
آنچه مشخص است این که دموکراسی برای آنها از همه ملاحظات مهم تر است ،	بر این اساس ، در کشورهای دموکرات واقعی ، فساد در قدرت ، تعارف بردار نیست .	1<2	unknown	joint	conjunction
آنچه مشخص است این که دموکراسی برای آنها از همه ملاحظات مهم تر است ،	در عین حال تبریه شدن در دادگاه نیز ، موجب اعاده حیثیت یک مسوول شده	1<2	unknown	explanation	explanation
در عین حال تبریه شدن در دادگاه نیز ، موجب اعاده حیثیت یک مسوول شده	و به تقویت جایگاه او در قدرت و سیاست منجر خواهد شد .	1<2	unknown	contrast	contrast
و به تقویت جایگاه او در قدرت و سیاست منجر خواهد شد .	صرف رفتن به دادگاه برای افکار عمومی این کشورها ، به معنی مجرم بودن قطعی افراد تلقی نخواهد شد .	1<2	unknown	elaboration	elaboration
حضور رضا پهلوی ولیعهد سابق ایران در تلویزیون رسمی دولتی چین ، اسباب تکدرخاطر بسیاری از مسوولان و دولتمردان ما را فراهم ساخته ؛	زیرا به تعبیر سفارت ایران در چین ، این اقدام « کم سابقه و معنادار » و نوعی « مداخله در امور داخلی ایران » تلقی می شود .	1<2	unknown	cause	causal
حضور رضا پهلوی ولیعهد سابق ایران در تلویزیون رسمی دولتی چین ، اسباب تکدرخاطر بسیاری از مسوولان و دولتمردان ما را فراهم ساخته ؛	این ارزیابی ، منحصر به ایران نیست	1<2	unknown	explanation	explanation
این ارزیابی ، منحصر به ایران نیست	زیرا حتی چینیها هم حساسیت مشابهی دارند .	1<2	unknown	cause	causal
این ارزیابی ، منحصر به ایران نیست	به عنوان مثال ، در گذشتههایی نه چندان دور ، هر کشوری <*> با واکنش بسیار تند و اعتراض آمیز پکن روبه رو میشد	1<2	unknown	explanation	explanation
به عنوان مثال ، در گذشتههایی نه چندان دور ، هر کشوری <*> با واکنش بسیار تند و اعتراض آمیز پکن روبه رو میشد	که با تایپه ( چین ملی یا تایوان ) مناسبات برقرار میکرد	1<2	unknown	elaboration	elaboration
به عنوان مثال ، در گذشتههایی نه چندان دور ، هر کشوری <*> با واکنش بسیار تند و اعتراض آمیز پکن روبه رو میشد	زیرا چین ، تایوان را بخشی از خاک خود تلقی میکرد	1<2	unknown	cause	causal
زیرا چین ، تایوان را بخشی از خاک خود تلقی میکرد	و بر این اساس ، هر کشوری <*> مشمول اعتراض تند و تیز چینیها واقع میشد .	1<2	unknown	joint	conjunction
و بر این اساس ، هر کشوری <*> مشمول اعتراض تند و تیز چینیها واقع میشد .	که تایوان را به رسمیت میشناخت	1<2	unknown	elaboration	elaboration
که تایوان را به رسمیت میشناخت	و با آن رابطه دیپلماتیک برقرار میکرد ،	1<2	unknown	joint	conjunction
این ارزیابی ، منحصر به ایران نیست	البته مدت ها ست که چین حساسیت خود را نسبت به تایوان تا حدود زیادی از دست داده	1<2	unknown	joint	conjunction
البته مدت ها ست که چین حساسیت خود را نسبت به تایوان تا حدود زیادی از دست داده	و حتی روابط تجاری هم با آن برقرار کرده است .	1<2	unknown	joint	conjunction
اما در مورد دوم	هر کشوری	1>2	unknown	background	frame
اما در مورد دوم	که پیرامون « دالای لاما » است ،	1<2	unknown	elaboration	elaboration
اما در مورد دوم	وضعیت به همین گونه است ؛	1<2	unknown	cause	causal
البته مدت ها ست که چین حساسیت خود را نسبت به تایوان تا حدود زیادی از دست داده	هر کشوری	1<2	unknown	contrast	contrast
هر کشوری	که از « دالای لاما » رهبر بوداییهای تبت چین دعوت کند ،	1<2	unknown	elaboration	elaboration
هر کشوری	با اعتراض شدید پکن روبه رو میشود .	1<2	unknown	joint	conjunction
هر کشوری	بنابراین حتی با معیارهای مقبول پکن ، دعوت از رضا پهلوی <*> قابل دفاع نیست .	1<2	unknown	evaluation	comment
بنابراین حتی با معیارهای مقبول پکن ، دعوت از رضا پهلوی <*> قابل دفاع نیست .	برای حضور در تلویزیون دولتی این کشور ،	1<2	unknown	enablement	purpose
رضا پهلوی ، خود را رهبر طیفی از مخالفان حاکمیت <*> میداند	و انتظار نمیرفت ، رسانه ملی چین ؛ پذیرای فردی از اپوزیسیون ایران باشد .	1>2	unknown	cause	causal
رضا پهلوی ، خود را رهبر طیفی از مخالفان حاکمیت <*> میداند	که به نام سلطنت طلبان مشهور شدهاند ،	1<2	unknown	elaboration	elaboration
بنابراین حتی با معیارهای مقبول پکن ، دعوت از رضا پهلوی <*> قابل دفاع نیست .	و انتظار نمیرفت ، رسانه ملی چین ؛ پذیرای فردی از اپوزیسیون ایران باشد .	1<2	unknown	cause	causal
چینیها در وتو نکردن قطعنامههای تحریم ایران در شورای امنیت سازمان ملل ، معمولا تاکید میکنند	برای حفظ منافع تجاری و سیاسی با اروپا و آمریکا و برای صیانت از منافع ملی شان ، ناچار به چنین موضع گیریای شدهاند	1>2	unknown	attribution	attribution
حضور رضا پهلوی ولیعهد سابق ایران در تلویزیون رسمی دولتی چین ، اسباب تکدرخاطر بسیاری از مسوولان و دولتمردان ما را فراهم ساخته ؛	برای حفظ منافع تجاری و سیاسی با اروپا و آمریکا و برای صیانت از منافع ملی شان ، ناچار به چنین موضع گیریای شدهاند	1<2	unknown	topic-comment	comment
برای حفظ منافع تجاری و سیاسی با اروپا و آمریکا و برای صیانت از منافع ملی شان ، ناچار به چنین موضع گیریای شدهاند	اما در مورد دعوت از رضا پهلوی دیگر چنین توجیهی هم قابل دفاع نیست .	1<2	unknown	contrast	contrast
اگر ولیعهد سابق ایران در تلویزیون چین ظاهر نمیشد	آمریکاییها یا اتحادیه اروپا کدامین اعتراض را به چین وارد میکردند ؟	1>2	unknown	condition	condition
اما در مورد دعوت از رضا پهلوی دیگر چنین توجیهی هم قابل دفاع نیست .	آمریکاییها یا اتحادیه اروپا کدامین اعتراض را به چین وارد میکردند ؟	1<2	unknown	topic-comment	comment
برای حفظ منافع تجاری و سیاسی با اروپا و آمریکا و برای صیانت از منافع ملی شان ، ناچار به چنین موضع گیریای شدهاند	البته کل رخداد را نبایستی خیلی بزرگ نمایی کرد .	1<2	unknown	evaluation	comment
البته کل رخداد را نبایستی خیلی بزرگ نمایی کرد .	خوشبینانه باید امیدوار بود که این اتفاق ، در ضعف شناخت مقامات چینی از حساسیتهای ایرانیها ریشه داشته است .	1<2	unknown	evaluation	comment
خوشبینانه باید امیدوار بود که این اتفاق ، در ضعف شناخت مقامات چینی از حساسیتهای ایرانیها ریشه داشته است .	توضیح آتی مقامات رسمی چین میتواند عیار انطباق این گمانه را با واقعیت ، آشکار کند .	1<2	unknown	elaboration	elaboration
محققان یک گام دیگر به تعیین سن دقیق یایسگی در زنان نزدیک تر شدند .	محققان دانشگاه پنسیلوانیا دریافتهاند که اندازه گیری سال به سال میزان تغییرات هورمون « آنتی مولرین » یا « AMH » <*> می تواند به پیش بینی زمان یایسه شدن زنان کمک بسیاری کند .	1>2	unknown	background	frame
محققان دانشگاه پنسیلوانیا دریافتهاند که اندازه گیری سال به سال میزان تغییرات هورمون « آنتی مولرین » یا « AMH » <*> می تواند به پیش بینی زمان یایسه شدن زنان کمک بسیاری کند .	که با توجه به سرعت تغییرات یک هورمون ویژه در خون میتوان زمان دقیق یایسگی زنان را پیش بینی کرد .	1>2	unknown	background	frame
محققان دانشگاه پنسیلوانیا دریافتهاند که اندازه گیری سال به سال میزان تغییرات هورمون « آنتی مولرین » یا « AMH » <*> می تواند به پیش بینی زمان یایسه شدن زنان کمک بسیاری کند .	که توسط تخمدان ترشح میشود ،	1<2	unknown	elaboration	elaboration
در حال حاضر تنها راه برای تخمین زمان یایسه شدن یک زن ، در نظر گرفتن سن او ست .	یایسگی در زنان به طور میانگین در ۵۱سالگی روی میدهد ،	1>2	unknown	background	frame
یایسگی در زنان به طور میانگین در ۵۱سالگی روی میدهد ،	که با توجه به سرعت تغییرات یک هورمون ویژه در خون میتوان زمان دقیق یایسگی زنان را پیش بینی کرد .	1>2	unknown	background	frame
یایسگی در زنان به طور میانگین در ۵۱سالگی روی میدهد ،	اما برخی از زنان ممکن است در دهه ۴۰سالگی یا اواخر دهه ۵۰ سالگی دچار یایسگی شوند .	1<2	unknown	contrast	contrast
پژوهشهای جدید نشان داده است	که با توجه به سرعت تغییرات یک هورمون ویژه در خون میتوان زمان دقیق یایسگی زنان را پیش بینی کرد .	1>2	unknown	attribution	attribution
که با توجه به سرعت تغییرات یک هورمون ویژه در خون میتوان زمان دقیق یایسگی زنان را پیش بینی کرد .	بنابراین محققان دریافتند که ترکیب سن زن و میزان هورمون « آنتی مولرین » در او میتواند نشانگر دقیقی برای تعیین آغاز سن یایسگی باشد .	1>2	unknown	evaluation	comment
که با توجه به سرعت تغییرات یک هورمون ویژه در خون میتوان زمان دقیق یایسگی زنان را پیش بینی کرد .	گفتنی است این آزمایش در اواخر ۳۰سالگی یک زن قابل اعتماد است	1<2	unknown	elaboration	elaboration
گفتنی است این آزمایش در اواخر ۳۰سالگی یک زن قابل اعتماد است	و در زنان کمتر از ۳۰ ساله جوابگو نیست	1<2	unknown	joint	conjunction
گفتنی است این آزمایش در اواخر ۳۰سالگی یک زن قابل اعتماد است	چراکه هورمون « آنتی مولرین » در آنها هنوز روند کاهشی خود را آغاز نکرده است .	1<2	unknown	explanation	explanation
محققان ۲۹۳ زن در فاصله سنی ۳۰ تا ۴۰سال را انتخاب کردند <*> چندین سال از آنها نمونه خون گرفتند .	میزان هورمون « آنتی مولرین » تا حدود ۸۲ درصد ، اختلاف بین زنان را توضیح میدهد .	1>2	unknown	elaboration	elaboration
و برای تعیین میزان تغییرات هورمون « آنتی مولرین » ،	چندین سال از آنها نمونه خون گرفتند .	1>2	unknown	enablement	purpose
براساس نتایج به دست آمده ،	میزان هورمون « آنتی مولرین » تا حدود ۸۲ درصد ، اختلاف بین زنان را توضیح میدهد .	1>2	unknown	attribution	attribution
میزان هورمون « آنتی مولرین » تا حدود ۸۲ درصد ، اختلاف بین زنان را توضیح میدهد .	بنابراین محققان دریافتند که ترکیب سن زن و میزان هورمون « آنتی مولرین » در او میتواند نشانگر دقیقی برای تعیین آغاز سن یایسگی باشد .	1>2	unknown	summary	organization
میزان هورمون « آنتی مولرین » تا حدود ۸۲ درصد ، اختلاف بین زنان را توضیح میدهد .	علاوه برا ین محققان متوجه شدند زنانی <*> دو سال زودتر از سن میانگین به یایسگی میرسند .	1<2	unknown	joint	conjunction
علاوه برا ین محققان متوجه شدند زنانی <*> دو سال زودتر از سن میانگین به یایسگی میرسند .	که این هورمون در آنها بیشترین میزان تغییر را دارد ،	1<2	unknown	elaboration	elaboration
میزان هورمون « آنتی مولرین » تا حدود ۸۲ درصد ، اختلاف بین زنان را توضیح میدهد .	زنان حاضر در این تحقیق برای مدت ۱۱ سال تحت نظر قرار داشتند	1<2	unknown	elaboration	elaboration
زنان حاضر در این تحقیق برای مدت ۱۱ سال تحت نظر قرار داشتند	و هر ۹ ماه یک بار از آنها آزمایش خون گرفته میشد .	1<2	unknown	temporal	temporal
زنان حاضر در این تحقیق برای مدت ۱۱ سال تحت نظر قرار داشتند	هدف محققان از این کار تعیین زمان دقیق یایسه شدن این زنان بود .	1<2	unknown	explanation	explanation
محققان میدانستند میزان هورمون « آنتی مولرین » با افزایش سن زنان و نزدیک شدن به یایسگی کاهش مییابد .	بنابراین محققان دریافتند که ترکیب سن زن و میزان هورمون « آنتی مولرین » در او میتواند نشانگر دقیقی برای تعیین آغاز سن یایسگی باشد .	1>2	unknown	cause	causal
بنابراین محققان دریافتند که ترکیب سن زن و میزان هورمون « آنتی مولرین » در او میتواند نشانگر دقیقی برای تعیین آغاز سن یایسگی باشد .	لازم به ذکر است که پیش بینی سن دقیق یایسگی میتواند برای آنهایی <*> مفید باشد .	1<2	unknown	elaboration	elaboration
لازم به ذکر است که پیش بینی سن دقیق یایسگی میتواند برای آنهایی <*> مفید باشد .	که مشکلات باروری دارند ،	1<2	unknown	elaboration	elaboration
لازم به ذکر است که پیش بینی سن دقیق یایسگی میتواند برای آنهایی <*> مفید باشد .	علاوه براین ، این پیش بینی میتواند برای آنهایی <*> بسیار کمک کننده باشد .	1<2	unknown	joint	conjunction
علاوه براین ، این پیش بینی میتواند برای آنهایی <*> بسیار کمک کننده باشد .	که در معرض خطر ابتلابه بیماریهای متاثر از یایسگی هستند ( مانند پوکی استخوان و بیماری قلبی )	1<2	unknown	elaboration	elaboration
تحولات اوکراین به نوعی رویارویی روسیه با غرب است .	ولادیمیر پوتین ، در دوره سوم ریاست جمهوری اش در روسیه قصد دارد روسیه را به هر طریقی به عنوان قدرت بزرگ منطقه معرفی کند .	1<2	unknown	explanation	explanation
ولادیمیر پوتین ، در دوره سوم ریاست جمهوری اش در روسیه قصد دارد روسیه را به هر طریقی به عنوان قدرت بزرگ منطقه معرفی کند .	به عنوان مثال با به دست گرفتن ابتکار عمل در مسایل مهم منطقه مانند بحران سوریه یا حمایت اخیر از عبدالفتاح السیسی قصد دارد روسیه را در عرصه بین الملل فعال کند .	1<2	unknown	elaboration	elaboration
به عنوان مثال با به دست گرفتن ابتکار عمل در مسایل مهم منطقه مانند بحران سوریه یا حمایت اخیر از عبدالفتاح السیسی قصد دارد روسیه را در عرصه بین الملل فعال کند .	برگزاری المپیک سوچی با هزینه گزاف ۵۰ میلیاردی و تبلیغات گسترده دولتی هم نشان دیگری از این است	1<2	unknown	joint	conjunction
برگزاری المپیک سوچی با هزینه گزاف ۵۰ میلیاردی و تبلیغات گسترده دولتی هم نشان دیگری از این است	که روسیه میخواهد به غرب ضرب شستی نشان دهد .	1<2	unknown	elaboration	elaboration
ولادیمیر پوتین ، در دوره سوم ریاست جمهوری اش در روسیه قصد دارد روسیه را به هر طریقی به عنوان قدرت بزرگ منطقه معرفی کند .	اوکراین برای روسیه از جهات زیادی اهمیت دارد .	1<2	unknown	joint	conjunction
اوکراین برای روسیه از جهات زیادی اهمیت دارد .	ساکنان شرق اوکراین روسی تبار هستند	1<2	unknown	background	frame
و بر اساس دکترین امنیت ملی ،	روسیه این حق را برای خود ش قایل است	1>2	unknown	attribution	attribution
ساکنان شرق اوکراین روسی تبار هستند	روسیه این حق را برای خود ش قایل است	1<2	unknown	joint	conjunction
روسیه این حق را برای خود ش قایل است	که از روس تبارهای خارج از کشور حمایت کند .	1<2	unknown	elaboration	elaboration
روسیه این حق را برای خود ش قایل است	مثلاکالاهایی <*> در روسیه بازار خوبی دارد	1<2	unknown	explanation	explanation
مثلاکالاهایی <*> در روسیه بازار خوبی دارد	که در این منطقه تولید میشود	1<2	unknown	elaboration	elaboration
مثلاکالاهایی <*> در روسیه بازار خوبی دارد	و عملااز یارانه روسی برخوردار ند .	1<2	unknown	joint	conjunction
ساکنان شرق اوکراین روسی تبار هستند	از طرفی ساکنان غرب اوکراین ، به اروپا متمایل هستند .	1<2	unknown	contrast	contrast
از طرفی ساکنان غرب اوکراین ، به اروپا متمایل هستند .	زیرا اوکراین بخشی از اروپا محسوب میشود .	1<2	unknown	explanation	explanation
ساکنان شرق اوکراین روسی تبار هستند	به نظر میرسد عدم امضای موافقتنامه تجاری با اتحادیه اروپا توسط یانوکوویچ ، به جدایی ساکنان شرق و غرب دامن زد .	1<2	unknown	evaluation	comment
اوکراین برای روسیه از جهات زیادی اهمیت دارد .	روسیه از اوکراین برای ترانزیت انرژی استفاده میکند	1<2	unknown	explanation	explanation
روسیه از اوکراین برای ترانزیت انرژی استفاده میکند	و ناوگان جنگی این کشور در اوکراین قرار دارد .	1<2	unknown	joint	conjunction
و ناوگان جنگی این کشور در اوکراین قرار دارد .	روسیه دو ناوگان در منطقه دارد ، یکی در بندر سواستوپل در اوکراین و دیگری در بندر طرطوس در سوریه .	1<2	unknown	elaboration	elaboration
روسیه از اوکراین برای ترانزیت انرژی استفاده میکند	طبیعی است که روسیه نمیخواهد اوکراین را از دست بدهد .	1<2	unknown	evaluation	comment
همچنین بعد از انقلاب نارنجی ۲۰۰۵ ، تمایل و گرایش به سمت غرب افزوده شده است .	اوکراین قصد دارد از موقعیت جغرافیایی منحصربه فرد خود استفاده کند .	1>2	unknown	cause	causal
روسیه از اوکراین برای ترانزیت انرژی استفاده میکند	اوکراین قصد دارد از موقعیت جغرافیایی منحصربه فرد خود استفاده کند .	1<2	unknown	joint	conjunction
اوکراین قصد دارد از موقعیت جغرافیایی منحصربه فرد خود استفاده کند .	غرب هم از این رویکرد حمایت میکند	1<2	unknown	joint	conjunction
غرب هم از این رویکرد حمایت میکند	زیرا جداشدن اوکراین از روسیه ، روسیه را در تنگنا قرار میدهد .	1<2	unknown	explanation	explanation
روسیه جز از طریق اوکراین ، از طریق بندر نوروسیسک به بخش کوچکی از دریای سیاه دسترسی دارد .	به همین دلیل روسیه رضایت نمیدهد که تحولات کنونی اوکراین به نفع غرب تمام شود .	1>2	unknown	explanation	explanation
اوکراین قصد دارد از موقعیت جغرافیایی منحصربه فرد خود استفاده کند .	به همین دلیل روسیه رضایت نمیدهد که تحولات کنونی اوکراین به نفع غرب تمام شود .	1<2	unknown	contrast	contrast
تحولات اوکراین به نوعی رویارویی روسیه با غرب است .	در این میان این مردم اوکراین هستند که نابسامانی اقتصادی و سیاسی را باید تحمل کنند .	1<2	unknown	contrast	contrast
در این میان این مردم اوکراین هستند که نابسامانی اقتصادی و سیاسی را باید تحمل کنند .	مردم اوکراین خواهان تحولاتی در درون کشور هستند	1<2	unknown	elaboration	elaboration
مردم اوکراین خواهان تحولاتی در درون کشور هستند	در حالی که دولت مقاومت نشان میدهد	1<2	unknown	contrast	contrast
در حالی که دولت مقاومت نشان میدهد	و تنها از طریق رویارویی پلیسی به خواسته آنها پاسخ میگوید .	1<2	unknown	joint	conjunction
در حالی که دولت مقاومت نشان میدهد	این رویارویی به انشقاق بیشتر و در نهایت تهدید تمامیت ارضی اوکراین میانجامد .	1<2	unknown	evaluation	comment
تاریخ نشان داده	رویارویی پلیسی هرچه بیشتر شود ،	1>2	unknown	attribution	attribution
این رویارویی به انشقاق بیشتر و در نهایت تهدید تمامیت ارضی اوکراین میانجامد .	رویارویی پلیسی هرچه بیشتر شود ،	1<2	unknown	explanation	explanation
رویارویی پلیسی هرچه بیشتر شود ،	اوضاع بدتر خواهد شد .	1<2	unknown	comparison	concession
رویارویی پلیسی هرچه بیشتر شود ،	سقوط دولتهای بهار عربی و همچنین سقوط شاه ایران شاهدی بر این مدعاست .	1<2	unknown	elaboration	elaboration
رویارویی پلیسی هرچه بیشتر شود ،	مقاومت شدید دولت اوکراین در مقابل معترضان ، اتحادیه اروپا را به حمایت بیشتر از معترضان تشویق میکند .	1<2	unknown	explanation	explanation
مقاومت شدید دولت اوکراین در مقابل معترضان ، اتحادیه اروپا را به حمایت بیشتر از معترضان تشویق میکند .	بنابراین درگیری خونین دیروز در این کشور تنها باعث رادیکال ترشدن غربگراها خواهد شد .	1<2	unknown	cause	causal
رویارویی پلیسی هرچه بیشتر شود ،	دولت هرچه بیشتر فشار آورد ،	1<2	unknown	summary	organization
دولت هرچه بیشتر فشار آورد ،	معترضان مصمم تر خواهند شد .	1<2	unknown	comparison	concession
مردم اوکراین خواهان تحولاتی در درون کشور هستند	مردم اوکراین ، مسکو را به تهدید تمامیت ارضی و دخالت در امور داخلی کشور شان متهم میکنند .	1<2	unknown	cause	causal
در سال ۲۰۱۰ که قرارداد اجاره بندر سواستوپل برای ۲۷سال تمدید شد ،	ملی گراها بسیار ناراضی بودند	1>2	unknown	background	frame
مردم اوکراین ، مسکو را به تهدید تمامیت ارضی و دخالت در امور داخلی کشور شان متهم میکنند .	ملی گراها بسیار ناراضی بودند	1<2	unknown	comparison	concession
ملی گراها بسیار ناراضی بودند	و اعتراض داشتند که چرا بنادر کشور باید در اختیار دولتی دیگر قرار گیرد .	1<2	unknown	cause	causal
تحولات اوکراین به نوعی رویارویی روسیه با غرب است .	در نهایت باید گفت در شرایط دوقطبی شدن جامعه اوکراین ، احتمال جنگ داخلی در این کشور زیاد است .	1<2	unknown	evaluation	comment
این کشور با این که دارای پتانسیلهای بالایی است ،	به دلیل همین دوقطبی شدن نتوانسته از این پتانسیلها بهره گیرد	1>2	unknown	contrast	contrast
در نهایت باید گفت در شرایط دوقطبی شدن جامعه اوکراین ، احتمال جنگ داخلی در این کشور زیاد است .	به دلیل همین دوقطبی شدن نتوانسته از این پتانسیلها بهره گیرد	1<2	unknown	explanation	explanation
به دلیل همین دوقطبی شدن نتوانسته از این پتانسیلها بهره گیرد	و اکنون میبینیم که از نظر اقتصادی ورشکسته است .	1<2	unknown	cause	causal
در نهایت باید گفت در شرایط دوقطبی شدن جامعه اوکراین ، احتمال جنگ داخلی در این کشور زیاد است .	به نظر میرسد در این شرایط بهترین راه حل این است که رییس جمهور استعفا و اجازه دهد انتخابات آزاد و زودهنگام برگزار شود .	1<2	unknown	topic-comment	comment
به نظر میرسد در این شرایط بهترین راه حل این است که رییس جمهور استعفا و اجازه دهد انتخابات آزاد و زودهنگام برگزار شود .	از طرفی میبینیم که هرچقدر دولت بیشتر به مخالفان امتیاز دهد ،	1<2	unknown	contrast	contrast
از طرفی میبینیم که هرچقدر دولت بیشتر به مخالفان امتیاز دهد ،	آنها رادیکال تر میشوند	1<2	unknown	comparison	concession
از طرفی میبینیم که هرچقدر دولت بیشتر به مخالفان امتیاز دهد ،	و این یعنی جز رفتن یانوکوویچ راه حلی وجود ندارد .	1<2	unknown	cause	causal
اگر روسیه در بحران اوکراین خوب عمل نکند	احتمال دارد با مخالفتهایی از درون کشور هم مواجه شود .	1>2	unknown	condition	condition
در نهایت باید گفت در شرایط دوقطبی شدن جامعه اوکراین ، احتمال جنگ داخلی در این کشور زیاد است .	احتمال دارد با مخالفتهایی از درون کشور هم مواجه شود .	1<2	unknown	joint	conjunction
در مجموع اگر طرفهای غربی و شرقی در بحران اوکراین دخالت نمیکردند ،	اوضاع به این شدت پیچیده نمیشد .	1>2	unknown	condition	condition
در نهایت باید گفت در شرایط دوقطبی شدن جامعه اوکراین ، احتمال جنگ داخلی در این کشور زیاد است .	اوضاع به این شدت پیچیده نمیشد .	1<2	unknown	joint	conjunction
اوضاع به این شدت پیچیده نمیشد .	ولی ازدست دادن اوکراین هم برای غرب و هم برای روسیه غم انگیز و دشوار است .	1<2	unknown	contrast	contrast
مثل معروفی در گذشته باب بود با این مضمون که مسکو قلب روسیه ، پترزبورگ مغز آن و اوکراین مادر روسیه است .	پیوند این دو کشور تا چه پایه عمیق و قدیمی است .	1>2	unknown	background	frame
همین نشان میدهد	پیوند این دو کشور تا چه پایه عمیق و قدیمی است .	1>2	unknown	attribution	attribution
ولی ازدست دادن اوکراین هم برای غرب و هم برای روسیه غم انگیز و دشوار است .	پیوند این دو کشور تا چه پایه عمیق و قدیمی است .	1<2	unknown	explanation	explanation
