unit1_txt	unit2_txt	dir	rel_type	orig_label	label
ello	Just got a connection reset	1>2	unknown	Continuation	conjunction
Just got a connection reset	Hm, shouldn't happen	1>2	unknown	Explanation	explanation
Hm, shouldn't happen	(and hasn't before).	1>2	unknown	Background	frame
Hm, shouldn't happen	Let me know if you have problems.	1>2	unknown	Continuation	conjunction
Let me know if you have problems.	Got a SocketException error appear in this chat line	1>2	unknown	Question_answer_pair	query
Got a SocketException error appear in this chat line	I guess we'll see if it happens again	1>2	unknown	Comment	comment
Yes,	I take it this is the right game to be in?	1>2	unknown	Clarification_question	query
Yes,	fingers crossed.	1>2	unknown	Comment	comment
I take it this is the right game to be in?	Yes,	1>2	unknown	Question_answer_pair	query
Yes,	I don't know where the other two are.	1>2	unknown	Contrast	contrast
Yes,	Excellent!	1>2	unknown	Acknowledgement	query
I don't know where the other two are.	Ahh! I see.	1>2	unknown	Question_answer_pair	query
I don't know where the other two are.	It's been very last minute ...	1>2	unknown	Comment	comment
It's been very last minute ...	Yeah,	1>2	unknown	Comment	comment
Excellent!	Yeah,	1>2	unknown	Continuation	conjunction
Yeah,	well it always feels last minute when you are getting participants, doesn't it?	1>2	unknown	Continuation	conjunction
Hehe, yes.	So, does this generate a random Catan board?	1>2	unknown	Clarification_question	query
Hehe, yes.	Perhaps they're still in a lecture.	1>2	unknown	Explanation	explanation
So, does this generate a random Catan board?	Yes.	1>2	unknown	Question_answer_pair	query
Yes.	I'm still rather impressed at a Hex grid in Java to be honest...	1>2	unknown	Comment	comment
I'm still rather impressed at a Hex grid in Java to be honest...	Java layout always feels like a nig	1>2	unknown	Explanation	explanation
Java layout always feels like a nig	*nightmare	1>2	unknown	Correction	contrast
Indeed;	I had the pleasure editing the source code of this application.	1>2	unknown	Explanation	explanation
I had the pleasure editing the source code of this application.	Ah. Fun I take it?	1>2	unknown	Clarification_question	query
Ah. Fun I take it?	Still, it looks very nicely laid out to be honest.	1>2	unknown	Contrast	contrast
Ah. Fun I take it?	Well, it's an open source projet,	1>2	unknown	Question_answer_pair	query
Well, it's an open source projet,	so it's OK.	1>2	unknown	Result	causal
so it's OK.	But I had to dig deeper than I wanted.	1>2	unknown	Result	causal
But I had to dig deeper than I wanted.	:*)	1>2	unknown	Comment	comment
Ahh! I see.	One more to go, I guess.	1>2	unknown	Comment	comment
One more to go, I guess.	hi	1>2	unknown	Continuation	conjunction
One more to go, I guess.	Yes,	1>2	unknown	Acknowledgement	query
Yes,	it's supposed to be three of you.	1>2	unknown	Elaboration	elaboration
it's supposed to be three of you.	Hm, how are you two for time?	1>2	unknown	Clarification_question	query
Hm, how are you two for time?	Can we wait a bit longer?	1>2	unknown	Clarification_question	query
Can we wait a bit longer?	I'm good for a little bit longer.	1>2	unknown	Question_answer_pair	query
Can we wait a bit longer?	I don't mind waiting for a while.	1>2	unknown	Question_answer_pair	query
I'm good for a little bit longer.	Great.	1>2	unknown	Acknowledgement	query
I don't mind waiting for a while.	Great.	1>2	unknown	Acknowledgement	query
Great.	I guess if person number 3 doesn't show up in 5 or 10 minutes	1>2	unknown	Contrast	contrast
I guess if person number 3 doesn't show up in 5 or 10 minutes	it'll be you only you two anywa	1>2	unknown	Conditional	condition
it'll be you only you two anywa	y.	1>2	unknown	Continuation	conjunction
hi	Ah, great.	1>2	unknown	Acknowledgement	query
Ah, great.	We can start.	1>2	unknown	Result	causal
We can start.	Sombody has to click START GAME.	1>2	unknown	Elaboration	elaboration
Sombody has to click START GAME.	Amd and off you go!	1>2	unknown	Narration	temporal
Yeah,	Hehe, yes.	1>2	unknown	Question_answer_pair	query
Java layout always feels like a nig	Indeed;	1>2	unknown	Acknowledgement	query
Got a SocketException error appear in this chat line	Yes,	1>2	unknown	Acknowledgement	query
so anyone else played this before?	I haven't, no	1>2	unknown	Question_answer_pair	query
so anyone else played this before?	Yes, a little...	1>2	unknown	Question_answer_pair	query
so anyone else played this before?	is it still your turn rennoc?	1>2	unknown	Correction	contrast
Yes, a little...	but I was never good at it.	1>2	unknown	Contrast	contrast
is it still your turn rennoc?	yeah,	1>2	unknown	Question_answer_pair	query
does anyone have any wood they would be willing to trade for?	Not	1>2	unknown	Question_answer_pair	query
Not	until people start rolling 8's :P	1>2	unknown	Elaboration	elaboration
woo	Bugger.	1>2	unknown	Comment	comment
Bugger.	Got any clay to trade for sheep/wheat?	1>2	unknown	Continuation	conjunction
Got any clay to trade for sheep/wheat?	Only got 1	1>2	unknown	Question_answer_pair	query
Got any clay to trade for sheep/wheat?	got some clay.	1>2	unknown	Question_answer_pair	query
Only got 1	and I'm holding on to it,	1>2	unknown	Continuation	conjunction
and I'm holding on to it,	sorry.	1>2	unknown	Comment	comment
Also: Rennoc - be careful holding lots of resources.	If someone rolls a 7,	1>2	unknown	Explanation	explanation
If someone rolls a 7,	I think, you lose cards	1>2	unknown	Conditional	condition
got some clay.	how many do you need	1>2	unknown	Clarification_question	query
Yeah,	that's the robber isn'tit	1>2	unknown	Elaboration	elaboration
Well, what would you like for clay	and/or how many do you want to give?	1>2	unknown	Continuation	conjunction
could do with some ore or sheep	rennoc: Sheep for an ore?	1>2	unknown	Q_Elab	query
could do with some ore or sheep	While we're talking about trading,	1>2	unknown	Parallel	conjunction
While we're talking about trading,	does anyone have sheep	1>2	unknown	Background	frame
Yeah,	on a 7 anyone with lots of cards gets halved	1>2	unknown	Elaboration	elaboration
on a 7 anyone with lots of cards gets halved	and the robber gets moved.	1>2	unknown	Continuation	conjunction
I have sheep, yes.	Need ore or wheat?	1>2	unknown	Q_Elab	query
Need ore or wheat?	Sheep for an ore and sheep for a clay?	1>2	unknown	Q_Elab	query
Sheep for an ore and sheep for a clay?	sure	1>2	unknown	Acknowledgement	query
sure	soo... how do we do this?	1>2	unknown	Continuation	conjunction
soo... how do we do this?	ok,	1>2	unknown	Acknowledgement	query
soo... how do we do this?	I THINK	1>2	unknown	Question_answer_pair	query
ok,	I THINK	1>2	unknown	Elaboration	elaboration
I THINK	click register a trade	1>2	unknown	Continuation	conjunction
click register a trade	then I'm not sure	1>2	unknown	Narration	temporal
so I give a sheep to red,	I get an ore, right?	1>2	unknown	Result	causal
yup	Did that work?	1>2	unknown	Clarification_question	query
Did that work?	it did, yeah	1>2	unknown	Question_answer_pair	query
it did, yeah	thanks	1>2	unknown	Continuation	conjunction
rennoc: Sheep for an ore?	I dont have any ore,	1>2	unknown	Question_answer_pair	query
I dont have any ore,	but i do have plenty clay	1>2	unknown	Contrast	contrast
Is there a reason I can't buy a settlement now?	I have the resources	1>2	unknown	Explanation	explanation
Bah, that's what I meant,	sorry.	1>2	unknown	Comment	comment
You have to do it on your go	yes	1>2	unknown	Acknowledgement	query
ok	how do I accept a trade	1>2	unknown	Continuation	conjunction
yes	but the road and card options have a greyed out buy option,	1>2	unknown	Contrast	contrast
but the road and card options have a greyed out buy option,	settlement is just dashes	1>2	unknown	Continuation	conjunction
also you tried to trade with me there tomm, not rennoc	ah...	1>2	unknown	Acknowledgement	query
also you tried to trade with me there tomm, not rennoc	thanks	1>2	unknown	Comment	comment
also you tried to trade with me there tomm, not rennoc	Thanks	1>2	unknown	Acknowledgement	query
Oh, you don't have anywhere you can BUILD a settlement	they have to be two sides away from a settlement, connected by road	1>2	unknown	Explanation	explanation
they have to be two sides away from a settlement, connected by road	so you need to build one more segment of road first	1>2	unknown	Result	causal
oh, so I need to build a road first	yeah	1>2	unknown	Acknowledgement	query
yeah	right,	1>2	unknown	Acknowledgement	query
right,	thanks	1>2	unknown	Comment	comment
Only got 1	Also: Rennoc - be careful holding lots of resources.	1>2	unknown	Parallel	conjunction
I THINK	so I give a sheep to red,	1>2	unknown	Q_Elab	query
so I give a sheep to red,	yup	1>2	unknown	Acknowledgement	query
I dont have any ore,	Bah, that's what I meant,	1>2	unknown	Correction	contrast
I dont have any ore,	Is there a reason I can't buy a settlement now?	1>2	unknown	Q_Elab	query
Bah, that's what I meant,	ok	1>2	unknown	Acknowledgement	query
Is there a reason I can't buy a settlement now?	You have to do it on your go	1>2	unknown	Question_answer_pair	query
but the road and card options have a greyed out buy option,	Oh, you don't have anywhere you can BUILD a settlement	1>2	unknown	Explanation	explanation
but the road and card options have a greyed out buy option,	also you tried to trade with me there tomm, not rennoc	1>2	unknown	Parallel	conjunction
Oh, you don't have anywhere you can BUILD a settlement	oh, so I need to build a road first	1>2	unknown	Clarification_question	query
got some clay.	Well, what would you like for clay	1>2	unknown	Q_Elab	query
Yeah,	Yeah,	1>2	unknown	Question_answer_pair	query
Well, what would you like for clay	could do with some ore or sheep	1>2	unknown	Question_answer_pair	query
While we're talking about trading,	I have sheep, yes.	1>2	unknown	Question_answer_pair	query
Also: Rennoc - be careful holding lots of resources.	Yeah,	1>2	unknown	Acknowledgement	query
:D	Oh...	1>2	unknown	Comment	comment
:D	anyone need wheat?	1>2	unknown	Continuation	conjunction
Oh...	well that's unkind	1>2	unknown	Explanation	explanation
well that's unkind	sorry	1>2	unknown	Comment	comment
well that's unkind	Do you get a random one of my resources then?	1>2	unknown	Result	causal
sorry	It's okay,	1>2	unknown	Comment	comment
It's okay,	name of the game and all that.	1>2	unknown	Elaboration	elaboration
Do you get a random one of my resources then?	I did, yeah	1>2	unknown	Question_answer_pair	query
anyone need wheat?	no thanks	1>2	unknown	Question_answer_pair	query
anyone need wheat?	rennoc?	1>2	unknown	Q_Elab	query
rennoc?	i'm ok for now	1>2	unknown	Question_answer_pair	query
aww	well that was robbery	1>2	unknown	Comment	comment
well that was robbery	does the robber do anything	1>2	unknown	Clarification_question	query
does the robber do anything	after you put him	1>2	unknown	Background	frame
after you put him	and before he's moved	1>2	unknown	Continuation	conjunction
like, if that resource comes up	will you not get it or something?	1>2	unknown	Conditional	condition
When he is in a hex	you can't get resources	1>2	unknown	Conditional	condition
ah	yeah,	1>2	unknown	Acknowledgement	query
yeah,	so 8 won't get you wheat now	1>2	unknown	Explanation	explanation
does the robber do anything	like, if that resource comes up	1>2	unknown	Elaboration	elaboration
like, if that resource comes up	When he is in a hex	1>2	unknown	Question_answer_pair	query
When he is in a hex	ah	1>2	unknown	Acknowledgement	query
I wasn't expected to roll 7 to be honest :p	I thought you got to move the robber	1>2	unknown	Comment	comment
I wasn't expected to roll 7 to be honest :p	any got any wood they can trade	1>2	unknown	Continuation	conjunction
I thought you got to move the robber	because you played a car?	1>2	unknown	Explanation	explanation
because you played a car?	*card	1>2	unknown	Correction	contrast
any got any wood they can trade	Nope	1>2	unknown	Question_answer_pair	query
any got any wood they can trade	and I've only got 1,	1>2	unknown	Question_answer_pair	query
I played the card,	moved the robber	1>2	unknown	Narration	temporal
moved the robber	and THEN rolled a 7 as well	1>2	unknown	Narration	temporal
so I moved him twice	aah	1>2	unknown	Acknowledgement	query
so I moved him twice	that sucks	1>2	unknown	Comment	comment
so I moved him twice	and I've only got 1,	1>2	unknown	Parallel	conjunction
and I've only got 1,	sorry.	1>2	unknown	Comment	comment
and I've only got 1,	ok	1>2	unknown	Acknowledgement	query
I thought you got to move the robber	I played the card,	1>2	unknown	Question_answer_pair	query
I played the card,	so I moved him twice	1>2	unknown	Result	causal
anyone need ore?	yep	1>2	unknown	Question_answer_pair	query
anyone need ore?	willing to trade for clay and sheep	1>2	unknown	Elaboration	elaboration
anyone need ore?	what for?	1>2	unknown	Q_Elab	query
willing to trade for clay and sheep	got some clay.	1>2	unknown	Question_answer_pair	query
got some clay.	1 ore for 1 clay?	1>2	unknown	Elaboration	elaboration
1 ore for 1 clay?	ok	1>2	unknown	Question_answer_pair	query
Sheep!	uh	1>2	unknown	Comment	comment
Sheep!	Wheat?	1>2	unknown	Q_Elab	query
uh	should we add time>?	1>2	unknown	Elaboration	elaboration
should we add time>?	Yes,	1>2	unknown	Question_answer_pair	query
Yes,	sorry.	1>2	unknown	Comment	comment
Yes,	ADDTIME	1>2	unknown	Result	causal
ADDTIME	*ADDTIME*	1>2	unknown	Correction	contrast
Wheat?	Sheep?	1>2	unknown	Continuation	conjunction
I need sheep,	but I have nothing to trade,	1>2	unknown	Contrast	contrast
but I have nothing to trade,	possibly when my turn rolls around	1>2	unknown	Contrast	contrast
possibly when my turn rolls around	I'll have something	1>2	unknown	Conditional	condition
yeah,	ive nothing either	1>2	unknown	Explanation	explanation
Wheat?	I need sheep,	1>2	unknown	Question_answer_pair	query
Wheat?	yeah,	1>2	unknown	Question_answer_pair	query
Wheat?	Anyone needy?	1>2	unknown	Elaboration	elaboration
I need sheep,	yeah,	1>2	unknown	Parallel	conjunction
Ok	now I can trade you ore or wood,	1>2	unknown	Continuation	conjunction
now I can trade you ore or wood,	need either?	1>2	unknown	Q_Elab	query
Ore would be good.	1 ore for 1 sheep it is	1>2	unknown	Result	causal
can I have some wood dave?	what have you got to trade?	1>2	unknown	Q_Elab	query
what have you got to trade?	sheep	1>2	unknown	Question_answer_pair	query
sheep	I guess I can use two sheep	1>2	unknown	Acknowledgement	query
I guess I can use two sheep	well you have no way of getting them yourself yet	1>2	unknown	Comment	comment
I guess I can use two sheep	yeah,	1>2	unknown	Result	causal
yeah,	go ahead	1>2	unknown	Continuation	conjunction
i only have one sheep	yeah,	1>2	unknown	Correction	contrast
well you have no way of getting them yourself yet	true	1>2	unknown	Acknowledgement	query
yeah,	i mean I'll still trade with tomm	1>2	unknown	Explanation	explanation
i mean I'll still trade with tomm	after this trade	1>2	unknown	Background	frame
wrong person	...oh	1>2	unknown	Acknowledgement	query
...oh	little colour ticky boxes	1>2	unknown	Comment	comment
little colour ticky boxes	Really easy to miss,	1>2	unknown	Elaboration	elaboration
Really easy to miss,	I did that too.	1>2	unknown	Result	causal
cool, thanks :)	np	1>2	unknown	Comment	comment
Ok	Well looks like you have stuff now Dave :P	1>2	unknown	Comment	comment
Ok	Ore would be good.	1>2	unknown	Question_answer_pair	query
Ok	can I have some wood dave?	1>2	unknown	Q_Elab	query
yeah,	wrong person	1>2	unknown	Correction	contrast
yeah,	cool, thanks :)	1>2	unknown	Acknowledgement	query
yeah,	i only have one sheep	1>2	unknown	Contrast	contrast
um	pouty face.	1>2	unknown	Comment	comment
pouty face.	Still want to trade?	1>2	unknown	Q_Elab	query
Still want to trade?	Yes,	1>2	unknown	Question_answer_pair	query
Still want to trade?	do you still want to?	1>2	unknown	Q_Elab	query
Yes,	do you still want to?	1>2	unknown	Continuation	conjunction
do you still want to?	Only chose you	1>2	unknown	Explanation	explanation
do you still want to?	and yeah,	1>2	unknown	Question_answer_pair	query
do you still want to?	uuuh	1>2	unknown	Q_Elab	query
Only chose you	becasue you have three times the resources	1>2	unknown	Explanation	explanation
and yeah,	sure	1>2	unknown	Elaboration	elaboration
and yeah,	I'm actually going to hold off on the trade for now,	1>2	unknown	Correction	contrast
and yeah,	on you go then	1>2	unknown	Acknowledgement	query
and yeah,	uuuh	1>2	unknown	Correction	contrast
uuuh	actually, instead of sheep,	1>2	unknown	Continuation	conjunction
actually, instead of sheep,	do you have any wood or clay?	1>2	unknown	Continuation	conjunction
Ah, 'fraid not	hmm	1>2	unknown	Acknowledgement	query
Ah, 'fraid not	Until someone rolls a 4	1>2	unknown	Background	frame
Ah, 'fraid not	I'm actually going to hold off on the trade for now,	1>2	unknown	Result	causal
rennoc?	nope dont have either	1>2	unknown	Question_answer_pair	query
nope dont have either	I'm actually going to hold off on the trade for now,	1>2	unknown	Result	causal
I'm actually going to hold off on the trade for now,	sorry	1>2	unknown	Comment	comment
I'm actually going to hold off on the trade for now,	Fair enough,	1>2	unknown	Acknowledgement	query
I'm actually going to hold off on the trade for now,	I'm guessing there's no point in putting a city next to a desert	1>2	unknown	Continuation	conjunction
Fair enough,	thought you might!	1>2	unknown	Explanation	explanation
thought you might!	You did nick that sheep after all :p	1>2	unknown	Comment	comment
You did nick that sheep after all :p	well, it was revenge for earlier ^_^	1>2	unknown	Explanation	explanation
well, it was revenge for earlier ^_^	Which was revenge for you earlier.	1>2	unknown	Explanation	explanation
Which was revenge for you earlier.	Ah, how this game goes back :p	1>2	unknown	Comment	comment
Ah, how this game goes back :p	Just gimmie the virtual dice,	1>2	unknown	Narration	temporal
Just gimmie the virtual dice,	hehe	1>2	unknown	Comment	comment
I'm guessing there's no point in putting a city next to a desert	Not	1>2	unknown	Acknowledgement	query
Not	:/	1>2	unknown	Comment	comment
Not	unless the other hexes are very likely to come up	1>2	unknown	Explanation	explanation
uuuh	Ah, 'fraid not	1>2	unknown	Question_answer_pair	query
uuuh	rennoc?	1>2	unknown	Q_Elab	query
uuuh	I'm actually going to hold off on the trade for now,	1>2	unknown	Correction	contrast
Only chose you	and yeah,	1>2	unknown	Continuation	conjunction
7!	Sorry Rennoc,	1>2	unknown	Comment	comment
7!	I've laid out my things at the start really badly	1>2	unknown	Comment	comment
I've laid out my things at the start really badly	:D	1>2	unknown	Comment	comment
I've laid out my things at the start really badly	It's okay Dave,	1>2	unknown	Acknowledgement	query
Sorry Rennoc,	wanted your goods	1>2	unknown	Explanation	explanation
It's okay Dave,	so did I.	1>2	unknown	Explanation	explanation
Sorry Rennoc,	aargh! my precious ores	1>2	unknown	Comment	comment
Sorry Rennoc,	Delicious	1>2	unknown	Comment	comment
really	Oh great.	1>2	unknown	Comment	comment
really	oh...	1>2	unknown	Comment	comment
really	reallllly	1>2	unknown	Elaboration	elaboration
Oh great.	Sheep.	1>2	unknown	Elaboration	elaboration
that was my favourite sheep!	Worrying... >.>	1>2	unknown	Comment	comment
Oh great.	Don't have any of those.	1>2	unknown	Explanation	explanation
Oh great.	that was my favourite sheep!	1>2	unknown	Comment	comment
Sorry,	what did you roll Rennoc?	1>2	unknown	Clarification_question	query
what did you roll Rennoc?	a 5 ( I think)	1>2	unknown	Question_answer_pair	query
ORE! :D	Also... you're all gonna hate me	1>2	unknown	Continuation	conjunction
Also... you're all gonna hate me	oh no	1>2	unknown	Acknowledgement	query
Also... you're all gonna hate me	well, that wasn't too bad	1>2	unknown	Comment	comment
Also... you're all gonna hate me	oh dear...	1>2	unknown	Comment	comment
Also... you're all gonna hate me	Sorry,	1>2	unknown	Comment	comment
oh no	well, that wasn't too bad	1>2	unknown	Correction	contrast
Sorry,	need me some clay	1>2	unknown	Explanation	explanation
need me some clay	and I can't get it	1>2	unknown	Continuation	conjunction
wheat for ore anyone?	You just nicked my wheat :P	1>2	unknown	Result	causal
You just nicked my wheat :P	Not going to buy it back	1>2	unknown	Result	causal
You just nicked my wheat :P	Want to buy it back? :D	1>2	unknown	Q_Elab	query
Not going to buy it back	aw	1>2	unknown	Acknowledgement	query
discard?	Well that was upsetting.	1>2	unknown	Comment	comment
Well that was upsetting.	did you just lose four resources?	1>2	unknown	Clarification_question	query
Well that was upsetting.	Anyway. Bah.	1>2	unknown	Continuation	conjunction
did you just lose four resources?	yes	1>2	unknown	Question_answer_pair	query
yes	how?	1>2	unknown	Clarification_question	query
how?	rolled a 7	1>2	unknown	Question_answer_pair	query
rolled a 7	Had too many cards when a 7 came up	1>2	unknown	Continuation	conjunction
yeah,	but	1>2	unknown	Contrast	contrast
but	oh	1>2	unknown	Correction	contrast
oh	didn't know that was a thing	1>2	unknown	Explanation	explanation
didn't know that was a thing	I think it's over 7?	1>2	unknown	Clarification_question	query
Anyway. Bah.	Anyone want anything for wood?	1>2	unknown	Continuation	conjunction
Anyway. Bah.	My wheat!	1>2	unknown	Elaboration	elaboration
My wheat!	I didn't want that wheat anyway	1>2	unknown	Contrast	contrast
Anyone want anything for wood?	dont have any, sorry	1>2	unknown	Question_answer_pair	query
Anyone want anything for wood?	So no wood anyone?	1>2	unknown	Continuation	conjunction
Anyone want anything for wood?	seeing as no one is rolling 8's despite it being really likely.	1>2	unknown	Background	frame
seeing as no one is rolling 8's despite it being really likely.	equally likely for all numbers?	1>2	unknown	Clarification_question	query
equally likely for all numbers?	Although I guess it depends on how the rolls are simulated	1>2	unknown	Contrast	contrast
dont have any, sorry	okay	1>2	unknown	Acknowledgement	query
Nah	it isn't	1>2	unknown	Elaboration	elaboration
it isn't	if it follows the proper game.	1<2	unknown	Conditional	condition
You are rolling 2 dice...	so there are more ways of rolling say an 8, rather than a 2	1>2	unknown	Result	causal
Yeah,	I mean if it's actually rolling two dice	1>2	unknown	Elaboration	elaboration
I mean if it's actually rolling two dice	then there are more 8's tha- well, yeha	1>2	unknown	Conditional	condition
So no wood anyone?	nope, sorry	1>2	unknown	Question_answer_pair	query
So no wood anyone?	okay	1>2	unknown	Question_answer_pair	query
equally likely for all numbers?	Nah	1>2	unknown	Question_answer_pair	query
You are rolling 2 dice...	Yeah,	1>2	unknown	Acknowledgement	query
it isn't	You are rolling 2 dice...	1>2	unknown	Explanation	explanation
rolled a 7	yeah,	1>2	unknown	Acknowledgement	query
10 10 10	never a 10	1>2	unknown	Comment	comment
10 10 10	so anyone have any ore?	1>2	unknown	Continuation	conjunction
never a 10	:9	1>2	unknown	Comment	comment
never a 10	Yeah.	1>2	unknown	Acknowledgement	query
:9	*:(	1>2	unknown	Correction	contrast
Yeah.	Also 8 should be as likely as a 6...	1>2	unknown	Continuation	conjunction
Also 8 should be as likely as a 6...	but looads of 6's no 8's :p	1>2	unknown	Contrast	contrast
but looads of 6's no 8's :p	also 7's,	1>2	unknown	Parallel	conjunction
also 7's,	we've had about half the rolls as sevens	1>2	unknown	Elaboration	elaboration
we've had about half the rolls as sevens	7 is the most likely to be fair	1>2	unknown	Comment	comment
7 is the most likely to be fair	from what I remember	1>2	unknown	Background	frame
so anyone have any ore?	I have sheep to spare	1>2	unknown	Elaboration	elaboration
so anyone have any ore?	I have wheat	1>2	unknown	Question_answer_pair	query
so anyone have any ore?	fraid not	1>2	unknown	Question_answer_pair	query
7 is the most likely to be fair	it is, yeah, even so	1>2	unknown	Acknowledgement	query
more wheat,	great	1>2	unknown	Comment	comment
more wheat,	anyone need wheat?	1>2	unknown	Result	causal
anyone need wheat?	Really not,	1>2	unknown	Question_answer_pair	query
Really not,	sorry.	1>2	unknown	Comment	comment
rennoc?	I'm fine for wheat at the mo	1>2	unknown	Question_answer_pair	query
well... sigh.	least you didn't have to lose half your resrouces this time	1>2	unknown	Comment	comment
least you didn't have to lose half your resrouces this time	true.	1>2	unknown	Acknowledgement	query
true.	I'd rather like to roll an 8 though :P	1>2	unknown	Contrast	contrast
No more wheat!	Well thank you Rennoc :D	1>2	unknown	Comment	comment
anyone need wheat?	What for?	1>2	unknown	Q_Elab	query
anyone need wheat?	you know if you have more than 4,	1>2	unknown	Comment	comment
What for?	clay, I guess, or ore	1>2	unknown	Question_answer_pair	query
clay, I guess, or ore	or wood	1>2	unknown	Alternation	alternation
you know if you have more than 4,	I think you can trade them into the bank,	1>2	unknown	Conditional	condition
yeah	but it's not ideal	1>2	unknown	Contrast	contrast
but it's not ideal	That's true...	1>2	unknown	Acknowledgement	query
That's true...	4 -> 1	1>2	unknown	Explanation	explanation
Well, I might do,	but depends on my roll, I'm afraid	1>2	unknown	Contrast	contrast
you know if you have more than 4,	yeah	1>2	unknown	Acknowledgement	query
anyone need wheat?	Well, I might do,	1>2	unknown	Question_answer_pair	query
Dave: Wheat for a clay?	sure, can you do 2 for 2,	1>2	unknown	Q_Elab	query
sure, can you do 2 for 2,	or do you just want 1 for 1	1>2	unknown	Alternation	alternation
Just 1-4-1 I'm afraid	fair enough	1>2	unknown	Acknowledgement	query
sure, can you do 2 for 2,	Just 1-4-1 I'm afraid	1>2	unknown	Question_answer_pair	query
Oh... now I get wheat(!)	heh	1>2	unknown	Comment	comment
Oh... now I get wheat(!)	any spare ores anyone?	1>2	unknown	Continuation	conjunction
any spare ores anyone?	afraid not, sorry	1>2	unknown	Question_answer_pair	query
any spare ores anyone?	None here either :(	1>2	unknown	Question_answer_pair	query
wheat for wood anyone?	or a sheep	1>2	unknown	Alternation	alternation
wheat for wood anyone?	sorry :/	1>2	unknown	Question_answer_pair	query
how do those resource tiles in the water work	If you have a settlement on them	1>2	unknown	Question_answer_pair	query
how do those resource tiles in the water work	anyone have any wood?	1>2	unknown	Continuation	conjunction
If you have a settlement on them	you can get better trades	1>2	unknown	Conditional	condition
I thought that was the number ones	the 3:1 means you can trade 3 of anything to 1 of anything	1>2	unknown	Explanation	explanation
the 3:1 means you can trade 3 of anything to 1 of anything	what about the other ones	1>2	unknown	Clarification_question	query
what about the other ones	The resource ones -I think- mean you can trade 2 of any of that item to 1 of anything else	1>2	unknown	Question_answer_pair	query
The resource ones -I think- mean you can trade 2 of any of that item to 1 of anything else	ah, that's pretty good	1>2	unknown	Acknowledgement	query
The resource ones -I think- mean you can trade 2 of any of that item to 1 of anything else	But I might have that the wrong way around	1>2	unknown	Contrast	contrast
anyone have any wood?	nope, sorry	1>2	unknown	Question_answer_pair	query
anyone have any wood?	I think we are all looking for it!	1>2	unknown	Question_answer_pair	query
nope, sorry	I think we are all looking for it!	1>2	unknown	Comment	comment
If you have a settlement on them	I thought that was the number ones	1>2	unknown	Contrast	contrast
Oh.	can anyone trade clay for ore	1>2	unknown	Continuation	conjunction
can anyone trade clay for ore	as in, I give you the clay	1>2	unknown	Elaboration	elaboration
No ore, sorry.	me neither	1>2	unknown	Parallel	conjunction
can anyone trade clay for ore	No ore, sorry.	1>2	unknown	Question_answer_pair	query
can anyone trade clay for ore	me neither	1>2	unknown	Question_answer_pair	query
good roll that	thanks	1>2	unknown	Comment	comment
Sorry,	boss walked in	1>2	unknown	Explanation	explanation
good roll that	Yes, that was a good roll for you.	1>2	unknown	Comment	comment
good roll that	Sorry,	1>2	unknown	Background	frame
Sorry,	np	1>2	unknown	Acknowledgement	query
Ah. Sheep.	You basically control the sheep	1>2	unknown	Comment	comment
You basically control the sheep	That's not as handy or as sinister as it sounds	1>2	unknown	Comment	comment
That's not as handy or as sinister as it sounds	Unfortunately.	1>2	unknown	Comment	comment
Still cooler than being a wheat baron	I don't know, you've got 'baron' right there in the title	1>2	unknown	Comment	comment
I don't know, you've got 'baron' right there in the title	That is actually the only good thing about this job	1>2	unknown	Comment	comment
That's not as handy or as sinister as it sounds	Still cooler than being a wheat baron	1>2	unknown	Contrast	contrast
Thank god.	I was going to scream	1>2	unknown	Explanation	explanation
I was going to scream	if I rolled a 7	1<2	unknown	Conditional	condition
I was going to scream	haha	1>2	unknown	Comment	comment
Woo!	Clay!	1>2	unknown	Explanation	explanation
Woo!	anyone got clay or ore they can swap for wheat?	1>2	unknown	Continuation	conjunction
Clay!	Hard-earned clay!	1>2	unknown	Elaboration	elaboration
anyone got clay or ore they can swap for wheat?	clay or wood, rather	1>2	unknown	Correction	contrast
Only got that one	could you, by any chance, use some fine high quality wheat	1>2	unknown	Q_Elab	query
could you, by any chance, use some fine high quality wheat	guaranteed to be 100% more edible than clay	1>2	unknown	Elaboration	elaboration
could you, by any chance, use some fine high quality wheat	If I get more clay,	1>2	unknown	Question_answer_pair	query
If I get more clay,	perhaps...	1>2	unknown	Conditional	condition
I can eat the sheep for now.	Cook them in my lovely new tandoor oven I made out of the clay!	1>2	unknown	Elaboration	elaboration
maybe	but I have almost nothing but wheat to trade back	1>2	unknown	Contrast	contrast
clay or wood rennoc?	either one	1>2	unknown	Elaboration	elaboration
clay or wood rennoc?	unfortunately, neither one	1>2	unknown	Question_answer_pair	query
unfortunately, neither one	tomm, could I give you 3 sheep for a clay and an ore?	1>2	unknown	Contrast	contrast
tomm, could I give you 3 sheep for a clay and an ore?	I don't have ore, I'm afraid!	1>2	unknown	Question_answer_pair	query
tomm, could I give you 3 sheep for a clay and an ore?	Really need to move that robber blocking your clay, eh? :/	1>2	unknown	Comment	comment
I don't have ore, I'm afraid!	Plus... I'm basically rolling in sheep	1>2	unknown	Continuation	conjunction
but if I gave you some sheep,	you could trade them back for the resources you'd need	1>2	unknown	Conditional	condition
Well, as I say, don't have any ore at all	ok,	1>2	unknown	Acknowledgement	query
Well, as I say, don't have any ore at all	I think Dave is the only one who does	1>2	unknown	Elaboration	elaboration
ok,	cool.	1>2	unknown	Comment	comment
I think Dave is the only one who does	*whispers*horder!	1>2	unknown	Comment	comment
I think Dave is the only one who does	do you have any ores, dave?	1>2	unknown	Result	causal
*whispers*horder!	lo	1>2	unknown	Comment	comment
do you have any ores, dave?	I don't, no	1>2	unknown	Question_answer_pair	query
I don't, no	I have wheat	1>2	unknown	Contrast	contrast
anyone got clay or ore they can swap for wheat?	Only got that one	1>2	unknown	Question_answer_pair	query
anyone got clay or ore they can swap for wheat?	maybe	1>2	unknown	Question_answer_pair	query
maybe	clay or wood rennoc?	1>2	unknown	Clarification_question	query
I don't have ore, I'm afraid!	but if I gave you some sheep,	1>2	unknown	Contrast	contrast
but if I gave you some sheep,	Well, as I say, don't have any ore at all	1>2	unknown	Contrast	contrast
If I get more clay,	I can eat the sheep for now.	1>2	unknown	Contrast	contrast
wheat	I stole your wheat	1>2	unknown	Elaboration	elaboration
wheat	hey, I know where you can get some good wheat	1>2	unknown	Result	causal
I stole your wheat	aand, I didn't mean to end that	1>2	unknown	Comment	comment
aand, I didn't mean to end that	Wait, who'd you steam from?	1>2	unknown	Clarification_question	query
Wait, who'd you steam from?	rennoc	1>2	unknown	Question_answer_pair	query
rennoc	wwait	1>2	unknown	Correction	contrast
rennoc	so i see.	1>2	unknown	Result	causal
wwait	maybe you?	1>2	unknown	Continuation	conjunction
so i see.	i am now utterly wheatless	1>2	unknown	Elaboration	elaboration
Oh, that's harsh.	one sec	1>2	unknown	Continuation	conjunction
hey, I know where you can get some good wheat	but seriously, want to trade for some wheat?	1>2	unknown	Continuation	conjunction
where goes the robber?	hasn't been moved yet	1>2	unknown	Question_answer_pair	query
hasn't been moved yet	bah, phone, brb.	1>2	unknown	Background	frame
bah, phone, brb.	Hey!	1>2	unknown	Comment	comment
Hey!	:p	1>2	unknown	Comment	comment
:p	heh	1>2	unknown	Comment	comment
hey, I know where you can get some good wheat	where goes the robber?	1>2	unknown	Clarification_question	query
wwait	Oh, that's harsh.	1>2	unknown	Comment	comment
wwait	nah, it was rennoc	1>2	unknown	Correction	contrast
...	noooo	1>2	unknown	Comment	comment
noooo	I just bought the wrong resource	1>2	unknown	Explanation	explanation
so you have ore to spare then...?	I do	1>2	unknown	Question_answer_pair	query
so you have ore to spare then...?	ore for wood?	1>2	unknown	Q_Elab	query
so you have ore to spare then...?	Sorry, back	1>2	unknown	Continuation	conjunction
ore for wood?	if only...	1>2	unknown	Question_answer_pair	query
ore for wood?	I have clay?	1>2	unknown	Q_Elab	query
if only...	I have clay?	1>2	unknown	Contrast	contrast
I have clay?	that is more useful	1>2	unknown	Comment	comment
I have clay?	yeah, go ahead	1>2	unknown	Question_answer_pair	query
that is more useful	yeah, go ahead	1>2	unknown	Result	causal
Sorry, back	what did I miss?	1>2	unknown	Clarification_question	query
what did I miss?	not much	1>2	unknown	Question_answer_pair	query
not much	ADDTIME	1>2	unknown	Continuation	conjunction
ADDTIME	we play this to the end, not until the time runs out, yeah?	1>2	unknown	Clarification_question	query
we play this to the end, not until the time runs out, yeah?	yeah, we'll see	1>2	unknown	Question_answer_pair	query
yeah, we'll see	Right, anyway...	1>2	unknown	Continuation	conjunction
Right, anyway...	so I have bugger all... annnnd... yes.	1>2	unknown	Continuation	conjunction
so dave, what did you have to trade for clay?	I covert rennoc's clay.	1>2	unknown	Contrast	contrast
so dave, what did you have to trade for clay?	clay rennoc	1>2	unknown	Q_Elab	query
so dave, what did you have to trade for clay?	I have ore to trade (or wheat, always wheat)	1>2	unknown	Question_answer_pair	query
so dave, what did you have to trade for clay?	8!	1>2	unknown	Continuation	conjunction
I covert rennoc's clay.	I could offer things?	1>2	unknown	Q_Elab	query
I could offer things?	wood?	1>2	unknown	Q_Elab	query
I could offer things?	Ore?	1>2	unknown	Elaboration	elaboration
Ore?	tomm, do you have ore?	1>2	unknown	Clarification_question	query
clay rennoc	I have ore to trade (or wheat, always wheat)	1>2	unknown	Question_answer_pair	query
tomm, do you have ore?	Yes, yes I do	1>2	unknown	Question_answer_pair	query
Yes, yes I do	ok	1>2	unknown	Acknowledgement	query
8!	8!	1>2	unknown	Continuation	conjunction
8!	Not 8.	1>2	unknown	Contrast	contrast
Not 8.	any wood around?	1>2	unknown	Comment	comment
any wood around?	nope	1>2	unknown	Question_answer_pair	query
Damn robber.	He stole my sheep	1>2	unknown	Explanation	explanation
Damn robber.	Woo! Poor!	1>2	unknown	Comment	comment
has anyone got a sheep,	I can trade wheat or clay	1>2	unknown	Elaboration	elaboration
Surprisingly I am bereft of sheep.	:(	1>2	unknown	Comment	comment
rennoc?	sorry, no sheep	1>2	unknown	Question_answer_pair	query
has anyone got a sheep,	Surprisingly I am bereft of sheep.	1>2	unknown	Question_answer_pair	query
has anyone got a sheep,	rennoc?	1>2	unknown	Q_Elab	query
brb	Fancy some tasty ore?	1>2	unknown	Continuation	conjunction
Fancy some tasty ore?	I do not ^_^	1>2	unknown	Question_answer_pair	query
Fancy some tasty ore?	How about clay?	1>2	unknown	Q_Elab	query
I do not ^_^	But... you can... you know... smelt it?	1>2	unknown	Contrast	contrast
How about clay?	nope, sorry,	1>2	unknown	Question_answer_pair	query
How about clay?	For... you know... sculpture?	1>2	unknown	Q_Elab	query
nope, sorry,	I'm good for clay	1>2	unknown	Explanation	explanation
For... you know... sculpture?	and pots	1>2	unknown	Continuation	conjunction
and pots	Bah. Philistine :P	1>2	unknown	Comment	comment
Bah. Philistine :P	hey, the people of Davetopia make very nice pots	1>2	unknown	Contrast	contrast
ooh, wood	trade?	1>2	unknown	Result	causal
ooh, wood	ok im back	1>2	unknown	Continuation	conjunction
trade?	Oh, so now Davetopia makes with the niceties?	1>2	unknown	Comment	comment
trade?	Anyway, what will you offer for wood?	1>2	unknown	Q_Elab	query
trade?	anone have sheep	1>2	unknown	Q_Elab	query
Oh, so now Davetopia makes with the niceties?	we are a fickle people	1>2	unknown	Question_answer_pair	query
we are a fickle people	Where was all this decorum when we talked before?	1>2	unknown	Q_Elab	query
Where was all this decorum when we talked before?	well you didn't have wood then	1>2	unknown	Question_answer_pair	query
well you didn't have wood then	Snigger.	1>2	unknown	Comment	comment
Snigger.	Tommville is amused by such base humour.	1>2	unknown	Explanation	explanation
Anyway, what will you offer for wood?	wheat?:D	1>2	unknown	Question_answer_pair	query
wheat?:D	or clay	1>2	unknown	Alternation	alternation
anone have sheep	Sadly still no sheep :(	1>2	unknown	Question_answer_pair	query
Pfft, your pots are of no use.	wheat then?	1>2	unknown	Q_Elab	query
wheat then?	Talk to rennoc first,	1>2	unknown	Background	frame
wheat then?	yeah sure, could do with some wheat	1>2	unknown	Question_answer_pair	query
wheat then?	Dave - how many wheat would you give for 1 wood?	1>2	unknown	Q_Elab	query
Talk to rennoc first,	it's his go :p	1>2	unknown	Explanation	explanation
Talk to rennoc first,	yeah sure, could do with some wheat	1>2	unknown	Result	causal
yeah sure, could do with some wheat	got wood?	1>2	unknown	Q_Elab	query
got wood?	nope	1>2	unknown	Question_answer_pair	query
got wood?	Still snigger.	1>2	unknown	Comment	comment
Still snigger.	heh	1>2	unknown	Comment	comment
nope	that's all I'm interested in, sorry :(	1>2	unknown	Result	causal
Dave - how many wheat would you give for 1 wood?	I will give you one whole wheat	1>2	unknown	Question_answer_pair	query
I will give you one whole wheat	I must demand 2.	1>2	unknown	Contrast	contrast
I must demand 2.	i would give you 2 clay?	1>2	unknown	Q_Elab	query
I must demand 2.	For the good of my people you understand	1>2	unknown	Explanation	explanation
I must demand 2.	I must refuse, on principle	1>2	unknown	Question_answer_pair	query
i would give you 2 clay?	Rennoc, full of clay I'm afraid.	1>2	unknown	Question_answer_pair	query
i would give you 2 clay?	although I could offer you ore, Rennoc?	1>2	unknown	Q_Elab	query
I must refuse, on principle	well, it depends	1>2	unknown	Correction	contrast
well, it depends	we'll see	1>2	unknown	Continuation	conjunction
we'll see	also if anyone rolls a seven	1>2	unknown	Parallel	conjunction
Rennoc, full of clay I'm afraid.	although I could offer you ore, Rennoc?	1>2	unknown	Contrast	contrast
although I could offer you ore, Rennoc?	depending on what you have	1<2	unknown	Conditional	condition
also if anyone rolls a seven	I will never forgive them	1>2	unknown	Conditional	condition
well... I've got some really good quality clay.	Ah... we'll see when we get around to me, can bid for the wood.	1>2	unknown	Result	causal
wheat?:D	Pfft, your pots are of no use.	1>2	unknown	Question_answer_pair	query
although I could offer you ore, Rennoc?	well... I've got some really good quality clay.	1>2	unknown	Question_answer_pair	query
You crafty gender non-specific pronoun!	I can give you one wheat and ore for wood	1>2	unknown	Continuation	conjunction
I can give you one wheat and ore for wood	Don't want ore.	1>2	unknown	Question_answer_pair	query
Don't want ore.	Rennoc what can you offer me for wood?	1>2	unknown	Continuation	conjunction
Rennoc what can you offer me for wood?	how about 4 clay for 1 wood and 1 ore?	1>2	unknown	Q_Elab	query
Rennoc what can you offer me for wood?	Dave... wood for a wheat?	1>2	unknown	Continuation	conjunction
how about 4 clay for 1 wood and 1 ore?	don't do it!	1>2	unknown	Comment	comment
how about 4 clay for 1 wood and 1 ore?	Wow, you are clay tastic, eh?	1>2	unknown	Comment	comment
don't do it!	it's a trap	1>2	unknown	Explanation	explanation
Wow, you are clay tastic, eh?	yep, I speak to you from a bath of clay!	1>2	unknown	Question_answer_pair	query
Wow, you are clay tastic, eh?	(make sure it's not the bath clay he gives you)	1>2	unknown	Comment	comment
yep, I speak to you from a bath of clay!	(make sure it's not the bath clay he gives you)	1>2	unknown	Comment	comment
yep, I speak to you from a bath of clay!	eww. Fair point.	1>2	unknown	Comment	comment
(make sure it's not the bath clay he gives you)	eww. Fair point.	1>2	unknown	Comment	comment
Dave... wood for a wheat?	sure	1>2	unknown	Question_answer_pair	query
sure	thanks	1>2	unknown	Continuation	conjunction
sure	wrong player	1>2	unknown	Comment	comment
wrong player	bah	1>2	unknown	Acknowledgement	query
thanks	No... thank you all!	1>2	unknown	Correction	contrast
No... thank you all!	Tommville is now Tommopolis!	1>2	unknown	Explanation	explanation
eww. Fair point.	my bath has been demoted to a sink	1>2	unknown	Result	causal
:O	Wow, nice roll Rennoc :D	1>2	unknown	Continuation	conjunction
ok, rennoc, listen to me	don't give tomm wheat	1>2	unknown	Elaboration	elaboration
don't give tomm wheat	sorry tomm	1>2	unknown	Comment	comment
don't give tomm wheat	but he can win the game	1>2	unknown	Explanation	explanation
don't give tomm wheat	can you give wheat to me, dave?	1>2	unknown	Result	causal
sorry tomm	but he can win the game	1>2	unknown	Contrast	contrast
but he can win the game	if he gets wheat	1<2	unknown	Conditional	condition
Aww. :(	Sadly, the man does have a point.	1>2	unknown	Elaboration	elaboration
can you give wheat to me, dave?	for clay?	1>2	unknown	Q_Elab	query
can you give wheat to me, dave?	uh, I might get some on my turn, so maybe	1>2	unknown	Question_answer_pair	query
can you give wheat to me, dave?	any one have sheep?	1>2	unknown	Continuation	conjunction
for clay?	I'm good for clay, thanks	1>2	unknown	Question_answer_pair	query
any one have sheep?	That's a fair point,	1>2	unknown	Comment	comment
any one have sheep?	I've not had sheep for ages.	1>2	unknown	Explanation	explanation
That's a fair point,	I've not had sheep for ages.	1>2	unknown	Explanation	explanation
but he can win the game	Aww. :(	1>2	unknown	Comment	comment
but he can win the game	Sadly, the man does have a point.	1>2	unknown	Acknowledgement	query
:O	ok, rennoc, listen to me	1>2	unknown	Result	causal
3 sheep	really	1>2	unknown	Comment	comment
3 sheep	Rennoc... I have sheep now?	1>2	unknown	Continuation	conjunction
Rennoc... I have sheep now?	Got any wheat? :P	1>2	unknown	Q_Elab	query
Got any wheat? :P	nope sorry.	1>2	unknown	Question_answer_pair	query
Got any wheat? :P	nooooooo	1>2	unknown	Comment	comment
nooooooo	don't give him wheat,	1>2	unknown	Elaboration	elaboration
don't give him wheat,	also, if you get the robber	1>2	unknown	Continuation	conjunction
also, if you get the robber	put it on that wheat tile in the middle	1>2	unknown	Conditional	condition
nope sorry.	I could spare some clay though	1>2	unknown	Contrast	contrast
I could spare some clay though	1 clay for 1 sheep?	1>2	unknown	Q_Elab	query
1 clay for 1 sheep?	thanks	1>2	unknown	Question_answer_pair	query
thanks	muhaha!	1>2	unknown	Comment	comment
thanks	uh no	1>2	unknown	Comment	comment
uh no	we're doomed	1>2	unknown	Elaboration	elaboration
uh no	that got you less points than I thought	1>2	unknown	Contrast	contrast
Settlement is worth 2, city 3	anyone got wood or sheep to trade?	1>2	unknown	Continuation	conjunction
Settlement is worth 2, city 3	I'm confused...	1>2	unknown	Contrast	contrast
anyone got wood or sheep to trade?	well, I am going to have to go in 5-10 mins,	1>2	unknown	Q_Elab	query
well, I am going to have to go in 5-10 mins,	you have to go?	1>2	unknown	Clarification_question	query
well, I am going to have to go in 5-10 mins,	so before I do does anyone want any of my resources	1>2	unknown	Result	causal
so before I do does anyone want any of my resources	do you have any wood or sheep rennoc?	1>2	unknown	Q_Elab	query
you have to go?	yes.	1>2	unknown	Question_answer_pair	query
you have to go?	I'll add time shall I?	1>2	unknown	Clarification_question	query
I'm confused...	I think I should have won?	1>2	unknown	Explanation	explanation
unfortunately,	yes.	1<2	unknown	Comment	comment
I'll add time shall I?	We can always end it when we want anyway	1>2	unknown	Explanation	explanation
I'll add time shall I?	if we dont add time	1>2	unknown	Question_answer_pair	query
if we dont add time	i could play till then though!	1>2	unknown	Conditional	condition
or that.	addtime	1>2	unknown	Result	causal
do you have any wood or sheep rennoc?	both	1>2	unknown	Question_answer_pair	query
do you have any wood or sheep rennoc?	1 ore and 1 wheat for 1 wood and 1 sheep?	1>2	unknown	Q_Elab	query
both	1 ore and 1 wheat for 1 wood and 1 sheep?	1>2	unknown	Result	causal
1 ore and 1 wheat for 1 wood and 1 sheep?	how about this.	1>2	unknown	Q_Elab	query
how about this.	don't have 2 wheat	1>2	unknown	Question_answer_pair	query
don't have 2 wheat	oh	1>2	unknown	Acknowledgement	query
don't have 2 wheat	would have offered it otherwise	1>2	unknown	Background	frame
would have offered it otherwise	rennoc, you there?	1>2	unknown	Clarification_question	query
bugger, I can't add up, that's why.	heh	1>2	unknown	Comment	comment
heh	?	1>2	unknown	Clarification_question	query
rennoc, you there?	I really need to head off,	1>2	unknown	Question_answer_pair	query
I really need to head off,	sorry for cutting things short on my part	1>2	unknown	Comment	comment
I really need to head off,	what do you need guys?	1>2	unknown	Result	causal
what do you need guys?	sheep, wood	1>2	unknown	Question_answer_pair	query
what do you need guys?	how about you tomm?	1>2	unknown	Q_Elab	query
what do you need guys?	i have 5 clay, 1 ore, 2 sheep, 1 wood.	1>2	unknown	Background	frame
sheep, wood	a clay?	1>2	unknown	Continuation	conjunction
how about you tomm?	Feel free to fire me the clay	1>2	unknown	Question_answer_pair	query
Feel free to fire me the clay	ok it turns out you have to give me something in a trade	1>2	unknown	Result	causal
ok it turns out you have to give me something in a trade	have anything you can spare for the trade tomm?	1>2	unknown	Q_Elab	query
have anything you can spare for the trade tomm?	not realy, just ditch it	1>2	unknown	Question_answer_pair	query
not realy, just ditch it	ok , thanks guys and good luck!	1>2	unknown	Acknowledgement	query
ok , thanks guys and good luck!	cheers, was good playing!	1>2	unknown	Acknowledgement	query
ok , thanks guys and good luck!	so what happens if he quits?	1>2	unknown	Result	causal
so what happens if he quits?	will the game remove him?	1>2	unknown	Clarification_question	query
will the game remove him?	You two just continue	1>2	unknown	Question_answer_pair	query
will the game remove him?	press done on his go :P	1>2	unknown	Question_answer_pair	query
press done on his go :P	lets finish this up!	1>2	unknown	Continuation	conjunction
lets finish this up!	SHEEP!	1>2	unknown	Comment	comment
if we dont add time	or that.	1>2	unknown	Alternation	alternation
I'm confused...	bugger, I can't add up, that's why.	1>2	unknown	Correction	contrast
null needs to discard?	I'm guessing that's rennoc	1>2	unknown	Question_answer_pair	query
null needs to discard?	Oh... I can't move the robber?	1>2	unknown	Result	causal
Oh... I can't move the robber?	you've moved it already?	1>2	unknown	Clarification_question	query
Oh... I can't move the robber?	it says null needs to discard,	1>2	unknown	Explanation	explanation
you've moved it already?	No, that was for a soldier card	1>2	unknown	Clarification_question	query
No, that was for a soldier card	oh	1>2	unknown	Acknowledgement	query
it says null needs to discard,	I think it's a bug	1>2	unknown	Explanation	explanation
I think it's a bug	it's still counting rennoc as having over 7 resources	1>2	unknown	Explanation	explanation
Does it work now?	yes, fixed	1>2	unknown	Acknowledgement	query
it says null needs to discard,	Does it work now?	1>2	unknown	Clarification_question	query
wwwhat	oh, right	1>2	unknown	Question_answer_pair	query
oh, right	^_^	1>2	unknown	Comment	comment
Woo! Settlement!	ha, congrats	1>2	unknown	Comment	comment
Woo! Settlement!	good game	1>2	unknown	Acknowledgement	query
good game	Hehe, it was fun, thanks.	1>2	unknown	Acknowledgement	query
Hehe, it was fun, thanks.	I think I got very lucky getting to the sheep port	1>2	unknown	Elaboration	elaboration
Hehe, it was fun, thanks.	Anyway, was a pleasure,	1>2	unknown	Continuation	conjunction
I think I got very lucky getting to the sheep port	I spent far too long at the start building pointless roads,	1>2	unknown	Parallel	conjunction
I think I got very lucky getting to the sheep port	24 sheep :o	1>2	unknown	Elaboration	elaboration
I spent far too long at the start building pointless roads,	I wasn't 100% sure where I could build s	1>2	unknown	Explanation	explanation
24 sheep :o	haha	1>2	unknown	Comment	comment
Rennoc had lost about half way through to be honest	I sort of cut him out >.>	1>2	unknown	Explanation	explanation
Rennoc had lost about half way through to be honest	I had just managed to take a wheat port,	1>2	unknown	Continuation	conjunction
I sort of cut him out >.>	and ore is more important in the later game too	1>2	unknown	Parallel	conjunction
Yeah, I noticed,	he couldn't really expand	1>2	unknown	Elaboration	elaboration
I had just managed to take a wheat port,	which would have been very helpful	1>2	unknown	Elaboration	elaboration
Yes!	Ports are great	1>2	unknown	Elaboration	elaboration
Ports are great	if you get them	1<2	unknown	Conditional	condition
Anyway, was a pleasure,	should do it again sometime, outside of the experiment!	1>2	unknown	Result	causal
Thanks for participating.	Yeah, it's a good game	1>2	unknown	Acknowledgement	query
Yeah, it's a good game	Glad you enjoyed it.	1>2	unknown	Acknowledgement	query
Glad you enjoyed it.	Please take a minute to fill in the questionnaire.	1>2	unknown	Narration	temporal
Please take a minute to fill in the questionnaire.	I'll get you your questionaire back tomorrow	1>2	unknown	Question_answer_pair	query
Please take a minute to fill in the questionnaire.	No problem,	1>2	unknown	Question_answer_pair	query
Please take a minute to fill in the questionnaire.	Also, for your £5 you'll have to come by my office.	1>2	unknown	Parallel	conjunction
No problem,	I'll send in the questionare in 10 minutes	1>2	unknown	Elaboration	elaboration
I'll get you your questionaire back tomorrow	if that is okay, Markus,	1<2	unknown	Conditional	condition
Also, for your £5 you'll have to come by my office.	sure,	1>2	unknown	Acknowledgement	query
Also, for your £5 you'll have to come by my office.	If you were to email me the form,	1>2	unknown	Clarification_question	query
Also, for your £5 you'll have to come by my office.	Unfortunately.	1>2	unknown	Comment	comment
Also, for your £5 you'll have to come by my office.	where is your office?	1>2	unknown	Clarification_question	query
Also, for your £5 you'll have to come by my office.	I'll be in and out tomorrow	1>2	unknown	Elaboration	elaboration
sure,	where is your office?	1>2	unknown	Contrast	contrast
where is your office?	Informatics Forum 3.24.	1>2	unknown	Question_answer_pair	query
I'll be in and out tomorrow	but should be there most of Wednesday.	1>2	unknown	Contrast	contrast
but should be there most of Wednesday.	any particular time you'd prefer?	1>2	unknown	Clarification_question	query
but should be there most of Wednesday.	I have most of wednesday off,	1>2	unknown	Acknowledgement	query
If you were to email me the form,	could I send a surrogate with my signed form?	1>2	unknown	Conditional	condition
I have most of wednesday off,	so I'll come in then,	1>2	unknown	Result	causal
any particular time you'd prefer?	I've no preference for Wednesday	1>2	unknown	Question_answer_pair	query
Have a friend who works there	It's okay,	1>2	unknown	Continuation	conjunction
Hm, I guess you could scan it in an send it back.	Or send it by post.	1>2	unknown	Alternation	alternation
Sorry	it's the necessary paper trail ...	1>2	unknown	Contrast	contrast
Sorry	It's okay,	1>2	unknown	Acknowledgement	query
I'll send you the form.	Cheers if you email me the form now,	1>2	unknown	Acknowledgement	query
It's okay,	I understand	1>2	unknown	Continuation	conjunction
I've no preference for Wednesday	Should be there most of the day.	1>2	unknown	Explanation	explanation
Should be there most of the day.	Right,	1>2	unknown	Acknowledgement	query
Should be there most of the day.	about 2 on wednesday then?	1>2	unknown	Clarification_question	query
Cheers if you email me the form now,	I'll give it to my friend tonight,	1>2	unknown	Conditional	condition
I'll give it to my friend tonight,	I'm heading to see him.	1>2	unknown	Explanation	explanation
Already working on it.	Perfect,	1>2	unknown	Acknowledgement	query
Right,	I'll go fill in the form,	1>2	unknown	Elaboration	elaboration
about 2 on wednesday then?	Wed @ 2 or so;	1>2	unknown	Acknowledgement	query
Perfect,	thanks Markus.	1>2	unknown	Comment	comment
Perfect,	I'll email you my response tomorrow	1>2	unknown	Continuation	conjunction
I'll email you my response tomorrow	OK,	1>2	unknown	Acknowledgement	query
OK,	that's good for me.	1>2	unknown	Elaboration	elaboration
Wed @ 2 or so;	ok,	1>2	unknown	Acknowledgement	query
Wed @ 2 or so;	good.	1>2	unknown	Comment	comment
ok,	well I'm going to head off now	1>2	unknown	Continuation	conjunction
OK;	thanks again for participating!	1>2	unknown	Continuation	conjunction
thanks again for participating!	Thanks!	1>2	unknown	Acknowledgement	query
wwwhat	Woo! Settlement!	1>2	unknown	Continuation	conjunction
I spent far too long at the start building pointless roads,	Yeah, that is a problem...	1>2	unknown	Acknowledgement	query
I spent far too long at the start building pointless roads,	Rennoc had lost about half way through to be honest	1>2	unknown	Continuation	conjunction
I had just managed to take a wheat port,	Yes!	1>2	unknown	Acknowledgement	query
I had just managed to take a wheat port,	Ports are great	1>2	unknown	Comment	comment
Anyway, was a pleasure,	Thanks for participating.	1>2	unknown	Acknowledgement	query
If you were to email me the form,	Have a friend who works there	1>2	unknown	Explanation	explanation
If you were to email me the form,	Hm, I guess you could scan it in an send it back.	1>2	unknown	Question_answer_pair	query
I have most of wednesday off,	any particular time you'd prefer?	1>2	unknown	Clarification_question	query
Right,	about 2 on wednesday then?	1>2	unknown	Elaboration	elaboration
ok,	OK;	1>2	unknown	Acknowledgement	query
Cheers if you email me the form now,	Already working on it.	1>2	unknown	Acknowledgement	query
I'll get you your questionaire back tomorrow	have to go myself	1>2	unknown	Explanation	explanation
Hm, I guess you could scan it in an send it back.	Sorry	1>2	unknown	Comment	comment
Hm, I guess you could scan it in an send it back.	I'll send you the form.	1>2	unknown	Continuation	conjunction
I sort of cut him out >.>	Yeah, I noticed,	1>2	unknown	Acknowledgement	query
Had to remake the game, too.	uh oh	1>2	unknown	Narration	temporal
uh oh	it's all water	1>2	unknown	Explanation	explanation
it's all water	thats ok for now	1>2	unknown	Comment	comment
thats ok for now	once jon sits down...	1>2	unknown	Explanation	explanation
once jon sits down...	then someone can hit start	1>2	unknown	Conditional	condition
once jon sits down...	ha ha!	1>2	unknown	Comment	comment
then someone can hit start	and it'll populate	1>2	unknown	Result	causal
and it'll populate	and _fingers crossed_	1>2	unknown	Comment	comment
ok	I am 4th player,	1>2	unknown	Continuation	conjunction
I am 4th player,	fingers crossed	1>2	unknown	Comment	comment
fingers crossed	that this works this time	1>2	unknown	Elaboration	elaboration
Right then.	Here goes nothing.	1>2	unknown	Result	causal
Here goes nothing.	yay!!!!!	1>2	unknown	Result	causal
yay!!!!!	i don't care who wins now,	1>2	unknown	Explanation	explanation
i don't care who wins now,	we get to playyyy!!!	1>2	unknown	Explanation	explanation
good luck all :D	Here's to a fun game :)	1>2	unknown	Comment	comment
once jon sits down...	ok	1>2	unknown	Continuation	conjunction
ok	Right then.	1>2	unknown	Acknowledgement	query
i don't care who wins now,	Woo!	1>2	unknown	Comment	comment
i don't care who wins now,	good luck all :D	1>2	unknown	Continuation	conjunction
hey	anyone have any brick?	1>2	unknown	Continuation	conjunction
anyone have any brick?	or clay	1>2	unknown	Alternation	alternation
or clay	sorry	1>2	unknown	Comment	comment
nope :(	euan bagged a bit	1>2	unknown	Contrast	contrast
euan bagged a bit	i think	1>2	unknown	Comment	comment
euan bagged a bit	i rolled an 11 for him :D	1>2	unknown	Explanation	explanation
I am willing to do wheat --> clay,	or wheat for ore	1>2	unknown	Alternation	alternation
And I alt tab back from the tutorial.	What's up?	1>2	unknown	Clarification_question	query
What's up?	do you want to trade?	1>2	unknown	Q_Elab	query
do you want to trade?	joel fancies a bit of your clay	1>2	unknown	Explanation	explanation
do you want to trade?	Whatcha got?	1>2	unknown	Q_Elab	query
joel fancies a bit of your clay	yes	1>2	unknown	Acknowledgement	query
yes	!	1>2	unknown	Comment	comment
Whatcha got?	wheat	1>2	unknown	Question_answer_pair	query
wheat	I can wheat for clay.	1>2	unknown	Result	causal
I can wheat for clay.	awesome	1>2	unknown	Acknowledgement	query
awesome	I just sent the trade request	1>2	unknown	Result	causal
I just sent the trade request	I accepted.	1>2	unknown	Result	causal
I accepted.	cool	1>2	unknown	Acknowledgement	query
cool	it worked	1>2	unknown	Explanation	explanation
it worked	thanks	1>2	unknown	Continuation	conjunction
thanks	Indeed.	1>2	unknown	Acknowledgement	query
Indeed.	Shiny.	1>2	unknown	Comment	comment
Shiny.	No worries	1>2	unknown	Comment	comment
I am willing to do wheat --> clay,	And I alt tab back from the tutorial.	1>2	unknown	Continuation	conjunction
hey	nope :(	1>2	unknown	Question_answer_pair	query
hey	no	1>2	unknown	Question_answer_pair	query
hey	euan bagged a bit	1>2	unknown	Question_answer_pair	query
hey	I am willing to do wheat --> clay,	1>2	unknown	Elaboration	elaboration
Hm.	Anyone got wood?	1>2	unknown	Continuation	conjunction
Anyone got wood?	nope	1>2	unknown	Question_answer_pair	query
Anyone got wood?	no	1>2	unknown	Question_answer_pair	query
Anyone got wood?	lol	1>2	unknown	Comment	comment
no	Oh well	1>2	unknown	Comment	comment
no	in time, and with enough 8s i am sure	1>2	unknown	Contrast	contrast
sorry	no	1<2	unknown	Comment	comment
Oh well	^^	1>2	unknown	Continuation	conjunction
in time, and with enough 8s i am sure	I'll be well wooded	1>2	unknown	Continuation	conjunction
in time, and with enough 8s i am sure	oh baby.	1>2	unknown	Comment	comment
mm -	anyone got clay?	1>2	unknown	Continuation	conjunction
anyone got clay?	For ore perhaps?	1>2	unknown	Elaboration	elaboration
i got clay	Ok -	1>2	unknown	Acknowledgement	query
Ok -	I'm done	1>2	unknown	Elaboration	elaboration
I'm done	too late -	1>2	unknown	Comment	comment
too late -	doh!	1>2	unknown	Comment	comment
too late -	next time :)	1>2	unknown	Comment	comment
mm -	nope	1>2	unknown	Question_answer_pair	query
mm -	i got clay	1>2	unknown	Question_answer_pair	query
So I get to say the legendary line.	"""Anyone got wood for sheep?"" :D"	1>2	unknown	Elaboration	elaboration
"""Anyone got wood for sheep?"" :D"	lol	1>2	unknown	Comment	comment
"""Anyone got wood for sheep?"" :D"	oh boy	1>2	unknown	Comment	comment
"""Anyone got wood for sheep?"" :D"	lamentably I am sheepless	1>2	unknown	Question_answer_pair	query
"""Anyone got wood for sheep?"" :D"	same here	1>2	unknown	Question_answer_pair	query
"""Anyone got wood for sheep?"" :D"	Ah well.	1>2	unknown	Correction	contrast
"""Anyone got wood for sheep?"" :D"	can't	1>2	unknown	Question_answer_pair	query
"""Anyone got wood for sheep?"" :D"	Sheep for wood?	1>2	unknown	Correction	contrast
oh boy	haha	1>2	unknown	Continuation	conjunction
lamentably I am sheepless	same here	1>2	unknown	Parallel	conjunction
can't	sorry	1>2	unknown	Comment	comment
Ah well.	I think	1>2	unknown	Continuation	conjunction
I think	I actually meant the other way around,	1>2	unknown	Continuation	conjunction
I actually meant the other way around,	jumped too quickly on the legendary line.	1>2	unknown	Explanation	explanation
Sheep for wood?	i'm after wheat,	1>2	unknown	Question_answer_pair	query
Sheep for wood?	I dont have sheep or wood Euan	1>2	unknown	Question_answer_pair	query
i'm after wheat,	i am afraid	1>2	unknown	Comment	comment
i'm after wheat,	Oh I have wheat,	1>2	unknown	Comment	comment
Oh I have wheat,	we can talk on your turn	1>2	unknown	Result	causal
I dont have sheep or wood Euan	Hm.	1>2	unknown	Result	causal
Hm.	I can give you wheat for wood.	1>2	unknown	Continuation	conjunction
mmm	cross table talks :)	1>2	unknown	Elaboration	elaboration
i have a clay or a wood	i'm happy to dispense for wheat	1>2	unknown	Elaboration	elaboration
i'm happy to dispense for wheat	if one of you has a better offer :D	1>2	unknown	Alternation	alternation
Wood sounds good	kk well	1>2	unknown	Acknowledgement	query
joel what were you after?	wood	1>2	unknown	Question_answer_pair	query
wood	ore	1>2	unknown	Continuation	conjunction
kk well	if you're both after wood for wheat	1>2	unknown	Result	causal
if you're both after wood for wheat	i'll go with Euan this time	1>2	unknown	Conditional	condition
but you're next, Joel :)	thanks	1>2	unknown	Acknowledgement	query
Right,	thanks Cardlinger :)	1>2	unknown	Continuation	conjunction
thanks Cardlinger :)	Niko :)	1>2	unknown	Comment	comment
Niko :)	quicker to type	1>2	unknown	Explanation	explanation
i have a clay or a wood	Wood sounds good	1>2	unknown	Acknowledgement	query
i have a clay or a wood	joel what were you after?	1>2	unknown	Q_Elab	query
Ah well.	Sheep for wood?	1>2	unknown	Elaboration	elaboration
Oh I have wheat,	mmm	1>2	unknown	Comment	comment
Oh I have wheat,	i have a clay or a wood	1>2	unknown	Elaboration	elaboration
wood	kk well	1>2	unknown	Acknowledgement	query
if you're both after wood for wheat	but you're next, Joel :)	1>2	unknown	Contrast	contrast
if you're both after wood for wheat	Right,	1>2	unknown	Acknowledgement	query
sorry dude :(	unlucky 7	1>2	unknown	Explanation	explanation
unlucky 7	tch,	1>2	unknown	Acknowledgement	query
tch,	yeah	1>2	unknown	Continuation	conjunction
tch,	I was going to spend some last turn,	1>2	unknown	Explanation	explanation
I was going to spend some last turn,	but decided against it.	1>2	unknown	Contrast	contrast
but decided against it.	Oh well	1>2	unknown	Comment	comment
well	I'll be a sport	1>2	unknown	Comment	comment
I'll be a sport	and move the robber back to the desert :)	1>2	unknown	Elaboration	elaboration
I was going to spend some last turn,	well	1>2	unknown	Comment	comment
that means	I don't steal any wood for you, joel,	1>2	unknown	Continuation	conjunction
I don't steal any wood for you, joel,	sorry,	1>2	unknown	Comment	comment
sorry,	but hey	1>2	unknown	Contrast	contrast
I'd rather not steal just yet :D	We'll steal	1>2	unknown	Acknowledgement	query
We'll steal	when we're past diplomacy :P	1>2	unknown	Background	frame
haha	whoa	1>2	unknown	Comment	comment
whoa	i didnt see	1>2	unknown	Elaboration	elaboration
i didnt see	a city was built	1>2	unknown	Continuation	conjunction
yup	i got lucky rolls :)	1>2	unknown	Elaboration	elaboration
Whoa!	Nice one :D	1>2	unknown	Elaboration	elaboration
We'll steal	haha	1>2	unknown	Comment	comment
i didnt see	damn	1>2	unknown	Comment	comment
i didnt see	yup	1>2	unknown	Acknowledgement	query
yup	Whoa!	1>2	unknown	Comment	comment
yup	early doors	1>2	unknown	Comment	comment
that means	c'est la vie	1>2	unknown	Comment	comment
that means	I'd rather not steal just yet :D	1>2	unknown	Explanation	explanation
anyone have any ore?	or wood?	1>2	unknown	Alternation	alternation
nope,	sorry :(	1>2	unknown	Comment	comment
jon?	i got ore	1>2	unknown	Question_answer_pair	query
i got ore	I'll give you a wheat?	1>2	unknown	Q_Elab	query
I'll give you a wheat?	sure!	1>2	unknown	Question_answer_pair	query
sure!	nice	1>2	unknown	Acknowledgement	query
if you have another ore	i can do it again	1>2	unknown	Conditional	condition
no	I'm done	1>2	unknown	Explanation	explanation
ok	anyone got a wood	1>2	unknown	Continuation	conjunction
anyone got a wood	they'd like to trade for ore?	1>2	unknown	Elaboration	elaboration
nope	sorry	1>2	unknown	Comment	comment
do you have any ore?	i has ore	1>2	unknown	Question_answer_pair	query
do you have any ore?	i'll give you a wheat for the ore?	1>2	unknown	Q_Elab	query
i'll give you a wheat for the ore?	i'm after wood	1>2	unknown	Question_answer_pair	query
i'm after wood	i am afraid :D	1>2	unknown	Comment	comment
i'm after wood	hmm	1>2	unknown	Comment	comment
i'm after wood	ok	1>2	unknown	Acknowledgement	query
ok	i can do a wood for ore	1>2	unknown	Result	causal
i can do a wood for ore	good man :)	1>2	unknown	Acknowledgement	query
anyone got a wood	nope	1>2	unknown	Question_answer_pair	query
anyone got a wood	or a wood for wheat	1>2	unknown	Alternation	alternation
anyone have any ore?	nope,	1>2	unknown	Question_answer_pair	query
anyone have any ore?	jon?	1>2	unknown	Clarification_question	query
anyone have any ore?	if you have another ore	1>2	unknown	Continuation	conjunction
if you have another ore	no	1>2	unknown	Question_answer_pair	query
anyone got a wood	do you have any ore?	1>2	unknown	Clarification_question	query
no	ok	1>2	unknown	Acknowledgement	query
anyone got clay for ore?	apologies,	1>2	unknown	Question_answer_pair	query
anyone got clay for ore?	same here	1>2	unknown	Question_answer_pair	query
apologies,	am clayless :(	1>2	unknown	Explanation	explanation
am clayless :(	same here	1>2	unknown	Parallel	conjunction
does anyone have wood?	yup yup	1>2	unknown	Question_answer_pair	query
does anyone have wood?	actually wait	1>2	unknown	Correction	contrast
actually wait	ore?	1>2	unknown	Elaboration	elaboration
ore?	nope	1>2	unknown	Question_answer_pair	query
ore?	euan?	1>2	unknown	Q_Elab	query
nope	euan just picked one up	1>2	unknown	Contrast	contrast
euan just picked one up	i see	1>2	unknown	Comment	comment
euan just picked one up	euan?	1>2	unknown	Result	causal
euan?	i'll trade clay for ore	1>2	unknown	Elaboration	elaboration
Hey,	sorry,	1>2	unknown	Comment	comment
sorry,	was helping someone with css	1>2	unknown	Explanation	explanation
Sure,	I'll clay for ore	1>2	unknown	Elaboration	elaboration
good diplomacy thus far all :)	we have a lot to teach the UN	1>2	unknown	Elaboration	elaboration
we have a lot to teach the UN	Indeed	1>2	unknown	Acknowledgement	query
Indeed	Well,	1>2	unknown	Correction	contrast
Well,	maybe not the UN.	1>2	unknown	Elaboration	elaboration
maybe not the UN.	They're just ineffectual.	1>2	unknown	Explanation	explanation
nice city, Joel :)	thanks!	1>2	unknown	Acknowledgement	query
But many other things.	Now...	1>2	unknown	Continuation	conjunction
Now...	anyone got any wood?	1>2	unknown	Elaboration	elaboration
anyone got any wood?	yup yup	1>2	unknown	Question_answer_pair	query
anyone got any wood?	I'll give you sheep for it?	1>2	unknown	Q_Elab	query
anyone got any wood?	i have no cards	1>2	unknown	Question_answer_pair	query
anyone got any wood?	how many wood you after?	1>2	unknown	Clarification_question	query
yup yup	I'll give you sheep for it?	1>2	unknown	Result	causal
I'll give you sheep for it?	Or an ore.	1>2	unknown	Alternation	alternation
Or an ore.	Or..clay.	1>2	unknown	Alternation	alternation
1 sheep for 1 wood is that?	Sure.	1>2	unknown	Question_answer_pair	query
how many wood you after?	Just the one for now	1>2	unknown	Question_answer_pair	query
your clay for my wood?	Yes	1>2	unknown	Question_answer_pair	query
your clay for my wood?	So do you want the clay or the sheep?	1>2	unknown	Clarification_question	query
Yes	ok then :)	1>2	unknown	Acknowledgement	query
ok then :)	So do you want the clay or the sheep?	1>2	unknown	Clarification_question	query
So do you want the clay or the sheep?	clay	1>2	unknown	Question_answer_pair	query
clay	plz	1>2	unknown	Comment	comment
clay	i'll go for dolly later :D	1>2	unknown	Elaboration	elaboration
Or if you want	we could do that now too	1>2	unknown	Conditional	condition
not just yet :)	Ok	1>2	unknown	Acknowledgement	query
wow	joel has 2 cities!	1>2	unknown	Elaboration	elaboration
joel has 2 cities!	metropolis :D	1>2	unknown	Elaboration	elaboration
metropolis :D	metropols of wheat	1>2	unknown	Comment	comment
metropols of wheat	Your people are well fed	1>2	unknown	Comment	comment
Your people are well fed	fat americans though	1>2	unknown	Contrast	contrast
fat americans though	haha	1>2	unknown	Comment	comment
fat americans though	Mine eat much mutton	1>2	unknown	Contrast	contrast
Mine eat much mutton	mmmmmmmmmm	1>2	unknown	Comment	comment
Well,	But many other things.	1>2	unknown	Contrast	contrast
euan?	Sure,	1>2	unknown	Question_answer_pair	query
euan?	Hey,	1>2	unknown	Background	frame
euan?	good diplomacy thus far all :)	1>2	unknown	Comment	comment
euan?	nice city, Joel :)	1>2	unknown	Comment	comment
Sure,	good diplomacy thus far all :)	1>2	unknown	Comment	comment
Or if you want	not just yet :)	1>2	unknown	Question_answer_pair	query
Or if you want	wow	1>2	unknown	Comment	comment
I'll give you sheep for it?	1 sheep for 1 wood is that?	1>2	unknown	Q_Elab	query
I'll give you sheep for it?	your clay for my wood?	1>2	unknown	Clarification_question	query
clay	Baaaah	1>2	unknown	Comment	comment
clay	Or if you want	1>2	unknown	Parallel	conjunction
snake eyess	anyone want wheat or wood for a clay?	1>2	unknown	Background	frame
anyone want wheat or wood for a clay?	i have no cards	1>2	unknown	Question_answer_pair	query
anyone want wheat or wood for a clay?	E/J?	1>2	unknown	Q_Elab	query
i have no cards	i see :(	1>2	unknown	Acknowledgement	query
E/J?	I'm out too	1>2	unknown	Question_answer_pair	query
E/J?	Fresh out :/	1>2	unknown	Question_answer_pair	query
I'm out too	ah dommage :P	1>2	unknown	Acknowledgement	query
Fresh out :/	ah dommage :P	1>2	unknown	Comment	comment
Fresh out :/	ah dommage :P	1>2	unknown	Acknowledgement	query
Euan - trade you a wheat for a sheep?	joel gets more wheat for the weetos and wheat crunchie producers :D	1>2	unknown	Comment	comment
Euan - trade you a wheat for a sheep?	Sure, Joel.	1>2	unknown	Question_answer_pair	query
joel gets more wheat for the weetos and wheat crunchie producers :D	And I get more mutton.	1>2	unknown	Parallel	conjunction
And I get more mutton.	i'm hungry :D	1>2	unknown	Comment	comment
Sure, Joel.	thx	1>2	unknown	Acknowledgement	query
No worries	:)	1>2	unknown	Comment	comment
:)	Anyone got any clay?	1>2	unknown	Continuation	conjunction
Anyone got any clay?	Anyhoo.	1>2	unknown	Q_Elab	query
Anyone got any clay?	man	1>2	unknown	Comment	comment
Anyone got any clay?	apologies :(	1>2	unknown	Question_answer_pair	query
man	cardlinger has a megafactory over in that corner	1>2	unknown	Elaboration	elaboration
apologies :(	yeah	1>2	unknown	Elaboration	elaboration
yeah	i'm producing.	1>2	unknown	Continuation	conjunction
i'm producing.	just watch me roll a 7 tho :/	1>2	unknown	Contrast	contrast
Anyhoo.	Clay, anyone?	1>2	unknown	Continuation	conjunction
havent had clay in awhile	Ah well.	1>2	unknown	Comment	comment
havent had clay in awhile	Ah well.	1>2	unknown	Acknowledgement	query
none,	sorry :(	1>2	unknown	Comment	comment
none,	Ah well.	1>2	unknown	Acknowledgement	query
Any ore for my sheep?	no ore,	1>2	unknown	Question_answer_pair	query
no ore,	i lament :(	1>2	unknown	Result	causal
considering my burgeoning resources :D	hehe	1>2	unknown	Comment	comment
considering my burgeoning resources :D	i'm wheaty and woody presently :D	1>2	unknown	Elaboration	elaboration
i'm wheaty and woody presently :D	like a good cigar, perhaps	1>2	unknown	Comment	comment
Ah well.	Maybe next turn things'll've changed.	1>2	unknown	Contrast	contrast
Maybe next turn things'll've changed.	no 7!!!	1>2	unknown	Comment	comment
no ore,	considering my burgeoning resources :D	1>2	unknown	Contrast	contrast
no ore,	Ah well.	1>2	unknown	Acknowledgement	query
man	T'was a good first play.	1>2	unknown	Comment	comment
yeah	T'was a good first play.	1>2	unknown	Comment	comment
Anyhoo.	havent had clay in awhile	1>2	unknown	Question_answer_pair	query
Anyhoo.	none,	1>2	unknown	Question_answer_pair	query
Anyhoo.	Any ore for my sheep?	1>2	unknown	Continuation	conjunction
yay!	:D	1>2	unknown	Comment	comment
yay!	anyone want wheat or wood for sheep?	1>2	unknown	Result	causal
anyone want wheat or wood for sheep?	or for clay indeed	1>2	unknown	Alternation	alternation
E/J?	got nothing	1>2	unknown	Question_answer_pair	query
E?	mutton man?	1>2	unknown	Continuation	conjunction
is Euan being conspicuously silent	or looking elsewhere? :D	1>2	unknown	Alternation	alternation
I'm repeatedly being distracted by CSS >_>	heheh	1>2	unknown	Comment	comment
I'm repeatedly being distracted by CSS >_>	maybe there's another css emergency?	1>2	unknown	Comment	comment
wheat or wood for clay or sheep is my seekings	haha	1>2	unknown	Comment	comment
wheat or wood for clay or sheep is my seekings	do you have clay or sheep	1>2	unknown	Q_Elab	query
do you have clay or sheep	and fancy wood or wheat?	1>2	unknown	Continuation	conjunction
I can give some sheep for some wood	coool	1>2	unknown	Acknowledgement	query
I can give some sheep for some wood	1:1?	1>2	unknown	Q_Elab	query
1:1?	Sounds good	1>2	unknown	Question_answer_pair	query
Sounds good	ty Euan :)	1>2	unknown	Acknowledgement	query
anyone wheat for clay?	strangely i have no wheat	1>2	unknown	Question_answer_pair	query
anyone wheat for clay?	no wheat	1>2	unknown	Question_answer_pair	query
anyone wheat for clay?	sorry i have wheat,	1>2	unknown	Correction	contrast
no wheat	and also no clay	1>2	unknown	Parallel	conjunction
sorry i have wheat,	it's clay i fancy	1>2	unknown	Continuation	conjunction
will offer 3 wheat for 2 clay,	if someone is rich in it?	1<2	unknown	Conditional	condition
sorry	no worries,	1>2	unknown	Comment	comment
sorry	will stop trading	1>2	unknown	Result	causal
sorry	no worries,	1>2	unknown	Acknowledgement	query
will stop trading	and start playing :D	1>2	unknown	Continuation	conjunction
yeah	you have 10 cards!	1>2	unknown	Explanation	explanation
you have 10 cards!	:)	1>2	unknown	Comment	comment
anyone want wheat or wood for sheep?	sorry	1>2	unknown	Question_answer_pair	query
anyone want wheat or wood for sheep?	E/J?	1>2	unknown	Q_Elab	query
anyone want wheat or wood for sheep?	E?	1>2	unknown	Q_Elab	query
anyone want wheat or wood for sheep?	is Euan being conspicuously silent	1>2	unknown	Clarification_question	query
anyone want wheat or wood for sheep?	wheat or wood for clay or sheep is my seekings	1>2	unknown	Elaboration	elaboration
is Euan being conspicuously silent	I'm repeatedly being distracted by CSS >_>	1>2	unknown	Question_answer_pair	query
do you have clay or sheep	anyone wheat for clay?	1>2	unknown	Continuation	conjunction
do you have clay or sheep	I can give some sheep for some wood	1>2	unknown	Question_answer_pair	query
sorry i have wheat,	No worries.	1>2	unknown	Comment	comment
sorry i have wheat,	will offer 3 wheat for 2 clay,	1>2	unknown	Elaboration	elaboration
sorry i have wheat,	No worries.	1>2	unknown	Acknowledgement	query
will offer 3 wheat for 2 clay,	sorry	1>2	unknown	Question_answer_pair	query
will stop trading	yeah	1>2	unknown	Acknowledgement	query
man	these 7s arent helping	1>2	unknown	Elaboration	elaboration
these 7s arent helping	noooooooooooo!	1>2	unknown	Comment	comment
these 7s arent helping	Yep.	1>2	unknown	Acknowledgement	query
these 7s arent helping	ok	1>2	unknown	Continuation	conjunction
these 7s arent helping	another one!	1>2	unknown	Comment	comment
noooooooooooo!	enjoy my wheat :D	1>2	unknown	Comment	comment
Yep.	Killing our resource production.	1>2	unknown	Elaboration	elaboration
ok	does anyone have clay?	1>2	unknown	Continuation	conjunction
does anyone have clay?	nope,	1>2	unknown	Question_answer_pair	query
does anyone have clay?	no	1>2	unknown	Question_answer_pair	query
does anyone have clay?	Nope :/	1>2	unknown	Question_answer_pair	query
does anyone have clay?	or sheep?	1>2	unknown	Q_Elab	query
nope,	no	1>2	unknown	Parallel	conjunction
nope,	sorry	1>2	unknown	Comment	comment
no	Nope :/	1>2	unknown	Parallel	conjunction
or sheep?	Amazingly, no o.O	1>2	unknown	Question_answer_pair	query
or sheep?	I've traded all my mutton	1>2	unknown	Question_answer_pair	query
or sheep?	also out	1>2	unknown	Question_answer_pair	query
Amazingly, no o.O	craziness	1>2	unknown	Comment	comment
I've traded all my mutton	craziness	1>2	unknown	Comment	comment
Woo!	now you have sheep, joel :D	1>2	unknown	Elaboration	elaboration
Woo!	Anyone have an ore for a wheat?	1>2	unknown	Continuation	conjunction
now you have sheep, joel :D	i feel so loved	1>2	unknown	Comment	comment
i feel so loved	don't take that the wrong way	1>2	unknown	Contrast	contrast
Anyone have an ore for a wheat?	sorry,	1>2	unknown	Question_answer_pair	query
Anyone have an ore for a wheat?	no	1>2	unknown	Question_answer_pair	query
Anyone have an ore for a wheat?	same	1>2	unknown	Question_answer_pair	query
sorry,	I'm all wheaty	1>2	unknown	Explanation	explanation
I'm all wheaty	same	1>2	unknown	Parallel	conjunction
no	Meh.	1>2	unknown	Comment	comment
Anyone got clay?	no	1>2	unknown	Question_answer_pair	query
Anyone got clay?	i want clay	1>2	unknown	Parallel	conjunction
no	i want clay	1>2	unknown	Contrast	contrast
no	Oh well...	1>2	unknown	Acknowledgement	query
i want clay	we all do!	1>2	unknown	Comment	comment
i want clay	me too	1>2	unknown	Parallel	conjunction
we all do!	me too	1>2	unknown	Parallel	conjunction
we all do!	yeah	1>2	unknown	Acknowledgement	query
we all do!	Oh well...	1>2	unknown	Acknowledgement	query
we all do!	lol	1>2	unknown	Comment	comment
yeah	me too	1>2	unknown	Elaboration	elaboration
yeah	Oh well...	1>2	unknown	Acknowledgement	query
nooo 8!	lol	1>2	unknown	Comment	comment
lol	now i start rolling bad :/	1>2	unknown	Explanation	explanation
ouch	another one!	1>2	unknown	Comment	comment
another one!	ugh	1>2	unknown	Comment	comment
another one!	there's no clay	1>2	unknown	Clarification_question	query
ugh	that hurt	1>2	unknown	Elaboration	elaboration
ugh	sorry!	1>2	unknown	Comment	comment
that hurt	oocher!	1>2	unknown	Parallel	conjunction
there's no clay	right?	1>2	unknown	Continuation	conjunction
yeah,	noone has clay :/	1>2	unknown	Elaboration	elaboration
there's no clay	I have none	1>2	unknown	Question_answer_pair	query
there's no clay	yeah,	1>2	unknown	Question_answer_pair	query
Anyone have an ore for a wheat?	Anyone got clay?	1>2	unknown	Result	causal
ok	does anyone have a wheat?	1>2	unknown	Continuation	conjunction
does anyone have a wheat?	i will give ore	1>2	unknown	Elaboration	elaboration
I can do that	ok	1>2	unknown	Acknowledgement	query
ok	I can do that	1>2	unknown	Question_answer_pair	query
ok	this is not a joke	1>2	unknown	Comment	comment
wow	quick expansion	1>2	unknown	Elaboration	elaboration
quick expansion	I think our clay dearth is solved	1>2	unknown	Result	causal
yeah	here's hoping	1>2	unknown	Continuation	conjunction
here's hoping	Mhm.	1>2	unknown	Acknowledgement	query
So, got clay? :P	no still	1>2	unknown	Question_answer_pair	query
So, got clay? :P	soooooon	1>2	unknown	Question_answer_pair	query
haha	no still	1<2	unknown	Comment	comment
no still	the irony	1>2	unknown	Comment	comment
the irony	^^	1>2	unknown	Comment	comment
soooooon	soooooon	1>2	unknown	Continuation	conjunction
wow	yeah	1>2	unknown	Acknowledgement	query
wow	Mhm.	1>2	unknown	Acknowledgement	query
wow	So, got clay? :P	1>2	unknown	Result	causal
hey markus	Hi Markus	1>2	unknown	Continuation	conjunction
hey markus	Hi	1>2	unknown	Acknowledgement	query
Hi Markus	man	1>2	unknown	Comment	comment
Hi Markus	Hi	1>2	unknown	Acknowledgement	query
man	this lack of clay is a real problem	1>2	unknown	Elaboration	elaboration
this lack of clay is a real problem	yup	1>2	unknown	Acknowledgement	query
this lack of clay is a real problem	Happens sometimes	1>2	unknown	Comment	comment
Happens sometimes	Here's to rolling an 11	1>2	unknown	Continuation	conjunction
Happens sometimes	I guess	1>2	unknown	Comment	comment
Here's to rolling an 11	...nope	1>2	unknown	Comment	comment
...nope	Anyone got any ore?	1>2	unknown	Result	causal
Anyone got any ore?	nope	1>2	unknown	Question_answer_pair	query
Anyone got any ore?	only the 1	1>2	unknown	Question_answer_pair	query
Anyone got any ore?	havent had it in awhile	1>2	unknown	Question_answer_pair	query
Anyone got any ore?	what do you have to offer?	1>2	unknown	Q_Elab	query
havent had it in awhile	actually the robber is on my ore	1>2	unknown	Explanation	explanation
what do you have to offer?	Sheep, wheat, or wood, currently.	1>2	unknown	Question_answer_pair	query
Sheep, wheat, or wood, currently.	afraid	1>2	unknown	Comment	comment
afraid	I can't help -	1>2	unknown	Continuation	conjunction
I can't help -	if it trade my ore for the sheep	1>2	unknown	Explanation	explanation
if it trade my ore for the sheep	i can't buy a card :(	1>2	unknown	Conditional	condition
maybe next time :)	no 7!	1>2	unknown	Continuation	conjunction
if i*	typo	1>2	unknown	Explanation	explanation
typo	sorry	1>2	unknown	Comment	comment
no 7!	phew	1>2	unknown	Comment	comment
no 7!	I think	1>2	unknown	Contrast	contrast
no 7!	I think	1>2	unknown	Comment	comment
no 7!	i didn't	1>2	unknown	Elaboration	elaboration
phew	anyone want wheat or wood for an ore?	1>2	unknown	Narration	temporal
phew	And so people gain clay	1>2	unknown	Result	causal
anyone want wheat or wood for an ore?	No ore here	1>2	unknown	Question_answer_pair	query
anyone want wheat or wood for an ore?	I'll take a wheat for an ore	1>2	unknown	Question_answer_pair	query
anyone want wheat or wood for an ore?	i have no ore	1>2	unknown	Question_answer_pair	query
anyone want wheat or wood for an ore?	anyone else?	1>2	unknown	Q_Elab	query
No ore here	I think	1>2	unknown	Comment	comment
I think	we want a 7	1>2	unknown	Elaboration	elaboration
we want a 7	just to move the robber away again	1>2	unknown	Explanation	explanation
just to move the robber away again	Reactivate our ore	1>2	unknown	Explanation	explanation
I'll take a wheat for an ore	ty jon :)	1>2	unknown	Acknowledgement	query
i didn't	as i had 11 resources :)	1>2	unknown	Explanation	explanation
Reactivate our ore	There's a bunch of 8s, after all	1>2	unknown	Elaboration	elaboration
anyone else?	nope	1>2	unknown	Question_answer_pair	query
anyone else?	wheat/wood for ore?	1>2	unknown	Q_Elab	query
nope	kk pushing my luck :D	1>2	unknown	Acknowledgement	query
wheat/wood for ore?	no ore.	1>2	unknown	Question_answer_pair	query
no ore.	kk pushing my luck :D	1>2	unknown	Acknowledgement	query
I think	i didn't	1>2	unknown	Contrast	contrast
afraid	maybe next time :)	1>2	unknown	Result	causal
afraid	if i*	1>2	unknown	Correction	contrast
afraid	m'kay :)	1>2	unknown	Acknowledgement	query
does anyone have clay for an ore?	sorry,	1>2	unknown	Question_answer_pair	query
does anyone have clay for an ore?	no clay :/	1>2	unknown	Question_answer_pair	query
does anyone have clay for an ore?	yeah	1>2	unknown	Question_answer_pair	query
sorry,	no clay :(	1>2	unknown	Explanation	explanation
no clay :(	no clay :/	1>2	unknown	Parallel	conjunction
yeah	i can do that	1>2	unknown	Continuation	conjunction
a new home for jon :)	Bother.	1>2	unknown	Comment	comment
Bother.	I've been waiting for a clay	1>2	unknown	Explanation	explanation
I've been waiting for a clay	to build there for ages :p	1>2	unknown	Explanation	explanation
boo :P	sorry	1>2	unknown	Comment	comment
sorry	i needed the 8 back!	1>2	unknown	Elaboration	elaboration
yeah	a new home for jon :)	1>2	unknown	Comment	comment
Bother.	boo :P	1>2	unknown	Comment	comment
sorry	no worries :)	1>2	unknown	Acknowledgement	query
So...anyone got clay?	not a bit :(	1>2	unknown	Question_answer_pair	query
So...anyone got clay?	[no clay]	1>2	unknown	Question_answer_pair	query
So...anyone got clay?	Guessing	1>2	unknown	Clarification_question	query
hey guys -	i have a meeting in 25min	1>2	unknown	Continuation	conjunction
i have a meeting in 25min	I just realized.	1>2	unknown	Background	frame
I just realized.	I don't mean to put time pressure on the game	1>2	unknown	Continuation	conjunction
I don't mean to put time pressure on the game	but I will have to go	1>2	unknown	Contrast	contrast
but I will have to go	the meeting is 30min	1>2	unknown	Background	frame
Ok,	no worries.	1>2	unknown	Comment	comment
no worries.	Thanks for the heads up :)	1>2	unknown	Elaboration	elaboration
that's cool,	I was supposed to be home at 5	1>2	unknown	Elaboration	elaboration
I was supposed to be home at 5	to walk to dog	1>2	unknown	Explanation	explanation
Guessing	noone has clay?	1>2	unknown	Continuation	conjunction
nope	nope	1>2	unknown	Parallel	conjunction
nope	Plan B it is.	1>2	unknown	Acknowledgement	query
nope	0 clay	1>2	unknown	Parallel	conjunction
0 clay	Plan B it is.	1>2	unknown	Acknowledgement	query
Plan B it is.	:)	1>2	unknown	Comment	comment
Guessing	nope	1>2	unknown	Question_answer_pair	query
Guessing	0 clay	1>2	unknown	Question_answer_pair	query
Guessing	Plan B it is.	1>2	unknown	Result	causal
Ok,	thanks	1>2	unknown	Acknowledgement	query
I was supposed to be home at 5	but she can wait!!	1>2	unknown	Contrast	contrast
I don't mean to put time pressure on the game	Ok,	1>2	unknown	Acknowledgement	query
I don't mean to put time pressure on the game	that's cool,	1>2	unknown	Acknowledgement	query
anyone want wheat for sheep?	or wheat for ore?	1>2	unknown	Alternation	alternation
No sheep/ore :/	same as Euan	1>2	unknown	Parallel	conjunction
i'll take one wheat for one sheep	done :)	1>2	unknown	Acknowledgement	query
anyone got ore?	none	1>2	unknown	Question_answer_pair	query
anyone got ore?	My resource bank is mostly empty.	1>2	unknown	Question_answer_pair	query
none	no worries :)	1>2	unknown	Acknowledgement	query
My resource bank is mostly empty.	no worries :)	1>2	unknown	Acknowledgement	query
My resource bank is mostly empty.	and now i'm fresh out :D	1>2	unknown	Narration	temporal
and now i'm fresh out :D	zero resource	1>2	unknown	Elaboration	elaboration
zero resource	Bloody robber.	1>2	unknown	Explanation	explanation
Bloody robber.	tricksy he is	1>2	unknown	Acknowledgement	query
tricksy he is	and false :D	1>2	unknown	Continuation	conjunction
anyone want wheat for sheep?	No sheep/ore :/	1>2	unknown	Question_answer_pair	query
anyone want wheat for sheep?	i'll take one wheat for one sheep	1>2	unknown	Question_answer_pair	query
anyone want wheat for sheep?	same as Euan	1>2	unknown	Question_answer_pair	query
anyone want wheat for sheep?	anyone got ore?	1>2	unknown	Continuation	conjunction
oh geez	does anyone have clay	1>2	unknown	Continuation	conjunction
does anyone have clay	i'lkl give a wood	1>2	unknown	Elaboration	elaboration
Nope XD	Moral of this story:	1>2	unknown	Result	causal
sorry,	i got nowt	1>2	unknown	Explanation	explanation
i got nowt	literally	1>2	unknown	Elaboration	elaboration
i got nowt	Moral of this story:	1>2	unknown	Result	causal
oops	none	1<2	unknown	Comment	comment
none	Moral of this story:	1>2	unknown	Result	causal
Moral of this story:	Keep the robber away from the clay factory.	1>2	unknown	Elaboration	elaboration
does anyone have clay	Nope XD	1>2	unknown	Question_answer_pair	query
does anyone have clay	sorry,	1>2	unknown	Question_answer_pair	query
does anyone have clay	none	1>2	unknown	Question_answer_pair	query
Moral of this story:	he's bricking it :D	1>2	unknown	Elaboration	elaboration
lol	insane,	1>2	unknown	Continuation	conjunction
insane,	11 11	1>2	unknown	Elaboration	elaboration
11 11	outrage	1>2	unknown	Comment	comment
11 11	oh come on	1>2	unknown	Comment	comment
outrage	ok	1>2	unknown	Acknowledgement	query
oh come on	ok	1>2	unknown	Acknowledgement	query
ok	I know it's my fault	1>2	unknown	Elaboration	elaboration
joel and euan have marked you :D	no birthday card for you!!	1>2	unknown	Result	causal
bwahaha	I...don't think	1>2	unknown	Explanation	explanation
I...don't think	I can actually do anything this turn. :(	1>2	unknown	Continuation	conjunction
ok	:)	1>2	unknown	Comment	comment
ok	joel and euan have marked you :D	1>2	unknown	Comment	comment
joel and euan have marked you :D	bwahaha	1>2	unknown	Comment	comment
sorry guys...	evil i know :(	1>2	unknown	Elaboration	elaboration
evil i know :(	That robber needs to go back to the desert.	1>2	unknown	Elaboration	elaboration
That robber needs to go back to the desert.	~attempts to roll a 7~	1>2	unknown	Result	causal
i put him there once :)	i did my bit :D	1>2	unknown	Result	causal
I've yet to roll a 7 this game	This is statistically bizarre	1>2	unknown	Comment	comment
don't go to vegas	and play craps :D	1>2	unknown	Continuation	conjunction
anyone got ore for wood?	nope	1>2	unknown	Question_answer_pair	query
anyone got ore for wood?	fraid not	1>2	unknown	Question_answer_pair	query
anyone got ore for wood?	no ore	1>2	unknown	Question_answer_pair	query
no ore	sorry :(	1>2	unknown	Comment	comment
That robber needs to go back to the desert.	i put him there once :)	1>2	unknown	Comment	comment
That robber needs to go back to the desert.	I've yet to roll a 7 this game	1>2	unknown	Continuation	conjunction
don't go to vegas	:D	1>2	unknown	Comment	comment
I've yet to roll a 7 this game	don't go to vegas	1>2	unknown	Result	causal
oh joel,	you imp	1>2	unknown	Elaboration	elaboration
Hm.	Anyone got clay or wood for wheat?	1>2	unknown	Continuation	conjunction
Anyone got clay or wood for wheat?	same	1>2	unknown	Question_answer_pair	query
Anyone got clay or wood for wheat?	I can do that -	1>2	unknown	Question_answer_pair	query
Anyone got clay or wood for wheat?	Anyone got clay for wheat?	1>2	unknown	Q_Elab	query
Anyone got clay or wood for wheat?	i'm fresh out again	1>2	unknown	Question_answer_pair	query
i'm fresh out again	joel nicked my wood tho	1>2	unknown	Contrast	contrast
i'm fresh out again	same	1>2	unknown	Parallel	conjunction
joel nicked my wood tho	:D	1>2	unknown	Comment	comment
same	strange	1>2	unknown	Comment	comment
same	~looks at j and j~	1>2	unknown	Result	causal
~looks at j and j~	I can do that -	1>2	unknown	Result	causal
I can do that -	1 for 1?	1>2	unknown	Q_Elab	query
1 for 1?	Sure.	1>2	unknown	Acknowledgement	query
Sure.	Or 2 wheat for 1 of each	1>2	unknown	Correction	contrast
Or 2 wheat for 1 of each	Just got wood for wheat..	1>2	unknown	Question_answer_pair	query
strange	as many cities as i have,	1>2	unknown	Elaboration	elaboration
as many cities as i have,	i havent been generating manycards	1>2	unknown	Contrast	contrast
Just got wood for wheat..	ok	1>2	unknown	Acknowledgement	query
Anyone got clay for wheat?	nowt :(	1>2	unknown	Question_answer_pair	query
Anyone got clay for wheat?	nope	1>2	unknown	Question_answer_pair	query
Anyone got clay for wheat?	no	1>2	unknown	Question_answer_pair	query
nowt :(	ah wlel	1>2	unknown	Acknowledgement	query
nope	ah wlel	1>2	unknown	Acknowledgement	query
no	ah wlel	1>2	unknown	Acknowledgement	query
strange	the game is still youngish :D	1>2	unknown	Explanation	explanation
well*	Ooh!	1>2	unknown	Comment	comment
Ooh!	Clay :D	1>2	unknown	Explanation	explanation
"I like this ""getting resources"" business."	:(	1>2	unknown	Comment	comment
Ooh!	that was an easy turn for me :D	1>2	unknown	Comment	comment
Ooh!	"I like this ""getting resources"" business."	1>2	unknown	Elaboration	elaboration
anyone have wheat	no,	1>2	unknown	Question_answer_pair	query
anyone have wheat	the ore is mining at last	1>2	unknown	Comment	comment
the ore is mining at last	you've hit a seam	1>2	unknown	Comment	comment
you've hit a seam	Delicious ore!	1>2	unknown	Comment	comment
no,	i have a robber sitting in my wheat field	1>2	unknown	Elaboration	elaboration
i have a robber sitting in my wheat field	#occupywheatfield	1>2	unknown	Comment	comment
i have a robber sitting in my wheat field	no one has wheat?	1>2	unknown	Clarification_question	query
#occupywheatfield	haha	1>2	unknown	Comment	comment
no one has wheat?	Set fire to the robber! :D	1>2	unknown	Question_answer_pair	query
Set fire to the robber! :D	with my GM fire-proof grain that's a fine idea :D	1>2	unknown	Comment	comment
Set fire to the robber! :D	darn	1>2	unknown	Comment	comment
Set fire to the robber! :D	darn	1>2	unknown	Acknowledgement	query
with my GM fire-proof grain that's a fine idea :D	Indeed	1>2	unknown	Comment	comment
snake eyessss	Yep	1>2	unknown	Acknowledgement	query
Yep	Anyone got a sheep?	1>2	unknown	Parallel	conjunction
Anyone got a sheep?	no	1>2	unknown	Question_answer_pair	query
Anyone got a sheep?	none :(	1>2	unknown	Question_answer_pair	query
no	no	1>2	unknown	Parallel	conjunction
no	none :(	1>2	unknown	Parallel	conjunction
none :(	i have 10min left :(	1>2	unknown	Background	frame
i have 10min left :(	Meh.	1>2	unknown	Comment	comment
Meh.	Any wood for an ore?	1>2	unknown	Q_Elab	query
Any wood for an ore?	nothing	1>2	unknown	Question_answer_pair	query
Any wood for an ore?	i can do that	1>2	unknown	Question_answer_pair	query
nothing	i can do that	1>2	unknown	Contrast	contrast
anyone got wheat or sheep?	and fancy wood?	1>2	unknown	Continuation	conjunction
would offer 1 wood for 1 sheep /	1 wood for 1 wheat	1>2	unknown	Alternation	alternation
E?	Not just now	1>2	unknown	Question_answer_pair	query
or 1 ore for 1 sheep/wheat?	3 quick no's will suffice :D	1>2	unknown	Comment	comment
or 1 ore for 1 sheep/wheat?	no	1>2	unknown	Question_answer_pair	query
or 1 ore for 1 sheep/wheat?	nope	1>2	unknown	Question_answer_pair	query
no	nope	1>2	unknown	Parallel	conjunction
nope	no	1>2	unknown	Parallel	conjunction
anyone got wheat or sheep?	nope	1>2	unknown	Question_answer_pair	query
anyone got wheat or sheep?	would offer 1 wood for 1 sheep /	1>2	unknown	Elaboration	elaboration
anyone got wheat or sheep?	no	1>2	unknown	Question_answer_pair	query
anyone got wheat or sheep?	E?	1>2	unknown	Q_Elab	query
would offer 1 wood for 1 sheep /	or 1 ore for 1 sheep/wheat?	1>2	unknown	Alternation	alternation
anyone have sheep or wheat	neither :(	1>2	unknown	Question_answer_pair	query
anyone have sheep or wheat	will give clay or ore	1>2	unknown	Elaboration	elaboration
neither :(	that robber is eating all my wheat	1>2	unknown	Explanation	explanation
that robber is eating all my wheat	He's a hungry robber	1>2	unknown	Comment	comment
He's a hungry robber	he sure is,	1>2	unknown	Acknowledgement	query
He's a hungry robber	I'm glad he's not eating sheep	1>2	unknown	Comment	comment
he sure is,	ravenous	1>2	unknown	Elaboration	elaboration
he sure is,	and oddly prefers veg to meat :D	1>2	unknown	Continuation	conjunction
and oddly prefers veg to meat :D	great minds !!	1>2	unknown	Comment	comment
I'm glad he's not eating sheep	great minds !!	1>2	unknown	Comment	comment
anyone have sheep or wheat	not just now	1>2	unknown	Question_answer_pair	query
anyone have sheep or wheat	got a wheat for a clay	1>2	unknown	Question_answer_pair	query
uh oh	d'oh!	1>2	unknown	Comment	comment
d'oh!	Back to the desert, foul robber!	1>2	unknown	Comment	comment
Back to the desert, foul robber!	well done Euan :)	1>2	unknown	Comment	comment
Back to the desert, foul robber!	Anyone got any wheat for an ore?	1>2	unknown	Continuation	conjunction
well done Euan :)	my people will be fed!!	1>2	unknown	Result	causal
my people will be fed!!	I hope :/	1>2	unknown	Comment	comment
Anyone got any wheat for an ore?	no wheat,	1>2	unknown	Question_answer_pair	query
Anyone got any wheat for an ore?	sorry	1>2	unknown	Question_answer_pair	query
Anyone got any wheat for an ore?	nope	1>2	unknown	Question_answer_pair	query
no wheat,	soon!!	1>2	unknown	Contrast	contrast
no wheat,	sorry :(	1>2	unknown	Comment	comment
My sheep army rebuilds!	Soon, I shall have new zealand.	1>2	unknown	Result	causal
My sheep army rebuilds!	anyone want clay?	1>2	unknown	Continuation	conjunction
anyone want clay?	for wheat/sheep?	1>2	unknown	Alternation	alternation
Soon, I shall have new zealand.	And then we'll giggle, manically.	1>2	unknown	Narration	temporal
euan?	can offer 2 clay for a sheep?	1>2	unknown	Q_Elab	query
Sure	ty ty :)	1>2	unknown	Acknowledgement	query
ty ty :)	No worries :)	1>2	unknown	Comment	comment
anyone want clay?	no	1>2	unknown	Question_answer_pair	query
anyone want clay?	euan?	1>2	unknown	Q_Elab	query
euan?	Sure	1>2	unknown	Question_answer_pair	query
fresh out again	should we add time	1>2	unknown	Continuation	conjunction
should we add time	or kill it	1>2	unknown	Alternation	alternation
or kill it	when joel goes?	1>2	unknown	Background	frame
I kinda hafta go soon too,	ok	1>2	unknown	Acknowledgement	query
I kinda hafta go soon too,	tbh	1>2	unknown	Comment	comment
yeah	i need to go	1>2	unknown	Elaboration	elaboration
ok	we'll call it a day	1>2	unknown	Elaboration	elaboration
ok	think I lose!	1>2	unknown	Elaboration	elaboration
yeah!	i wonder	1>2	unknown	Continuation	conjunction
nice game though	yeah	1>2	unknown	Acknowledgement	query
i wonder	if we get to playagain	1>2	unknown	Elaboration	elaboration
yeah	lot of fun :)	1>2	unknown	Elaboration	elaboration
joel is your last card a soldier? :D	yep!	1>2	unknown	Question_answer_pair	query
yep!	ho ho	1>2	unknown	Comment	comment
yeah	ok	1>2	unknown	Acknowledgement	query
ok	nice playing with you all!!	1>2	unknown	Continuation	conjunction
ok	ok	1>2	unknown	Result	causal
ok	yeah!	1>2	unknown	Acknowledgement	query
ok	nice game though	1>2	unknown	Contrast	contrast
yeah	joel is your last card a soldier? :D	1>2	unknown	Narration	temporal
should we add time	30secs left :/	1>2	unknown	Explanation	explanation
should we add time	I kinda hafta go soon too,	1>2	unknown	Question_answer_pair	query
should we add time	yeah	1>2	unknown	Question_answer_pair	query
can you wrap up this game?!	well i just get up to 9	1>2	unknown	Question_answer_pair	query
can you wrap up this game?!	ok	1>2	unknown	Narration	temporal
well i just get up to 9	my valuable ore!!	1>2	unknown	Comment	comment
my valuable ore!!	hhaah	1>2	unknown	Comment	comment
hhaah	ok	1>2	unknown	Narration	temporal
ok	guys i have to go	1>2	unknown	Elaboration	elaboration
guys i have to go	nice playing with you!	1>2	unknown	Comment	comment
nice playing with you!	gg	1>2	unknown	Comment	comment
nice playing with you!	cheers	1>2	unknown	Comment	comment
nice playing with you!	thanks!!	1>2	unknown	Acknowledgement	query
nice playing with you!	Nice playing :)	1>2	unknown	Comment	comment
gg	Nice playing :)	1>2	unknown	Continuation	conjunction
Nice playing :)	and you all :D	1>2	unknown	Continuation	conjunction
Nice playing :)	Good game	1>2	unknown	Continuation	conjunction
Good game	I'll have to play this again sometime	1>2	unknown	Continuation	conjunction
Hi	Hi markus	1>2	unknown	Acknowledgement	query
Hi	Hey markus	1>2	unknown	Acknowledgement	query
Hi	you can continue even if one player leaves	1>2	unknown	Continuation	conjunction
I'll have to play this again sometime	yeah	1>2	unknown	Acknowledgement	query
yeah	lots of fun!	1>2	unknown	Elaboration	elaboration
just to let you know	you can continue even if one player leaves	1<2	unknown	Background	frame
you can continue even if one player leaves	but haven't follwed whether you all have to go	1>2	unknown	Contrast	contrast
you can continue even if one player leaves	I think Euan wants to dash too :/	1>2	unknown	Contrast	contrast
you can continue even if one player leaves	it's up to you	1>2	unknown	Elaboration	elaboration
I think Euan wants to dash too :/	I need to go, yeah	1>2	unknown	Acknowledgement	query
I need to go, yeah	Yeah -	1>2	unknown	Acknowledgement	query
I need to go, yeah	please fill in the questionnaires	1>2	unknown	Result	causal
please fill in the questionnaires	will do :D	1>2	unknown	Acknowledgement	query
please fill in the questionnaires	contact me for the money	1>2	unknown	Continuation	conjunction
contact me for the money	I'm happy	1>2	unknown	Continuation	conjunction
contact me for the money	i'm in IF 3.24	1>2	unknown	Background	frame
Yeah -	let's call it quits..	1>2	unknown	Elaboration	elaboration
i'm in IF 3.24	IF 3.24,	1>2	unknown	Acknowledgement	query
I'm happy	to do it gratis	1>2	unknown	Elaboration	elaboration
to do it gratis	if it doesn't breach your ethics, btw :)	1>2	unknown	Conditional	condition
if it doesn't breach your ethics, btw :)	it doesn't	1>2	unknown	Acknowledgement	query
it doesn't	thanks	1>2	unknown	Comment	comment
thanks	we're on a budget!	1>2	unknown	Explanation	explanation
we're on a budget!	:*)	1>2	unknown	Continuation	conjunction
IF 3.24,	I'll stop by on my way :)	1>2	unknown	Continuation	conjunction
kk well I'll dash,	and fill that out tonight.	1>2	unknown	Narration	temporal
and fill that out tonight.	Good game, all!	1>2	unknown	Continuation	conjunction
I'm happy	but don't let me saying that stop others!!	1>2	unknown	Contrast	contrast
I'm happy	kk well I'll dash,	1>2	unknown	Continuation	conjunction
Hello Chameleon	Hello Nancy	1>2	unknown	Continuation	conjunction
Hello Nancy	Hi	1>2	unknown	Acknowledgement	query
Hello Nancy	Hi Nancy,	1>2	unknown	Acknowledgement	query
Hello Nancy	OK,	1>2	unknown	Acknowledgement	query
Hi	Hi Nancy,	1>2	unknown	Acknowledgement	query
Hi Nancy,	Hi Skinnylinny	1>2	unknown	Continuation	conjunction
Hi Chameleon	OK,	1>2	unknown	Acknowledgement	query
OK,	you're ready to go.	1>2	unknown	Continuation	conjunction
you're ready to go.	You'll be only 3 in this game.	1>2	unknown	Continuation	conjunction
You'll be only 3 in this game.	Ahh	1>2	unknown	Acknowledgement	query
Ahh	ok	1>2	unknown	Comment	comment
Hi Nancy,	Hi Chameleon	1>2	unknown	Acknowledgement	query
Hi Nancy,	OK,	1>2	unknown	Acknowledgement	query
Nancy, would you be prepared to give me a clay in exchange for a wheat?	i cld have done that earlier anyway sure	1>2	unknown	Question_answer_pair	query
either of you happy to trade wood for sheep?	yup	1>2	unknown	Question_answer_pair	query
either of you happy to trade wood for sheep?	sorry	1>2	unknown	Question_answer_pair	query
sorry	dont have wood	1>2	unknown	Explanation	explanation
sorry that took so long...	either of you want to trade ore for clay?	1>2	unknown	Continuation	conjunction
either of you want to trade ore for clay?	sure	1>2	unknown	Question_answer_pair	query
Anyone want to trade clay for ore? :P	afraid not	1>2	unknown	Question_answer_pair	query
afraid not	Grrr	1>2	unknown	Comment	comment
Grrr	anyone willing trade ore for wheat or wood?	1>2	unknown	Continuation	conjunction
anyone willing trade ore for wheat or wood?	No,	1>2	unknown	Question_answer_pair	query
anyone willing trade ore for wheat or wood?	Nancy?	1>2	unknown	Q_Elab	query
No,	funnily enough.	1>2	unknown	Comment	comment
funnily enough.	:P	1>2	unknown	Comment	comment
Nancy?	sorry	1>2	unknown	Question_answer_pair	query
sorry	oh well	1>2	unknown	Acknowledgement	query
oh well	my dastedly plan will have to wait	1>2	unknown	Comment	comment
Clay for sheep, anyone?	i wld give u clay	1>2	unknown	Question_answer_pair	query
i wld give u clay	what for?	1>2	unknown	Q_Elab	query
would eiter of you trade ore for wheat and/or wood	i cld give u a sheep for it?	1>2	unknown	Q_Elab	query
would eiter of you trade ore for wheat and/or wood	Nope	1>2	unknown	Question_answer_pair	query
i cld give u a sheep for it?	Need wood/wheat,	1>2	unknown	Question_answer_pair	query
Need wood/wheat,	sheep I can get	1>2	unknown	Contrast	contrast
Need wood/wheat,	sorry cant do that	1>2	unknown	Result	causal
OK,	this is very broken on Linux,	1>2	unknown	Elaboration	elaboration
this is very broken on Linux,	I can't see the text in the speech bubbles	1>2	unknown	Result	causal
I can't see the text in the speech bubbles	which speech bubbleS?	1>2	unknown	Clarification_question	query
which speech bubbleS?	the ones regarding trades	1>2	unknown	Question_answer_pair	query
which speech bubbleS?	hi chameleon	1>2	unknown	Clarification_question	query
the ones regarding trades	ah	1>2	unknown	Comment	comment
the ones regarding trades	ok	1>2	unknown	Acknowledgement	query
ah	ok	1>2	unknown	Continuation	conjunction
ok	oops,	1>2	unknown	Correction	contrast
ok	hi chameleon	1>2	unknown	Clarification_question	query
hi chameleon	are you almost done?	1<2	unknown	Elaboration	elaboration
oops,	forgot to click done	1<2	unknown	Comment	comment
hahaha	i thought so	1<2	unknown	Comment	comment
:)	guilty	1>2	unknown	Elaboration	elaboration
hi chameleon	oops,	1>2	unknown	Question_answer_pair	query
oops,	hahaha	1>2	unknown	Comment	comment
oops,	:)	1>2	unknown	Comment	comment
hahaha	:)	1>2	unknown	Acknowledgement	query
Anyone prepared to trade ore for wood?	dont even have either	1>2	unknown	Question_answer_pair	query
Anyone prepared to trade ore for wood?	Chameleon?	1>2	unknown	Q_Elab	query
dont even have either	ok	1>2	unknown	Acknowledgement	query
Chameleon?	out of both	1>2	unknown	Question_answer_pair	query
out of both	ok	1>2	unknown	Acknowledgement	query
out of both	I'm afriad	1>2	unknown	Comment	comment
skinnylinny did you want ore or wood?	I wanted one ore	1>2	unknown	Question_answer_pair	query
I wanted one ore	do you still?	1>2	unknown	Clarification_question	query
do you still?	yup	1>2	unknown	Question_answer_pair	query
yup	ah,	1>2	unknown	Acknowledgement	query
yup	done	1>2	unknown	Result	causal
done	:)	1>2	unknown	Comment	comment
done	Sorry,	1>2	unknown	Comment	comment
Sorry,	the trade thing is really broken on here	1>2	unknown	Explanation	explanation
not that	"just no really clear thing to say ""trade successful"""	1>2	unknown	Elaboration	elaboration
"just no really clear thing to say ""trade successful"""	Oh right,	1>2	unknown	Acknowledgement	query
"just no really clear thing to say ""trade successful"""	what's nancy offering to trade?	1>2	unknown	Clarification_question	query
what's nancy offering to trade?	im trying th trade with the bank	1>2	unknown	Question_answer_pair	query
Oh right,	ok	1>2	unknown	Continuation	conjunction
im trying th trade with the bank	ah	1>2	unknown	Comment	comment
im trying th trade with the bank	ah.	1>2	unknown	Comment	comment
im trying th trade with the bank	not sure how many u need to trade	1>2	unknown	Continuation	conjunction
ah.	no joy?	1>2	unknown	Continuation	conjunction
no joy?	not sure how many u need to trade	1>2	unknown	Question_answer_pair	query
not sure how many u need to trade	unless either of you want some sheep?	1>2	unknown	Contrast	contrast
not sure how many u need to trade	you need 4 of something dont you?	1>2	unknown	Clarification_question	query
unless either of you want some sheep?	I do....	1>2	unknown	Question_answer_pair	query
unless either of you want some sheep?	I could do with a sheep	1>2	unknown	Question_answer_pair	query
you need 4 of something dont you?	Really 4?	1>2	unknown	Clarification_question	query
you need 4 of something dont you?	(hence 3:1 and 2:1 on the colourde ports)	1>2	unknown	Explanation	explanation
I do....	what do you want?	1>2	unknown	Q_Elab	query
I do....	ok	1>2	unknown	Acknowledgement	query
I could do with a sheep	I could do with a sheep,	1>2	unknown	Continuation	conjunction
ok	want can u give	1>2	unknown	Q_Elab	query
want can u give	wheat?	1>2	unknown	Clarification_question	query
(hence 3:1 and 2:1 on the colourde ports)	And to trade with the bank you need to give them 4 items for them to give you one	1>2	unknown	Continuation	conjunction
wheat?	brillant	1>2	unknown	Acknowledgement	query
brillant	:)	1>2	unknown	Acknowledgement	query
brillant	Oh	1>2	unknown	Acknowledgement	query
:)	Oh	1>2	unknown	Acknowledgement	query
I could do with a sheep,	if you are still offering?	1<2	unknown	Conditional	condition
Sorry,	not that	1>2	unknown	Correction	contrast
Oh right,	"I traded after you said ""do you still?"""	1>2	unknown	Elaboration	elaboration
(hence 3:1 and 2:1 on the colourde ports)	thanks	1>2	unknown	Acknowledgement	query
(hence 3:1 and 2:1 on the colourde ports)	banks are such rip-offs :)	1>2	unknown	Comment	comment
yeah	What do you need?	1>2	unknown	Q_Elab	query
What do you need?	wood	1>2	unknown	Question_answer_pair	query
What do you need?	what can u gve?	1>2	unknown	Q_Elab	query
what can u gve?	wood I can offer	1>2	unknown	Question_answer_pair	query
wood	actually wait	1>2	unknown	Correction	contrast
wood	wood I can offer	1>2	unknown	Acknowledgement	query
actually wait	clay	1>2	unknown	Elaboration	elaboration
clay	You're the only person	1>2	unknown	Question_answer_pair	query
You're the only person	who is on clay tiles,	1>2	unknown	Continuation	conjunction
who is on clay tiles,	so I can't offer clay,	1>2	unknown	Result	causal
so I can't offer clay,	sorry	1>2	unknown	Comment	comment
Fine	go with wood then	1>2	unknown	Result	causal
i might be on clay	but im not getting any :0	1>2	unknown	Contrast	contrast
but im not getting any :0	:)	1>2	unknown	Correction	contrast
You're the only person	Fine	1>2	unknown	Acknowledgement	query
You're the only person	i might be on clay	1>2	unknown	Comment	comment
Hmmm,	I have too many wheat...	1>2	unknown	Elaboration	elaboration
I have too many wheat...	Chameleon, do you have any ore going spare?	1>2	unknown	Result	causal
Chameleon, do you have any ore going spare?	not now,	1>2	unknown	Question_answer_pair	query
not now,	no	1>2	unknown	Continuation	conjunction
Clay for wheat, anyone?	yep	1>2	unknown	Question_answer_pair	query
Clay for wheat, anyone?	Chameleon: Do you have any clay?	1>2	unknown	Q_Elab	query
yep	i will give you wheat	1>2	unknown	Elaboration	elaboration
i will give you wheat	I have wheat :P	1>2	unknown	Contrast	contrast
I have wheat :P	Alright :)	1>2	unknown	Acknowledgement	query
Chameleon: Do you have any clay?	nope	1>2	unknown	Question_answer_pair	query
Anyone want to give me a wheat for a wood?	ok	1>2	unknown	Question_answer_pair	query
Anyone want to give me a wheat for a wood?	Nancy?	1>2	unknown	Q_Elab	query
ok	actually	1>2	unknown	Correction	contrast
actually	no	1>2	unknown	Elaboration	elaboration
sorry,	no	1<2	unknown	Comment	comment
sorry	ok	1>2	unknown	Acknowledgement	query
actually	ok	1>2	unknown	Acknowledgement	query
thoughts?	Hmmm, do we want to?	1>2	unknown	Clarification_question	query
thoughts?	I am happy to keep playing	1>2	unknown	Question_answer_pair	query
thoughts?	me too	1>2	unknown	Question_answer_pair	query
Hmmm, do we want to?	I am happy to keep playing	1>2	unknown	Question_answer_pair	query
I am happy to keep playing	me too	1>2	unknown	Parallel	conjunction
I am happy to keep playing	fair enough	1>2	unknown	Acknowledgement	query
I am happy to keep playing	ADDTIME	1>2	unknown	Result	causal
me too	fair enough	1>2	unknown	Acknowledgement	query
fair enough	ADDTIME	1>2	unknown	Result	causal
fair enough	I should eat at some point	1>2	unknown	Contrast	contrast
I should eat at some point	Ahh,	1>2	unknown	Correction	contrast
Ahh,	never mind,	1>2	unknown	Continuation	conjunction
never mind,	just being given food	1>2	unknown	Explanation	explanation
Anyone want any wheat?	sorry	1>2	unknown	Question_answer_pair	query
Anyone want any wheat?	not me	1>2	unknown	Question_answer_pair	query
sorry	not me	1>2	unknown	Parallel	conjunction
not me	apologies	1>2	unknown	Comment	comment
apologies	it's ok	1>2	unknown	Acknowledgement	query
does anyone want any clay?	Nancy:	1>2	unknown	Question_answer_pair	query
Nancy:	Yes please	1>2	unknown	Continuation	conjunction
do u have ore or sheep?	Nope,	1>2	unknown	Q_Elab	query
Nope,	wheat and clay	1>2	unknown	Elaboration	elaboration
wheat and clay	so whst do u want to give me for the clay?	1>2	unknown	Result	causal
so whst do u want to give me for the clay?	wheat?	1>2	unknown	Question_answer_pair	query
wheat?	yeah i need ore :)	1>2	unknown	Contrast	contrast
wheat?	:P	1>2	unknown	Comment	comment
yeah i need ore :)	oh well	1>2	unknown	Acknowledgement	query
yeah i need ore :)	Nancy: You done yet?	1>2	unknown	Clarification_question	query
oh well	Shouldn't have put the robber on the ore space, then :P	1>2	unknown	Comment	comment
Shouldn't have put the robber on the ore space, then :P	seconded :P	1>2	unknown	Parallel	conjunction
Shouldn't have put the robber on the ore space, then :P	that wasnt me	1>2	unknown	Correction	contrast
Shouldn't have put the robber on the ore space, then :P	not me	1>2	unknown	Correction	contrast
seconded :P	that wasnt me	1>2	unknown	Correction	contrast
that wasnt me	not me	1>2	unknown	Parallel	conjunction
that wasnt me	Nor me	1>2	unknown	Parallel	conjunction
not me	Nor me	1>2	unknown	Parallel	conjunction
not me	I put it on 11	1>2	unknown	Explanation	explanation
:S	not me	1<2	unknown	Comment	comment
I put it on 11	oh well	1>2	unknown	Comment	comment
oh well	It will move eventually	1>2	unknown	Elaboration	elaboration
Nancy: You done yet?	thinking:)	1>2	unknown	Question_answer_pair	query
thinking:)	ok	1>2	unknown	Acknowledgement	query
thinking:)	i want to trade with the port	1>2	unknown	Elaboration	elaboration
i want to trade with the port	then you need to build there	1>2	unknown	Result	causal
then you need to build there	ok	1>2	unknown	Acknowledgement	query
Nancy:	do u have ore or sheep?	1>2	unknown	Q_Elab	query
hey chameleon do u have any sheep	and ill give u wood?	1>2	unknown	Result	causal
I was going to say,	anyone got sheep	1>2	unknown	Elaboration	elaboration
anyone got sheep	or clay?	1>2	unknown	Alternation	alternation
do u have ore?	coz ill give u wood for sheep and clay for ore	1>2	unknown	Explanation	explanation
Not spare	oh well	1>2	unknown	Comment	comment
I was going to say,	do u have ore?	1>2	unknown	Q_Elab	query
do u have ore?	Not spare	1>2	unknown	Question_answer_pair	query
hey chameleon do u have any sheep	I was going to say,	1>2	unknown	Comment	comment
u guys shd thank me	moved the robber :P	1>2	unknown	Explanation	explanation
anyone want ore still?	Chameleon: Only for wheat	1>2	unknown	Question_answer_pair	query
anyone want ore still?	ill give u wood for it	1>2	unknown	Question_answer_pair	query
Chameleon: Only for wheat	no sheep free?	1>2	unknown	Clarification_question	query
ill give u wood for it	no sheep free?	1>2	unknown	Clarification_question	query
no sheep free?	sorry	1>2	unknown	Question_answer_pair	query
no sheep free?	nope,	1>2	unknown	Question_answer_pair	query
Nancy: Give me wood for wheat?	sure	1>2	unknown	Question_answer_pair	query
Nancy: Give me wood for wheat?	Chameleon: Enough sheep for you?	1>2	unknown	Continuation	conjunction
Chameleon: Enough sheep for you?	yes	1>2	unknown	Question_answer_pair	query
yes	hahaha	1>2	unknown	Comment	comment
sure	lovely	1>2	unknown	Acknowledgement	query
lovely	thank yuo	1>2	unknown	Comment	comment
Ah ok,	never mind	1>2	unknown	Comment	comment
Chameleon:	Want to trade a sheep for a clay?	1>2	unknown	Elaboration	elaboration
no sheep left :P	Ah	1>2	unknown	Acknowledgement	query
no sheep left :P	Booo!	1>2	unknown	Comment	comment
Chameleon:	no sheep left :P	1>2	unknown	Question_answer_pair	query
Ah ok,	Chameleon:	1>2	unknown	Narration	temporal
Anyone got any sheep?	Shall we?	1>2	unknown	Clarification_question	query
Shall we?	I'm game	1>2	unknown	Question_answer_pair	query
Shall we?	Me too	1>2	unknown	Question_answer_pair	query
Shall we?	sure	1>2	unknown	Question_answer_pair	query
I'm game	Me too	1>2	unknown	Parallel	conjunction
ADDTIME	anyone want wood?	1>2	unknown	Comment	comment
anyone want wood?	yes	1>2	unknown	Question_answer_pair	query
anyone want wood?	do u want twoo wood?	1>2	unknown	Q_Elab	query
anyone want wood?	does any one have wheat?	1>2	unknown	Narration	temporal
yes	I have ore	1>2	unknown	Elaboration	elaboration
do u want twoo wood?	:)	1>2	unknown	Question_answer_pair	query
do u want twoo wood?	for two ores i mean :P	1>2	unknown	Elaboration	elaboration
does any one have wheat?	I have one spare	1>2	unknown	Question_answer_pair	query
I have one spare	can you spare a wood?	1>2	unknown	Q_Elab	query
can you spare a wood?	sure	1>2	unknown	Question_answer_pair	query
sure	sounds good to me	1>2	unknown	Acknowledgement	query
sounds good to me	Gah, I messed that up.	1>2	unknown	Comment	comment
Gah, I messed that up.	I thought light green was wood.	1>2	unknown	Explanation	explanation
I thought light green was wood.	Oh well	1>2	unknown	Comment	comment
do u want twoo wood?	sure	1>2	unknown	Question_answer_pair	query
Can anyone spare a sheep?	for what?	1>2	unknown	Q_Elab	query
for what?	wood or clay?	1>2	unknown	Question_answer_pair	query
wood or clay?	no wheat?	1>2	unknown	Q_Elab	query
no wheat?	nope,	1>2	unknown	Question_answer_pair	query
nope,	clay then	1>2	unknown	Result	causal
clay then	ok	1>2	unknown	Acknowledgement	query
ok	I cant click ok	1>2	unknown	Comment	comment
I cant click ok	sent it to the wrong person :P	1>2	unknown	Explanation	explanation
sent it to the wrong person :P	yup,	1>2	unknown	Acknowledgement	query
yup,	just saw that	1>2	unknown	Explanation	explanation
just saw that	again not me :P	1>2	unknown	Comment	comment
again not me :P	How do I send it to her?	1>2	unknown	Clarification_question	query
How do I send it to her?	the coloured boxed underneath	1>2	unknown	Question_answer_pair	query
How do I send it to her?	click on the red square	1>2	unknown	Question_answer_pair	query
the coloured boxed underneath	click on the red square	1>2	unknown	Elaboration	elaboration
click on the red square	hover over them	1>2	unknown	Elaboration	elaboration
hover over them	and they give the names	1>2	unknown	Continuation	conjunction
AHHH	Thank you	1>2	unknown	Comment	comment
Thank you	Better?	1>2	unknown	Clarification_question	query
Better?	Yup :)	1>2	unknown	Question_answer_pair	query
Yup :)	Ah	1>2	unknown	Correction	contrast
Ah	cant roll after playing a card	1>2	unknown	Elaboration	elaboration
cant roll after playing a card	Aww	1>2	unknown	Comment	comment
cant roll after playing a card	or buy	1>2	unknown	Alternation	alternation
cant roll after playing a card	:(#	1>2	unknown	Comment	comment
or buy	:/	1>2	unknown	Comment	comment
really?	aww	1>2	unknown	Comment	comment
That's... fairly broken?	yes	1>2	unknown	Question_answer_pair	query
yes	if there is a required order for a go	1>2	unknown	Explanation	explanation
if there is a required order for a go	then it should not be possible to accidentally click a button	1>2	unknown	Conditional	condition
and I cant end my turn	Ah	1>2	unknown	Acknowledgement	query
Ah	"Can't click ""Done""?"	1>2	unknown	Clarification_question	query
"Can't click ""Done""?"	I think	1>2	unknown	Question_answer_pair	query
I think	it is broken	1>2	unknown	Elaboration	elaboration
it is broken	now	1>2	unknown	Continuation	conjunction
*you cant end your tuirn yet	oh wait	1>2	unknown	Correction	contrast
hover over them	AHHH	1>2	unknown	Acknowledgement	query
if there is a required order for a go	Agreed.	1>2	unknown	Acknowledgement	query
cant roll after playing a card	really?	1>2	unknown	Clarification_question	query
cant roll after playing a card	That's... fairly broken?	1>2	unknown	Clarification_question	query
cant roll after playing a card	and I cant end my turn	1>2	unknown	Continuation	conjunction
I think	*you cant end your tuirn yet	1>2	unknown	Explanation	explanation
have u moved the robber?	I have to move the robber	1>2	unknown	Q_Elab	query
have u moved the robber?	I thought I had,	1>2	unknown	Question_answer_pair	query
I have to move the robber	I thought I had,	1>2	unknown	Explanation	explanation
I thought I had,	but not registered it properly	1>2	unknown	Contrast	contrast
but not registered it properly	ah	1>2	unknown	Acknowledgement	query
ah	anyone go wheat?	1>2	unknown	Continuation	conjunction
anyone go wheat?	or clay	1>2	unknown	Alternation	alternation
id give u clay for ore?	sure	1>2	unknown	Question_answer_pair	query
anyone go wheat?	NNope	1>2	unknown	Question_answer_pair	query
anyone go wheat?	id give u clay for ore?	1>2	unknown	Q_Elab	query
Anyone got a spare sheep or wool for an ore?	(or for a wood)	1>2	unknown	Alternation	alternation
Anyone got a spare sheep or wool for an ore?	nope	1>2	unknown	Question_answer_pair	query
*spare sheep or wheat even	nope	1>2	unknown	Question_answer_pair	query
*spare sheep or wheat even	oops	1>2	unknown	Comment	comment
Anyone got a spare sheep or wool for an ore?	*spare sheep or wheat even	1>2	unknown	Q_Elab	query
Wait, you can't trade *any* four things with the bank?	It has to be four of the same thing?	1>2	unknown	Explanation	explanation
Wait, you can't trade *any* four things with the bank?	yes	1>2	unknown	Correction	contrast
Wait, you can't trade *any* four things with the bank?	Chameleon: Fancy two wood for one sheep?	1>2	unknown	Continuation	conjunction
yes	and apparently you cant put the robber on the other of the same number	1>2	unknown	Continuation	conjunction
and apparently you cant put the robber on the other of the same number	weird	1>2	unknown	Comment	comment
and apparently you cant put the robber on the other of the same number	you got wheat?	1>2	unknown	Continuation	conjunction
you got wheat?	no,	1>2	unknown	Question_answer_pair	query
you got wheat?	:(	1>2	unknown	Comment	comment
no,	sorry	1>2	unknown	Comment	comment
:(	sorry	1>2	unknown	Comment	comment
sorry	no worries	1>2	unknown	Acknowledgement	query
do u know how to trade with the port?	you need a settlement on the port locations	1>2	unknown	Question_answer_pair	query
do u know how to trade with the port?	Nancy: have a settlement there...	1>2	unknown	Question_answer_pair	query
do u know how to trade with the port?	really dont know how to trade with the port	1>2	unknown	Explanation	explanation
Anyone got a spare ore?	Yes	1>2	unknown	Question_answer_pair	query
Anyone got a spare ore?	chameleon: Would you take wood for an ore?	1>2	unknown	Q_Elab	query
Anyone got a spare ore?	Nancy: Any spare ore?	1>2	unknown	Q_Elab	query
Nancy: have a settlement there...	then just trade	1>2	unknown	Narration	temporal
chameleon: Would you take wood for an ore?	rather sheep	1>2	unknown	Question_answer_pair	query
chameleon: Would you take wood for an ore?	I am happy to trade skinnylinny	1>2	unknown	Question_answer_pair	query
rather sheep	I don't have any sheep	1>2	unknown	Correction	contrast
I don't have any sheep	ok then	1>2	unknown	Acknowledgement	query
really dont know how to trade with the port	Nancy: you are not on a port	1>2	unknown	Explanation	explanation
Nancy: have a settlement there...	really dont know how to trade with the port	1>2	unknown	Correction	contrast
Well done skinnylinny	well done	1>2	unknown	Continuation	conjunction
Well done skinnylinny	Thank you :)	1>2	unknown	Acknowledgement	query
well done	Thank you :)	1>2	unknown	Acknowledgement	query
Thank you :)	Well played, you two!	1>2	unknown	Comment	comment
Well played, you two!	not really	1>2	unknown	Correction	contrast
not really	on my part anyway	1>2	unknown	Elaboration	elaboration
is this u guys first time of playing?	no	1>2	unknown	Question_answer_pair	query
is this u guys first time of playing?	Mine, yeah	1>2	unknown	Question_answer_pair	query
is this u guys first time of playing?	You ever played before, Nancy?	1>2	unknown	Continuation	conjunction
no	but it has been a *very* long time	1>2	unknown	Contrast	contrast
You ever played before, Nancy?	nope	1>2	unknown	Question_answer_pair	query
You ever played before, Nancy?	so do u know what we do now?	1>2	unknown	Continuation	conjunction
nope	hence still dont get the whole port thing :)	1>2	unknown	Result	causal
so do u know what we do now?	I think we fill in the questionnaire	1>2	unknown	Question_answer_pair	query
so do u know what we do now?	Oh, bye Nancy	1>2	unknown	Continuation	conjunction
so do u know what we do now?	bye all	1>2	unknown	Continuation	conjunction
I think we fill in the questionnaire	yup	1>2	unknown	Acknowledgement	query
I think we fill in the questionnaire	Then obtain profit	1>2	unknown	Narration	temporal
Then obtain profit	:)	1>2	unknown	Comment	comment
:)	this is a good arrangement	1>2	unknown	Explanation	explanation
Oh, bye Nancy	bye all	1>2	unknown	Continuation	conjunction
not really	hahaha soo true	1>2	unknown	Parallel	conjunction
not really	is this u guys first time of playing?	1>2	unknown	Continuation	conjunction
Hi, great.	Go ahead.	1>2	unknown	Result	causal
Go ahead.	You'll only be three ...	1>2	unknown	Explanation	explanation
sorry	i have click one	1>2	unknown	Narration	temporal
i have click one	but it hasnt moved on	1>2	unknown	Contrast	contrast
click again:)	nothing	1>2	unknown	Result	causal
nothing	well then	1>2	unknown	Explanation	explanation
well then	choose a number that actually is on the map!	1>2	unknown	Continuation	conjunction
:)	you can never throw a 1 with 2 dice	1>2	unknown	Explanation	explanation
you can never throw a 1 with 2 dice	oh	1>2	unknown	Acknowledgement	query
oh	i see sotty	1>2	unknown	Elaboration	elaboration
i see sotty	*sorry	1>2	unknown	Correction	contrast
i am new at this	thats okay,	1>2	unknown	Acknowledgement	query
thats okay,	i have only done it once as well	1>2	unknown	Explanation	explanation
i have only done it once as well	cool	1>2	unknown	Acknowledgement	query
cool	what do i do now?	1>2	unknown	Clarification_question	query
what do i do now?	well build sts	1>2	unknown	Question_answer_pair	query
well build sts	or put done	1>2	unknown	Alternation	alternation
or put done	or trade	1>2	unknown	Alternation	alternation
won't let me build a settlement	because you dont have the resources	1>2	unknown	Explanation	explanation
because you dont have the resources	probably	1>2	unknown	Continuation	conjunction
sorry	click again:)	1>2	unknown	Result	causal
well build sts	won't let me build a settlement	1>2	unknown	Contrast	contrast
well then	:)	1>2	unknown	Comment	comment
i see sotty	i am new at this	1>2	unknown	Explanation	explanation
because you dont have the resources	cool	1>2	unknown	Acknowledgement	query
because you dont have the resources	J, give me one clay:)	1>2	unknown	Continuation	conjunction
Great,	One participant can't make it;	1>2	unknown	Continuation	conjunction
One participant can't make it;	Go ahead.	1>2	unknown	Result	causal
how do i reject trade?	i dont know	1>2	unknown	Question_answer_pair	query
i dont know	but j just did	1>2	unknown	Contrast	contrast
well how did you?	there's a button that says accept and one that said reject	1>2	unknown	Question_answer_pair	query
well how did you?	nice	1>2	unknown	Comment	comment
i dont know	well how did you?	1>2	unknown	Clarification_question	query
is there anything else you would want for wood?	i have monopolized and used all the wood!	1>2	unknown	Question_answer_pair	query
is there anything else you would want for wood?	can't you trade with the bank instead?	1>2	unknown	Clarification_question	query
i have monopolized and used all the wood!	there is no wood!	1>2	unknown	Result	causal
oh nightmare	you can trade with the bank...	1>2	unknown	Comment	comment
you can trade with the bank...	the ratio is 4 of the same resources to 1 different	1>2	unknown	Elaboration	elaboration
you can trade with the bank...	yeah	1>2	unknown	Acknowledgement	query
yeah	i just dont have 4 of anything yet	1>2	unknown	Contrast	contrast
i just dont have 4 of anything yet	move on:)	1>2	unknown	Comment	comment
i just dont have 4 of anything yet	is there a way you can see what resourses other people have?	1>2	unknown	Clarification_question	query
i just dont have 4 of anything yet	i don't have wood either	1>2	unknown	Parallel	conjunction
move on:)	oh yeah,	1>2	unknown	Acknowledgement	query
oh yeah,	my bad	1>2	unknown	Comment	comment
is there a way you can see what resourses other people have?	nope...	1>2	unknown	Question_answer_pair	query
nope...	thats annoying	1>2	unknown	Comment	comment
i don't have wood either	...or do i	1>2	unknown	Correction	contrast
i don't have wood either	ok	1>2	unknown	Acknowledgement	query
...or do i	hahah	1>2	unknown	Comment	comment
i have monopolized and used all the wood!	oh nightmare	1>2	unknown	Comment	comment
nice one	:)	1>2	unknown	Acknowledgement	query
why won't it let me build a road again?	because you dont have clay?	1>2	unknown	Question_answer_pair	query
why won't it let me build a road again?	do you have wood?	1>2	unknown	Clarification_question	query
why won't it let me build a road again?	oh weird	1>2	unknown	Comment	comment
why won't it let me build a road again?	i have the resources now	1>2	unknown	Explanation	explanation
because you dont have clay?	yeeep	1>2	unknown	Question_answer_pair	query
yeeep	i do	1>2	unknown	Continuation	conjunction
oh weird	it should say buy at the bottom next to the road?	1>2	unknown	Elaboration	elaboration
it should say buy at the bottom next to the road?	yes!	1>2	unknown	Question_answer_pair	query
yes!	aha!	1>2	unknown	Acknowledgement	query
aha!	yey	1>2	unknown	Comment	comment
yeeep	then i dont know	1>2	unknown	Result	causal
im such a noob	me too	1>2	unknown	Parallel	conjunction
im such a noob	nice... have any wood J?	1>2	unknown	Continuation	conjunction
me too	dont worry	1>2	unknown	Comment	comment
me too	:)	1>2	unknown	Comment	comment
nice... have any wood J?	nah	1>2	unknown	Question_answer_pair	query
nice... have any wood J?	wood anyone?	1>2	unknown	Continuation	conjunction
nah	just used it on that road	1>2	unknown	Explanation	explanation
just used it on that road	should have saved it for a settlement really	1>2	unknown	Contrast	contrast
cant build a settlement unless you have a road,	though can build a city	1>2	unknown	Contrast	contrast
guys,	we may need to spees up...	1>2	unknown	Continuation	conjunction
you have to have a settlement before a city though i think	ah ok	1>2	unknown	Acknowledgement	query
wood anyone?	nope	1>2	unknown	Question_answer_pair	query
cant build a settlement unless you have a road,	guys,	1>2	unknown	Comment	comment
cant build a settlement unless you have a road,	you have to have a settlement before a city though i think	1>2	unknown	Contrast	contrast
cant build a settlement unless you have a road,	ah ok	1>2	unknown	Acknowledgement	query
just used it on that road	got too excited	1>2	unknown	Explanation	explanation
just used it on that road	cant build a settlement unless you have a road,	1>2	unknown	Correction	contrast
7 your lucky number?	banter	1>2	unknown	Comment	comment
7 your lucky number?	i know insane	1>2	unknown	Comment	comment
i just want some wood	lol	1>2	unknown	Comment	comment
i just want some wood	ash, do you have wheat?	1>2	unknown	Q_Elab	query
lol	what a thing to say at 10:30 in the morning	1>2	unknown	Continuation	conjunction
ash, do you have wheat?	yes	1>2	unknown	Question_answer_pair	query
yes	then trade:)	1>2	unknown	Result	causal
then trade:)	i think you are trading with j	1>2	unknown	Correction	contrast
i think you are trading with j	yeah,	1>2	unknown	Acknowledgement	query
yeah,	didnt realize	1>2	unknown	Elaboration	elaboration
yeah,	lol	1>2	unknown	Comment	comment
anyone got any wood?	nope	1>2	unknown	Question_answer_pair	query
nope	ok	1>2	unknown	Acknowledgement	query
hmm	hang on let me think	1>2	unknown	Elaboration	elaboration
hang on let me think	thought u were giving 2 ore?	1>2	unknown	Clarification_question	query
thought u were giving 2 ore?	nope,	1>2	unknown	Question_answer_pair	query
nope,	taking IT... :)	1>2	unknown	Explanation	explanation
I DON'T HAVE WOOD	lol	1>2	unknown	Comment	comment
I DON'T HAVE WOOD	aww	1>2	unknown	Acknowledgement	query
dang it!	go go go!	1>2	unknown	Comment	comment
ow come on,	take it!	1>2	unknown	Continuation	conjunction
i did	lol	1>2	unknown	Comment	comment
ow come on,	i did	1>2	unknown	Contrast	contrast
ow come on,	lol	1>2	unknown	Comment	comment
are you doing anything?	i want to build a settlement	1>2	unknown	Question_answer_pair	query
i want to build a settlement	but it wont let me	1>2	unknown	Contrast	contrast
j how did you resolve this problem	did you press the buy button??	1>2	unknown	Question_answer_pair	query
did you press the buy button??	bottom green box	1>2	unknown	Elaboration	elaboration
did you press the buy button??	its not there nvmd	1>2	unknown	Question_answer_pair	query
i want to build a settlement	well then move on	1>2	unknown	Result	causal
i want to build a settlement	j how did you resolve this problem	1>2	unknown	Clarification_question	query
do you have all the resources?	yeah	1>2	unknown	Question_answer_pair	query
yeah	maybe it will let me next turn	1>2	unknown	Comment	comment
maybe it will let me next turn	okay:)	1>2	unknown	Acknowledgement	query
anyone got sheep they want to trade for clay?	no thanks	1>2	unknown	Question_answer_pair	query
anyone got sheep they want to trade for clay?	no sheep,	1>2	unknown	Question_answer_pair	query
no sheep,	maybe roll first	1>2	unknown	Result	causal
maybe roll first	have done	1>2	unknown	Correction	contrast
longest road nice	nicee	1>2	unknown	Parallel	conjunction
nicee	my dice rolls SUCK	1>2	unknown	Comment	comment
my dice rolls SUCK	lol	1>2	unknown	Comment	comment
J, any wood?	nooope	1>2	unknown	Question_answer_pair	query
shit	it still wont let me build a settlement	1>2	unknown	Elaboration	elaboration
it still wont let me build a settlement	then you lack sth obviously!	1>2	unknown	Explanation	explanation
it still wont let me build a settlement	can you build more than 2 settlements?	1>2	unknown	Clarification_question	query
then you lack sth obviously!	i have everything!	1>2	unknown	Contrast	contrast
i have everything!	then you have no place to build it!	1>2	unknown	Result	causal
can you build more than 2 settlements?	you can,	1>2	unknown	Question_answer_pair	query
you can,	but you have to have a road to build it	1>2	unknown	Contrast	contrast
but you have to have a road to build it	on	1>2	unknown	Continuation	conjunction
on	and it cant be neighbouring with any other	1>2	unknown	Elaboration	elaboration
on	so buy road first	1>2	unknown	Result	causal
ah i see	thanks	1>2	unknown	Continuation	conjunction
you can,	ah i see	1>2	unknown	Acknowledgement	query
i have enough to build a settlement too now...	and it won't let me	1>2	unknown	Contrast	contrast
because you have no good roads!	thanks guys	1>2	unknown	Acknowledgement	query
youre like me	you need to build another road	1>2	unknown	Elaboration	elaboration
you need to build another road	it needs to be at least 2 roads away from another of your settlements	1>2	unknown	Continuation	conjunction
i have enough to build a settlement too now...	because you have no good roads!	1>2	unknown	Explanation	explanation
i have enough to build a settlement too now...	youre like me	1>2	unknown	Parallel	conjunction
youre like me	okeydoke	1>2	unknown	Acknowledgement	query
youre like me	thanks guys	1>2	unknown	Acknowledgement	query
anyone will trad wheat or sheep?	nopes	1>2	unknown	Question_answer_pair	query
anyone will trad wheat or sheep?	yes for wood	1>2	unknown	Question_answer_pair	query
yes for wood	okay	1>2	unknown	Q_Elab	query
okay	wood for wheat?	1>2	unknown	Elaboration	elaboration
wood for wheat?	and sheep for ore?	1>2	unknown	Continuation	conjunction
okay	ok	1>2	unknown	Question_answer_pair	query
yay!	go!	1>2	unknown	Continuation	conjunction
ash, want some clay?	no thanks	1>2	unknown	Question_answer_pair	query
no thanks	sheep?	1>2	unknown	Continuation	conjunction
sheep?	yes,	1>2	unknown	Question_answer_pair	query
sheep?	me too	1>2	unknown	Question_answer_pair	query
sheep?	no	1>2	unknown	Correction	contrast
yes,	i want sheep:)	1>2	unknown	Elaboration	elaboration
i want sheep:)	me too	1>2	unknown	Parallel	conjunction
no	i want them too	1>2	unknown	Correction	contrast
i want them too	lol	1>2	unknown	Comment	comment
but i am trading...	move the rubber from sheep	1>2	unknown	Result	causal
move the rubber from sheep	robber	1>2	unknown	Correction	contrast
why put it on sheep?	i have no idea where is better,	1>2	unknown	Question_answer_pair	query
i have no idea where is better,	it's literally at random where i put it	1>2	unknown	Elaboration	elaboration
sorry	well	1>2	unknown	Comment	comment
well	its no good!	1>2	unknown	Continuation	conjunction
lol	lol	1>2	unknown	Parallel	conjunction
i have no idea where is better,	sorry	1>2	unknown	Comment	comment
well	lol	1>2	unknown	Comment	comment
no	but i am trading...	1>2	unknown	Contrast	contrast
move the rubber from sheep	why put it on sheep?	1>2	unknown	Clarification_question	query
sheeep!!!	lol	1>2	unknown	Comment	comment
sheeep!!!	wont trade!	1>2	unknown	Contrast	contrast
wont trade!	jealous	1>2	unknown	Comment	comment
jealous	move on!	1>2	unknown	Continuation	conjunction
move on!	chill	1>2	unknown	Correction	contrast
move on!	well	1>2	unknown	Explanation	explanation
chill	let me have my turn!	1>2	unknown	Continuation	conjunction
well	i have a lecture at 12:)	1>2	unknown	Continuation	conjunction
chill	well	1>2	unknown	Contrast	contrast
nice one!	woooo	1>2	unknown	Comment	comment
anyone trade clay for wheat?	or sheep or wood?	1>2	unknown	Alternation	alternation
no	thanks	1>2	unknown	Comment	comment
sure	ummm...	1>2	unknown	Comment	comment
sure	sheep please	1>2	unknown	Elaboration	elaboration
sheep please	where'd my sheep go?	1>2	unknown	Clarification_question	query
where'd my sheep go?	not to me...	1>2	unknown	Question_answer_pair	query
where'd my sheep go?	not to me either	1>2	unknown	Question_answer_pair	query
not to me...	mneh	1>2	unknown	Acknowledgement	query
not to me either	mneh	1>2	unknown	Acknowledgement	query
anyone trade clay for wheat?	no	1>2	unknown	Question_answer_pair	query
anyone trade clay for wheat?	sure	1>2	unknown	Question_answer_pair	query
ADDTIME	come on	1>2	unknown	Continuation	conjunction
come on	someone has to win!	1>2	unknown	Elaboration	elaboration
i cant stay longer so move it	haha	1>2	unknown	Comment	comment
come on	i cant stay longer so move it	1>2	unknown	Parallel	conjunction
want sheep guys?	:D	1>2	unknown	Comment	comment
want sheep guys?	lol i need a lot of stuff	1>2	unknown	Question_answer_pair	query
lol i need a lot of stuff	move it please:)	1>2	unknown	Comment	comment
move it please:)	gee thanks:D	1>2	unknown	Result	causal
is clay	not a better place to put it eitheR?	1>2	unknown	Continuation	conjunction
nope	lol	1>2	unknown	Comment	comment
is clay	nope	1>2	unknown	Question_answer_pair	query
anyone has ore?	yes	1>2	unknown	Question_answer_pair	query
anyone has ore?	nope	1>2	unknown	Question_answer_pair	query
yes	what for ash?	1>2	unknown	Q_Elab	query
what for ash?	i will swap 1 for wood sheep or clay	1>2	unknown	Question_answer_pair	query
i will swap 1 for wood sheep or clay	dont have wood, can offer + wheat and 1 sheap for ore	1>2	unknown	Result	causal
dont have wood, can offer + wheat and 1 sheap for ore	ok	1>2	unknown	Acknowledgement	query
dont have wood, can offer + wheat and 1 sheap for ore	shouldnt have done that	1>2	unknown	Contrast	contrast
shouldnt have done that	:P	1>2	unknown	Comment	comment
shouldnt have done that	lol	1>2	unknown	Comment	comment
shouldnt have done that	anyone have wheat or ore they can give for clay?	1>2	unknown	Continuation	conjunction
anyone have wheat or ore they can give for clay?	no sorry	1>2	unknown	Question_answer_pair	query
no sorry	lol	1>2	unknown	Comment	comment
no sorry	move on move on:)	1>2	unknown	Continuation	conjunction
lol	you should just tell in future where to put this robber thing	1>2	unknown	Elaboration	elaboration
you should just tell in future where to put this robber thing	move on move on:)	1>2	unknown	Continuation	conjunction
J?	yeh...	1>2	unknown	Question_answer_pair	query
J?	or ash?	1>2	unknown	Alternation	alternation
yeh...	have any ore?	1>2	unknown	Q_Elab	query
have any ore?	nope	1>2	unknown	Question_answer_pair	query
or ash?	nope	1>2	unknown	Question_answer_pair	query
or ash?	ash?	1>2	unknown	Q_Elab	query
nope	okay,	1>2	unknown	Acknowledgement	query
ash?	sorry	1>2	unknown	Question_answer_pair	query
sorry	okay,	1>2	unknown	Acknowledgement	query
okay,	anyone has sheep?	1>2	unknown	Result	causal
anyone has sheep?	nope	1>2	unknown	Question_answer_pair	query
me clay you wood anyone?	no	1>2	unknown	Question_answer_pair	query
me clay you wood anyone?	you ore me wood:D	1>2	unknown	Question_answer_pair	query
no	sorry	1>2	unknown	Comment	comment
anyone has sheep?	no	1>2	unknown	Question_answer_pair	query
anyone wood and clay for 2 ores?	no	1>2	unknown	Question_answer_pair	query
no	pleae	1>2	unknown	Contrast	contrast
pleae	please:)	1>2	unknown	Correction	contrast
sorry	:(	1>2	unknown	Comment	comment
:(	(guys,	1>2	unknown	Continuation	conjunction
(guys,	i am leaving in 20 min...	1>2	unknown	Continuation	conjunction
:) please,	lets try to finish it	1<2	unknown	Comment	comment
pleae	sorry	1>2	unknown	Question_answer_pair	query
(guys,	lets try to finish it	1>2	unknown	Result	causal
does anyone have wheat?	where is ash?	1>2	unknown	Clarification_question	query
does anyone have wheat?	sure i have wheat and wood..	1>2	unknown	Question_answer_pair	query
where is ash?	no idea	1>2	unknown	Question_answer_pair	query
where is ash?	lol	1>2	unknown	Comment	comment
lol	no idea	1>2	unknown	Continuation	conjunction
no idea	maybe we finish it then	1>2	unknown	Continuation	conjunction
maybe we finish it then	screw it	1>2	unknown	Continuation	conjunction
sure i have wheat and wood..	want them so you can win?	1>2	unknown	Continuation	conjunction
nope	fair enough	1>2	unknown	Acknowledgement	query
fair enough	:D	1>2	unknown	Comment	comment
:D	go, please:)	1>2	unknown	Continuation	conjunction
go, please:)	:)	1>2	unknown	Comment	comment
sure i have wheat and wood..	nope	1>2	unknown	Question_answer_pair	query
Ash will be back, I think.	no need to come back now	1>2	unknown	Comment	comment
Ash will be back, I think.	but just continue.	1>2	unknown	Contrast	contrast
no need to come back now	does the game finish when one ends?	1>2	unknown	Clarification_question	query
does the game finish when one ends?	hehe	1>2	unknown	Comment	comment
does the game finish when one ends?	well done!	1>2	unknown	Question_answer_pair	query
well done!	thanks	1>2	unknown	Acknowledgement	query
thanks	:)	1>2	unknown	Comment	comment
thanks	now what?	1>2	unknown	Clarification_question	query
now what?	Please remember to fill in the questionnaire.	1>2	unknown	Question_answer_pair	query
now what?	You can collect your compensation in my office	1>2	unknown	Question_answer_pair	query
Please remember to fill in the questionnaire.	okay...	1>2	unknown	Acknowledgement	query
okay...	and where is your office?	1>2	unknown	Clarification_question	query
and where is your office?	Informatics 3.24	1>2	unknown	Question_answer_pair	query
You can collect your compensation in my office	when?	1>2	unknown	Clarification_question	query
when?	Today's not so good, as I'll be out quitew a bit	1>2	unknown	Question_answer_pair	query
Today's not so good, as I'll be out quitew a bit	when?	1>2	unknown	Clarification_question	query
when?	Any time other than Thursday afternoon	1>2	unknown	Question_answer_pair	query
argh sorry	it threw me off	1>2	unknown	Elaboration	elaboration
argh sorry	No problem Ash	1>2	unknown	Acknowledgement	query
Any time other than Thursday afternoon	tomorrow around 1.30?	1>2	unknown	Clarification_question	query
Any time other than Thursday afternoon	okay,	1>2	unknown	Acknowledgement	query
tomorrow around 1.30?	OK	1>2	unknown	Question_answer_pair	query
okay,	i will come tomorrow, around 1020	1>2	unknown	Result	causal
i will come tomorrow, around 1020	OK	1>2	unknown	Acknowledgement	query
No problem Ash	Ash, please remembe to fill in the questionnaire	1>2	unknown	Continuation	conjunction
OK	thanks!	1>2	unknown	Acknowledgement	query
:)	thanks!	1<2	unknown	Comment	comment
Ash, please remembe to fill in the questionnaire	ok	1>2	unknown	Acknowledgement	query
Ash, please remembe to fill in the questionnaire	Money in my office	1>2	unknown	Continuation	conjunction
ash, I cant,	off to a lecture	1>2	unknown	Explanation	explanation
ash, I cant,	oh ok	1>2	unknown	Acknowledgement	query
ok	will do	1>2	unknown	Elaboration	elaboration
oh ok	are we stopping	1>2	unknown	Clarification_question	query
are we stopping	well, thanks, it was a great game!	1>2	unknown	Question_answer_pair	query
Money in my office	Informatics Forum 3.24	1>2	unknown	Elaboration	elaboration
Money in my office	when is a good time to come get the money markus?	1>2	unknown	Clarification_question	query
well, thanks, it was a great game!	yeah	1>2	unknown	Acknowledgement	query
well, thanks, it was a great game!	good to hear	1>2	unknown	Acknowledgement	query
well, thanks, it was a great game!	good to hear	1>2	unknown	Comment	comment
well, thanks, it was a great game!	bye	1>2	unknown	Continuation	conjunction
yeah	thanks	1>2	unknown	Continuation	conjunction
thanks	that was fun	1>2	unknown	Explanation	explanation
that was fun	good to hear	1>2	unknown	Acknowledgement	query
that was fun	good to hear	1>2	unknown	Comment	comment
when is a good time to come get the money markus?	anytime except today and Thu afternoon	1>2	unknown	Question_answer_pair	query
anytime except today and Thu afternoon	ok	1>2	unknown	Question_answer_pair	query
anytime except today and Thu afternoon	bye	1>2	unknown	Continuation	conjunction
ok	cool	1>2	unknown	Continuation	conjunction
bye	bye	1>2	unknown	Continuation	conjunction
hi charlotte!	we're waiting for 2 other players	1>2	unknown	Continuation	conjunction
hi charlotte!	hi!	1>2	unknown	Acknowledgement	query
we're waiting for 2 other players	right	1>2	unknown	Clarification_question	query
we're waiting for 2 other players	Please only start the game when all four participants are there	1>2	unknown	Continuation	conjunction
Please only start the game when all four participants are there	ok	1>2	unknown	Acknowledgement	query
Please only start the game when all four participants are there	Uhm, there should be 4 in total, I think.	1>2	unknown	Elaboration	elaboration
Uhm, there should be 4 in total, I think.	Can you wait for a few more minutes?	1>2	unknown	Clarification_question	query
Can you wait for a few more minutes?	sure	1>2	unknown	Question_answer_pair	query
Can you wait for a few more minutes?	yep	1>2	unknown	Question_answer_pair	query
Can you wait for a few more minutes?	yeh	1>2	unknown	Question_answer_pair	query
yep	yeh	1>2	unknown	Parallel	conjunction
yeh	Hi,	1>2	unknown	Acknowledgement	query
Hi,	go ahead!	1>2	unknown	Continuation	conjunction
go ahead!	Have fun!	1>2	unknown	Comment	comment
go ahead!	somethings not working...	1>2	unknown	Continuation	conjunction
somethings not working...	nothing happens when i click on the board thing	1>2	unknown	Explanation	explanation
nothing happens when i click on the board thing	don't you have to press the roll button?	1>2	unknown	Clarification_question	query
don't you have to press the roll button?	You don't have to press it,	1>2	unknown	Question_answer_pair	query
You don't have to press it,	just press done at the end	1>2	unknown	Elaboration	elaboration
how do i confirm?	i dont know	1>2	unknown	Question_answer_pair	query
how do i confirm?	Dma	1>2	unknown	Question_answer_pair	query
i dont know	Email Markus?	1>2	unknown	Q_Elab	query
i dont know	haha	1>2	unknown	Comment	comment
Dma	eh?	1>2	unknown	Clarification_question	query
eh?	That wasn't meant to type.	1>2	unknown	Question_answer_pair	query
Email Markus?	Sorry,	1>2	unknown	Question_answer_pair	query
so.. no one knows how to confirm?	how did you reject it josephine?	1>2	unknown	Clarification_question	query
so.. no one knows how to confirm?	Click accept or reject.	1>2	unknown	Question_answer_pair	query
how did you reject it josephine?	Just pressed reject.	1>2	unknown	Question_answer_pair	query
Just pressed reject.	then i guess	1>2	unknown	Result	causal
Sorry,	busy in another game.	1>2	unknown	Background	frame
then i guess	theres an accept button right next to it	1>2	unknown	Continuation	conjunction
Click accept or reject.	If you can't accept,	1>2	unknown	Continuation	conjunction
Do you see a reject button?	i don't see either button	1>2	unknown	Question_answer_pair	query
Do you see a reject button?	On Katherine's screen?	1>2	unknown	Elaboration	elaboration
If you can't accept,	you don't have the requested resources.	1>2	unknown	Conditional	condition
i don't see either button	On Katherine's screen?	1>2	unknown	Q_Elab	query
On Katherine's screen?	in a bubble	1>2	unknown	Elaboration	elaboration
i see the bubble	but no options	1>2	unknown	Contrast	contrast
Are you on a Unix/Linux machine?	no	1>2	unknown	Question_answer_pair	query
no	Oh, Amanda, you can't do anything.	1>2	unknown	Continuation	conjunction
Oh, Amanda, you can't do anything.	The trade offer is between Katherine and Josephinel.	1>2	unknown	Explanation	explanation
The trade offer is between Katherine and Josephinel.	then pick me, katherine,	1>2	unknown	Result	causal
The trade offer is between Katherine and Josephinel.	Remember that the easiest way to play is to negotiate trades!	1>2	unknown	Continuation	conjunction
then pick me, katherine,	pick meee!	1>2	unknown	Continuation	conjunction
Remember that the easiest way to play is to negotiate trades!	Meaning agreeing them before registering them.	1>2	unknown	Elaboration	elaboration
Can you try another trade?	ill try	1>2	unknown	Question_answer_pair	query
ill try	ok	1>2	unknown	Acknowledgement	query
ill try	I meant a trade with Amanda...	1>2	unknown	Correction	contrast
ill try	are you offering sheep, katherine?	1>2	unknown	Q_Elab	query
ok	oh ok	1>2	unknown	Acknowledgement	query
I meant a trade with Amanda...	Or can you offer to more than one person?	1>2	unknown	Alternation	alternation
are you offering sheep, katherine?	ya	1>2	unknown	Question_answer_pair	query
i think the offer goes to everyone	I think	1>2	unknown	Correction	contrast
ya	oh, ok.	1>2	unknown	Acknowledgement	query
oh, ok.	sorry, not interested	1>2	unknown	Result	causal
sorry, not interested	my bad	1>2	unknown	Comment	comment
sorry, not interested	So no-one wants to trade?	1>2	unknown	Result	causal
I think	it only went to me...	1>2	unknown	Continuation	conjunction
So no-one wants to trade?	So you can press done?	1>2	unknown	Result	causal
how do i confirm?	so.. no one knows how to confirm?	1>2	unknown	Result	causal
then i guess	where's that?	1>2	unknown	Q_Elab	query
then i guess	Do you see a reject button?	1>2	unknown	Q_Elab	query
i see the bubble	Are you on a Unix/Linux machine?	1>2	unknown	Clarification_question	query
On Katherine's screen?	i see the bubble	1>2	unknown	Question_answer_pair	query
On Katherine's screen?	oh, okay. haha	1>2	unknown	Question_answer_pair	query
I think	now how did that happen	1>2	unknown	Clarification_question	query
I think	yeh it did	1>2	unknown	Acknowledgement	query
then pick me, katherine,	Can you try another trade?	1>2	unknown	Clarification_question	query
I meant a trade with Amanda...	i think the offer goes to everyone	1>2	unknown	Question_answer_pair	query
For registering a trade, you'll have to select the player it goes to.	... by colour-matching.	1>2	unknown	Elaboration	elaboration
For registering a trade, you'll have to select the player it goes to.	And now I'll shut up!	1>2	unknown	Continuation	conjunction
For registering a trade, you'll have to select the player it goes to.	ok,	1>2	unknown	Acknowledgement	query
And now I'll shut up!	:*)	1>2	unknown	Comment	comment
ok,	thanks!	1>2	unknown	Comment	comment
thanks!	anyone got any ore?	1>2	unknown	Continuation	conjunction
anyone got any ore?	in exhange for some sheep	1>2	unknown	Q_Elab	query
I'll do 1 4 1	yeh!	1>2	unknown	Acknowledgement	query
anyone got any ore?	I'll do 1 4 1	1>2	unknown	Question_answer_pair	query
How many before discarding?	:O katherine!	1>2	unknown	Comment	comment
:O katherine!	how could you?	1>2	unknown	Elaboration	elaboration
how could you?	im sorry	1>2	unknown	Question_answer_pair	query
im sorry	im not even sure	1>2	unknown	Explanation	explanation
im not even sure	whats going on...	1>2	unknown	Continuation	conjunction
sweet	anyone got clay for sheep?	1>2	unknown	Continuation	conjunction
anyone got clay for sheep?	No	1>2	unknown	Question_answer_pair	query
anyone got clay for sheep?	no	1>2	unknown	Question_answer_pair	query
No	no	1>2	unknown	Parallel	conjunction
anyone wants to trade wood for clay	no	1>2	unknown	Question_answer_pair	query
anyone wants to trade wood for clay	What deal?	1>2	unknown	Q_Elab	query
What deal?	1 4 1	1>2	unknown	Question_answer_pair	query
1 4 1	Not right now	1>2	unknown	Question_answer_pair	query
No-one wants wheat for clay?	nope	1>2	unknown	Question_answer_pair	query
nope	Sorry about that...	1>2	unknown	Acknowledgement	query
Sorry about that...	how do you do that?	1>2	unknown	Clarification_question	query
Sorry about that...	You had more...	1>2	unknown	Explanation	explanation
how do you do that?	get a soldier card.	1>2	unknown	Question_answer_pair	query
get a soldier card.	ohh	1>2	unknown	Acknowledgement	query
wheat for clay?	No,	1>2	unknown	Question_answer_pair	query
wheat for clay?	nope	1>2	unknown	Question_answer_pair	query
wheat for clay?	sheep for clay?	1>2	unknown	Q_Elab	query
wheat for clay?	charlotte?	1>2	unknown	Q_Elab	query
wheat for clay?	no	1>2	unknown	Question_answer_pair	query
wheat for clay?	Have no clay.	1>2	unknown	Question_answer_pair	query
No,	sorry	1>2	unknown	Comment	comment
sheep for clay?	ahh	1>2	unknown	Question_answer_pair	query
sheep for clay?	Have no clay.	1>2	unknown	Question_answer_pair	query
sheep for clay?	oh no	1>2	unknown	Correction	contrast
charlotte?	no	1>2	unknown	Question_answer_pair	query
ahh	i got 1 sheep	1>2	unknown	Continuation	conjunction
amanda?	1 for 1	1>2	unknown	Continuation	conjunction
oh no	i meant	1>2	unknown	Explanation	explanation
i meant	i want clay too	1>2	unknown	Explanation	explanation
oh	lol	1>2	unknown	Comment	comment
amanda?	oh no	1>2	unknown	Question_answer_pair	query
oh no	oh	1>2	unknown	Acknowledgement	query
ahh	amanda?	1>2	unknown	Q_Elab	query
No clay for anything	right?	1>2	unknown	Clarification_question	query
nope,	serious lack of clay.	1>2	unknown	Explanation	explanation
No clay for anything	nope,	1>2	unknown	Question_answer_pair	query
No clay for anything	no	1>2	unknown	Question_answer_pair	query
still wanting clay??	Will swap for ore?	1>2	unknown	Elaboration	elaboration
still wanting clay??	Okay	1>2	unknown	Question_answer_pair	query
i'm enjoying these emoticons	Me too.	1>2	unknown	Parallel	conjunction
Me too.	same!	1>2	unknown	Parallel	conjunction
same!	can you not see your own?	1>2	unknown	Clarification_question	query
same!	anyone selling ore or clay	1>2	unknown	Continuation	conjunction
anyone selling ore or clay	No	1>2	unknown	Question_answer_pair	query
anyone selling ore or clay	nope	1>2	unknown	Question_answer_pair	query
anyone selling ore or clay	no	1>2	unknown	Question_answer_pair	query
anyone selling ore or clay	hey whaqt is trade with bank or port?	1>2	unknown	Clarification_question	query
hey whaqt is trade with bank or port?	you can swap 4 of one type of card for 1 of your choice	1>2	unknown	Question_answer_pair	query
you can swap 4 of one type of card for 1 of your choice	so i guess	1>2	unknown	Result	causal
so i guess	with 10 cards you have to discard.	1>2	unknown	Continuation	conjunction
with 10 cards you have to discard.	how annoying.	1>2	unknown	Comment	comment
anybody prepared to trade a sheep?	i have no sheep	1>2	unknown	Question_answer_pair	query
anybody prepared to trade a sheep?	Sorry, I got disconected	1>2	unknown	Background	frame
anybody prepared to trade a sheep?	wow	1>2	unknown	Comment	comment
wow	how long is this game going to take	1>2	unknown	Clarification_question	query
wow	ageeees	1>2	unknown	Parallel	conjunction
how long is this game going to take	anyone else?	1>2	unknown	Q_Elab	query
Sorry, I got disconected	anyone else?	1>2	unknown	Result	causal
anyone else?	ni	1>2	unknown	Question_answer_pair	query
ni	no	1>2	unknown	Correction	contrast
sorry	Tis fine.	1>2	unknown	Acknowledgement	query
sorry	anyone wants to trade wheat for wood	1>2	unknown	Continuation	conjunction
Tis fine.	Part of the game	1>2	unknown	Comment	comment
anyone wants to trade wheat for wood	no	1>2	unknown	Question_answer_pair	query
anyone wants to trade wheat for wood	no wait,	1>2	unknown	Correction	contrast
anyone wants to trade wheat for wood	And no	1>2	unknown	Question_answer_pair	query
We should try and speed through.	And no	1<2	unknown	Comment	comment
no wait,	other way around	1>2	unknown	Elaboration	elaboration
no wait,	no	1>2	unknown	Question_answer_pair	query
Anyone with sheep?	ja	1>2	unknown	Question_answer_pair	query
Anyone with sheep?	nope	1>2	unknown	Question_answer_pair	query
ja	Wood?	1>2	unknown	Q_Elab	query
Wood?	ok	1>2	unknown	Question_answer_pair	query
nope	i don't have any sheep	1>2	unknown	Explanation	explanation
i don't have any sheep	i do	1>2	unknown	Contrast	contrast
i do	Sorry,	1>2	unknown	Comment	comment
Sorry,	the colour thing is a little unclear	1>2	unknown	Explanation	explanation
anyone else with sheep yet?	No	1>2	unknown	Question_answer_pair	query
anyone else with sheep yet?	got another 1	1>2	unknown	Question_answer_pair	query
got another 1	what would you trade it for?	1>2	unknown	Q_Elab	query
what would you trade it for?	clay or wood?	1>2	unknown	Elaboration	elaboration
ore?	dont have that!	1>2	unknown	Question_answer_pair	query
dont have that!	ill trade it for wood	1>2	unknown	Result	causal
what would you trade it for?	ore?	1>2	unknown	Q_Elab	query
what would you trade it for?	ill trade it for wood	1>2	unknown	Question_answer_pair	query
Sheep?	nada :(	1>2	unknown	Question_answer_pair	query
Sheep?	nope	1>2	unknown	Question_answer_pair	query
nada :(	Doesn't matter	1>2	unknown	Acknowledgement	query
wood for clay ?	Don't hav enay	1>2	unknown	Question_answer_pair	query
wood for clay ?	nope	1>2	unknown	Question_answer_pair	query
Don't hav enay	!	1>2	unknown	Comment	comment
Don't hav enay	Have any...	1>2	unknown	Correction	contrast
Sorry,	I'm getting tired.	1>2	unknown	Explanation	explanation
Don't hav enay	Sorry,	1>2	unknown	Explanation	explanation
this is going to take forever..	:(	1>2	unknown	Acknowledgement	query
this is going to take forever..	Not that long,	1>2	unknown	Correction	contrast
Not that long,	it gets quicker	1>2	unknown	Explanation	explanation
it gets quicker	as people build more	1>2	unknown	Continuation	conjunction
sheep or wood in return for clay or wheat?	nope	1>2	unknown	Question_answer_pair	query
sheep or wood in return for clay or wheat?	Wood for clay	1>2	unknown	Question_answer_pair	query
sheep or wood in return for clay or wheat?	anyone needs wheat	1>2	unknown	Continuation	conjunction
Wood for clay	1 4 1	1>2	unknown	Elaboration	elaboration
anyone needs wheat	nope	1>2	unknown	Question_answer_pair	query
anyone needs wheat	For what?	1>2	unknown	Q_Elab	query
For what?	wood	1>2	unknown	Question_answer_pair	query
wood	Okay	1>2	unknown	Acknowledgement	query
wood	Okay,	1>2	unknown	Acknowledgement	query
Okay	Actually,	1>2	unknown	Correction	contrast
Actually,	sorry no...	1>2	unknown	Continuation	conjunction
Okay,	yes	1>2	unknown	Continuation	conjunction
Not that long,	sheep or wood in return for clay or wheat?	1>2	unknown	Continuation	conjunction
Wood for clay	ok	1>2	unknown	Acknowledgement	query
Actually,	lol	1>2	unknown	Comment	comment
Actually,	Okay,	1>2	unknown	Correction	contrast
Okay,	Just got some more...	1>2	unknown	Explanation	explanation
So sad...	This game really will take forever	1>2	unknown	Continuation	conjunction
This game really will take forever	i dont have forever though..	1>2	unknown	Contrast	contrast
i dont have forever though..	i need to leave in like 40 mins..	1>2	unknown	Explanation	explanation
Hopefully...	sheep anyone??	1>2	unknown	Continuation	conjunction
sheep anyone??	No	1>2	unknown	Question_answer_pair	query
sheep anyone??	ive got a sheep	1>2	unknown	Question_answer_pair	query
sheep anyone??	only have one	1>2	unknown	Question_answer_pair	query
sheep anyone??	for clay?	1>2	unknown	Q_Elab	query
ive got a sheep	for clay?	1>2	unknown	Elaboration	elaboration
for clay?	for wheat or wood i can trade for?	1>2	unknown	Q_Elab	query
for clay?	yeh for clay?	1>2	unknown	Q_Elab	query
only have one	no	1>2	unknown	Result	causal
for wheat or wood i can trade for?	no	1>2	unknown	Question_answer_pair	query
i dont have forever though..	Hopefully...	1>2	unknown	Comment	comment
What does that do?	i can choose 2 resources of my choice	1>2	unknown	Question_answer_pair	query
i can choose 2 resources of my choice	i've just realised	1>2	unknown	Comment	comment
i've just realised	that i totally sabotaged myself with that robber	1>2	unknown	Continuation	conjunction
sheep in exchange for wheat??	no	1>2	unknown	Question_answer_pair	query
sheep in exchange for wheat??	wheat for clay?	1>2	unknown	Q_Elab	query
no	no sheep.	1>2	unknown	Elaboration	elaboration
wheat for clay?	do you mean	1>2	unknown	Clarification_question	query
wheat for clay?	sorry	1>2	unknown	Question_answer_pair	query
no	nope	1>2	unknown	Elaboration	elaboration
do you mean	you want wheat??	1>2	unknown	Elaboration	elaboration
no	i want to get rid of it	1>2	unknown	Elaboration	elaboration
sorry	don't haveit	1<2	unknown	Comment	comment
does anyone want sheep?	YES	1>2	unknown	Question_answer_pair	query
does anyone want sheep?	Me	1>2	unknown	Question_answer_pair	query
does anyone want sheep?	i want clay or ore	1>2	unknown	Q_Elab	query
does anyone want sheep?	Clay	1>2	unknown	Q_Elab	query
does anyone want sheep?	anyone else want some more sheeep?	1>2	unknown	Narration	temporal
YES	I NEED SHEEP!!!!!	1>2	unknown	Elaboration	elaboration
i want clay or ore	1 4 1 both of you?	1>2	unknown	Q_Elab	query
Clay	1 4 1 both of you?	1>2	unknown	Q_Elab	query
1 4 1 both of you?	yes	1>2	unknown	Acknowledgement	query
1 4 1 both of you?	yup	1>2	unknown	Question_answer_pair	query
yes	but what do you want in return again?	1>2	unknown	Contrast	contrast
but what do you want in return again?	ore?	1>2	unknown	Question_answer_pair	query
ore?	or anything really except wheat	1>2	unknown	Alternation	alternation
wood??	sure	1>2	unknown	Question_answer_pair	query
anyone else want some more sheeep?	i need ore!	1>2	unknown	Elaboration	elaboration
will do as soon as i get something other than wheat to trade with you!	ok hurry up	1>2	unknown	Acknowledgement	query
would you trade another sheep for another wood?	no	1>2	unknown	Question_answer_pair	query
would you trade another sheep for another wood?	nope	1>2	unknown	Question_answer_pair	query
nope	only got one left	1>2	unknown	Explanation	explanation
do you mean	no	1>2	unknown	Question_answer_pair	query
do you mean	does anyone want sheep?	1>2	unknown	Continuation	conjunction
anyone else want some more sheeep?	no	1>2	unknown	Question_answer_pair	query
anyone else want some more sheeep?	will do as soon as i get something other than wheat to trade with you!	1>2	unknown	Question_answer_pair	query
anyone else want some more sheeep?	would you trade another sheep for another wood?	1>2	unknown	Continuation	conjunction
ore?	wood??	1>2	unknown	Q_Elab	query
do we have to?	nooo	1>2	unknown	Question_answer_pair	query
do we have to?	no	1>2	unknown	Question_answer_pair	query
no	boob	1>2	unknown	Background	frame
no	It ends	1>2	unknown	Elaboration	elaboration
boob	(sorry that was my friend)	1>2	unknown	Explanation	explanation
It ends	and whoever has most cards wins	1>2	unknown	Continuation	conjunction
and whoever has most cards wins	*when	1>2	unknown	Correction	contrast
and whoever has most cards wins	Most point,	1>2	unknown	Correction	contrast
Most point,	sorry	1>2	unknown	Comment	comment
Most point,	Let's just make use of remaining 7 mins	1>2	unknown	Comment	comment
wheat for clay or wood anyone?	no	1>2	unknown	Question_answer_pair	query
It ends	haha	1>2	unknown	Acknowledgement	query
It ends	wheat for clay or wood anyone?	1>2	unknown	Continuation	conjunction
So kind,	my only resource	1>2	unknown	Explanation	explanation
yo	you got 6 pointsd	1>2	unknown	Elaboration	elaboration
amanda has more	more points?	1>2	unknown	Clarification_question	query
amanda has more	hers are just hidden	1>2	unknown	Elaboration	elaboration
amanda has more	no...	1>2	unknown	Correction	contrast
hers are just hidden	in dev cards	1>2	unknown	Elaboration	elaboration
no...	shes got the least	1>2	unknown	Elaboration	elaboration
yeh	i've got shitloads of soldiers	1>2	unknown	Explanation	explanation
yeh	addtime	1>2	unknown	Continuation	conjunction
i've got shitloads of soldiers	LOL	1>2	unknown	Comment	comment
addtime	We don't want more time	1>2	unknown	Contrast	contrast
addtime	Markus!	1>2	unknown	Comment	comment
LOL	I DIDNT KNOW YOU COULD HAVE THEM	1>2	unknown	Explanation	explanation
I DIDNT KNOW YOU COULD HAVE THEM	caps maj,	1>2	unknown	Comment	comment
caps maj,	sorry	1<2	unknown	Explanation	explanation
We don't want more time	i cantclick done?	1>2	unknown	Clarification_question	query
i cantclick done?	confused.com	1>2	unknown	Question_answer_pair	query
i cantclick done?	indeed	1>2	unknown	Question_answer_pair	query
confused.com	indeed	1>2	unknown	Parallel	conjunction
confused.com	yo	1>2	unknown	Clarification_question	query
indeed	yo	1>2	unknown	Clarification_question	query
yo	what just happened?	1>2	unknown	Elaboration	elaboration
what just happened?	31 minutes?	1>2	unknown	Elaboration	elaboration
Markus!	It ended	1>2	unknown	Continuation	conjunction
It ended	no,	1>2	unknown	Correction	contrast
no,	he added time	1>2	unknown	Elaboration	elaboration
he added time	Why was it extended?	1>2	unknown	Clarification_question	query
he added time	i got to go though	1>2	unknown	Contrast	contrast
i got to go though	mehhhhh	1>2	unknown	Comment	comment
i got to go though	yeh	1>2	unknown	Acknowledgement	query
i got to go though	does that mean i don't get money	1>2	unknown	Clarification_question	query
i got to go though	Well,	1>2	unknown	Acknowledgement	query
yeh	well	1>2	unknown	Continuation	conjunction
well	i cant move on	1>2	unknown	Continuation	conjunction
Well,	if you have to go,.	1>2	unknown	Continuation	conjunction
Well,	The others can continue though.	1>2	unknown	Contrast	contrast
Well,	so when do i fill in the questionnaire?	1>2	unknown	Clarification_question	query
The others can continue though.	ore in return for a sheep?	1>2	unknown	Continuation	conjunction
so when do i fill in the questionnaire?	Well,	1>2	unknown	Question_answer_pair	query
Well,	ok	1>2	unknown	Acknowledgement	query
Well,	as soon as you can.	1>2	unknown	Continuation	conjunction
as soon as you can.	Just send it by email.	1>2	unknown	Elaboration	elaboration
Just send it by email.	thanks!	1>2	unknown	Acknowledgement	query
Just send it by email.	Where is your office Markus?	1>2	unknown	Clarification_question	query
ore in return for a sheep?	Yes	1>2	unknown	Question_answer_pair	query
Yes	one	1>2	unknown	Elaboration	elaboration
yaaaay	Yay!	1>2	unknown	Continuation	conjunction
yaaaay	congrats josephine!	1>2	unknown	Explanation	explanation
Yay!	well done :)	1>2	unknown	Acknowledgement	query
Yay!	Well done!	1>2	unknown	Acknowledgement	query
congrats josephine!	Thanks.	1>2	unknown	Acknowledgement	query
Thanks.	It was nice playing with you.	1>2	unknown	Continuation	conjunction
It was nice playing with you.	ditto	1>2	unknown	Parallel	conjunction
well done :)	do we click quit now?	1>2	unknown	Clarification_question	query
well done :)	what happens now?	1>2	unknown	Clarification_question	query
what happens now?	do we just quit?	1>2	unknown	Elaboration	elaboration
Where is your office Markus?	To pick up the money	1>2	unknown	Explanation	explanation
Where is your office Markus?	My office is Informatics Forum 3.24.	1>2	unknown	Question_answer_pair	query
My office is Informatics Forum 3.24.	Great.	1>2	unknown	Acknowledgement	query
My office is Informatics Forum 3.24.	I'll be there tomorrow morning, but not the reest of the week.	1>2	unknown	Elaboration	elaboration
Great.	Thanks	1>2	unknown	Continuation	conjunction
I'll be there tomorrow morning, but not the reest of the week.	You can pick the money from my office mate though.	1>2	unknown	Contrast	contrast
You can pick the money from my office mate though.	Jonathan.	1>2	unknown	Elaboration	elaboration
Please remember to send me the questionnaire.	Sure.	1>2	unknown	Acknowledgement	query
Please remember to send me the questionnaire.	were they in the email?	1>2	unknown	Clarification_question	query
Sure.	BYE!	1>2	unknown	Continuation	conjunction
were they in the email?	They should have.	1>2	unknown	Question_answer_pair	query
They should have.	If not,	1>2	unknown	Correction	contrast
If not,	let me know.	1>2	unknown	Conditional	condition
ok,	will do.	1>2	unknown	Elaboration	elaboration
BYE!	bye	1>2	unknown	Continuation	conjunction
So kind,	:(	1>2	unknown	Comment	comment
So kind,	yo	1>2	unknown	Contrast	contrast
yo	amanda has more	1>2	unknown	Contrast	contrast
amanda has more	yeh	1>2	unknown	Acknowledgement	query
amanda has more	why cant i end my turn?	1>2	unknown	Clarification_question	query
no...	why cant i end my turn?	1>2	unknown	Clarification_question	query
I'll be there tomorrow morning, but not the reest of the week.	Please remember to send me the questionnaire.	1>2	unknown	Continuation	conjunction
If not,	ok,	1>2	unknown	Acknowledgement	query
If not,	BYE!	1>2	unknown	Continuation	conjunction
well	Charlotte must move the robber	1>2	unknown	Explanation	explanation
hi niko	evening!	1>2	unknown	Continuation	conjunction
evening!	it's so sunny,	1>2	unknown	Contrast	contrast
evening!	hi tomas!	1>2	unknown	Continuation	conjunction
it's so sunny,	it barely feels like evening	1>2	unknown	Result	causal
hi tomas!	hi there :)	1>2	unknown	Continuation	conjunction
yeah	it was horrible on the weekend,	1>2	unknown	Elaboration	elaboration
it was horrible on the weekend,	now glorious	1>2	unknown	Contrast	contrast
now glorious	and light till after 11	1>2	unknown	Continuation	conjunction
shall we start?	yup	1>2	unknown	Question_answer_pair	query
yup	good luck all!	1>2	unknown	Continuation	conjunction
it's so sunny,	yup,	1>2	unknown	Acknowledgement	query
it's so sunny,	yeah	1>2	unknown	Acknowledgement	query
yeah	shall we start?	1>2	unknown	Narration	temporal
anyone want to swap a clay for a wheat?	no	1>2	unknown	Question_answer_pair	query
anyone want to swap a clay for a wheat?	nope	1>2	unknown	Question_answer_pair	query
no	understood ;)	1>2	unknown	Acknowledgement	query
nope	understood ;)	1>2	unknown	Acknowledgement	query
can i get an ore from someone?	for a sheep?	1>2	unknown	Q_Elab	query
can i get an ore from someone?	afraid not :(	1>2	unknown	Question_answer_pair	query
for a sheep?	for a sheep :)	1>2	unknown	Question_answer_pair	query
for a sheep :)	ok	1>2	unknown	Acknowledgement	query
anyone got another sheep?	I can offer a wheat	1>2	unknown	Elaboration	elaboration
nope sry	okey dokey	1>2	unknown	Acknowledgement	query
no	okey dokey	1>2	unknown	Acknowledgement	query
no	oops	1>2	unknown	Comment	comment
anyone got another sheep?	nope sry	1>2	unknown	Question_answer_pair	query
anyone got another sheep?	no	1>2	unknown	Question_answer_pair	query
i have an ore to give,	need a sheep	1>2	unknown	Elaboration	elaboration
sry not interested in ore anymore	ore anymore,	1>2	unknown	Comment	comment
sry not interested in ore anymore	finally	1>2	unknown	Comment	comment
ore anymore,	good rhyme :D	1>2	unknown	Elaboration	elaboration
i have an ore to give,	no sheeps here :(	1>2	unknown	Question_answer_pair	query
i have an ore to give,	sry not interested in ore anymore	1>2	unknown	Question_answer_pair	query
anyone want to trade me a clay?	no	1>2	unknown	Question_answer_pair	query
anyone want to trade me a clay?	I have a range of goodies to offer	1>2	unknown	Elaboration	elaboration
anyone want to trade me a clay?	no clay in here	1>2	unknown	Question_answer_pair	query
no	ok then :D	1>2	unknown	Acknowledgement	query
no clay in here	ok then :D	1>2	unknown	Acknowledgement	query
can i get a sheep?	giving wheat	1>2	unknown	Elaboration	elaboration
still no furry beasties here	methinks I missed the sheep train earlier	1>2	unknown	Comment	comment
methinks I missed the sheep train earlier	yeah me too	1>2	unknown	Parallel	conjunction
can i get a sheep?	still no furry beasties here	1>2	unknown	Question_answer_pair	query
can i get a sheep?	no sry	1>2	unknown	Question_answer_pair	query
can i get an ore?	nope	1>2	unknown	Question_answer_pair	query
can i get an ore?	what for.. :D	1>2	unknown	Q_Elab	query
what for.. :D	a wheat?	1>2	unknown	Question_answer_pair	query
a wheat?	i have a bounty crop	1>2	unknown	Question_answer_pair	query
i have a bounty crop	how about a wood then?	1>2	unknown	Result	causal
how about a wood then?	clay or sheep are my primary desires	1>2	unknown	Question_answer_pair	query
clay or sheep are my primary desires	alright a clay	1>2	unknown	Acknowledgement	query
alright a clay	ok!	1>2	unknown	Acknowledgement	query
ok!	thanks a bunch	1>2	unknown	Comment	comment
thanks a bunch	boo :D	1>2	unknown	Comment	comment
can i get a wood?	no	1>2	unknown	Question_answer_pair	query
can i get a wood?	um i just gave you one ;)	1>2	unknown	Question_answer_pair	query
can i get a wood?	alright... what about some wheat?	1>2	unknown	Q_Elab	query
can i get a wood?	ore? :D	1>2	unknown	Q_Elab	query
alright... what about some wheat?	no sry	1>2	unknown	Question_answer_pair	query
alright... what about some wheat?	alas I now require my remaining goods	1>2	unknown	Question_answer_pair	query
ore? :D	come on guys :D	1>2	unknown	Comment	comment
ore? :D	can't	1>2	unknown	Question_answer_pair	query
ore? :D	next time maybe!	1>2	unknown	Question_answer_pair	query
got sheep?	I got wood	1>2	unknown	Elaboration	elaboration
nope	kk	1>2	unknown	Acknowledgement	query
sry not interested anymore	kk	1>2	unknown	Acknowledgement	query
got sheep?	nope	1>2	unknown	Question_answer_pair	query
got sheep?	sry not interested anymore	1>2	unknown	Question_answer_pair	query
ouch	i knew it :D	1>2	unknown	Comment	comment
ouch	oops	1>2	unknown	Comment	comment
ouch	aww	1>2	unknown	Continuation	conjunction
tomas, I will give you 2 wood for a sheep...	i just discarded all of my sheep... :/	1>2	unknown	Question_answer_pair	query
ore anyone?	no	1>2	unknown	Question_answer_pair	query
ore anyone?	i have a man on my ore pile...	1>2	unknown	Question_answer_pair	query
no	i see...	1>2	unknown	Acknowledgement	query
i have a man on my ore pile...	and the man isn't me :(	1>2	unknown	Continuation	conjunction
i have a man on my ore pile...	i see...	1>2	unknown	Acknowledgement	query
ore to spare william?	3s are treating you well	1>2	unknown	Comment	comment
ore to spare william?	^^ i need sheep as always	1>2	unknown	Question_answer_pair	query
ore to spare william?	wood?	1>2	unknown	Q_Elab	query
3s are treating you well	kerching	1>2	unknown	Elaboration	elaboration
^^ i need sheep as always	wood?	1>2	unknown	Result	causal
wood?	wheat?	1>2	unknown	Continuation	conjunction
wood?	no sry	1>2	unknown	Question_answer_pair	query
anyone got clay?	for a sheep	1>2	unknown	Question_answer_pair	query
anyone got clay?	tomas, any clay??	1>2	unknown	Q_Elab	query
for a sheep	i have 0 sheep,	1>2	unknown	Question_answer_pair	query
i have 0 sheep,	sorry,	1>2	unknown	Comment	comment
i have 0 sheep,	I know they are in high demand too	1>2	unknown	Elaboration	elaboration
I know they are in high demand too	i appreciate we're all sheepless	1>2	unknown	Continuation	conjunction
tomas, any clay??	no clay :(	1>2	unknown	Question_answer_pair	query
tomas, any clay??	i will give you sheep for a clay!	1>2	unknown	Question_answer_pair	query
no clay :(	robber steals it all!	1>2	unknown	Explanation	explanation
no clay :(	i wanted y'all to make clay too... ...	1>2	unknown	Comment	comment
robber steals it all!	so he does,	1>2	unknown	Acknowledgement	query
so he does,	my bad...	1>2	unknown	Result	causal
so he does,	8 ouch	1>2	unknown	Continuation	conjunction
i wanted y'all to make clay too... ...	i know	1>2	unknown	Acknowledgement	query
i will give you sheep for a clay!	i have no clay :(	1>2	unknown	Contrast	contrast
i have no clay :(	honest	1>2	unknown	Comment	comment
i have no clay :(	here	1>2	unknown	Contrast	contrast
here	william, how much for your clay :)	1>2	unknown	Q_Elab	query
william, how much for your clay :)	none left to trade	1>2	unknown	Question_answer_pair	query
none left to trade	to trade ;)	1>2	unknown	Elaboration	elaboration
none left to trade	c'est pas vrai	1>2	unknown	Correction	contrast
c'est pas vrai	to trade ;)	1>2	unknown	Correction	contrast
to trade ;)	lol	1>2	unknown	Comment	comment
ouch :(	robbed	1>2	unknown	Elaboration	elaboration
ouch :(	what was that? :D	1>2	unknown	Clarification_question	query
robbed	argh!	1>2	unknown	Comment	comment
william, you're a true diplomat	^^ it might just pay off in the long run	1>2	unknown	Explanation	explanation
^^ it might just pay off in the long run	lol	1>2	unknown	Comment	comment
clay to spare? :)	yup	1>2	unknown	Question_answer_pair	query
yup	i need ore or wood	1>2	unknown	Continuation	conjunction
i need ore or wood	for a wood?	1>2	unknown	Q_Elab	query
for a wood?	yes	1>2	unknown	Question_answer_pair	query
william, can you spare another clay for another wood?	or are you now wooded up	1>2	unknown	Alternation	alternation
wooded up ;)	no worries then :)	1>2	unknown	Comment	comment
william, can you spare another clay for another wood?	wooded up ;)	1>2	unknown	Question_answer_pair	query
sry about this,	but i saw the spot first...	1>2	unknown	Contrast	contrast
not again william :D	just one turn. just one :D	1>2	unknown	Result	causal
sry about this,	wowzer	1>2	unknown	Comment	comment
sry about this,	not again william :D	1>2	unknown	Comment	comment
sry about this,	quite the chain	1>2	unknown	Comment	comment
anyone got ore?	no	1>2	unknown	Question_answer_pair	query
anyone got ore?	no sry	1>2	unknown	Question_answer_pair	query
no	no worries then	1>2	unknown	Acknowledgement	query
no sry	no worries then	1>2	unknown	Acknowledgement	query
need wood and clay	sry	1>2	unknown	Question_answer_pair	query
need wood and clay	i have wood,	1>2	unknown	Question_answer_pair	query
need wood and clay	what about an ore?	1>2	unknown	Narration	temporal
i have wood,	what you got?	1>2	unknown	Continuation	conjunction
what you got?	sheep?	1>2	unknown	Question_answer_pair	query
sheep?	anything else?	1>2	unknown	Q_Elab	query
sheep?	i'll take your first offer	1>2	unknown	Acknowledgement	query
anything else?	wheat?	1>2	unknown	Question_answer_pair	query
wheat?	i'll take your first offer	1>2	unknown	Question_answer_pair	query
i'll take your first offer	ok then	1>2	unknown	Acknowledgement	query
i'll take your first offer	i have literally got wood for sheep	1>2	unknown	Result	causal
i'll take your first offer	thx!	1>2	unknown	Comment	comment
ok then	thx!	1>2	unknown	Continuation	conjunction
i have literally got wood for sheep	joy!	1>2	unknown	Comment	comment
i have literally got wood for sheep	i will never tire of that	1>2	unknown	Result	causal
i will never tire of that	yw	1>2	unknown	Comment	comment
what about an ore?	i'm broke	1>2	unknown	Question_answer_pair	query
what about an ore?	again, what do you have?	1>2	unknown	Q_Elab	query
again, what do you have?	I'm not as sold on this trade	1>2	unknown	Elaboration	elaboration
again, what do you have?	sheep or wheat?	1>2	unknown	Q_Elab	query
I'm not as sold on this trade	but i'll hear you out	1>2	unknown	Contrast	contrast
sheep or wheat?	one for one doesn't really work for me, sorry	1>2	unknown	Question_answer_pair	query
sheep or wheat?	sheep or wheat + wood?	1>2	unknown	Q_Elab	query
one for one doesn't really work for me, sorry	sheep or wheat + wood?	1>2	unknown	Result	causal
sheep or wheat + wood?	i didn't need the wood i just gave you, alas	1>2	unknown	Question_answer_pair	query
i didn't need the wood i just gave you, alas	think i'll pass :)	1>2	unknown	Result	causal
can i get an ore for a sheep?	no ore here sry	1>2	unknown	Question_answer_pair	query
can i get an ore for a sheep?	fraid not	1>2	unknown	Question_answer_pair	query
clay ore for trade anyone?	no	1>2	unknown	Question_answer_pair	query
clay ore for trade anyone?	i need a clay	1>2	unknown	Question_answer_pair	query
i need a clay	can offer an ore	1>2	unknown	Elaboration	elaboration
if that's what you mean?	"yes i missed ""or"" there"	1>2	unknown	Acknowledgement	query
ore for what then?	clay	1>2	unknown	Question_answer_pair	query
clay	which you don't have?	1>2	unknown	Clarification_question	query
which you don't have?	clay and ore :)	1>2	unknown	Question_answer_pair	query
which you don't have?	ask for anything else	1>2	unknown	Result	causal
clay and ore :)	ask for anything else	1>2	unknown	Result	causal
ask for anything else	sorry!	1>2	unknown	Question_answer_pair	query
sorry!	clay is my heart's desire	1>2	unknown	Contrast	contrast
ok wood then?	anyone can trade wood?	1>2	unknown	Elaboration	elaboration
i have wood but guess what	need clay	1>2	unknown	Elaboration	elaboration
i could do 1 wood for a sheep perhaps?	i can give you a sheep and a wheat	1>2	unknown	Question_answer_pair	query
i can give you a sheep and a wheat	think about that :)	1>2	unknown	Comment	comment
i can give you a sheep and a wheat	ok then	1>2	unknown	Acknowledgement	query
i can give you a sheep and a wheat	you just got upsold	1>2	unknown	Result	causal
ok then	:)	1>2	unknown	Comment	comment
you just got upsold	:D	1>2	unknown	Comment	comment
you just got upsold	and now watch my prowess at rolling a 7...	1>2	unknown	Continuation	conjunction
and now watch my prowess at rolling a 7...	aww, one off	1>2	unknown	Comment	comment
aww, one off	close one	1>2	unknown	Comment	comment
aww, one off	anyone got clay?	1>2	unknown	Narration	temporal
anyone got clay?	no	1>2	unknown	Question_answer_pair	query
no	no problem!	1>2	unknown	Acknowledgement	query
i need a clay	if that's what you mean?	1>2	unknown	Clarification_question	query
i need a clay	ore for what then?	1>2	unknown	Clarification_question	query
sorry!	ok wood then?	1>2	unknown	Q_Elab	query
ok wood then?	i have wood but guess what	1>2	unknown	Question_answer_pair	query
ok wood then?	nada	1>2	unknown	Question_answer_pair	query
i have wood but guess what	lol	1>2	unknown	Comment	comment
i have wood but guess what	i could do 1 wood for a sheep perhaps?	1>2	unknown	Elaboration	elaboration
clay from someone?	no clay at all, apologies	1>2	unknown	Question_answer_pair	query
clay from someone?	sry i only have a sheep	1>2	unknown	Question_answer_pair	query
no clay at all, apologies	I'm property rich,	1>2	unknown	Result	causal
I'm property rich,	cash poor	1>2	unknown	Contrast	contrast
ore anyone?	I'd need 2 wheat for an ore	1>2	unknown	Question_answer_pair	query
I'd need 2 wheat for an ore	which I imagine is too pricey	1>2	unknown	Comment	comment
can offer just one :)	sorry!	1>2	unknown	Acknowledgement	query
sorry!	np	1>2	unknown	Comment	comment
I'd need 2 wheat for an ore	can offer just one :)	1>2	unknown	Contrast	contrast
I'd need 2 wheat for an ore	can offer just one :)	1>2	unknown	Question_answer_pair	query
so much clay!	still no ore?	1>2	unknown	Contrast	contrast
still no ore?	no	1>2	unknown	Question_answer_pair	query
still no ore?	only for clay or 2 wheat, sorry	1>2	unknown	Question_answer_pair	query
only for clay or 2 wheat, sorry	sheep perhaps?	1>2	unknown	Q_Elab	query
sheep perhaps?	no sheep, sorry!	1>2	unknown	Question_answer_pair	query
sheep perhaps?	2 sheep? :)	1>2	unknown	Q_Elab	query
no sheep, sorry!	2 sheep? :)	1>2	unknown	Result	causal
2 sheep? :)	still not enticing	1>2	unknown	Question_answer_pair	query
still not enticing	I have fed well on sheep	1>2	unknown	Explanation	explanation
I have fed well on sheep	:D	1>2	unknown	Comment	comment
ouch, you've burned yourself on those 7s	9 nooo!	1>2	unknown	Comment	comment
ore, sheep or wheat to spare?	i have an ore	1>2	unknown	Question_answer_pair	query
ore, sheep or wheat to spare?	nope	1>2	unknown	Question_answer_pair	query
i have an ore	what can you offer in return	1>2	unknown	Elaboration	elaboration
sheep or wheat?	nah, sorry, again it's clay on my mind	1>2	unknown	Question_answer_pair	query
nah, sorry, again it's clay on my mind	or 2 wood	1>2	unknown	Alternation	alternation
i can give you a clay for an ore + a sheep or a wheat	i have but the one resource	1>2	unknown	Comment	comment
i have but the one resource	it's mathematically impossible to oblige ;)	1>2	unknown	Continuation	conjunction
i see now :D	ok then... ore for clay?	1>2	unknown	Result	causal
ok then... ore for clay?	go on then	1>2	unknown	Question_answer_pair	query
go on then	it's a sunny day	1>2	unknown	Explanation	explanation
7s abound!	aww :)	1>2	unknown	Comment	comment
nah, sorry, again it's clay on my mind	hmmm...	1>2	unknown	Comment	comment
nah, sorry, again it's clay on my mind	i can give you a clay for an ore + a sheep or a wheat	1>2	unknown	Result	causal
i have but the one resource	i see now :D	1>2	unknown	Comment	comment
i have but the one resource	ok then... ore for clay?	1>2	unknown	Q_Elab	query
go on then	:)	1>2	unknown	Acknowledgement	query
go on then	build that well earned city wisely	1>2	unknown	Comment	comment
go on then	thank you :)	1>2	unknown	Comment	comment
i have an ore	sheep or wheat?	1>2	unknown	Question_answer_pair	query
tomas - wheat for wood?	which one do you want?	1>2	unknown	Clarification_question	query
which one do you want?	i need wood	1>2	unknown	Question_answer_pair	query
i need wood	and see you just gained one!	1>2	unknown	Continuation	conjunction
i need wood	but i do not need wheat :)	1>2	unknown	Contrast	contrast
but i do not need wheat :)	ah well, thanks for investigating :D	1>2	unknown	Acknowledgement	query
now i have wood to spare :)	noooooo!	1>2	unknown	Comment	comment
sry guys	great monopolizing	1>2	unknown	Comment	comment
great monopolizing	no no, respect!	1>2	unknown	Continuation	conjunction
no no, respect!	a true act of villainry	1>2	unknown	Continuation	conjunction
I admire your dastardly nature	i dont choose which cards i draw :p	1>2	unknown	Contrast	contrast
great monopolizing	I admire your dastardly nature	1>2	unknown	Result	causal
anyone want to trade a wheat for a sheep?	i can give you your wood for wheat :)	1>2	unknown	Question_answer_pair	query
anyone want to trade a wheat for a sheep?	nope	1>2	unknown	Question_answer_pair	query
i can give you your wood for wheat :)	wood for wheat tomas?	1>2	unknown	Clarification_question	query
wood for wheat tomas?	yes	1>2	unknown	Question_answer_pair	query
yes	ok then, one sec!	1>2	unknown	Acknowledgement	query
yes	nice one	1>2	unknown	Comment	comment
ok then, one sec!	sorry!	1>2	unknown	Comment	comment
good game though	good game :)	1>2	unknown	Acknowledgement	query
good game though	I was rather rich in wheat	1>2	unknown	Elaboration	elaboration
good game though	next game on thursday?	1>2	unknown	Result	causal
good game :)	i was hoping for a clay empire, but no cigar	1>2	unknown	Comment	comment
good game :)	next game on thursday?	1>2	unknown	Result	causal
I was rather rich in wheat	but it was a splendid battle :D	1>2	unknown	Contrast	contrast
who won on Sunday?	LJ	1>2	unknown	Question_answer_pair	query
who won on Sunday?	lj won on sunday	1>2	unknown	Question_answer_pair	query
i was hoping for a clay empire, but no cigar	indeed, the 3s were better than 11s	1>2	unknown	Acknowledgement	query
i was hoping for a clay empire, but no cigar	indeed, the 3s were better than 11s	1>2	unknown	Comment	comment
LJ	ahh, she was very very close in the first game too	1>2	unknown	Comment	comment
lj won on sunday	ahh, she was very very close in the first game too	1>2	unknown	Comment	comment
ahh, she was very very close in the first game too	we'll get LJ in the loop,	1>2	unknown	Result	causal
next game on thursday?	well, I look forward to thursday, yes	1>2	unknown	Question_answer_pair	query
next game on thursday?	yes :)	1>2	unknown	Question_answer_pair	query
well, I look forward to thursday, yes	me too	1>2	unknown	Parallel	conjunction
well, I look forward to thursday, yes	cool. see you then	1>2	unknown	Acknowledgement	query
yes :)	cool. see you then	1>2	unknown	Acknowledgement	query
me too	thanks Tomas!!	1>2	unknown	Comment	comment
we'll get LJ in the loop,	as she's playing both right?	1>2	unknown	Explanation	explanation
we finished just in time for football ;)	indeed, result!	1>2	unknown	Comment	comment
and I am, and you guys sit one out each?	yup	1>2	unknown	Question_answer_pair	query
indeed, result!	I hope I have not jinxed it	1>2	unknown	Contrast	contrast
yup	cool well I'll defer to you both on your preferred times	1>2	unknown	Result	causal
I hope I have not jinxed it	and now england lose :D	1>2	unknown	Continuation	conjunction
cool well I'll defer to you both on your preferred times	so you're not stuck all the time	1>2	unknown	Result	causal
thanks Tomas!!	good game :)	1>2	unknown	Continuation	conjunction
ok see you on thursday :)	see you then :)	1>2	unknown	Acknowledgement	query
see you then :)	you are too good for us	1>2	unknown	Comment	comment
you are too good for us	:))	1>2	unknown	Comment	comment
you are too good for us	I have played a lot	1>2	unknown	Explanation	explanation
I have played a lot	since Markus first contacted ;)	1>2	unknown	Background	frame
since Markus first contacted ;)	and I have been pretty lucky with the rolls!	1>2	unknown	Continuation	conjunction
and it pays off :)	i admire you.	1>2	unknown	Continuation	conjunction
i admire you.	good luck on thursday games	1>2	unknown	Continuation	conjunction
I was rather rich in wheat	who won on Sunday?	1>2	unknown	Narration	temporal
we'll get LJ in the loop,	and I am, and you guys sit one out each?	1>2	unknown	Continuation	conjunction
thanks Tomas!!	ok see you on thursday :)	1>2	unknown	Acknowledgement	query
I have played a lot	and it pays off :)	1>2	unknown	Comment	comment
and it pays off :)	bye	1>2	unknown	Continuation	conjunction
hi tomas	hi there	1>2	unknown	Comment	comment
hi there	is the game on tonight?	1>2	unknown	Narration	temporal
is the game on tonight?	yes it is,	1>2	unknown	Question_answer_pair	query
yes it is,	ok :)	1>2	unknown	Acknowledgement	query
yes it is,	we wait ten mins for cameron	1>2	unknown	Continuation	conjunction
we wait ten mins for cameron	kk	1>2	unknown	Acknowledgement	query
we wait ten mins for cameron	if hes not here	1>2	unknown	Narration	temporal
if hes not here	we do a 3 person game	1>2	unknown	Conditional	condition
brb	ok	1>2	unknown	Acknowledgement	query
brb	back	1>2	unknown	Continuation	conjunction
did cameron say he will be here?	yep	1>2	unknown	Question_answer_pair	query
did cameron say he will be here?	iffy	1>2	unknown	Question_answer_pair	query
yep	it was a time he could do...	1>2	unknown	Explanation	explanation
it was a time he could do...	?	1>2	unknown	Clarification_question	query
it was a time he could do...	we give him til 10 past...	1>2	unknown	Result	causal
we give him til 10 past...	k	1>2	unknown	Acknowledgement	query
we give him til 10 past...	ok	1>2	unknown	Acknowledgement	query
we give him til 10 past...	if he not here,	1>2	unknown	Continuation	conjunction
if he not here,	he's removed from the league	1>2	unknown	Conditional	condition
i agree	10 past.	1>2	unknown	Clarification_question	query
we can't afford to wait any longer	shall i start the game now?	1>2	unknown	Result	causal
shall i start the game now?	yep :)	1>2	unknown	Question_answer_pair	query
yep :)	good luck guys	1>2	unknown	Continuation	conjunction
10 past.	do we start?	1>2	unknown	Result	causal
if he not here,	i agree	1>2	unknown	Acknowledgement	query
if he not here,	we can't afford to wait any longer	1>2	unknown	Explanation	explanation
10 past.	we have started	1>2	unknown	Question_answer_pair	query
if hes not here	brb	1>2	unknown	Narration	temporal
if hes not here	did cameron say he will be here?	1>2	unknown	Clarification_question	query
anyone have clay for sheep?	nope	1>2	unknown	Question_answer_pair	query
anyone have clay for sheep?	no	1>2	unknown	Question_answer_pair	query
can i get a clay from someone?	none sorry	1>2	unknown	Question_answer_pair	query
anyone have some wood to spare?	for clay...	1>2	unknown	Question_answer_pair	query
anyone have some wood to spare?	no sorry	1>2	unknown	Question_answer_pair	query
anyone have some wood to spare?	for a sheep	1>2	unknown	Elaboration	elaboration
for a sheep	for ore?	1>2	unknown	Q_Elab	query
for a sheep	can only offer a sheep	1>2	unknown	Elaboration	elaboration
for ore?	can only offer a sheep	1>2	unknown	Question_answer_pair	query
can only offer a sheep	got enough. sorry	1>2	unknown	Question_answer_pair	query
i can give you a lot for a clay, anyone?	no sry	1>2	unknown	Question_answer_pair	query
i can give you a lot for a clay, anyone?	I have clay	1>2	unknown	Question_answer_pair	query
I have clay	wood and a wheat?	1>2	unknown	Q_Elab	query
wood and a wheat?	fine	1>2	unknown	Question_answer_pair	query
fine	oops	1>2	unknown	Comment	comment
oops	I'm red :)	1>2	unknown	Correction	contrast
wood anyone?	sorry	1>2	unknown	Question_answer_pair	query
anyone have clay?	nope	1>2	unknown	Question_answer_pair	query
anyone have clay?	no	1>2	unknown	Question_answer_pair	query
still no wood?	no	1>2	unknown	Question_answer_pair	query
yay sheep :p	can i get a sheep for a wheat from someone?	1>2	unknown	Elaboration	elaboration
can i get a sheep for a wheat from someone?	yes	1>2	unknown	Question_answer_pair	query
yes	cheers	1>2	unknown	Acknowledgement	query
cheers	thanks too :)	1>2	unknown	Acknowledgement	query
there's your wood ;)	do you have one for trade?	1>2	unknown	Result	causal
do you have one for trade?	lj does :)	1>2	unknown	Question_answer_pair	query
lj does :)	I can spare a wood for clay	1>2	unknown	Elaboration	elaboration
I can spare a wood for clay	ok	1>2	unknown	Acknowledgement	query
ok	wrong colour :p	1>2	unknown	Correction	contrast
wrong colour :p	sry...	1>2	unknown	Comment	comment
sry...	how to trade with the bank?	1>2	unknown	Elaboration	elaboration
how to trade with the bank?	does not work for me	1>2	unknown	Explanation	explanation
trade with bank/port	ok worked	1>2	unknown	Result	causal
trade with bank/port	but has to be 4:1	1>2	unknown	Contrast	contrast
how to trade with the bank?	trade with bank/port	1>2	unknown	Question_answer_pair	query
anyone want sheep?	no	1>2	unknown	Question_answer_pair	query
anyone want sheep?	nope	1>2	unknown	Question_answer_pair	query
oooh I would have traded you 1 for 1 :p	sry	1>2	unknown	Comment	comment
sry	its ok	1>2	unknown	Comment	comment
anyone give me ore for sheep?	no	1>2	unknown	Question_answer_pair	query
can i get sheep or ore from someone for wheat?	n	1>2	unknown	Question_answer_pair	query
can i get sheep or ore from someone for wheat?	no	1>2	unknown	Question_answer_pair	query
this robber is busy	^^	1>2	unknown	Comment	comment
can i get a wheat for an ore?	no	1>2	unknown	Question_answer_pair	query
can i get a wheat for an ore?	yep	1>2	unknown	Question_answer_pair	query
can i get an ore for 1 wood	no	1>2	unknown	Question_answer_pair	query
can i get an ore for 1 wood	nope sry	1>2	unknown	Question_answer_pair	query
can i get an ore for 1 wood	2 wood?	1>2	unknown	Q_Elab	query
2 wood?	no ore for trade	1>2	unknown	Question_answer_pair	query
no ore for trade	:D	1>2	unknown	Comment	comment
:D	nooooo :D	1>2	unknown	Comment	comment
:D	can i get someone's clay?	1>2	unknown	Continuation	conjunction
nooooo :D	stupid robber	1>2	unknown	Comment	comment
can i get someone's clay?	i has none	1>2	unknown	Question_answer_pair	query
can i get someone's clay?	no clay in here	1>2	unknown	Question_answer_pair	query
can i get someone's clay?	can i get ore for wood?	1>2	unknown	Continuation	conjunction
stupid robber	bloody hell	1>2	unknown	Comment	comment
bloody hell	it IS the most likely number...	1>2	unknown	Comment	comment
it IS the most likely number...	even so...	1>2	unknown	Comment	comment
it IS the most likely number...	this game is crazy	1>2	unknown	Comment	comment
even so...	^^	1>2	unknown	Comment	comment
can i get ore for wood?	no	1>2	unknown	Comment	comment
can i get ore for wood?	no sry	1>2	unknown	Question_answer_pair	query
anyone want sheep?	i do	1>2	unknown	Question_answer_pair	query
anyone want sheep?	for wood?	1>2	unknown	Q_Elab	query
i do	for wood?	1>2	unknown	Elaboration	elaboration
for wood?	2 sheep for 1 ore one wheat?	1>2	unknown	Q_Elab	query
2 sheep for 1 ore one wheat?	sry can only offer wood	1>2	unknown	Question_answer_pair	query
sry can only offer wood	sorry i has wood	1>2	unknown	Contrast	contrast
sorry i has wood	ok	1>2	unknown	Acknowledgement	query
bloody hell...	stupid buttons	1>2	unknown	Elaboration	elaboration
i think it is time for another 7 :)	anyone have clay for sheep?	1>2	unknown	Continuation	conjunction
yay sheep :D	can i get wheet from someone?	1>2	unknown	Continuation	conjunction
can i get wheet from someone?	no	1>2	unknown	Question_answer_pair	query
can i get wheet from someone?	yes	1>2	unknown	Question_answer_pair	query
can i get wheet from someone?	for wood?	1>2	unknown	Q_Elab	query
yes	for wood?	1>2	unknown	Q_Elab	query
for wood?	clay?	1>2	unknown	Q_Elab	query
clay?	ore?	1>2	unknown	Alternation	alternation
nope	then one wood	1>2	unknown	Result	causal
then one wood	ok in your turn :)	1>2	unknown	Acknowledgement	query
ok in your turn :)	bloody robber	1>2	unknown	Comment	comment
bloody robber	anyone have 1 wheat 1 wood for 2 sheep?	1>2	unknown	Continuation	conjunction
anyone have 1 wheat 1 wood for 2 sheep?	no	1>2	unknown	Question_answer_pair	query
anyone have 1 wheat 1 wood for 2 sheep?	no,	1>2	unknown	Question_answer_pair	query
anyone have 1 wheat 1 wood for 2 sheep?	anyone have one wheat?	1>2	unknown	Continuation	conjunction
no,	but can i give you something for your clay?	1>2	unknown	Contrast	contrast
wood?	sure	1>2	unknown	Question_answer_pair	query
sure	noooo :D	1>2	unknown	Comment	comment
anyone have one wheat?	no	1>2	unknown	Question_answer_pair	query
anyone have one wheat?	yes	1>2	unknown	Question_answer_pair	query
yes	but i really dont need sheep	1>2	unknown	Contrast	contrast
but i really dont need sheep	william for a sheep?	1>2	unknown	Q_Elab	query
william for a sheep?	^^ no	1>2	unknown	Question_answer_pair	query
william for a sheep?	2 sheep?	1>2	unknown	Q_Elab	query
2 sheep?	ok fine	1>2	unknown	Question_answer_pair	query
ok fine	:D	1>2	unknown	Acknowledgement	query
clay?	nope	1>2	unknown	Question_answer_pair	query
no,	wood?	1>2	unknown	Q_Elab	query
all the ore :D	can i get a sheep for a wood?	1>2	unknown	Continuation	conjunction
can i get a sheep for a wood?	i has no sheep :p	1>2	unknown	Question_answer_pair	query
can i get a sheep for a wood?	yes here	1>2	unknown	Question_answer_pair	query
can i get a sheep for a wood?	and some wheat to spare for a friend? :)	1>2	unknown	Q_Elab	query
i has no sheep :p	I has ore/...	1>2	unknown	Contrast	contrast
yes here	and some wheat to spare for a friend? :)	1>2	unknown	Q_Elab	query
and some wheat to spare for a friend? :)	no	1>2	unknown	Question_answer_pair	query
anyone have wheat or wood?	not for trade	1>2	unknown	Question_answer_pair	query
anyone have wheat or wood?	no	1>2	unknown	Question_answer_pair	query
not for trade	wheat or clay even	1>2	unknown	Q_Elab	query
no	wheat or clay even	1>2	unknown	Q_Elab	query
wheat or clay even	no	1>2	unknown	Question_answer_pair	query
no	pls roll 7 ;)	1>2	unknown	Continuation	conjunction
pls roll 7 ;)	ouch	1>2	unknown	Comment	comment
can you trade clay lj?	yes	1>2	unknown	Question_answer_pair	query
can you trade clay lj?	2 wood?	1>2	unknown	Q_Elab	query
yes	but it wont come cheap////	1>2	unknown	Contrast	contrast
2 wood?	no	1>2	unknown	Question_answer_pair	query
no	1 sheep oe wheat?	1>2	unknown	Q_Elab	query
1 sheep oe wheat?	one*	1>2	unknown	Correction	contrast
ore + wood?	sorry have those	1>2	unknown	Question_answer_pair	query
sorry have those	its sheep and wheat i need	1>2	unknown	Explanation	explanation
do not have any wheat	then no sorry	1>2	unknown	Result	causal
sorry have those	do not have any wheat	1>2	unknown	Contrast	contrast
1 sheep oe wheat?	ore + wood?	1>2	unknown	Q_Elab	query
can i have someone's ore for sheep?	yes	1>2	unknown	Question_answer_pair	query
can i have someone's ore for sheep?	nope	1>2	unknown	Question_answer_pair	query
please not 7	wheat for clay?	1>2	unknown	Continuation	conjunction
anyone have wheat for ore or sheep?	i need ore yes	1>2	unknown	Question_answer_pair	query
anyone have wheat for ore or sheep?	no	1>2	unknown	Question_answer_pair	query
anyone have wheat for ore or sheep?	anyone have another wheat?	1>2	unknown	Parallel	conjunction
anyone have another wheat?	no	1>2	unknown	Question_answer_pair	query
clay?	no	1>2	unknown	Question_answer_pair	query
clay?	for what?	1>2	unknown	Q_Elab	query
clay?	yes, sorry	1>2	unknown	Correction	contrast
for what?	am quite happy to give 2 for one,	1>2	unknown	Question_answer_pair	query
am quite happy to give 2 for one,	or even 3 for one for wheat	1>2	unknown	Alternation	alternation
oh.. so you want wheat not clay?	yes, sorry	1>2	unknown	Question_answer_pair	query
yes, sorry	misread colours at bottom	1>2	unknown	Explanation	explanation
anyone have sheep for ore?	no	1>2	unknown	Question_answer_pair	query
am quite happy to give 2 for one,	oh.. so you want wheat not clay?	1>2	unknown	Clarification_question	query
anyone have another wheat?	clay?	1>2	unknown	Result	causal
clay?	i do not have any	1>2	unknown	Question_answer_pair	query
clay?	anyone have sheep for ore?	1>2	unknown	Continuation	conjunction
anyone have clay for sheep?	this game is so boring	1>2	unknown	Comment	comment
this game is so boring	when you know you have lost.. :(	1>2	unknown	Elaboration	elaboration
^^ sry. lj will win soon	:D	1>2	unknown	Comment	comment
^^ sry. lj will win soon	*hugs*	1>2	unknown	Comment	comment
^^ sry. lj will win soon	yes lj you deserve it today :)	1>2	unknown	Comment	comment
yes lj you deserve it today :)	thankyou :$	1>2	unknown	Comment	comment
thankyou :$	^^	1>2	unknown	Comment	comment
thankyou :$	I feel kinda bad though	1>2	unknown	Contrast	contrast
I feel kinda bad though	anyone have clay for sheep or ore?	1>2	unknown	Continuation	conjunction
I feel kinda bad though	for what?	1>2	unknown	Clarification_question	query
for what?	my only chance was the wood port and i lost it	1>2	unknown	Explanation	explanation
anyone have clay for sheep or ore?	no	1>2	unknown	Question_answer_pair	query
anyone have clay for sheep or ore?	only for wheat	1>2	unknown	Question_answer_pair	query
only for wheat	sorry i need wheat	1>2	unknown	Contrast	contrast
sorry i need wheat	can do one sheep one ore?	1>2	unknown	Q_Elab	query
can do one sheep one ore?	ok	1>2	unknown	Question_answer_pair	query
ok	congrats!!!	1>2	unknown	Comment	comment
congrats!!!	good game!	1>2	unknown	Comment	comment
good game!	nice game guys	1>2	unknown	Comment	comment
this game is so boring	^^ sry. lj will win soon	1>2	unknown	Acknowledgement	query
can we sort with niko for more games soon?	so when is the next one?	1>2	unknown	Q_Elab	query
so when is the next one?	it would be great if we could have another one before friday	1>2	unknown	Question_answer_pair	query
it would be great if we could have another one before friday	when is you you guys are away?	1>2	unknown	Q_Elab	query
when is you you guys are away?	i leave on friday for two trips...	1>2	unknown	Question_answer_pair	query
when is you you guys are away?	i am here till thursday	1>2	unknown	Question_answer_pair	query
i am here till thursday	so friday is no good for me	1>2	unknown	Result	causal
ok, so we could do with playing all games before thursday	taht could be tough	1>2	unknown	Contrast	contrast
ok, so we could do with playing all games before thursday	and then back here again on monday	1>2	unknown	Narration	temporal
ok, so we could do with playing all games before thursday	tuesday night works for me	1>2	unknown	Elaboration	elaboration
and then back here again on monday	ok why not	1>2	unknown	Result	causal
ok why not	but not in the morning pls	1>2	unknown	Contrast	contrast
tuesday night works for me	no	1>2	unknown	Contrast	contrast
no	no?	1>2	unknown	Clarification_question	query
no?	I cant do thursday....	1>2	unknown	Question_answer_pair	query
I cant do thursday....	but maybe niko could?	1>2	unknown	Contrast	contrast
I cant do thursday....	*tuesday	1>2	unknown	Correction	contrast
I cant do thursday....	ill sit out that one?	1>2	unknown	Explanation	explanation
but maybe niko could?	hmm. sure. we'll email him them	1>2	unknown	Question_answer_pair	query
hmm. sure. we'll email him them	ok then	1>2	unknown	Acknowledgement	query
ok then	and another on thursday?	1>2	unknown	Continuation	conjunction
and another on thursday?	Thurs would be great	1>2	unknown	Question_answer_pair	query
and another on thursday?	fine	1>2	unknown	Question_answer_pair	query
Thurs would be great	if we can	1<2	unknown	Conditional	condition
fine	i can too so it should be fine	1>2	unknown	Acknowledgement	query
i could even play 2 on thurs	me too :)	1>2	unknown	Parallel	conjunction
me too :)	we just need to email niko	1>2	unknown	Result	causal
we just need to email niko	Does one of you want to send a group message	1>2	unknown	Result	causal
Does one of you want to send a group message	to try get you two and niko on tues, and the other two	1>2	unknown	Explanation	explanation
tomas, do you want to write an email to everyone?	yes why not	1>2	unknown	Question_answer_pair	query
yes why not	i will do it	1>2	unknown	Elaboration	elaboration
i will do it	thankyou	1>2	unknown	Comment	comment
i will do it	thx	1>2	unknown	Comment	comment
i will do it	please CC markus in	1>2	unknown	Continuation	conjunction
thankyou	ok I should go make some food	1>2	unknown	Narration	temporal
ok I should go make some food	thanks for a great game guys	1>2	unknown	Continuation	conjunction
thanks for a great game guys	later	1>2	unknown	Comment	comment
thanks for a great game guys	thx see you later	1>2	unknown	Comment	comment
thanks for a great game guys	oh	1>2	unknown	Comment	comment
oh	please CC markus in	1>2	unknown	Continuation	conjunction
please CC markus in	bye	1>2	unknown	Narration	temporal
please CC markus in	sure	1>2	unknown	Acknowledgement	query
bye	bb	1>2	unknown	Comment	comment
Thurs would be great	i could even play 2 on thurs	1>2	unknown	Continuation	conjunction
Does one of you want to send a group message	tomas, do you want to write an email to everyone?	1>2	unknown	Q_Elab	query
Does one of you want to send a group message	thursday?	1>2	unknown	Q_Elab	query
when is you you guys are away?	ok, so we could do with playing all games before thursday	1>2	unknown	Result	causal
hi	Hi :)	1>2	unknown	Acknowledgement	query
hi	Hi folks!	1>2	unknown	Acknowledgement	query
Hi :)	it's a long time since I've played!	1>2	unknown	Comment	comment
Hi :)	Hi folks!	1>2	unknown	Acknowledgement	query
Hi folks!	hi :)	1>2	unknown	Acknowledgement	query
Hi folks!	I have some good/bad news :S	1>2	unknown	Continuation	conjunction
I have some good/bad news :S	oh?	1>2	unknown	Clarification_question	query
I have some good/bad news :S	I just got an email about winning a competition for movie tickets	1>2	unknown	Elaboration	elaboration
oh?	evening tomas	1>2	unknown	Continuation	conjunction
oh?	I just got an email about winning a competition for movie tickets	1>2	unknown	Question_answer_pair	query
evening tomas	are we ready to start?	1>2	unknown	Clarification_question	query
evening tomas	hey	1>2	unknown	Acknowledgement	query
I just got an email about winning a competition for movie tickets	nice	1>2	unknown	Comment	comment
I just got an email about winning a competition for movie tickets	tonight. at 9pm :(	1>2	unknown	Background	frame
are we ready to start?	ready	1>2	unknown	Question_answer_pair	query
tonight. at 9pm :(	reckon we can get thru this in 45mins?!	1>2	unknown	Clarification_question	query
reckon we can get thru this in 45mins?!	should be able to	1>2	unknown	Question_answer_pair	query
reckon we can get thru this in 45mins?!	let's just try	1>2	unknown	Question_answer_pair	query
should be able to	sweet. good luck all :)	1>2	unknown	Acknowledgement	query
should be able to	how many points is it to win in this version?	1>2	unknown	Clarification_question	query
let's just try	sweet. good luck all :)	1>2	unknown	Acknowledgement	query
sweet. good luck all :)	fwiw i blitz these in 9mins against Markus's bots	1>2	unknown	Comment	comment
fwiw i blitz these in 9mins against Markus's bots	but I like to have a conversation against real people :D	1>2	unknown	Contrast	contrast
but I like to have a conversation against real people :D	ive been playing the extensions :p	1>2	unknown	Continuation	conjunction
how many points is it to win in this version?	i think it is 10	1>2	unknown	Question_answer_pair	query
i think it is 10	awesome	1>2	unknown	Comment	comment
i think it is 10	10 to win	1>2	unknown	Acknowledgement	query
10 to win	in the league we get 2 for a win,	1>2	unknown	Continuation	conjunction
in the league we get 2 for a win,	1 for playing :)	1>2	unknown	Continuation	conjunction
I just got an email about winning a competition for movie tickets	sorry guys!!!	1>2	unknown	Comment	comment
be nice william :)	:(	1>2	unknown	Comment	comment
anyone want to trade for clay?	I can offer wheat or sheep :)	1>2	unknown	Elaboration	elaboration
nope sorry	kk no problem :D	1>2	unknown	Acknowledgement	query
nope	kk no problem :D	1>2	unknown	Acknowledgement	query
no	kk no problem :D	1>2	unknown	Acknowledgement	query
anyone want to trade for clay?	nope sorry	1>2	unknown	Question_answer_pair	query
anyone want to trade for clay?	nope	1>2	unknown	Question_answer_pair	query
anyone want to trade for clay?	no	1>2	unknown	Question_answer_pair	query
does anyone need sheep or wheat?	i need ore or wood	1>2	unknown	Elaboration	elaboration
does anyone need sheep or wheat?	no thanks	1>2	unknown	Question_answer_pair	query
does anyone need sheep or wheat?	no ta!	1>2	unknown	Question_answer_pair	query
anyone can offer any wood?	sry no	1>2	unknown	Question_answer_pair	query
anyone can offer any wood?	sorry -	1>2	unknown	Question_answer_pair	query
anyone can offer any wood?	move the robber	1>2	unknown	Question_answer_pair	query
sorry -	more 6s and I can oblige then :)	1>2	unknown	Continuation	conjunction
move the robber	and sure :p	1>2	unknown	Conditional	condition
move the robber	lol :D	1>2	unknown	Comment	comment
clay, anyone?	or still no :(	1>2	unknown	Alternation	alternation
no sry	no worries, I'll keep asking :D	1>2	unknown	Acknowledgement	query
nope	no worries, I'll keep asking :D	1>2	unknown	Acknowledgement	query
i will give you 1 clay for 1 ore	have no ore, william, sorry	1>2	unknown	Contrast	contrast
clay, anyone?	no sry	1>2	unknown	Question_answer_pair	query
clay, anyone?	nope	1>2	unknown	Question_answer_pair	query
clay, anyone?	i will give you 1 clay for 1 ore	1>2	unknown	Question_answer_pair	query
anyone want sheep?	i have an abundance :)	1>2	unknown	Question_answer_pair	query
anyone want sheep?	i will give you 1 clay for 1 sheep :)	1>2	unknown	Q_Elab	query
i have an abundance :)	just like last time?	1>2	unknown	Clarification_question	query
just like last time?	If i roll a 7	1>2	unknown	Acknowledgement	query
If i roll a 7	i will be sad bunny...	1>2	unknown	Conditional	condition
i will give you 1 clay for 1 sheep :)	anyone?	1>2	unknown	Q_Elab	query
i'll do that	i can improve :)	1>2	unknown	Continuation	conjunction
i can improve :)	2 sheep for a clay?	1>2	unknown	Elaboration	elaboration
I'll give you a free sheep in my turn :)	as you registered hastily :)	1>2	unknown	Explanation	explanation
i dunno how to make trades work :(	i also forgot	1>2	unknown	Parallel	conjunction
i dunno how to make trades work :(	ljay, once you agree your prices,	1>2	unknown	Explanation	explanation
ljay, once you agree your prices,	"click ""register a trade""."	1>2	unknown	Continuation	conjunction
"click ""register a trade""."	Plug in what you give and get,	1>2	unknown	Continuation	conjunction
Plug in what you give and get,	check th	1>2	unknown	Continuation	conjunction
gotwood did you take logic1 this year?	no i didn't ljay,	1>2	unknown	Question_answer_pair	query
dammit it won't let me trade for nothing	no problem :D	1>2	unknown	Comment	comment
dammit it won't let me trade for nothing	tomas, next trade add in a sheep	1>2	unknown	Result	causal
tomas, next trade add in a sheep	anyone got more clay?	1>2	unknown	Narration	temporal
anyone got more clay?	I fancy another	1>2	unknown	Explanation	explanation
anyone got more clay?	can offer a range of items	1>2	unknown	Elaboration	elaboration
I fancy another	can offer a range of items	1>2	unknown	Continuation	conjunction
i have clay	would like wood	1>2	unknown	Continuation	conjunction
no i didn't ljay,	I'm not a student :)	1>2	unknown	Explanation	explanation
1 for 1?	sure	1>2	unknown	Question_answer_pair	query
sure	ty ty :)	1>2	unknown	Comment	comment
i will give you 1 clay for 1 sheep :)	tomas sure	1>2	unknown	Question_answer_pair	query
i will give you 1 clay for 1 sheep :)	sry	1>2	unknown	Question_answer_pair	query
i will give you 1 clay for 1 sheep :)	i'll do that	1>2	unknown	Question_answer_pair	query
i'll do that	I'll give you a free sheep in my turn :)	1>2	unknown	Elaboration	elaboration
i'll do that	ok :D	1>2	unknown	Question_answer_pair	query
I'll give you a free sheep in my turn :)	ok then	1>2	unknown	Acknowledgement	query
I'll give you a free sheep in my turn :)	dammit it won't let me trade for nothing	1>2	unknown	Contrast	contrast
I'll give you a free sheep in my turn :)	i dunno how to make trades work :(	1>2	unknown	Comment	comment
I'll give you a free sheep in my turn :)	i also forgot	1>2	unknown	Comment	comment
ljay, once you agree your prices,	ahhh awesome	1>2	unknown	Acknowledgement	query
ljay, once you agree your prices,	right	1>2	unknown	Acknowledgement	query
ljay, once you agree your prices,	gotwood did you take logic1 this year?	1>2	unknown	Comment	comment
anyone got more clay?	i have clay	1>2	unknown	Question_answer_pair	query
anyone got more clay?	sry	1>2	unknown	Question_answer_pair	query
i have clay	1 for 1?	1>2	unknown	Q_Elab	query
no i didn't ljay,	ahhh ok, never mind	1>2	unknown	Acknowledgement	query
tomas remember I'm on the hook for a sheep to you	i will keep that that in mind no worries :)	1>2	unknown	Acknowledgement	query
tomas remember I'm on the hook for a sheep to you	anyone have wheat for sheep?	1>2	unknown	Narration	temporal
tomas remember I'm on the hook for a sheep to you	booo laura :D	1>2	unknown	Comment	comment
anyone have wheat for sheep?	nope	1>2	unknown	Question_answer_pair	query
anyone have wheat for sheep?	no	1>2	unknown	Question_answer_pair	query
anyone have wheat for sheep?	1 for 1?	1>2	unknown	Q_Elab	query
1 for 1?	I'll have my sheep back :D	1>2	unknown	Comment	comment
1 for 1?	yep :)	1>2	unknown	Question_answer_pair	query
yep :)	pleasure doing business	1>2	unknown	Comment	comment
boooo!	sorry laura	1>2	unknown	Contrast	contrast
sorry laura	needed clay the mean way :D	1>2	unknown	Explanation	explanation
yeah :D	touché	1>2	unknown	Comment	comment
touché	bloody sheep :p	1>2	unknown	Comment	comment
bloody sheep :p	anyone want sheep for clay?	1>2	unknown	Narration	temporal
anyone want sheep for clay?	got none, sorry :(	1>2	unknown	Question_answer_pair	query
anyone want sheep for clay?	no	1>2	unknown	Question_answer_pair	query
anyone want sheep for clay?	so how do people know about the league?	1>2	unknown	Clarification_question	query
so how do people know about the league?	and Markus, etc?	1>2	unknown	Continuation	conjunction
no	has anyone got wood for me?	1>2	unknown	Continuation	conjunction
i did the trails	trials even	1>2	unknown	Correction	contrast
i know about it from my gf	did not do the trials	1>2	unknown	Elaboration	elaboration
yeah me too,	are you an Informatics student then, ljay?	1>2	unknown	Narration	temporal
are you an Informatics student then, ljay?	no, Im about to start maths,	1>2	unknown	Question_answer_pair	query
did not do the trials	I did them	1>2	unknown	Contrast	contrast
has anyone got wood for me?	lol william, you cad	1>2	unknown	Comment	comment
has anyone got wood for me?	afraid not :(	1>2	unknown	Question_answer_pair	query
has anyone got wood for me?	sry no	1>2	unknown	Question_answer_pair	query
I did them	because a friend did	1>2	unknown	Explanation	explanation
lol william, you cad	what's a cad?	1>2	unknown	Clarification_question	query
afraid not :(	my single wood is precious	1>2	unknown	Explanation	explanation
no, Im about to start maths,	I just hang around appleton a lot	1>2	unknown	Contrast	contrast
what's a cad?	a cad is a devious man,	1>2	unknown	Question_answer_pair	query
a cad is a devious man,	usually trying to seduce/impress ladies	1>2	unknown	Elaboration	elaboration
so how do people know about the league?	i did the trails	1>2	unknown	Question_answer_pair	query
so how do people know about the league?	i know about it from my gf	1>2	unknown	Question_answer_pair	query
i did the trails	yeah me too,	1>2	unknown	Parallel	conjunction
i did the trails	are you an Informatics student then, ljay?	1>2	unknown	Q_Elab	query
i did the trails	did not do the trials	1>2	unknown	Contrast	contrast
i did the trails	I did them	1>2	unknown	Parallel	conjunction
anyone want to trade wheat or sheep for a clay?	I need clay	1>2	unknown	Explanation	explanation
I need clay	Guess what I am short of lol,	1>2	unknown	Elaboration	elaboration
I need clay	I have sheep	1>2	unknown	Contrast	contrast
no clay in here	no worries!	1>2	unknown	Acknowledgement	query
no, sry	no worries!	1>2	unknown	Acknowledgement	query
no worries!	Guess what I am short of lol,	1>2	unknown	Contrast	contrast
Guess what I am short of lol,	clay clay clay	1>2	unknown	Elaboration	elaboration
I have sheep	sorry, I want clay,	1>2	unknown	Correction	contrast
sorry, I want clay,	will offer sheep/wheat	1>2	unknown	Continuation	conjunction
will offer sheep/wheat	ahhh sorry nope	1>2	unknown	Result	causal
anyone want to trade wheat or sheep for a clay?	no clay in here	1>2	unknown	Question_answer_pair	query
anyone want to trade wheat or sheep for a clay?	no, sry	1>2	unknown	Question_answer_pair	query
anyone want to trade wheat or sheep for a clay?	I have sheep	1>2	unknown	Question_answer_pair	query
anyone have wheat?	loads	1>2	unknown	Question_answer_pair	query
anyone have wheat?	no	1>2	unknown	Question_answer_pair	query
loads	I'm a grain factory	1>2	unknown	Elaboration	elaboration
loads	want sheep or wood?	1>2	unknown	Q_Elab	query
want sheep or wood?	afraid not lol	1>2	unknown	Question_answer_pair	query
want sheep or wood?	that is the sheep port im at right?	1>2	unknown	Clarification_question	query
afraid not lol	it's clay my heart desires!	1>2	unknown	Explanation	explanation
it's clay my heart desires!	I need clay too	1>2	unknown	Parallel	conjunction
it's clay my heart desires!	maybe ore...	1>2	unknown	Continuation	conjunction
I need clay too	sorry ljay	1>2	unknown	Result	causal
maybe ore...	no ore sorry	1>2	unknown	Contrast	contrast
no ore sorry	ah dommage	1>2	unknown	Acknowledgement	query
that is the sheep port im at right?	or do i need a building there to trade 2:1	1>2	unknown	Alternation	alternation
or do i need a building there to trade 2:1	you need a building first	1>2	unknown	Question_answer_pair	query
you need a building first	ahhh :(	1>2	unknown	Acknowledgement	query
ahhh :(	anyone have wheat for sheep?	1>2	unknown	Narration	temporal
anyone have wheat for sheep?	not for sheep, sorry :(	1>2	unknown	Question_answer_pair	query
come on lucky 7...	almost..	1>2	unknown	Comment	comment
anyone want to trade some clay for me	can't	1>2	unknown	Question_answer_pair	query
anyone want to trade some clay for me	i can offer sheep or wheat?	1>2	unknown	Elaboration	elaboration
anyone want to trade some clay for me	sorry	1>2	unknown	Question_answer_pair	query
anyone want to trade some clay for me	want any wood?	1>2	unknown	Q_Elab	query
can't	didn't think so	1>2	unknown	Comment	comment
sorry	didn't think so	1>2	unknown	Comment	comment
sorry	i need wheat...	1>2	unknown	Contrast	contrast
didn't think so	but always will ask :D	1>2	unknown	Contrast	contrast
want any wood?	I'm good for wood :D	1>2	unknown	Question_answer_pair	query
i need wheat...	can offer sheep or wood	1>2	unknown	Continuation	conjunction
i need wheat...	anyone have wheat?	1>2	unknown	Q_Elab	query
anyone have wheat?	yup	1>2	unknown	Question_answer_pair	query
yup	at the right price :)	1>2	unknown	Elaboration	elaboration
2 sheep?	1 wood 1 sheep?	1>2	unknown	Correction	contrast
1 wood 1 sheep?	can do	1>2	unknown	Question_answer_pair	query
can do	deal	1>2	unknown	Acknowledgement	query
deal	um i have no clay	1>2	unknown	Contrast	contrast
um i have no clay	did you mean wheat?	1>2	unknown	Correction	contrast
did you mean wheat?	sorry yeah	1>2	unknown	Question_answer_pair	query
sorry yeah	retry¬!	1>2	unknown	Result	causal
sorry yeah	no problem ;)	1>2	unknown	Acknowledgement	query
no problem ;)	worried I was wheeling and dealing!	1>2	unknown	Comment	comment
worried I was wheeling and dealing!	its been a ong day	1>2	unknown	Comment	comment
worried I was wheeling and dealing!	tomas that's your sheep there, watch it well	1>2	unknown	Narration	temporal
tomas that's your sheep there, watch it well	:)	1>2	unknown	Acknowledgement	query
where were you?	you said w/o internat	1>2	unknown	Explanation	explanation
where were you?	yorkshire	1>2	unknown	Question_answer_pair	query
you said w/o internat	internet*	1>2	unknown	Correction	contrast
yorkshire	nice country	1>2	unknown	Comment	comment
nice country	not really :p	1>2	unknown	Correction	contrast
nice country	some of it is lovely	1>2	unknown	Elaboration	elaboration
not really :p	aww what bit?	1>2	unknown	Clarification_question	query
not really :p	some of it is lovely	1>2	unknown	Correction	contrast
aww what bit?	york leeds	1>2	unknown	Question_answer_pair	query
york leeds	its pretty	1>2	unknown	Elaboration	elaboration
does someone want my sheep?	yes just a little bit	1>2	unknown	Question_answer_pair	query
does someone want my sheep?	for what, william?	1>2	unknown	Q_Elab	query
im from lancashire...	ah ha lol! rival	1>2	unknown	Comment	comment
my brother is in leeds.	it's no edinburgh :)	1>2	unknown	Contrast	contrast
for what, william?	anything really.	1>2	unknown	Question_answer_pair	query
anything really.	ore? wood?	1>2	unknown	Elaboration	elaboration
neither, i'm afraid, only a wheat. Sorry!	hmm. maybe later	1>2	unknown	Comment	comment
i need wheat...	maybe next turn :)	1>2	unknown	Question_answer_pair	query
yup	2 sheep?	1>2	unknown	Q_Elab	query
yup	where were you?	1>2	unknown	Clarification_question	query
yup	does someone want my sheep?	1>2	unknown	Continuation	conjunction
york leeds	ahhhhhh#	1>2	unknown	Comment	comment
york leeds	im from lancashire...	1>2	unknown	Contrast	contrast
york leeds	my brother is in leeds.	1>2	unknown	Comment	comment
anything really.	neither, i'm afraid, only a wheat. Sorry!	1>2	unknown	Question_answer_pair	query
kk :)	this die is not in my favour tonight....	1>2	unknown	Comment	comment
this die is not in my favour tonight....	we have 4 games laura,	1>2	unknown	Contrast	contrast
this die is not in my favour tonight....	anyone willing to buy some wood?	1>2	unknown	Continuation	conjunction
anyone willing to buy some wood?	cant sorry	1>2	unknown	Question_answer_pair	query
anyone willing to buy some wood?	how about 2 sheep, tomas?	1>2	unknown	Q_Elab	query
anyone willing to buy some wood?	anyone got clay?	1>2	unknown	Continuation	conjunction
we have 4 games laura,	I'm sure it will even out :)	1>2	unknown	Result	causal
how about 2 sheep, tomas?	(1 and the one i owe you)	1>2	unknown	Elaboration	elaboration
or 1 sheep 1 wheat?	what about 1 sheep and 1 wheat? :)	1>2	unknown	Q_Elab	query
what about 1 sheep and 1 wheat? :)	deal	1>2	unknown	Question_answer_pair	query
deal	yeah deal	1>2	unknown	Acknowledgement	query
yeah deal	happy to make even	1>2	unknown	Result	causal
happy to make even	I am a man of my word	1>2	unknown	Explanation	explanation
happy to make even	thank you!	1>2	unknown	Acknowledgement	query
happy to make even	i will remember that :)	1>2	unknown	Comment	comment
thank you!	i will remember that :)	1>2	unknown	Continuation	conjunction
anyone got clay?	I will trade very generously	1>2	unknown	Elaboration	elaboration
anyone got clay?	no clay	1>2	unknown	Question_answer_pair	query
anyone got clay?	nothing...	1>2	unknown	Question_answer_pair	query
I will trade very generously	if so	1<2	unknown	Conditional	condition
no clay	no worries :)	1>2	unknown	Acknowledgement	query
no	no worries :)	1>2	unknown	Acknowledgement	query
nothing...	no worries :)	1>2	unknown	Acknowledgement	query
how about 2 sheep, tomas?	or 1 sheep 1 wheat?	1>2	unknown	Alternation	alternation
how about 2 sheep, tomas?	what about 1 sheep and 1 wheat? :)	1>2	unknown	Q_Elab	query
all the ore :)	lol	1>2	unknown	Comment	comment
all the ore :)	can i get a clay from someone?	1>2	unknown	Continuation	conjunction
can i get a clay from someone?	offering wheat or sheep	1>2	unknown	Elaboration	elaboration
can i get a clay from someone?	don't have any	1>2	unknown	Question_answer_pair	query
don't have any	afraid i haven't seen it rolled either :(	1>2	unknown	Continuation	conjunction
can i get an ore?	yes	1>2	unknown	Question_answer_pair	query
can i get an ore?	I'll trade too	1>2	unknown	Question_answer_pair	query
yes	do you want a sheep for it?	1>2	unknown	Q_Elab	query
yes	I'll trade too	1>2	unknown	Parallel	conjunction
do you want a sheep for it?	sure a sheep works	1>2	unknown	Question_answer_pair	query
sure a sheep works	ok laura	1>2	unknown	Acknowledgement	query
ok laura	being called laura is odd :p	1>2	unknown	Comment	comment
ok laura	did i get the trade right?	1>2	unknown	Clarification_question	query
being called laura is odd :p	are you ljay?	1>2	unknown	Clarification_question	query
being called laura is odd :p	sorry. what do you want to be called?	1>2	unknown	Clarification_question	query
are you ljay?	lj works	1>2	unknown	Question_answer_pair	query
sorry. what do you want to be called?	lj works	1>2	unknown	Question_answer_pair	query
lj works	lj cool	1>2	unknown	Acknowledgement	query
did i get the trade right?	yep :)	1>2	unknown	Question_answer_pair	query
did i get the trade right?	yup!	1>2	unknown	Question_answer_pair	query
yep :)	ok cheers	1>2	unknown	Acknowledgement	query
can i get a clay from someone?	sorry	1>2	unknown	Question_answer_pair	query
can i get a clay from someone?	no	1>2	unknown	Question_answer_pair	query
can i get a clay from someone?	can i get an ore?	1>2	unknown	Continuation	conjunction
laura, could i cadge a clay?	or william?	1>2	unknown	Alternation	alternation
sorry nope	ok...ore?	1>2	unknown	Q_Elab	query
no	ok...ore?	1>2	unknown	Q_Elab	query
ok...ore?	just spent it	1>2	unknown	Question_answer_pair	query
ok...ore?	ore for sheep and wheat or wood	1>2	unknown	Q_Elab	query
ok...ore?	then sorry no	1>2	unknown	Question_answer_pair	query
ore for sheep and wheat or wood	one or tother?	1>2	unknown	Clarification_question	query
ore for sheep and wheat or wood	afraid I can't pay 2 for 1...	1>2	unknown	Question_answer_pair	query
one or tother?	nah i need both	1>2	unknown	Question_answer_pair	query
afraid I can't pay 2 for 1...	apologies!	1>2	unknown	Comment	comment
afraid I can't pay 2 for 1...	then sorry no	1>2	unknown	Result	causal
laura, could i cadge a clay?	name a price :)	1>2	unknown	Elaboration	elaboration
laura, could i cadge a clay?	sorry nope	1>2	unknown	Question_answer_pair	query
laura, could i cadge a clay?	no	1>2	unknown	Question_answer_pair	query
just hope no one rolls a 7 :p	anyone have wood?	1>2	unknown	Narration	temporal
just hope no one rolls a 7 :p	i had another plan :)	1>2	unknown	Comment	comment
i had another plan :)	but wanted to save some cash	1>2	unknown	Contrast	contrast
anyone have wood?	sorry no	1>2	unknown	Question_answer_pair	query
anyone have wood?	or wheat?	1>2	unknown	Alternation	alternation
or wheat?	loads of wheat!	1>2	unknown	Question_answer_pair	query
i do	what can you offer for a wood?	1>2	unknown	Q_Elab	query
loads of wheat!	willian 2 wheat for sheep and ore?	1>2	unknown	Q_Elab	query
willian 2 wheat for sheep and ore?	sound good	1>2	unknown	Question_answer_pair	query
willian 2 wheat for sheep and ore?	kerching!	1>2	unknown	Comment	comment
sound good	kerching!	1>2	unknown	Comment	comment
sound good	ah, finally	1>2	unknown	Comment	comment
ah, finally	uh oh...	1>2	unknown	Comment	comment
anyone have wood?	i do	1>2	unknown	Question_answer_pair	query
can anyone give me ore for wood?	i got none, sorry :(	1>2	unknown	Question_answer_pair	query
can anyone give me ore for wood?	sorry	1>2	unknown	Question_answer_pair	query
just going afk	but have no trades to offer this turn,	1>2	unknown	Elaboration	elaboration
just going afk	back in 2 mins tops!	1>2	unknown	Continuation	conjunction
but have no trades to offer this turn,	anyone want clay?	1>2	unknown	Narration	temporal
but have no trades to offer this turn,	afraid I'm a bit fallow	1>2	unknown	Explanation	explanation
anyone want clay?	yes yes yes	1>2	unknown	Question_answer_pair	query
anyone want clay?	yes	1>2	unknown	Question_answer_pair	query
anyone want clay?	what do you want?	1>2	unknown	Q_Elab	query
yes yes yes	what do you want?	1>2	unknown	Continuation	conjunction
yes	i have ore for you	1>2	unknown	Elaboration	elaboration
what do you want?	ore and sheep?	1>2	unknown	Q_Elab	query
i have ore for you	ore and sheep?	1>2	unknown	Q_Elab	query
ore and sheep?	no	1>2	unknown	Question_answer_pair	query
ore and sheep?	ore and wood?	1>2	unknown	Q_Elab	query
ore and wood?	i have 2 clay	1>2	unknown	Question_answer_pair	query
i have 2 clay	ore and wood would be great	1>2	unknown	Continuation	conjunction
ok	1 clay?	1>2	unknown	Q_Elab	query
1 clay?	2 clay? :)	1>2	unknown	Q_Elab	query
1 clay?	ok one will do	1>2	unknown	Question_answer_pair	query
2 clay? :)	that leave me not enough to build with :(	1>2	unknown	Question_answer_pair	query
that leave me not enough to build with :(	hmmm	1>2	unknown	Comment	comment
that leave me not enough to build with :(	ok one will do	1>2	unknown	Result	causal
ok one will do	thank you :)	1>2	unknown	Acknowledgement	query
thank you :)	np :)	1>2	unknown	Comment	comment
i have 2 clay	ok	1>2	unknown	Acknowledgement	query
nooooooo 5!	nooooooooo	1>2	unknown	Continuation	conjunction
nooooooooo	nooooooo!	1>2	unknown	Continuation	conjunction
nooooooo 5!	the evil robber strikes again	1>2	unknown	Comment	comment
anyone got ore?	can offer sheep or wheat	1>2	unknown	Elaboration	elaboration
anyone got ore?	would have had ore, but...	1>2	unknown	Comment	comment
would have had ore, but...	ah robber...	1>2	unknown	Comment	comment
william?	oh, sorry no.	1>2	unknown	Question_answer_pair	query
oh, sorry no.	too low right now	1>2	unknown	Explanation	explanation
anyone got ore?	nope	1>2	unknown	Question_answer_pair	query
anyone got ore?	william?	1>2	unknown	Q_Elab	query
oh, sorry no.	kk np	1>2	unknown	Acknowledgement	query
greedy :D	:D	1>2	unknown	Acknowledgement	query
greedy :D	spend it wisely then	1>2	unknown	Result	causal
greedy :D	it won't let me trade 4 wheat with the bank!	1>2	unknown	Continuation	conjunction
spend it wisely then	:)	1>2	unknown	Comment	comment
:)	13! :o	1>2	unknown	Continuation	conjunction
it won't let me trade 4 wheat with the bank!	you just did....	1>2	unknown	Correction	contrast
it won't let me trade 4 wheat with the bank!	oh. never mind, now it did	1>2	unknown	Correction	contrast
oh. never mind, now it did	^^	1>2	unknown	Comment	comment
oh. never mind, now it did	lol no worries	1>2	unknown	Comment	comment
oh. never mind, now it did	now you're on 3sy street	1>2	unknown	Comment	comment
now you're on 3sy street	yay	1>2	unknown	Comment	comment
yay	5 nooooooooooo!	1>2	unknown	Contrast	contrast
anyone have clay?	no sorry	1>2	unknown	Question_answer_pair	query
nope	work those looks, tomas	1>2	unknown	Comment	comment
work those looks, tomas	got... thats an interesting one :p	1>2	unknown	Comment	comment
can i have someone's ore?	nope	1>2	unknown	Question_answer_pair	query
can i have someone's ore?	no ore here sorry	1>2	unknown	Question_answer_pair	query
can i have someone's ore?	sry no ore in here either	1>2	unknown	Question_answer_pair	query
nope	sry no ore in here either	1>2	unknown	Parallel	conjunction
no ore here sorry	hey where is everyone from?	1>2	unknown	Clarification_question	query
hey where is everyone from?	I'm UK	1>2	unknown	Question_answer_pair	query
hey where is everyone from?	Germany	1>2	unknown	Question_answer_pair	query
hey where is everyone from?	uk :)	1>2	unknown	Question_answer_pair	query
hey where is everyone from?	slovakia :)	1>2	unknown	Question_answer_pair	query
I'm UK	I'm from Somerset,	1>2	unknown	Elaboration	elaboration
Germany	I am from Frankfurt	1>2	unknown	Elaboration	elaboration
uk :)	from the oh so beautiful lancashire :p	1>2	unknown	Elaboration	elaboration
from the oh so beautiful lancashire :p	live in the burgh	1>2	unknown	Elaboration	elaboration
I'm from Somerset,	near Cheddar (where teh cheese is from)	1>2	unknown	Elaboration	elaboration
I'm from Somerset,	i mis somerset!	1>2	unknown	Comment	comment
anyone got ore for sheep/wheat?	no	1>2	unknown	Question_answer_pair	query
anyone got ore for sheep/wheat?	nope	1>2	unknown	Question_answer_pair	query
anyone got ore for sheep/wheat?	your roll, laura!	1>2	unknown	Result	causal
your roll, laura!	maybe she's disconnected...	1>2	unknown	Explanation	explanation
your roll, laura!	darn,	1>2	unknown	Comment	comment
your roll, laura!	sorry	1>2	unknown	Comment	comment
darn,	i have to leave very soon... ...	1>2	unknown	Explanation	explanation
i have to leave very soon... ...	like 12 mins tops!	1>2	unknown	Elaboration	elaboration
i have to leave very soon... ...	let's give her a couple of mins	1>2	unknown	Contrast	contrast
like 12 mins tops!	hmm. lj is about to win anyway.	1>2	unknown	Comment	comment
hmm. lj is about to win anyway.	i am not so sure..	1>2	unknown	Comment	comment
let's give her a couple of mins	to try and reconnect	1>2	unknown	Elaboration	elaboration
let's give her a couple of mins	but I need to be at the cameo by 9.20	1>2	unknown	Contrast	contrast
to try and reconnect	well. if lj can't fix her current problem,	1>2	unknown	Contrast	contrast
but I need to be at the cameo by 9.20	and that means leaving in about 10mins :/	1>2	unknown	Continuation	conjunction
darn competitions!	getting lucky in the wrong game at the wrong time, i am	1>2	unknown	Elaboration	elaboration
i don't think this will end by then	well. if lj can't fix her current problem,	1>2	unknown	Continuation	conjunction
i don't think this will end by then	we may have to call it a practice run	1>2	unknown	Result	causal
well. if lj can't fix her current problem,	we can't finish this game anways	1>2	unknown	Conditional	condition
we may have to call it a practice run	then we will have to replay the game?	1>2	unknown	Result	causal
then we will have to replay the game?	do it in earnest next week	1>2	unknown	Elaboration	elaboration
do it in earnest next week	sure	1>2	unknown	Acknowledgement	query
but I need to be at the cameo by 9.20	i don't think this will end by then	1>2	unknown	Contrast	contrast
but I need to be at the cameo by 9.20	darn competitions!	1>2	unknown	Comment	comment
well. if lj can't fix her current problem,	we may have to call it a practice run	1>2	unknown	Result	causal
well. if lj can't fix her current problem,	then we will have to replay the game?	1>2	unknown	Result	causal
she's back!	no worries	1>2	unknown	Comment	comment
she's back!	interet died	1>2	unknown	Explanation	explanation
interet died	do you lose the chat log?	1>2	unknown	Clarification_question	query
do you lose the chat log?	yeah	1>2	unknown	Question_answer_pair	query
do you lose the chat log?	we were negotiating a truce	1>2	unknown	Explanation	explanation
we were talking with out you,	do you lose the chat log?	1<2	unknown	Background	frame
we were negotiating a truce	as I need to leave quite soon :/	1>2	unknown	Explanation	explanation
as I need to leave quite soon :/	I can offer about 10mins more,	1>2	unknown	Elaboration	elaboration
I can offer about 10mins more,	we'll see where we're at	1>2	unknown	Narration	temporal
yup, just hurry everyone...	ill try	1>2	unknown	Acknowledgement	query
anyone have wheat or clay for sheep?	no	1>2	unknown	Question_answer_pair	query
anyone have wheat or clay for sheep?	afraid not :(	1>2	unknown	Question_answer_pair	query
afraid not :(	i could do wheat for 1 sheep 1 clay	1>2	unknown	Explanation	explanation
i could do wheat for 1 sheep 1 clay	but not for 1 sheep	1>2	unknown	Contrast	contrast
I can offer about 10mins more,	yup, just hurry everyone...	1>2	unknown	Acknowledgement	query
I can offer about 10mins more,	anyone have wheat or clay for sheep?	1>2	unknown	Continuation	conjunction
i need clay or ore. i have lots of wood	apologies :(	1>2	unknown	Question_answer_pair	query
i need clay or ore. i have lots of wood	i have neither sorry	1>2	unknown	Question_answer_pair	query
apologies :(	no help here	1>2	unknown	Explanation	explanation
anyone want to trade their ore for my wood?	nope	1>2	unknown	Question_answer_pair	query
anyone want to trade their ore for my wood?	no	1>2	unknown	Question_answer_pair	query
anyone want to trade their ore for my wood?	cant	1>2	unknown	Question_answer_pair	query
nope	it may prove a prudent trade, lj...	1>2	unknown	Correction	contrast
it may prove a prudent trade, lj...	nope	1>2	unknown	Correction	contrast
it may prove a prudent trade, lj...	cheeky	1>2	unknown	Comment	comment
it may prove a prudent trade, lj...	argh	1>2	unknown	Comment	comment
nope	apologies...	1>2	unknown	Comment	comment
apologies...	:(	1>2	unknown	Comment	comment
cheeky	50/50 short	1>2	unknown	Comment	comment
50/50 short	shot*	1>2	unknown	Correction	contrast
any sheep for sale?	i am out, sorry	1>2	unknown	Question_answer_pair	query
any sheep for sale?	nope	1>2	unknown	Question_answer_pair	query
any sheep for sale?	i have a sheep to give	1>2	unknown	Question_answer_pair	query
any sheep for sale?	i can give you clay or wood	1>2	unknown	Q_Elab	query
i have a sheep to give	i can give you clay or wood	1>2	unknown	Q_Elab	query
i can give you clay or wood	clay please	1>2	unknown	Question_answer_pair	query
clay please	ok	1>2	unknown	Acknowledgement	query
ok	got the wrong guy!	1>2	unknown	Correction	contrast
got the wrong guy!	william is white	1>2	unknown	Explanation	explanation
got the wrong guy!	sry	1>2	unknown	Acknowledgement	query
anyone got sheep for 1 wood?	nope	1>2	unknown	Question_answer_pair	query
anyone got sheep for 1 wood?	not anymore	1>2	unknown	Question_answer_pair	query
anyone got sheep for 1 wood?	no sry	1>2	unknown	Question_answer_pair	query
nope	kk no worries	1>2	unknown	Acknowledgement	query
not anymore	kk no worries	1>2	unknown	Acknowledgement	query
no sry	kk no worries	1>2	unknown	Acknowledgement	query
anyone have clay?	none sorry	1>2	unknown	Question_answer_pair	query
anyone have clay?	yes	1>2	unknown	Question_answer_pair	query
anyone have clay?	tomas ore for clay?	1>2	unknown	Q_Elab	query
yes	tomas ore for clay?	1>2	unknown	Q_Elab	query
tomas ore for clay?	but mine is very expensive :)	1>2	unknown	Question_answer_pair	query
tomas ore for clay?	gimme more	1>2	unknown	Question_answer_pair	query
tomas ore for clay?	ok then 2 ore	1>2	unknown	Question_answer_pair	query
but mine is very expensive :)	lol	1>2	unknown	Comment	comment
but mine is very expensive :)	gimme more	1>2	unknown	Result	causal
but mine is very expensive :)	clay made of gold	1>2	unknown	Comment	comment
gimme more	2 ore?	1>2	unknown	Q_Elab	query
2 ore?	ore and wheat	1>2	unknown	Question_answer_pair	query
2 ore?	ok then 2 ore	1>2	unknown	Question_answer_pair	query
ore and wheat	i have none	1>2	unknown	Question_answer_pair	query
i have none	ok then 2 ore	1>2	unknown	Result	causal
ok then 2 ore	you slave driver :D	1>2	unknown	Comment	comment
you slave driver :D	i know right...	1>2	unknown	Acknowledgement	query
looking for some sheep and wheat	will for clay	1>2	unknown	Question_answer_pair	query
looking for some sheep and wheat	i will give you a shepp for ore	1>2	unknown	Question_answer_pair	query
will for clay	deal	1>2	unknown	Acknowledgement	query
deal	at what rates?	1>2	unknown	Q_Elab	query
at what rates?	2 clay for 1 sheep 1 wheat?	1>2	unknown	Elaboration	elaboration
i give you clay you give me sheep and wheat	pricey clay	1>2	unknown	Result	causal
i give you clay you give me sheep and wheat	ah go on	1>2	unknown	Acknowledgement	query
pricey clay	i can offer just one	1>2	unknown	Explanation	explanation
i can offer just one	ah go on	1>2	unknown	Acknowledgement	query
ah go on	interest on that delayed sheep trade	1>2	unknown	Explanation	explanation
at what rates?	i give you clay you give me sheep and wheat	1>2	unknown	Question_answer_pair	query
anyone give me an ore for a clay?	no clay sorry	1>2	unknown	Question_answer_pair	query
anyone give me an ore for a clay?	sry	1>2	unknown	Question_answer_pair	query
anyone give me an ore for a clay?	no	1>2	unknown	Question_answer_pair	query
anyone give me an ore for a clay?	or a sheep for something?	1>2	unknown	Alternation	alternation
no clay sorry	or a sheep for something?	1>2	unknown	Result	causal
sry	or a sheep for something?	1>2	unknown	Result	causal
no	or a sheep for something?	1>2	unknown	Result	causal
or a sheep for something?	apologies	1>2	unknown	Question_answer_pair	query
or a sheep for something?	sry no	1>2	unknown	Question_answer_pair	query
or a sheep for something?	you want a sheep?	1>2	unknown	Clarification_question	query
or a sheep for something?	if you give me ore	1>2	unknown	Question_answer_pair	query
or a sheep for something?	ok	1>2	unknown	Question_answer_pair	query
you want a sheep?	yes	1>2	unknown	Question_answer_pair	query
if you give me ore	awesome	1>2	unknown	Acknowledgement	query
awesome	ok	1>2	unknown	Result	causal
noooo 5!	have no ore	1>2	unknown	Continuation	conjunction
i am giving wood for ore	have no ore	1>2	unknown	Question_answer_pair	query
i am giving wood for ore	sry no ore	1>2	unknown	Question_answer_pair	query
i am giving wood for ore	stupid robber means no ore	1>2	unknown	Question_answer_pair	query
have no ore	because a robber keeps pinching it :D	1>2	unknown	Explanation	explanation
have no ore	^^	1>2	unknown	Comment	comment
anyone got clay for wood or wheat?	no	1>2	unknown	Question_answer_pair	query
anyone got clay for wood or wheat?	nope	1>2	unknown	Question_answer_pair	query
no	no problem	1>2	unknown	Acknowledgement	query
nope	no problem	1>2	unknown	Acknowledgement	query
no problem	let's roll some 5s now!	1>2	unknown	Narration	temporal
lol 4 nooo!	or not :p	1>2	unknown	Correction	contrast
lol 4 nooo!	anyone got ore?	1>2	unknown	Narration	temporal
or not :p	how prescient	1>2	unknown	Comment	comment
how prescient	great move of the robber!	1>2	unknown	Elaboration	elaboration
anyone got ore?	no ore sorry	1>2	unknown	Question_answer_pair	query
anyone got ore?	can't part from mine...	1>2	unknown	Question_answer_pair	query
anyone got ore?	anyone got shee?p	1>2	unknown	Alternation	alternation
anyone got ore?	no ore in here either	1>2	unknown	Question_answer_pair	query
great move of the robber!	psychic :D	1>2	unknown	Continuation	conjunction
no ore sorry	no ore in here either	1>2	unknown	Parallel	conjunction
anyone got shee?p	nope	1>2	unknown	Question_answer_pair	query
anyone got shee?p	nope sorry	1>2	unknown	Question_answer_pair	query
anyone got shee?p	no	1>2	unknown	Question_answer_pair	query
anyone got shee?p	anyone got wood?	1>2	unknown	Alternation	alternation
anyone got wood?	yes, for clay	1>2	unknown	Question_answer_pair	query
anyone got wood?	for what	1>2	unknown	Q_Elab	query
anyone got wood?	nah	1>2	unknown	Question_answer_pair	query
anyone got wood?	I'll pass	1>2	unknown	Question_answer_pair	query
anyone got wood?	i will give you a wood for 2 wheat then	1>2	unknown	Question_answer_pair	query
for what	i have a single wood	1>2	unknown	Elaboration	elaboration
for what	for wheat	1>2	unknown	Question_answer_pair	query
for wheat	2 wheat?	1>2	unknown	Q_Elab	query
2 wheat?	2 wheat	1>2	unknown	Question_answer_pair	query
2 wheat?	sorry,	1>2	unknown	Correction	contrast
2 wheat	ah hmm	1>2	unknown	Comment	comment
sorry,	just counted your road,	1>2	unknown	Explanation	explanation
i will give you a wood for 2 wheat then	awesome :P	1>2	unknown	Acknowledgement	query
i will give you a wood for 2 wheat then	lol i just got out traded :D	1>2	unknown	Comment	comment
lol i just got out traded :D	oh snap.	1>2	unknown	Comment	comment
oh snap.	good work :D	1>2	unknown	Continuation	conjunction
:) I may have fibbed a little...	haha	1>2	unknown	Comment	comment
sorry,	I'll pass	1>2	unknown	Result	causal
oh snap.	:) I may have fibbed a little...	1>2	unknown	Explanation	explanation
*ADDTIME*	let's be on the safe side	1>2	unknown	Explanation	explanation
I'm already gonna miss the movie start :D	which movie?	1>2	unknown	Clarification_question	query
I'm already gonna miss the movie start :D	:(	1>2	unknown	Comment	comment
which movie?	The Life Aquatic	1>2	unknown	Question_answer_pair	query
The Life Aquatic	won 2 tix for it	1>2	unknown	Elaboration	elaboration
ouch	nice steal	1>2	unknown	Elaboration	elaboration
nice steal	trade it back for a wheat?	1>2	unknown	Q_Elab	query
trade it back for a wheat?	need sheep	1>2	unknown	Q_Elab	query
need sheep	i have sheep	1>2	unknown	Question_answer_pair	query
need sheep	ill do sheep for wood	1>2	unknown	Question_answer_pair	query
need sheep	sorry, can't help there	1>2	unknown	Question_answer_pair	query
i have sheep	i need ore or clay.	1>2	unknown	Elaboration	elaboration
i have sheep	for wood?	1>2	unknown	Q_Elab	query
i need ore or clay.	for wood?	1>2	unknown	Q_Elab	query
i need ore or clay.	ok clay will work too	1>2	unknown	Result	causal
for wood?	hmm. no	1>2	unknown	Question_answer_pair	query
hmm. no	ok clay will work too	1>2	unknown	Result	causal
ok clay will work too	1 for 1?	1>2	unknown	Q_Elab	query
ok clay will work too	any wheat to spare?	1>2	unknown	Continuation	conjunction
ill do sheep for wood	think tomas got that	1>2	unknown	Comment	comment
ill do sheep for wood	will you give me sheep for wood?	1>2	unknown	Q_Elab	query
will you give me sheep for wood?	no actually	1>2	unknown	Question_answer_pair	query
no actually	sorry	1>2	unknown	Comment	comment
any wheat to spare?	yup	1>2	unknown	Question_answer_pair	query
any wheat to spare?	nope	1>2	unknown	Question_answer_pair	query
any wheat to spare?	whatcha got	1>2	unknown	Q_Elab	query
any wheat to spare?	loads	1>2	unknown	Question_answer_pair	query
whatcha got	wood :)	1>2	unknown	Question_answer_pair	query
wood :)	1 for 1?	1>2	unknown	Q_Elab	query
1 for 1?	or 2 for 2?	1>2	unknown	Alternation	alternation
2 for 2?	deal	1>2	unknown	Question_answer_pair	query
deal	ok :)	1>2	unknown	Acknowledgement	query
I'm not william	but he may fancy that action :D	1>2	unknown	Contrast	contrast
omg..	what a gent	1>2	unknown	Comment	comment
what a gent	first a cad, now a gent ;D	1>2	unknown	Comment	comment
first a cad, now a gent ;D	i always get that wrong...	1>2	unknown	Comment	comment
first a cad, now a gent ;D	lj and all the guys :p	1>2	unknown	Comment	comment
i always get that wrong...	lol not much between them!	1>2	unknown	Comment	comment
i always get that wrong...	lj and all the guys :p	1>2	unknown	Comment	comment
lol not much between them!	lj and all the guys :p	1>2	unknown	Comment	comment
lj and all the guys :p	league 2 has 2 guys 3 girls apparently	1>2	unknown	Contrast	contrast
anyone got clay for wheat?	i need 1 clay	1>2	unknown	Elaboration	elaboration
anyone got clay for wheat?	too precious...	1>2	unknown	Question_answer_pair	query
anyone got clay for wheat?	nope	1>2	unknown	Question_answer_pair	query
anyone got clay for wheat?	i will trade for ore	1>2	unknown	Question_answer_pair	query
too precious...	no worries :D	1>2	unknown	Acknowledgement	query
nope	no worries :D	1>2	unknown	Acknowledgement	query
i will trade for ore	had no ore, sorry :(	1>2	unknown	Question_answer_pair	query
i will trade for ore	noooooo	1>2	unknown	Comment	comment
noooooo	street wars	1>2	unknown	Comment	comment
1 for 1?	2 for 2?	1>2	unknown	Question_answer_pair	query
1 for 1?	I'm not william	1>2	unknown	Correction	contrast
The Life Aquatic	seen it before tho D:	1>2	unknown	Contrast	contrast
The Life Aquatic	ouch	1>2	unknown	Continuation	conjunction
I'm not william	omg..	1>2	unknown	Comment	comment
*ADDTIME*	I'm already gonna miss the movie start :D	1>2	unknown	Comment	comment
*ADDTIME*	thats scary	1>2	unknown	Comment	comment
william, you are wheatylicious over there	so much wheat you're getting bloated :D	1>2	unknown	Elaboration	elaboration
anyone got ore or wood or clay?	none of those, sorry :(	1>2	unknown	Question_answer_pair	query
anyone got ore or wood or clay?	i got some clay	1>2	unknown	Question_answer_pair	query
anyone got ore or wood or clay?	anyone have a sheep?	1>2	unknown	Alternation	alternation
i got some clay	tomas 1 clay for 1 sheep?	1>2	unknown	Q_Elab	query
tomas 1 clay for 1 sheep?	need ore	1>2	unknown	Question_answer_pair	query
need ore	i has not enough	1>2	unknown	Question_answer_pair	query
i has not enough	ok no trade then	1>2	unknown	Result	causal
y'all have a lot of resource.	I have to admit I wouldn't weep	1>2	unknown	Result	causal
I have to admit I wouldn't weep	if i saw a 7...	1<2	unknown	Conditional	condition
anyone have a sheep?	no sheep sorry	1>2	unknown	Question_answer_pair	query
anyone have a sheep?	yes	1>2	unknown	Question_answer_pair	query
anyone have a sheep?	for 2 wheat?	1>2	unknown	Q_Elab	query
for 2 wheat?	william 1 wheat	1>2	unknown	Question_answer_pair	query
for 2 wheat?	hard bargains at this table!	1>2	unknown	Comment	comment
william 1 wheat	no sry	1>2	unknown	Question_answer_pair	query
william 1 wheat	1 ore 1 wheat?	1>2	unknown	Q_Elab	query
william 1 wheat	hard bargains at this table!	1>2	unknown	Comment	comment
no sry	1 ore 1 wheat?	1>2	unknown	Result	causal
1 ore 1 wheat?	k	1>2	unknown	Question_answer_pair	query
1 ore 1 wheat?	hard bargains at this table!	1>2	unknown	Comment	comment
k	hard bargains at this table!	1>2	unknown	Comment	comment
hard bargains at this table!	Is this the theme we are setting?	1>2	unknown	Clarification_question	query
Is this the theme we are setting?	oh yes	1>2	unknown	Question_answer_pair	query
oh yes	what happened?	1>2	unknown	Clarification_question	query
what happened?	william, you are rich!	1>2	unknown	Question_answer_pair	query
what happened?	it just stopped my go...	1>2	unknown	Elaboration	elaboration
william, you are rich!	haha	1>2	unknown	Comment	comment
william, you are rich!	lj you still want to trade now?	1>2	unknown	Q_Elab	query
it just stopped my go...	oh hmm	1>2	unknown	Comment	comment
it just stopped my go...	:(	1>2	unknown	Comment	comment
it just stopped my go...	is there a time limit on turns?	1>2	unknown	Clarification_question	query
it just stopped my go...	talk to Markus :D	1>2	unknown	Result	causal
is there a time limit on turns?	apparently :p	1>2	unknown	Question_answer_pair	query
is there a time limit on turns?	or did you hit done	1>2	unknown	Alternation	alternation
or did you hit done	when you meant to be trading :.	1>2	unknown	Continuation	conjunction
noope	oh well	1>2	unknown	Comment	comment
noope	talk to Markus :D	1>2	unknown	Result	causal
noope	oooh	1>2	unknown	Continuation	conjunction
talk to Markus :D	i will	1>2	unknown	Acknowledgement	query
oooh	i have loads of ore	1>2	unknown	Elaboration	elaboration
i have loads of ore	later...	1>2	unknown	Comment	comment
or did you hit done	noope	1>2	unknown	Question_answer_pair	query
william, you are wheatylicious over there	y'all have a lot of resource.	1>2	unknown	Comment	comment
anyone want to trade a sheep or a clay for one of my wheat?	nope	1>2	unknown	Question_answer_pair	query
anyone want to trade a sheep or a clay for one of my wheat?	no	1>2	unknown	Question_answer_pair	query
nope	kk!	1>2	unknown	Acknowledgement	query
no	kk!	1>2	unknown	Acknowledgement	query
aww that 7 was 3 rolls late :)	anyone have sheep for clay?	1>2	unknown	Continuation	conjunction
anyone have sheep for clay?	none of those sorry :(	1>2	unknown	Question_answer_pair	query
anyone have sheep for clay?	just for ore	1>2	unknown	Question_answer_pair	query
anyone have sheep for clay?	no sry	1>2	unknown	Question_answer_pair	query
can i get someone's clay for a wheat?	this is a long game guys....	1>2	unknown	Comment	comment
can i get someone's clay for a wheat?	no clay here sorry	1>2	unknown	Question_answer_pair	query
can i get someone's clay for a wheat?	nope	1>2	unknown	Question_answer_pair	query
can i get someone's clay for a wheat?	no clay in here either	1>2	unknown	Question_answer_pair	query
this is a long game guys....	yup	1>2	unknown	Acknowledgement	query
this is a long game guys....	bye bye steve zissou :(	1>2	unknown	Result	causal
no clay here sorry	sorry I said no clay,	1>2	unknown	Elaboration	elaboration
no clay here sorry	no clay in here either	1>2	unknown	Parallel	conjunction
yup	sorry I said no clay,	1>2	unknown	Elaboration	elaboration
sorry I said no clay,	I was yupping lj	1>2	unknown	Background	frame
my bad for communicating with a yup :(	kk	1>2	unknown	Acknowledgement	query
sorry I said no clay,	my bad for communicating with a yup :(	1>2	unknown	Comment	comment
anyone got some ore?	nope sorry	1>2	unknown	Question_answer_pair	query
anyone got some ore?	no	1>2	unknown	Question_answer_pair	query
anyone got some ore?	yep	1>2	unknown	Question_answer_pair	query
anyone got some ore?	for one wood?	1>2	unknown	Q_Elab	query
anyone got some ore?	i was hoping for ore	1>2	unknown	Parallel	conjunction
i was hoping for ore	can offer wheat	1>2	unknown	Elaboration	elaboration
i was hoping for ore	for one wood?	1>2	unknown	Q_Elab	query
yep	for one wood?	1>2	unknown	Q_Elab	query
can offer wheat	1 wood 2 wheat?	1>2	unknown	Elaboration	elaboration
for one wood?	dont do it	1>2	unknown	Comment	comment
for one wood?	1 wood 2 wheat?	1>2	unknown	Q_Elab	query
for one wood?	need ore for wheat	1>2	unknown	Question_answer_pair	query
1 wood 2 wheat?	need ore for wheat	1>2	unknown	Question_answer_pair	query
1 wood 2 wheat?	no	1>2	unknown	Question_answer_pair	query
need ore for wheat	1 wood 4 wheat?	1>2	unknown	Q_Elab	query
1 wood 4 wheat?	sry don't want to end this game :)	1>2	unknown	Question_answer_pair	query
sry don't want to end this game :)	lol	1>2	unknown	Comment	comment
sry don't want to end this game :)	gg all	1>2	unknown	Continuation	conjunction
sry don't want to end this game :)	im confused	1>2	unknown	Comment	comment
gg all	well done	1>2	unknown	Acknowledgement	query
gg all	congrats :)	1>2	unknown	Comment	comment
well done	taht was close	1>2	unknown	Comment	comment
taht was close	how?	1>2	unknown	Clarification_question	query
taht was close	ty close game.	1>2	unknown	Acknowledgement	query
taht was close	ill win next time :D	1>2	unknown	Contrast	contrast
ty close game.	battling those roads :D	1>2	unknown	Elaboration	elaboration
ty close game.	nice one	1>2	unknown	Comment	comment
ty close game.	not rolling a 7	1>2	unknown	Elaboration	elaboration
not rolling a 7	there was a win for me	1>2	unknown	Result	causal
enjoy the film	it's been on 30mins	1>2	unknown	Contrast	contrast
it's been on 30mins	won't make it in time :D	1>2	unknown	Result	causal
^^ they'll let you in won't they	nah, I'll skip it.	1>2	unknown	Question_answer_pair	query
I'll speak to Markus about this 5th person who doesn't email	thx	1>2	unknown	Comment	comment
I'll speak to Markus about this 5th person who doesn't email	I think we should ask for the reserve to swap in	1>2	unknown	Elaboration	elaboration
nah, I'll skip it.	It's a 15min walk to the cameo	1>2	unknown	Continuation	conjunction
I think we should ask for the reserve to swap in	if we don't hear from them over the weekend	1<2	unknown	Conditional	condition
so we can get some games on next week maybe	see you next week then	1>2	unknown	Comment	comment
see you next week then	for sure.	1>2	unknown	Acknowledgement	query
see you next week then	well played lj	1>2	unknown	Comment	comment
for sure.	thanks all, was fun!	1>2	unknown	Continuation	conjunction
thanks all, was fun!	good game :)	1>2	unknown	Acknowledgement	query
thanks all, was fun!	am off now -	1>2	unknown	Continuation	conjunction
thanks all, was fun!	well played lj	1>2	unknown	Comment	comment
good game :)	see you all next week	1>2	unknown	Continuation	conjunction
well played lj	close run	1>2	unknown	Elaboration	elaboration
am off now -	see you next week!!	1>2	unknown	Continuation	conjunction
not rolling a 7	enjoy the film	1>2	unknown	Narration	temporal
it's been on 30mins	lucky they were free tickets	1>2	unknown	Comment	comment
it's been on 30mins	^^ they'll let you in won't they	1>2	unknown	Contrast	contrast
it's been on 30mins	I'll speak to Markus about this 5th person who doesn't email	1>2	unknown	Continuation	conjunction
I think we should ask for the reserve to swap in	yeah i agree	1>2	unknown	Acknowledgement	query
I think we should ask for the reserve to swap in	so we can get some games on next week maybe	1>2	unknown	Result	causal
good game :)	well played lj	1>2	unknown	Comment	comment
Hey LJ!	hi :D	1>2	unknown	Acknowledgement	query
Hey LJ!	waiting on tomas now and william about 8.15, right?	1>2	unknown	Continuation	conjunction
hi :D	how are you?	1>2	unknown	Continuation	conjunction
how are you?	having the best midsummer evar	1>2	unknown	Question_answer_pair	query
having the best midsummer evar	the longest day of rain of the year	1>2	unknown	Elaboration	elaboration
having the best midsummer evar	though technically it was yesterday	1>2	unknown	Correction	contrast
though technically it was yesterday	it fell on the 20th this year which was odd	1>2	unknown	Elaboration	elaboration
indeed, at least it was mostly sunny	today has been driech	1>2	unknown	Contrast	contrast
waiting on tomas now and william about 8.15, right?	yesh	1>2	unknown	Acknowledgement	query
waiting on tomas now and william about 8.15, right?	come on tom	1>2	unknown	Continuation	conjunction
yesh	how did tuesdays game go?	1>2	unknown	Clarification_question	query
how did tuesdays game go?	fine, pretty quick	1>2	unknown	Question_answer_pair	query
how did tuesdays game go?	who won?	1>2	unknown	Q_Elab	query
fine, pretty quick	gdgd	1>2	unknown	Acknowledgement	query
gdgd	who won?	1>2	unknown	Q_Elab	query
who won?	i deed	1>2	unknown	Question_answer_pair	query
i deed	nice	1>2	unknown	Acknowledgement	query
i deed	well done	1>2	unknown	Comment	comment
i deed	lucky	1>2	unknown	Elaboration	elaboration
nice	well done	1>2	unknown	Comment	comment
lucky	william kept rolling 7s	1>2	unknown	Explanation	explanation
william kept rolling 7s	whenever he was >7 resources	1<2	unknown	Conditional	condition
and more 8s came up than 6s when i only had 8s	we had soooo many 7s last game	1>2	unknown	Comment	comment
we had soooo many 7s last game	lol annoyyying	1>2	unknown	Comment	comment
we had soooo many 7s last game	i think 7 7s in a row	1>2	unknown	Elaboration	elaboration
i think 7 7s in a row	wow crazy	1>2	unknown	Comment	comment
i think 7 7s in a row	wow crazy	1>2	unknown	Acknowledgement	query
come on tom	where's he at	1>2	unknown	Clarification_question	query
come on tom	hmm no emails.	1>2	unknown	Continuation	conjunction
where's he at	no idea...	1>2	unknown	Question_answer_pair	query
no idea...	how long shall we give him?	1>2	unknown	Clarification_question	query
no idea...	if he doesn't turn up	1>2	unknown	Contrast	contrast
how long shall we give him?	or shall we camp on the server till 8.15!	1>2	unknown	Alternation	alternation
erm...	unless the second game happens early it doesnt bother me...	1>2	unknown	Continuation	conjunction
unless the second game happens early it doesnt bother me...	i might return to minecraft though...	1>2	unknown	Continuation	conjunction
i might return to minecraft though...	I kinda just caught the bug	1>2	unknown	Explanation	explanation
I haven't played	but know its addictive nature from my friends	1>2	unknown	Contrast	contrast
if he doesn't turn up	then the final game is the decider.;;;	1>2	unknown	Conditional	condition
i guess,	unless we have time to reschedule the tomas game before 27th?	1>2	unknown	Alternation	alternation
he goes away tomorrow...	ahhhhh	1>2	unknown	Acknowledgement	query
he goes away tomorrow...	thats why we were going to do 2 tonight	1>2	unknown	Explanation	explanation
hmm no emails.	ah well, i'm in no rush,	1>2	unknown	Contrast	contrast
ah well, i'm in no rush,	not going outside :D	1>2	unknown	Explanation	explanation
not going outside :D	I was going to...	1>2	unknown	Contrast	contrast
I was going to...	but woud need to be done by 8.15 ...	1>2	unknown	Contrast	contrast
so not going to happen	could have played earlier	1>2	unknown	Comment	comment
could have played earlier	because Im off work :(	1>2	unknown	Explanation	explanation
because Im off work :(	d'oh :(	1>2	unknown	Comment	comment
because Im off work :(	I fell at work yesterday	1>2	unknown	Explanation	explanation
because Im off work :(	sadly unpaid :(	1>2	unknown	Comment	comment
I fell at work yesterday	so off for the rest of the week	1>2	unknown	Result	causal
I fell at work yesterday	um...sorry to hear it...	1>2	unknown	Comment	comment
I fell at work yesterday	are you ok?	1>2	unknown	Q_Elab	query
I fell at work yesterday	did they file an accident report?	1>2	unknown	Q_Elab	query
I fell at work yesterday	what kind of fall?	1>2	unknown	Q_Elab	query
sadly unpaid :(	you shouldn't lose pay	1>2	unknown	Contrast	contrast
um...sorry to hear it...	but if you fell at work	1>2	unknown	Contrast	contrast
but if you fell at work	shouldn't they be paying,	1>2	unknown	Conditional	condition
shouldn't they be paying,	or at least bracing themse	1>2	unknown	Alternation	alternation
or at least bracing themse	lves for a claim?	1>2	unknown	Continuation	conjunction
what kind of fall?	they made me wear slippy overshoes.	1>2	unknown	Question_answer_pair	query
you shouldn't lose pay	if it was work-related :/	1<2	unknown	Conditional	condition
erm... im technically self employed...	oh ouch	1>2	unknown	Acknowledgement	query
erm... im technically self employed...	:(	1>2	unknown	Comment	comment
erm... im technically self employed...	oh ouch	1>2	unknown	Comment	comment
oh ouch	:(	1>2	unknown	Continuation	conjunction
and they should be...	they made me wear slippy overshoes.	1>2	unknown	Explanation	explanation
they made me wear slippy overshoes.	we'll see what happens	1>2	unknown	Continuation	conjunction
they made me wear slippy overshoes.	sounds like a liability case to be contested.	1>2	unknown	Comment	comment
sounds like a liability case to be contested.	good luck	1>2	unknown	Comment	comment
sounds like a liability case to be contested.	it does -	1>2	unknown	Acknowledgement	query
sounds like a liability case to be contested.	yeah im tempted	1>2	unknown	Question_answer_pair	query
are you ok?	just sore?	1>2	unknown	Q_Elab	query
just sore?	or is it possibly worse?	1>2	unknown	Alternation	alternation
it does -	but I don't really know what to do...	1>2	unknown	Contrast	contrast
but I don't really know what to do...	there's always no win no fee people	1>2	unknown	Question_answer_pair	query
there's always no win no fee people	did they file an accident report?	1>2	unknown	Q_Elab	query
did they file an accident report?	sorry, guess whose dad worked in insurance :P	1>2	unknown	Comment	comment
erm bad bruising - muscle damge -	ouch :(	1>2	unknown	Comment	comment
erm bad bruising - muscle damge -	bad bruising	1>2	unknown	Elaboration	elaboration
yeah im tempted	lol I don't blame you/....	1>2	unknown	Continuation	conjunction
yeah im tempted	I'm very tempted	1>2	unknown	Continuation	conjunction
I'm very tempted	because its incredibly sore	1>2	unknown	Explanation	explanation
I'd take some pictures	and make sure a report is filed	1>2	unknown	Continuation	conjunction
I'd take some pictures	I can't take pictures....	1>2	unknown	Contrast	contrast
if you don't deal with the evidence now	it'll be tough	1>2	unknown	Conditional	condition
I can't take pictures....	maybe a trip to the doctors as well in that case	1>2	unknown	Result	causal
and if you're self employed	you've gotta protect your income	1>2	unknown	Conditional	condition
maybe a trip to the doctors as well in that case	?	1>2	unknown	Continuation	conjunction
yeah I went to docs	well at least that's on file.	1>2	unknown	Comment	comment
yeah I went to docs	I'd send the workplace a message	1>2	unknown	Continuation	conjunction
I'd send the workplace a message	at least you give them notice	1>2	unknown	Elaboration	elaboration
I'd send the workplace a message	I told them i needed a report yesterday	1>2	unknown	Acknowledgement	query
I'd send the workplace a message	checking they've filed an accident report	1>2	unknown	Elaboration	elaboration
checking they've filed an accident report	and saying you're considering your options	1>2	unknown	Continuation	conjunction
bad bruising	but pretty sure it's not broken	1>2	unknown	Contrast	contrast
I told them i needed a report yesterday	good. well, good luck.	1>2	unknown	Acknowledgement	query
good. well, good luck.	thanks	1>2	unknown	Acknowledgement	query
it sucks and it's stressful,	and doing it when you feel bad blows	1>2	unknown	Continuation	conjunction
but it's one of those things you have to move on, sadly	and i do, of course, hope you feel better soon	1>2	unknown	Continuation	conjunction
and i do, of course, hope you feel better soon	so you don't miss out too much	1>2	unknown	Result	causal
so you don't miss out too much	yeah I just feel naff - and now cant work today or tomorrow at least	1>2	unknown	Elaboration	elaboration
yeah I just feel naff - and now cant work today or tomorrow at least	:(	1>2	unknown	Comment	comment
yeah I just feel naff - and now cant work today or tomorrow at least	maybe longer...	1>2	unknown	Continuation	conjunction
yeah I just feel naff - and now cant work today or tomorrow at least	I'd definitely cost up lost earnings	1>2	unknown	Result	causal
yeah I just feel naff - and now cant work today or tomorrow at least	I can't lift any of the kids atm	1>2	unknown	Elaboration	elaboration
I can't lift any of the kids atm	so i cant work	1>2	unknown	Result	causal
I'd definitely cost up lost earnings	and try and get a settlement	1>2	unknown	Continuation	conjunction
and try and get a settlement	/incidental settlers pun	1>2	unknown	Comment	comment
yeah -	it's just kinda like is it worth all the hassle for £70	1>2	unknown	Contrast	contrast
/incidental settlers pun	:)	1>2	unknown	Comment	comment
You might find they're sweating it	and if you asked for £70	1>2	unknown	Continuation	conjunction
and if you asked for £70	they'd say sure	1>2	unknown	Result	causal
settling works for all	hmmm	1>2	unknown	Acknowledgement	query
settling works for all	I get the distinct feeling they dont really care	1>2	unknown	Contrast	contrast
I get the distinct feeling they dont really care	they'll care more	1>2	unknown	Contrast	contrast
they'll care more	if they think you're pursuing legal action	1<2	unknown	Continuation	conjunction
if they really don't,	default judgement, bang	1>2	unknown	Conditional	condition
I'd suggest a price,	if they don't respond,	1>2	unknown	Continuation	conjunction
if they don't respond,	small claims and see	1>2	unknown	Conditional	condition
if he's not here in 7 mins	we'll not have time before william arrives	1>2	unknown	Conditional	condition
just emailed everyone to see-	if Tomas has a smartphone	1>2	unknown	Explanation	explanation
just emailed everyone to see-	the email	1>2	unknown	Elaboration	elaboration
if Tomas has a smartphone	he may pick up	1>2	unknown	Conditional	condition
the email	thanks	1>2	unknown	Acknowledgement	query
*twiddles thumbs*	'8noms oatcakes*	1>2	unknown	Parallel	conjunction
having the best midsummer evar	nice	1>2	unknown	Comment	comment
though technically it was yesterday	indeed, at least it was mostly sunny	1>2	unknown	Acknowledgement	query
william kept rolling 7s	:(	1>2	unknown	Comment	comment
william kept rolling 7s	and more 8s came up than 6s when i only had 8s	1>2	unknown	Continuation	conjunction
william kept rolling 7s	we had soooo many 7s last game	1>2	unknown	Comment	comment
i might return to minecraft though...	cool!	1>2	unknown	Acknowledgement	query
i might return to minecraft though...	I haven't played	1>2	unknown	Comment	comment
if he doesn't turn up	i guess,	1>2	unknown	Acknowledgement	query
i guess,	don't want to deprive his fun and games :D	1>2	unknown	Explanation	explanation
i guess,	he goes away tomorrow...	1>2	unknown	Correction	contrast
you shouldn't lose pay	erm... im technically self employed...	1>2	unknown	Correction	contrast
just sore?	sorry, don't want to sound prying :P	1>2	unknown	Comment	comment
just sore?	erm bad bruising - muscle damge -	1>2	unknown	Question_answer_pair	query
I'm very tempted	I'd take some pictures	1>2	unknown	Continuation	conjunction
I'd take some pictures	so you have something to work with	1>2	unknown	Result	causal
I'd take some pictures	if you don't deal with the evidence now	1>2	unknown	Explanation	explanation
if you don't deal with the evidence now	and if you're self employed	1>2	unknown	Continuation	conjunction
and if you're self employed	the report and/or questions of liability are most important	1>2	unknown	Continuation	conjunction
bad bruising	hope so :(	1>2	unknown	Acknowledgement	query
bad bruising	it sucks and it's stressful,	1>2	unknown	Elaboration	elaboration
bad bruising	hope so :(	1>2	unknown	Comment	comment
it sucks and it's stressful,	but it's one of those things you have to move on, sadly	1>2	unknown	Contrast	contrast
I'd definitely cost up lost earnings	yeah -	1>2	unknown	Acknowledgement	query
I'd definitely cost up lost earnings	You might find they're sweating it	1>2	unknown	Explanation	explanation
I'd definitely cost up lost earnings	settling works for all	1>2	unknown	Explanation	explanation
You might find they're sweating it	I'd suggest a price,	1>2	unknown	Continuation	conjunction
they'll care more	if they really don't,	1>2	unknown	Alternation	alternation
they'll care more	yeah I suppose	1>2	unknown	Acknowledgement	query
they'll care more	sounds like there's a case to be heard	1>2	unknown	Comment	comment
if they really don't,	yeah I suppose	1>2	unknown	Acknowledgement	query
if they don't respond,	hmmm fair point	1>2	unknown	Acknowledgement	query
if he's not here in 7 mins	sigh...	1>2	unknown	Comment	comment
if he's not here in 7 mins	no	1>2	unknown	Acknowledgement	query
if he's not here in 7 mins	:(	1>2	unknown	Comment	comment
if he's not here in 7 mins	just emailed everyone to see-	1>2	unknown	Continuation	conjunction
if he's not here in 7 mins	*twiddles thumbs*	1>2	unknown	Background	frame
how long shall we give him?	erm...	1>2	unknown	Question_answer_pair	query
I was going to...	so not going to happen	1>2	unknown	Result	causal
but if you fell at work	and they should be...	1>2	unknown	Acknowledgement	query
maybe a trip to the doctors as well in that case	yeah I went to docs	1>2	unknown	Question_answer_pair	query
mmmmm	hi.	1>2	unknown	Continuation	conjunction
hi.	i am really really sorry are you still here?	1>2	unknown	Continuation	conjunction
hi.	hi	1>2	unknown	Acknowledgement	query
hi.	and hello tomas! :D	1>2	unknown	Acknowledgement	query
i am really really sorry are you still here?	yay!	1>2	unknown	Question_answer_pair	query
yay!	shall we try and play in 45'	1>2	unknown	Clarification_question	query
shall we try and play in 45'	gogogogogo	1>2	unknown	Comment	comment
gogogogogo	and hello tomas! :D	1>2	unknown	Continuation	conjunction
hi	sorry	1>2	unknown	Continuation	conjunction
that wasn't a smart start by me	lol	1>2	unknown	Comment	comment
that wasn't a smart start by me	no....	1>2	unknown	Acknowledgement	query
good luck all :)	and gl to you too!	1>2	unknown	Parallel	conjunction
no 7s :D	clay, ore?	1>2	unknown	Continuation	conjunction
clay, ore?	none to spare just yet :)	1>2	unknown	Question_answer_pair	query
clay, ore?	keeping mine just yet	1>2	unknown	Question_answer_pair	query
none to spare just yet :)	laura will be our ore mine i think :D	1>2	unknown	Comment	comment
anyone got wood?	no	1>2	unknown	Question_answer_pair	query
anyone got wood?	ore for a wood, tomas?	1>2	unknown	Q_Elab	query
anyone got wood?	yes but i need mine	1>2	unknown	Question_answer_pair	query
ore for a wood, tomas?	ore more?	1>2	unknown	Clarification_question	query
ore more?	2 ore for a wood?	1>2	unknown	Q_Elab	query
2 ore for a wood?	i don't have 2, sorry,	1>2	unknown	Question_answer_pair	query
i don't have 2, sorry,	just the one	1>2	unknown	Elaboration	elaboration
then i cannot make you a deal	sry	1>2	unknown	Comment	comment
then i cannot make you a deal	ah dommage :(	1>2	unknown	Acknowledgement	query
i don't have 2, sorry,	then i cannot make you a deal	1>2	unknown	Result	causal
i don't have 2, sorry,	early doors, early offers :)	1>2	unknown	Comment	comment
still no clay or ore to sprae?	*spare	1>2	unknown	Correction	contrast
i could spare ore	i got ore	1>2	unknown	Parallel	conjunction
i got ore	i would like a wood	1>2	unknown	Continuation	conjunction
i would like a wood	but lj may be able to up the offer	1>2	unknown	Contrast	contrast
me too	but lj may be able to up the offer	1>2	unknown	Contrast	contrast
i got ore	me too	1>2	unknown	Parallel	conjunction
still no clay or ore to sprae?	i could spare ore	1>2	unknown	Question_answer_pair	query
still no clay or ore to sprae?	i got ore	1>2	unknown	Question_answer_pair	query
aww we're falling over ourselves :)	hmm...	1>2	unknown	Acknowledgement	query
aww we're falling over ourselves :)	flip a coin ;)	1>2	unknown	Continuation	conjunction
hmm...	ok niko wood for ore?	1>2	unknown	Continuation	conjunction
ok niko wood for ore?	sure :)	1>2	unknown	Question_answer_pair	query
sure :)	haha owned :)	1>2	unknown	Comment	comment
sure :)	the temotation to accept...	1>2	unknown	Comment	comment
sure :)	omg i am so stupid...	1>2	unknown	Comment	comment
the temotation to accept...	aww what a sportsperson ;)	1>2	unknown	Comment	comment
omg i am so stupid...	for now.	1>2	unknown	Comment	comment
omg i am so stupid...	lol no worries tomas	1>2	unknown	Comment	comment
for now.	and thank you lj	1>2	unknown	Acknowledgement	query
lol no worries tomas	sry niko	1>2	unknown	Comment	comment
sry niko	and thank you lj	1>2	unknown	Continuation	conjunction
the new interface is prettier	has anyone done markus's extra project?	1>2	unknown	Continuation	conjunction
the new interface is prettier	new interface?	1>2	unknown	Clarification_question	query
the new interface is prettier	it's build 1.1.13, has a few extra features	1>2	unknown	Comment	comment
has anyone done markus's extra project?	not yet	1>2	unknown	Question_answer_pair	query
new interface?	it's build 1.1.13, has a few extra features	1>2	unknown	Question_answer_pair	query
not yet	i will be doing	1>2	unknown	Contrast	contrast
rut-ro	don't spend it all at once ;)	1>2	unknown	Continuation	conjunction
no clay?	i have clay	1>2	unknown	Question_answer_pair	query
no clay?	LJ has one	1>2	unknown	Question_answer_pair	query
i have clay	I want wood	1>2	unknown	Continuation	conjunction
I want wood	my one grrrrrr	1>2	unknown	Comment	comment
my one grrrrrr	:D	1>2	unknown	Comment	comment
i have clay	ok :)	1>2	unknown	Acknowledgement	query
anyone have wheat for ore?	afraid not	1>2	unknown	Question_answer_pair	query
anyone have wheat for ore?	i do :)	1>2	unknown	Question_answer_pair	query
clay?	I would need a sheep and a wood I'm afraid	1>2	unknown	Question_answer_pair	query
I would need a sheep and a wood I'm afraid	too pricey I think	1>2	unknown	Contrast	contrast
i can give you 2 wheat that will give a free resource :)	but i'd then need to spend it on the clay lol	1>2	unknown	Contrast	contrast
but i'd then need to spend it on the clay lol	ok 3 wheat!	1>2	unknown	Q_Elab	query
ok 3 wheat!	aww go on then	1>2	unknown	Acknowledgement	query
ok 3 wheat!	you drive a hard bargain	1>2	unknown	Comment	comment
you drive a hard bargain	that price is too good	1>2	unknown	Explanation	explanation
that price is too good	i'll admit it doesn't necessarily work great for me	1>2	unknown	Contrast	contrast
I would need a sheep and a wood I'm afraid	i can give you 2 wheat that will give a free resource :)	1>2	unknown	Q_Elab	query
anyone want to trade ore or sheep for these wheat?!	or wood for a wheat?	1>2	unknown	Alternation	alternation
no :D	kk no worries ;)	1>2	unknown	Acknowledgement	query
nope	kk no worries ;)	1>2	unknown	Acknowledgement	query
anyone want to trade ore or sheep for these wheat?!	no :D	1>2	unknown	Question_answer_pair	query
anyone want to trade ore or sheep for these wheat?!	nope	1>2	unknown	Question_answer_pair	query
anyone got sheep?	I can offer an ore	1>2	unknown	Elaboration	elaboration
anyone got sheep?	no	1>2	unknown	Question_answer_pair	query
anyone got sheep?	no sheep sry	1>2	unknown	Question_answer_pair	query
no	pas de problems ;)	1>2	unknown	Comment	comment
no sheep sry	pas de problems ;)	1>2	unknown	Comment	comment
pas de problems ;)	des*	1>2	unknown	Correction	contrast
pas de problems ;)	my french not so good	1>2	unknown	Comment	comment
anyone have clay for wood?	frayed knot	1>2	unknown	Question_answer_pair	query
anyone have clay for wood?	nope	1>2	unknown	Question_answer_pair	query
tomaaaaasss	I'd love a sheep...	1>2	unknown	Continuation	conjunction
tomaaaaasss	yes? :)	1>2	unknown	Q_Elab	query
I'd love a sheep...	only for a clay	1>2	unknown	Question_answer_pair	query
only for a clay	i need my clay	1>2	unknown	Contrast	contrast
only for a clay	an ore?	1>2	unknown	Q_Elab	query
i need my clay	thought so	1>2	unknown	Comment	comment
an ore?	a wheat?	1>2	unknown	Alternation	alternation
an ore + wheat?	deal :)	1>2	unknown	Question_answer_pair	query
an ore + wheat?	merci	1>2	unknown	Comment	comment
deal :)	thx	1>2	unknown	Acknowledgement	query
an ore?	an ore + wheat?	1>2	unknown	Q_Elab	query
look at that highway	again :D	1>2	unknown	Comment	comment
ore?	we both have,	1>2	unknown	Question_answer_pair	query
we both have,	what's on offer :)	1>2	unknown	Q_Elab	query
what's on offer :)	wood?	1>2	unknown	Question_answer_pair	query
wood?	i think i need sheep more, am afraid	1>2	unknown	Question_answer_pair	query
wood?	2 wood?	1>2	unknown	Q_Elab	query
2 wood?	sorry, wood's not on my menu	1>2	unknown	Question_answer_pair	query
2 wood?	ill take 2 wood for an ore	1>2	unknown	Question_answer_pair	query
sorry, wood's not on my menu	:) ok	1>2	unknown	Acknowledgement	query
sorry, wood's not on my menu	lj has kind of soured my wood desires	1>2	unknown	Explanation	explanation
ill take 2 wood for an ore	great!	1>2	unknown	Acknowledgement	query
great!	1 sheep is cheaper	1>2	unknown	Comment	comment
great!	lj can you offer a wheat for a wood?	1>2	unknown	Clarification_question	query
1 sheep is cheaper	if you have it...	1<2	unknown	Conditional	condition
need my sheep sry	no worries!	1>2	unknown	Comment	comment
no worries!	I appreciate the economics :D	1>2	unknown	Comment	comment
lj can you offer a wheat for a wood?	i only have food	1>2	unknown	Question_answer_pair	query
i only have food	wood	1>2	unknown	Correction	contrast
i only have food	mmm food.	1>2	unknown	Comment	comment
wood	not fod	1>2	unknown	Elaboration	elaboration
1 sheep is cheaper	need my sheep sry	1>2	unknown	Contrast	contrast
1 sheep is cheaper	I appreciate the economics :D	1>2	unknown	Elaboration	elaboration
i only have food	oh i see now )	1>2	unknown	Acknowledgement	query
uh oooohhhh	stop that city :D	1>2	unknown	Elaboration	elaboration
stop that city :D	nooooo :D	1>2	unknown	Comment	comment
anyone got ore or sheep?	i have wood	1>2	unknown	Question_answer_pair	query
anyone got ore or sheep?	so do i :)	1>2	unknown	Question_answer_pair	query
anyone got ore or sheep?	me too :D	1>2	unknown	Question_answer_pair	query
i have wood	so do i :)	1>2	unknown	Parallel	conjunction
i have wood	me too :D	1>2	unknown	Parallel	conjunction
i have wood	we're fully forested	1>2	unknown	Comment	comment
so do i :)	we're fully forested	1>2	unknown	Comment	comment
me too :D	we're fully forested	1>2	unknown	Comment	comment
me too :D	and wheat	1>2	unknown	Continuation	conjunction
and wheat	if you want some :)	1<2	unknown	Conditional	condition
I'd need 2 wheat,	and can only offer clay or wood	1>2	unknown	Continuation	conjunction
that does not work for me sry	no worries :)	1>2	unknown	Acknowledgement	query
and wheat	I'd need 2 wheat,	1>2	unknown	Q_Elab	query
I'd need 2 wheat,	that does not work for me sry	1>2	unknown	Question_answer_pair	query
anyone have clay?	sorry just spent it :/	1>2	unknown	Question_answer_pair	query
anyone have clay?	no clay in here either	1>2	unknown	Question_answer_pair	query
sorry just spent it :/	kind of unnecessarily, i must admit	1>2	unknown	Elaboration	elaboration
sorry just spent it :/	no clay in here either	1>2	unknown	Parallel	conjunction
wheat for ore anyone?	no, sorry	1>2	unknown	Question_answer_pair	query
wheat for ore anyone?	no]#	1>2	unknown	Question_answer_pair	query
sheep, tomas?	I can offer a range of items	1>2	unknown	Elaboration	elaboration
for clay?	done	1>2	unknown	Question_answer_pair	query
done	I trade sheep, i get sheep	1>2	unknown	Result	causal
:)	ty ty	1>2	unknown	Comment	comment
ty ty	yw!	1>2	unknown	Comment	comment
yw!	lol	1>2	unknown	Comment	comment
I trade sheep, i get sheep	such is the world	1>2	unknown	Result	causal
sheep, tomas?	for clay?	1>2	unknown	Q_Elab	query
I trade sheep, i get sheep	snake eyes	1>2	unknown	Comment	comment
tomas, do you need wood??	I would like a wheat	1>2	unknown	Elaboration	elaboration
deal!	thx :)	1>2	unknown	Acknowledgement	query
tomas, do you need wood??	deal!	1>2	unknown	Question_answer_pair	query
anyone want wood?	i have 2, ta :)	1>2	unknown	Question_answer_pair	query
anyone want wood?	not anyomre thank you	1>2	unknown	Question_answer_pair	query
booo :D	anyone have wheat or ore?	1>2	unknown	Continuation	conjunction
anyone have wheat or ore?	nay :(	1>2	unknown	Question_answer_pair	query
anyone have wheat or ore?	not for trade sry	1>2	unknown	Question_answer_pair	query
nay :(	i had one just now	1>2	unknown	Elaboration	elaboration
nay :(	or clay?	1>2	unknown	Q_Elab	query
i had one just now	:P	1>2	unknown	Comment	comment
not for trade sry	or clay?	1>2	unknown	Q_Elab	query
or clay?	nope	1>2	unknown	Question_answer_pair	query
or clay?	nope sry	1>2	unknown	Question_answer_pair	query
ore? wood?	i got wood	1>2	unknown	Question_answer_pair	query
ore? wood?	what's on offer	1>2	unknown	Q_Elab	query
ore? wood?	i haave ore	1>2	unknown	Question_answer_pair	query
i got wood	what's on offer	1>2	unknown	Continuation	conjunction
what's on offer	and niko what about a wheat?	1>2	unknown	Q_Elab	query
i haave ore	lj i can give you your clay now :)	1>2	unknown	Q_Elab	query
lj i can give you your clay now :)	no need now :p sorry	1>2	unknown	Question_answer_pair	query
and niko what about a wheat?	i'm not sure what i need	1>2	unknown	Question_answer_pair	query
i'm not sure what i need	:D	1>2	unknown	Comment	comment
i'm not sure what i need	i have a clay and 2 wood	1>2	unknown	Continuation	conjunction
let me know what you want and your offers	2 wheat for 2 wood?	1>2	unknown	Q_Elab	query
2 wheat for 2 wood?	2 wheat and a sheep maybe	1>2	unknown	Question_answer_pair	query
2 wheat for 2 wood?	I know you and LJ are working that road	1>2	unknown	Comment	comment
2 wheat and a sheep maybe	ok i will take 2 wood for 2 wheat and a sheep :)	1>2	unknown	Question_answer_pair	query
ok i will take 2 wood for 2 wheat and a sheep :)	done :)	1>2	unknown	Acknowledgement	query
done :)	thx :D	1>2	unknown	Comment	comment
done :)	wrong personage	1>2	unknown	Contrast	contrast
wrong personage	gotta check the right colour box ;)	1>2	unknown	Elaboration	elaboration
gotta check the right colour box ;)	i'm watchingyou	1>2	unknown	Explanation	explanation
thx :D	thank you too!	1>2	unknown	Acknowledgement	query
i'm watchingyou	;D	1>2	unknown	Comment	comment
i'm not sure what i need	let me know what you want and your offers	1>2	unknown	Result	causal
sorry LJ	but i needed ore	1>2	unknown	Contrast	contrast
anyone have clay?	yup	1>2	unknown	Question_answer_pair	query
yup	2 of dems	1>2	unknown	Elaboration	elaboration
ore for clay	sold	1>2	unknown	Question_answer_pair	query
sold	?	1>2	unknown	Clarification_question	query
yup	ore for clay	1>2	unknown	Q_Elab	query
sorry LJ	the soldier wasn't after you per se	1>2	unknown	Elaboration	elaboration
sorry LJ	anyone have clay?	1>2	unknown	Narration	temporal
ore for wheat?	no real benefit, i'm afraid	1>2	unknown	Question_answer_pair	query
no real benefit, i'm afraid	kk :)	1>2	unknown	Acknowledgement	query
no real benefit, i'm afraid	and now you're doing rather well :D	1>2	unknown	Comment	comment
anyone got a sheep?	can offer clay or wood	1>2	unknown	Elaboration	elaboration
i need both or none :)	and can offer a sheep + wheat	1>2	unknown	Continuation	conjunction
afraid it'll be none then :)	next round maybe	1>2	unknown	Contrast	contrast
anyone got a sheep?	i need both or none :)	1>2	unknown	Question_answer_pair	query
anyone got a sheep?	no	1>2	unknown	Question_answer_pair	query
i need both or none :)	afraid it'll be none then :)	1>2	unknown	Result	causal
afraid it'll be none then :)	ok then :)	1>2	unknown	Acknowledgement	query
hi william!	afraid we started late so still rolling	1>2	unknown	Background	frame
hi william!	hi guys.	1>2	unknown	Acknowledgement	query
anyone have sheep for ore?	nope, sorry	1>2	unknown	Question_answer_pair	query
anyone have sheep for ore?	sry sheep no longer for trade	1>2	unknown	Question_answer_pair	query
sry sheep no longer for trade	rivals for the highway	1>2	unknown	Comment	comment
hi guys.	hi	1>2	unknown	Acknowledgement	query
hi guys.	don't mind me	1>2	unknown	Continuation	conjunction
LJ you are really rolling those 7s	ive had soldiers as well :p	1>2	unknown	Parallel	conjunction
anyone got sheep for a wood?	no	1>2	unknown	Question_answer_pair	query
anyone got sheep for a wood?	clay for a wood?	1>2	unknown	Alternation	alternation
no	no problemo	1>2	unknown	Acknowledgement	query
clay for a wood?	no	1>2	unknown	Question_answer_pair	query
has tomas departed?	he hasn't talked recently :/	1>2	unknown	Explanation	explanation
what happened?	hello!	1>2	unknown	Acknowledgement	query
what happened?	your go	1>2	unknown	Question_answer_pair	query
what happened?	was worried you'd been disconnected	1>2	unknown	Background	frame
what happened?	I passed the dice,	1>2	unknown	Question_answer_pair	query
I passed the dice,	LJ built a road	1>2	unknown	Continuation	conjunction
now your turn	still here??	1>2	unknown	Clarification_question	query
now your turn	what a roll to return to :D	1>2	unknown	Comment	comment
still here??	what happened?	1>2	unknown	Q_Elab	query
what happened?	not sure, you keep asking	1>2	unknown	Question_answer_pair	query
what happened?	did you freeze as well?	1>2	unknown	Elaboration	elaboration
not sure, you keep asking	lag?	1>2	unknown	Elaboration	elaboration
lag?	some sort of delay?	1>2	unknown	Alternation	alternation
some sort of delay?	something weirder?	1>2	unknown	Alternation	alternation
did you freeze as well?	nope	1>2	unknown	Question_answer_pair	query
nope	tis just you i think :/	1>2	unknown	Elaboration	elaboration
sry then have no idea what it was :/	no worries,	1>2	unknown	Acknowledgement	query
has tomas departed?	what happened?	1>2	unknown	Clarification_question	query
I passed the dice,	now your turn	1>2	unknown	Continuation	conjunction
nope	sry then have no idea what it was :/	1>2	unknown	Acknowledgement	query
9 nooo!	lol	1>2	unknown	Comment	comment
can i get a wood or a clay?	i have wood	1>2	unknown	Question_answer_pair	query
can i get a wood or a clay?	no sorry	1>2	unknown	Question_answer_pair	query
i have wood	would need 2 resources to make it saleable	1>2	unknown	Elaboration	elaboration
for 2 wheat?	go on then	1>2	unknown	Question_answer_pair	query
i have wood	for 2 wheat?	1>2	unknown	Q_Elab	query
7!	LJ is that like the 4th 7?	1>2	unknown	Result	causal
7!	again :p	1>2	unknown	Comment	comment
7!	:D	1>2	unknown	Comment	comment
LJ is that like the 4th 7?	again :p	1>2	unknown	Question_answer_pair	query
LJ is that like the 4th 7?	lol consecu7s	1>2	unknown	Comment	comment
*ADDTIME*	*ADDTIME*	1>2	unknown	Continuation	conjunction
67 more minutes :p	haha :D	1>2	unknown	Comment	comment
67 more minutes :p	don't panic, william ;)	1>2	unknown	Comment	comment
*ADDTIME*	lol game on!	1>2	unknown	Result	causal
*ADDTIME*	67 more minutes :p	1>2	unknown	Result	causal
7!	chaos	1>2	unknown	Result	causal
i need resources!	:)	1>2	unknown	Comment	comment
i need resources!	we seem to be abundant	1>2	unknown	Comment	comment
:)	well played tomas!	1>2	unknown	Comment	comment
we seem to be abundant	till the next 7 :D	1>2	unknown	Continuation	conjunction
well played tomas!	you had a lot of point cards?	1>2	unknown	Clarification_question	query
well played tomas!	wow	1>2	unknown	Acknowledgement	query
well played tomas!	thank you. good game	1>2	unknown	Acknowledgement	query
wow	that was quick	1>2	unknown	Explanation	explanation
thank you. good game	well played :)	1>2	unknown	Acknowledgement	query
thank you. good game	can we start the next at half oast?	1>2	unknown	Clarification_question	query
that was quick	very sudden	1>2	unknown	Elaboration	elaboration
well played :)	well done	1>2	unknown	Acknowledgement	query
well played :)	well played tomas :D	1>2	unknown	Elaboration	elaboration
well done	ok thank you for a game	1>2	unknown	Acknowledgement	query
well played tomas :D	can we start the next at half oast?	1>2	unknown	Clarification_question	query
well played tomas :D	ok thank you for a game	1>2	unknown	Acknowledgement	query
can we start the next at half oast?	I'm happy to wait 7', yes	1>2	unknown	Question_answer_pair	query
can we start the next at half oast?	i need a brew	1>2	unknown	Explanation	explanation
can we start the next at half oast?	and i will let william in. bye!	1>2	unknown	Question_answer_pair	query
and i will let william in. bye!	bye Tomas!	1>2	unknown	Acknowledgement	query
and i will let william in. bye!	bye	1>2	unknown	Acknowledgement	query
i need a brew	back in 5	1>2	unknown	Result	causal
I'm happy to wait 7', yes	although I have one by my knee	1>2	unknown	Contrast	contrast
I'm happy to wait 7', yes	awesome	1>2	unknown	Acknowledgement	query
I'm happy to wait 7', yes	back in 5	1>2	unknown	Result	causal
although I have one by my knee	table service :)	1>2	unknown	Elaboration	elaboration
table service :)	my flatmate is too laxy	1>2	unknown	Comment	comment
back in 5	william, we ok to start in 6 mins?	1>2	unknown	Clarification_question	query
my flatmate is too laxy	I have a lazy bf/flatmate :p	1>2	unknown	Elaboration	elaboration
my flatmate is too laxy	mine is my spouse	1>2	unknown	Parallel	conjunction
mine is my spouse	we have a special relationship, as the politicians say	1>2	unknown	Elaboration	elaboration
william, do we need to hit restart for you to grab a seat?	we need to start a new game	1>2	unknown	Question_answer_pair	query
we need to start a new game	close this window and ill set it up	1>2	unknown	Result	causal
ok :)	william - we're at a new table (1.2)	1>2	unknown	Continuation	conjunction
william - we're at a new table (1.2)	join us :D	1>2	unknown	Continuation	conjunction
mine is my spouse	:D	1>2	unknown	Comment	comment
mine is my spouse	william, do we need to hit restart for you to grab a seat?	1>2	unknown	Clarification_question	query
we need to start a new game	ok :)	1>2	unknown	Acknowledgement	query
buona sera	let's hope william finds us well	1>2	unknown	Continuation	conjunction
let's hope william finds us well	i think you can reset	1>2	unknown	Continuation	conjunction
i think you can reset	but i dont want to ruin the board	1>2	unknown	Contrast	contrast
brb	np	1>2	unknown	Acknowledgement	query
brb	back :)	1>2	unknown	Continuation	conjunction
back :)	aloha	1>2	unknown	Continuation	conjunction
aloha	still waiting on william	1>2	unknown	Comment	comment
still waiting on william	who has disappeared	1>2	unknown	Explanation	explanation
yeah	just opened 1.1	1>2	unknown	Comment	comment
just opened 1.1	and left him a note :)	1>2	unknown	Continuation	conjunction
and left him a note :)	good luck in the last game :)	1>2	unknown	Continuation	conjunction
good luck in the last game :)	fewer 7s,	1>2	unknown	Explanation	explanation
fewer 7s,	more resources :D	1>2	unknown	Continuation	conjunction
you too	hopefully	1>2	unknown	Comment	comment
hi william!	hi.	1>2	unknown	Acknowledgement	query
hi.	sorry we were 15mins late	1>2	unknown	Acknowledgement	query
hi.	i was just distracted	1>2	unknown	Explanation	explanation
sorry we were 15mins late	tomas arrived about 7.25/7.30	1>2	unknown	Explanation	explanation
sorry we were 15mins late	played 3 last night for Markus's other project!	1>2	unknown	Continuation	conjunction
sorry we were 15mins late	hmm.	1>2	unknown	Acknowledgement	query
sorry we were 15mins late	do you want to dive straight into the next game?	1>2	unknown	Clarification_question	query
hmm.	it's fine	1>2	unknown	Continuation	conjunction
do you want to dive straight into the next game?	absolutely :D	1>2	unknown	Question_answer_pair	query
do you want to dive straight into the next game?	:	1>2	unknown	Question_answer_pair	query
absolutely :D	ok then	1>2	unknown	Acknowledgement	query
:	yep	1>2	unknown	Elaboration	elaboration
:	ok then	1>2	unknown	Acknowledgement	query
played 3 last night for Markus's other project!	gl all!	1>2	unknown	Comment	comment
played 3 last night for Markus's other project!	who won the last game?	1>2	unknown	Clarification_question	query
gl all!	gl	1>2	unknown	Parallel	conjunction
who won the last game?	tomas	1>2	unknown	Question_answer_pair	query
tomas	he was a sly devil, he had a hand full of victory point cards	1>2	unknown	Elaboration	elaboration
i think you can reset	brb	1>2	unknown	Comment	comment
still waiting on william	yeah	1>2	unknown	Acknowledgement	query
just opened 1.1	awesome	1>2	unknown	Comment	comment
just opened 1.1	you too	1>2	unknown	Comment	comment
just opened 1.1	hi william!	1>2	unknown	Continuation	conjunction
can i get a sheep?	for a clay?	1>2	unknown	Q_Elab	query
for a clay?	yup	1>2	unknown	Question_answer_pair	query
yup	deal	1>2	unknown	Acknowledgement	query
deal	thx	1>2	unknown	Continuation	conjunction
np	fast mover!	1>2	unknown	Comment	comment
deal	np	1>2	unknown	Acknowledgement	query
there will be lots of clay this game i think ;)	that's 4 in one roll!!	1>2	unknown	Explanation	explanation
anyone have wood or wheat for clay?	afraid not!	1>2	unknown	Question_answer_pair	query
anyone have wood or wheat for clay?	no	1>2	unknown	Question_answer_pair	query
there will be lots of clay this game i think ;)	anyone have wood or wheat for clay?	1>2	unknown	Continuation	conjunction
lol another 10	another 4 clay	1>2	unknown	Result	causal
another 4 clay	clay clay clay	1>2	unknown	Comment	comment
clay clay clay	what a surprise,	1>2	unknown	Comment	comment
what a surprise,	i stole a clay	1>2	unknown	Elaboration	elaboration
I hate that button!	ouch	1>2	unknown	Comment	comment
what a surprise,	stop the presses	1>2	unknown	Comment	comment
what a surprise,	I hate that button!	1>2	unknown	Comment	comment
anyone want clay?	no ta ;)	1>2	unknown	Question_answer_pair	query
I think we have our least scarce resource locked in :D	william's racing lol	1>2	unknown	Comment	comment
william's racing lol	you hit thr ground running	1>2	unknown	Elaboration	elaboration
you hit thr ground running	the*	1>2	unknown	Correction	contrast
you hit thr ground running	aw	1>2	unknown	Comment	comment
anyone have a sheep they would part with?	no	1>2	unknown	Question_answer_pair	query
no	9 rescourse....	1>2	unknown	Explanation	explanation
9 rescourse....	and no baaaaaa	1>2	unknown	Continuation	conjunction
anyone have wood or heep?	no	1>2	unknown	Question_answer_pair	query
anyone have wood or heep?	no sheep sorry	1>2	unknown	Question_answer_pair	query
anyone have wood or heep?	wood for ore?	1>2	unknown	Q_Elab	query
anyone have wood or heep?	niko, is it still possible for you to build a settlement in the middle of the mountain?	1>2	unknown	Clarification_question	query
wood for ore?	not this round, sorry	1>2	unknown	Question_answer_pair	query
wood for ore?	can't	1>2	unknown	Question_answer_pair	query
not this round, sorry	ah well now I have wood	1>2	unknown	Continuation	conjunction
ah well now I have wood	lots of wood	1>2	unknown	Elaboration	elaboration
anyone fancy any?	i will give you ore	1>2	unknown	Question_answer_pair	query
i will give you ore	1 for 1?	1>2	unknown	Q_Elab	query
1 for 1?	yes	1>2	unknown	Question_answer_pair	query
yes	agreed	1>2	unknown	Acknowledgement	query
agreed	thanks!	1>2	unknown	Continuation	conjunction
ah well now I have wood	anyone fancy any?	1>2	unknown	Result	causal
ah finally	alas, alack, i am stolen from.	1>2	unknown	Comment	comment
alas, alack, i am stolen from.	twice!	1>2	unknown	Elaboration	elaboration
alas, alack, i am stolen from.	^^	1>2	unknown	Comment	comment
alas, alack, i am stolen from.	go easy, friends ;)	1>2	unknown	Comment	comment
go easy, friends ;)	you have the victory points...	1>2	unknown	Contrast	contrast
you have the victory points...	truth :)	1>2	unknown	Acknowledgement	query
you have the victory points...	I appreciate I'm a moving target :D	1>2	unknown	Comment	comment
can i get a wood?	for?	1>2	unknown	Q_Elab	query
for?	clay!	1>2	unknown	Question_answer_pair	query
clay!	hmm, i'd need 1 other too	1>2	unknown	Question_answer_pair	query
clay!	or for 1 ore?	1>2	unknown	Correction	contrast
hmm, i'd need 1 other too	with so much clay on the board	1>2	unknown	Explanation	explanation
or for 1 ore?	maybe next round	1>2	unknown	Question_answer_pair	query
hmm, i'd need 1 other too	or for 1 ore?	1>2	unknown	Result	causal
ouch	sorry LJ didn't want clay from william ;)	1>2	unknown	Comment	comment
sorry LJ didn't want clay from william ;)	lol have it back :D	1>2	unknown	Continuation	conjunction
back to back 7s.	1 in 40 rolls	1>2	unknown	Continuation	conjunction
another 7	3 in a row!	1>2	unknown	Comment	comment
3 in a row!	4 in 1,000	1>2	unknown	Continuation	conjunction
sorry LJ didn't want clay from william ;)	^^	1>2	unknown	Comment	comment
sorry LJ didn't want clay from william ;)	back to back 7s.	1>2	unknown	Comment	comment
back to back 7s.	another 7	1>2	unknown	Comment	comment
and so the run ends	kerching	1>2	unknown	Comment	comment
can i have a wheat for a sheep?	no	1>2	unknown	Question_answer_pair	query
can i have a wheat for a sheep?	i have no wheat, sorry	1>2	unknown	Question_answer_pair	query
no	ok then	1>2	unknown	Acknowledgement	query
i have no wheat, sorry	ok then	1>2	unknown	Acknowledgement	query
i have no wheat, sorry	which scuppers me asking for any :D	1>2	unknown	Result	causal
which scuppers me asking for any :D	lots of sheep now!	1>2	unknown	Comment	comment
LJ building an army there...	so you think	1>2	unknown	Comment	comment
so you think	*death star music*	1>2	unknown	Comment	comment
anyone got clay or wheat?	some resources would be lovely...	1>2	unknown	Question_answer_pair	query
anyone got clay or wheat?	no	1>2	unknown	Question_answer_pair	query
some resources would be lovely...	no	1>2	unknown	Contrast	contrast
no	ok then, thanks :)	1>2	unknown	Acknowledgement	query
ok then, thanks :)	there's the army	1>2	unknown	Continuation	conjunction
there's the army	in its resplendent finery	1>2	unknown	Continuation	conjunction
niko i thought you couldnt build there....	I wish i had known that	1>2	unknown	Continuation	conjunction
some resources would be lovely...	ok then, thanks :)	1>2	unknown	Acknowledgement	query
there's the army	niko i thought you couldnt build there....	1>2	unknown	Comment	comment
niko i thought you couldnt build there....	as long as you're >1 hex point from a settlement	1>2	unknown	Explanation	explanation
anyone have wood?	none, sorry	1>2	unknown	Question_answer_pair	query
anyone have wood?	no	1>2	unknown	Question_answer_pair	query
none, sorry	:(	1>2	unknown	Comment	comment
can i get someone's ore?	iam giving 1 sheep	1>2	unknown	Elaboration	elaboration
I'm oreless	ok	1>2	unknown	Acknowledgement	query
none	ok	1>2	unknown	Acknowledgement	query
can i get someone's ore?	I'm oreless	1>2	unknown	Question_answer_pair	query
can i get someone's ore?	none	1>2	unknown	Question_answer_pair	query
can i get someone's ore?	and a robber is thieving it presently :D	1>2	unknown	Comment	comment
anyone have wheat?	none	1>2	unknown	Question_answer_pair	query
no	no 6s or 8s this game eh?	1>2	unknown	Comment	comment
no 6s or 8s this game eh?	thought we'd have loads of wheat this game	1>2	unknown	Elaboration	elaboration
thought we'd have loads of wheat this game	at the start of the game i thought we'd be wheat heavy with 7s and 8s	1>2	unknown	Elaboration	elaboration
thought we'd have loads of wheat this game	and there it is lol	1>2	unknown	Continuation	conjunction
and there it is lol	eh?	1>2	unknown	Clarification_question	query
eh?	at the start of the game i thought we'd be wheat heavy with 7s and 8s	1>2	unknown	Question_answer_pair	query
eh?	i just cant buy anything....	1>2	unknown	Comment	comment
at the start of the game i thought we'd be wheat heavy with 7s and 8s	anyone want wheat? I'd like a sheep	1>2	unknown	Continuation	conjunction
anyone want wheat? I'd like a sheep	sure	1>2	unknown	Question_answer_pair	query
sure	ty ty	1>2	unknown	Acknowledgement	query
anyone have wood to pare?	no wood	1>2	unknown	Question_answer_pair	query
anyone have wood to pare?	1	1>2	unknown	Question_answer_pair	query
1	what for?	1>2	unknown	Q_Elab	query
what for?	sheep?	1>2	unknown	Question_answer_pair	query
sheep?	ok go on then :)	1>2	unknown	Question_answer_pair	query
ok go on then :)	since you were so good to trade earlier	1>2	unknown	Explanation	explanation
ok go on then :)	yeah the new build has a 'counter offer' button	1>2	unknown	Comment	comment
yeah the new build has a 'counter offer' button	so you can negotiate on the fly	1>2	unknown	Result	causal
so you can negotiate on the fly	rather than just reject	1>2	unknown	Continuation	conjunction
rather than just reject	it's interesting	1>2	unknown	Continuation	conjunction
oucho	you can have it back for some ore	1>2	unknown	Continuation	conjunction
you can have it back for some ore	no ore just yet	1>2	unknown	Correction	contrast
no ore just yet	waiting to reap now the robber has sauntered off with it	1>2	unknown	Contrast	contrast
waiting to reap now the robber has sauntered off with it	does someone have clay for me?	1>2	unknown	Continuation	conjunction
does someone have clay for me?	I am afraid I'm about to use mine	1>2	unknown	Question_answer_pair	query
does someone have clay for me?	i need mine sorry	1>2	unknown	Question_answer_pair	query
does someone have clay for me?	now i could trade	1>2	unknown	Continuation	conjunction
I am afraid I'm about to use mine	kk	1>2	unknown	Acknowledgement	query
i need mine sorry	kk	1>2	unknown	Acknowledgement	query
now i could trade	one clay for a wood?	1>2	unknown	Elaboration	elaboration
now i could trade	me too :p	1>2	unknown	Parallel	conjunction
one clay for a wood?	no i just got clay	1>2	unknown	Question_answer_pair	query
one clay for a wood?	id love some wood	1>2	unknown	Comment	comment
id love some wood	lol ;)	1>2	unknown	Comment	comment
id love some wood	no sorry I have a wood	1>2	unknown	Correction	contrast
no sorry I have a wood	i was looking for 2s	1>2	unknown	Explanation	explanation
noooooo!	8s :(	1>2	unknown	Explanation	explanation
noooooo!	anyone have wood? :p	1>2	unknown	Continuation	conjunction
8s :(	great timing :D	1>2	unknown	Comment	comment
anyone have wood? :p	zero	1>2	unknown	Question_answer_pair	query
anyone have wood? :p	not for trade	1>2	unknown	Question_answer_pair	query
anyone have wood? :p	or ore?	1>2	unknown	Q_Elab	query
or ore?	none	1>2	unknown	Question_answer_pair	query
or ore?	an ore	1>2	unknown	Question_answer_pair	query
an ore	but would need a good price	1>2	unknown	Contrast	contrast
sheep or clay?	got both, sorry :(	1>2	unknown	Question_answer_pair	query
sheep or clay?	one of each?	1>2	unknown	Q_Elab	query
one of each?	sorry, that doesn't get me anywhere	1>2	unknown	Question_answer_pair	query
sorry, that doesn't get me anywhere	apologies :(	1>2	unknown	Comment	comment
sorry, that doesn't get me anywhere	:I(	1>2	unknown	Acknowledgement	query
:I(	id love to build omething :p	1>2	unknown	Comment	comment
an ore	sheep or clay?	1>2	unknown	Q_Elab	query
oh william. this again.	you have no luck 7-ing your own pile	1>2	unknown	Explanation	explanation
oh william. this again.	ive had one chance to build all game and then there was no where to build	1>2	unknown	Comment	comment
ive had one chance to build all game and then there was no where to build	you've been boxed in rather	1>2	unknown	Explanation	explanation
^^	wood anyone?	1>2	unknown	Continuation	conjunction
wood anyone?	no wood sorry	1>2	unknown	Question_answer_pair	query
wood anyone?	no	1>2	unknown	Question_answer_pair	query
wood anyone?	lj gets ore!	1>2	unknown	Comment	comment
i have no wheat, sorry	my bad.	1>2	unknown	Acknowledgement	query
i have no wheat, sorry	but the ocean does	1>2	unknown	Contrast	contrast
my bad.	i meant the bank	1>2	unknown	Explanation	explanation
my bad.	i know ;)	1>2	unknown	Acknowledgement	query
nooo!	what timing!	1>2	unknown	Continuation	conjunction
wood for clay anyone?	please	1>2	unknown	Continuation	conjunction
got 3 clay, sorry	not on my wishlist	1>2	unknown	Result	causal
you want wood?	yes	1>2	unknown	Question_answer_pair	query
yes	i will give you 1 wood for 1 clay	1>2	unknown	Result	causal
i will give you 1 wood for 1 clay	gent	1>2	unknown	Comment	comment
i will give you 1 wood for 1 clay	thankyou	1>2	unknown	Acknowledgement	query
gent	that's chivalry	1>2	unknown	Continuation	conjunction
thankyou	build!!	1>2	unknown	Result	causal
build!!	finally...	1>2	unknown	Acknowledgement	query
finally...	nice	1>2	unknown	Comment	comment
wood for clay anyone?	got 3 clay, sorry	1>2	unknown	Question_answer_pair	query
wood for clay anyone?	you want wood?	1>2	unknown	Q_Elab	query
anyone got wheat to trade?	nope	1>2	unknown	Question_answer_pair	query
anyone got wheat to trade?	for wood	1>2	unknown	Question_answer_pair	query
for wood	1 for 1?	1>2	unknown	Q_Elab	query
yes	kk	1>2	unknown	Acknowledgement	query
kk	ty ty	1>2	unknown	Continuation	conjunction
anyone have wood?	sorry	1>2	unknown	Question_answer_pair	query
anyone have wood?	anyone have clay for wheat?	1>2	unknown	Continuation	conjunction
none, sorry	just traded and william's sitting on it	1>2	unknown	Explanation	explanation
just traded and william's sitting on it	i need it though...	1>2	unknown	Contrast	contrast
i need it though...	you could roll a 7 though....	1>2	unknown	Contrast	contrast
you could roll a 7 though....	true dat :D	1>2	unknown	Acknowledgement	query
anyone have clay for wheat?	no	1>2	unknown	Question_answer_pair	query
anyone have clay for wheat?	don't need wheat, sorry	1>2	unknown	Question_answer_pair	query
nice work	my big coup ;)	1>2	unknown	Comment	comment
my big coup ;)	let	1>2	unknown	Contrast	contrast
let	let's see how long it holds	1>2	unknown	Correction	contrast
let	indeed, gl :D	1>2	unknown	Comment	comment
anyone have sheep or wood for clay?	no	1>2	unknown	Question_answer_pair	query
anyone have sheep or wood for clay?	neither, sorry	1>2	unknown	Question_answer_pair	query
that's all folks	well played william!	1>2	unknown	Comment	comment
that's all folks	well done	1>2	unknown	Comment	comment
that's all folks	so hang on... all of us won a game?	1>2	unknown	Clarification_question	query
well played william!	gg	1>2	unknown	Comment	comment
well played william!	well done	1>2	unknown	Parallel	conjunction
well played william!	that clay port + lots of 10s = victory	1>2	unknown	Elaboration	elaboration
well played william!	phew	1>2	unknown	Acknowledgement	query
well done	phew	1>2	unknown	Acknowledgement	query
phew	i played awful tonight	1>2	unknown	Comment	comment
i played awful tonight	that crossing was unlucky	1>2	unknown	Comment	comment
so hang on... all of us won a game?	i guess so	1>2	unknown	Question_answer_pair	query
so hang on... all of us won a game?	i won 2	1>2	unknown	Question_answer_pair	query
i guess so	i won 2	1>2	unknown	Correction	contrast
I guess it will go to niko who won yh	then4 player?	1>2	unknown	Clarification_question	query
then4 player?	I think the plan was to just count 3 player...	1>2	unknown	Question_answer_pair	query
then4 player?	indeed, if we're counting that	1>2	unknown	Question_answer_pair	query
indeed, if we're counting that	I make it 5 games including that	1>2	unknown	Conditional	condition
I think the plan was to just count 3 player...	hmm	1>2	unknown	Acknowledgement	query
I think the plan was to just count 3 player...	the 3handed are all 1 each	1>2	unknown	Contrast	contrast
we'll have to get markus to adjudicate	maybe the distance in points makes a difference	1>2	unknown	Continuation	conjunction
maybe the distance in points makes a difference	we'll ask markus, he has all the data	1>2	unknown	Continuation	conjunction
we'll ask markus, he has all the data	yep	1>2	unknown	Acknowledgement	query
we'll ask markus, he has all the data	yup	1>2	unknown	Acknowledgement	query
yup	well thanks guys	1>2	unknown	Comment	comment
well thanks guys	i am off to get a haircut now ;)	1>2	unknown	Comment	comment
well thanks guys	thanks for playing	1>2	unknown	Parallel	conjunction
well thanks guys	gg all well played!	1>2	unknown	Comment	comment
well thanks guys	im gonna go sleep off these painkillers	1>2	unknown	Comment	comment
thanks for playing	gg all well played!	1>2	unknown	Comment	comment
gg all well played!	was a close league!!!	1>2	unknown	Comment	comment
indeed, if we're counting that	I think the plan was to just count 3 player...	1>2	unknown	Correction	contrast
indeed, if we're counting that	but if its a draw i presume that one will count	1>2	unknown	Contrast	contrast
indeed, if we're counting that	we'll have to get markus to adjudicate	1>2	unknown	Result	causal
so hang on... all of us won a game?	I guess it will go to niko who won yh	1>2	unknown	Result	causal
btw, are we playing without the others?	Not sure.	1>2	unknown	Question_answer_pair	query
btw, are we playing without the others?	Sorry about that	1>2	unknown	Comment	comment
Not sure.	well, we should...	1>2	unknown	Comment	comment
well, we should...	Maybe give till ten past	1>2	unknown	Clarification_question	query
well, we should...	(they said they would be here...	1>2	unknown	Explanation	explanation
Maybe give till ten past	and then just go for it?	1>2	unknown	Narration	temporal
(they said they would be here...	and I dont have much time ...	1>2	unknown	Continuation	conjunction
Sorry about that	Had trouble getting the client to start	1>2	unknown	Elaboration	elaboration
Sorry about that	who is the last one?	1>2	unknown	Clarification_question	query
who is the last one?	James Linehan	1>2	unknown	Question_answer_pair	query
James Linehan	Who's who?	1>2	unknown	Clarification_question	query
Who's who?	sabercat is Martina	1>2	unknown	Question_answer_pair	query
Who's who?	I'm assuming IG is Ivan?	1>2	unknown	Q_Elab	query
I'm assuming IG is Ivan?	That's me	1>2	unknown	Question_answer_pair	query
sabercat is Martina	OK :)	1>2	unknown	Acknowledgement	query
sabercat is Martina	Right,	1>2	unknown	Acknowledgement	query
That's me	Right,	1>2	unknown	Acknowledgement	query
Right,	so, who're we waiting for?	1>2	unknown	Result	causal
so, who're we waiting for?	Are we waiting for Amy?	1>2	unknown	Clarification_question	query
starting at 15?	Sure	1>2	unknown	Question_answer_pair	query
starting at 15?	okay, 2 more minutes	1>2	unknown	Result	causal
Are we waiting for Amy?	Looks like it.	1>2	unknown	Question_answer_pair	query
Looks like it.	Someone want to drop her an email?	1>2	unknown	Q_Elab	query
Someone want to drop her an email?	Sure	1>2	unknown	Question_answer_pair	query
Sure	Have done	1>2	unknown	Elaboration	elaboration
okay, 2 more minutes	Shall we?	1>2	unknown	Clarification_question	query
Shall we?	Sure.	1>2	unknown	Question_answer_pair	query
Shall we?	Right, it's quarter past	1>2	unknown	Question_answer_pair	query
Maybe give till ten past	that sounds okay	1>2	unknown	Question_answer_pair	query
(they said they would be here...	starting at 15?	1>2	unknown	Clarification_question	query
(they said they would be here...	that sounds okay	1>2	unknown	Contrast	contrast
anyone can trade clay?	Nope, sorry	1>2	unknown	Question_answer_pair	query
anyone can trade clay?	sorry	1>2	unknown	Question_answer_pair	query
everyone got it now :D	Yup	1>2	unknown	Acknowledgement	query
everyone got it now :D	Anyone got wood to trade?	1>2	unknown	Continuation	conjunction
Anyone got wood to trade?	nope	1>2	unknown	Question_answer_pair	query
Anyone got wood to trade?	No wood, sorry	1>2	unknown	Question_answer_pair	query
Anyone got any wheat?	yes, but wont trade	1>2	unknown	Question_answer_pair	query
Anyone got any wheat?	sorry :(	1>2	unknown	Question_answer_pair	query
Anyone got any wheat?	What are you offering?	1>2	unknown	Q_Elab	query
yes, but wont trade	Fair enough :P	1>2	unknown	Acknowledgement	query
What are you offering?	Sheep?	1>2	unknown	Question_answer_pair	query
Sheep?	Nah, sorry	1>2	unknown	Question_answer_pair	query
Sheep?	What would you be looking for?	1>2	unknown	Q_Elab	query
What would you be looking for?	wood	1>2	unknown	Question_answer_pair	query
wood	I don't have any, sorry. Never mind.	1>2	unknown	Question_answer_pair	query
anyone has any wood?	Nope, sorry.	1>2	unknown	Question_answer_pair	query
anyone has any wood?	haha no,	1>2	unknown	Question_answer_pair	query
trading 1 ore for one sheep?	which are you offering?	1>2	unknown	Clarification_question	query
trading 1 ore for one sheep?	hmm..	1>2	unknown	Comment	comment
trading 1 ore for one sheep?	I could do that	1>2	unknown	Question_answer_pair	query
which are you offering?	ore	1>2	unknown	Question_answer_pair	query
ore	okay,	1>2	unknown	Acknowledgement	query
ore	I could do that	1>2	unknown	Acknowledgement	query
I could do that	awesome, cheers	1>2	unknown	Acknowledgement	query
okay,	you need to offer more	1>2	unknown	Contrast	contrast
you need to offer more	:D	1>2	unknown	Comment	comment
awesome, cheers	Excellent!	1>2	unknown	Acknowledgement	query
No worries	Gah, lost four resources because of the robber	1>2	unknown	Contrast	contrast
No worries	anyone has ore?	1>2	unknown	Continuation	conjunction
Gah, lost four resources because of the robber	sorry	1>2	unknown	Comment	comment
sorry	:(	1>2	unknown	Elaboration	elaboration
sorry	Not your fault :P	1>2	unknown	Acknowledgement	query
anyone has ore?	or wood?	1>2	unknown	Alternation	alternation
I *had* ore	:D	1>2	unknown	Comment	comment
I *had* ore	:P	1>2	unknown	Comment	comment
I *had* ore	And nobody's got wood yet - watch the top!	1>2	unknown	Continuation	conjunction
And nobody's got wood yet - watch the top!	I got it in the beginning...	1>2	unknown	Contrast	contrast
anyone has ore?	I *had* ore	1>2	unknown	Question_answer_pair	query
anyone has ore?	Sorry	1>2	unknown	Question_answer_pair	query
well done!	I want clay for sheep or wheat, anyone?	1>2	unknown	Continuation	conjunction
well done!	More clay!	1>2	unknown	Comment	comment
More clay!	Christ.	1>2	unknown	Comment	comment
I want clay for sheep or wheat, anyone?	I'll give you a clay for a wheat	1>2	unknown	Question_answer_pair	query
I'll give you a clay for a wheat	or two for two if you want	1>2	unknown	Alternation	alternation
Need sheep. Have ore/clay	sheep for ore	1>2	unknown	Question_answer_pair	query
Need sheep. Have ore/clay	sheep for clay	1>2	unknown	Question_answer_pair	query
sheep for ore	:D	1>2	unknown	Comment	comment
sheep for ore	right right	1>2	unknown	Acknowledgement	query
sheep for clay	:D	1>2	unknown	Comment	comment
sheep for clay	right right	1>2	unknown	Acknowledgement	query
right right	thank you	1>2	unknown	Acknowledgement	query
right right	thanks	1>2	unknown	Acknowledgement	query
thanks	Cheers guys	1>2	unknown	Acknowledgement	query
Hmmm,can I not play a card immediately I buy it?	nope	1>2	unknown	Question_answer_pair	query
nope	have to wait one round	1>2	unknown	Explanation	explanation
Next turn?	Ahhhh ok, thanks	1>2	unknown	Question_answer_pair	query
nope	Next turn?	1>2	unknown	Clarification_question	query
nope	Ahhhh ok, thanks	1>2	unknown	Acknowledgement	query
you are so lucky to have wood!	Hehehehe	1>2	unknown	Acknowledgement	query
you are so lucky to have wood!	Now I just need to roll elevens	1>2	unknown	Continuation	conjunction
Now I just need to roll elevens	Hey, so wanna trade that wood?	1>2	unknown	Result	causal
Now I just need to roll elevens	will you trade wood?	1>2	unknown	Q_Elab	query
will you trade wood?	Oi! No stealing! :P	1>2	unknown	Comment	comment
will you trade wood?	okay, anyone will trade wheat?	1>2	unknown	Continuation	conjunction
Oi! No stealing! :P	(I didnt!)	1>2	unknown	Contrast	contrast
okay, anyone will trade wheat?	for ore or sheep?	1>2	unknown	Elaboration	elaboration
got no weat, sorry	:D	1>2	unknown	Comment	comment
Hey, so wanna trade that wood?	Hehehe for what?	1>2	unknown	Q_Elab	query
Hehehe for what?	Clay, ore, sheep?	1>2	unknown	Question_answer_pair	query
Clay, ore, sheep?	Hmmmm	1>2	unknown	Comment	comment
Clay, ore, sheep?	No wheat?	1>2	unknown	Q_Elab	query
No wheat?	sorry	1>2	unknown	Question_answer_pair	query
sorry	can give you2:1 on clay and ore	1>2	unknown	Contrast	contrast
can give you2:1 on clay and ore	2 clay = 1 wood?	1>2	unknown	Clarification_question	query
2 clay = 1 wood?	aye	1>2	unknown	Question_answer_pair	query
aye	Done	1>2	unknown	Acknowledgement	query
Done	awesome	1>2	unknown	Acknowledgement	query
awesome	Thanking you	1>2	unknown	Acknowledgement	query
okay, anyone will trade wheat?	Sorry, nope.	1>2	unknown	Question_answer_pair	query
okay, anyone will trade wheat?	got no weat, sorry	1>2	unknown	Question_answer_pair	query
Oh, you {censored}!	Haha	1>2	unknown	Comment	comment
Haha	Sorry bout that	1>2	unknown	Comment	comment
Sorry bout that	Should've known, shouldn't I?	1>2	unknown	Comment	comment
Should've known, shouldn't I?	weeell...	1>2	unknown	Question_answer_pair	query
anyone any clay?	nope	1>2	unknown	Question_answer_pair	query
anyone any clay?	Sorry	1>2	unknown	Question_answer_pair	query
anyone any clay?	for ore or sheep?	1>2	unknown	Elaboration	elaboration
nope	okay...	1>2	unknown	Acknowledgement	query
Sorry	okay...	1>2	unknown	Acknowledgement	query
do you have ore?	for sheep?	1>2	unknown	Elaboration	elaboration
I do	I have ore,	1>2	unknown	Elaboration	elaboration
I have ore,	:D	1>2	unknown	Comment	comment
I have ore,	but would prefer wood	1>2	unknown	Contrast	contrast
got wood for ore?	no way...	1>2	unknown	Question_answer_pair	query
got wood for ore?	:P	1>2	unknown	Comment	comment
Ugh!	theres your wood!	1>2	unknown	Comment	comment
theres your wood!	:D	1>2	unknown	Comment	comment
theres your wood!	but where's mine?	1>2	unknown	Contrast	contrast
theres your wood!	theres my clay!	1>2	unknown	Continuation	conjunction
do you have ore?	I do	1>2	unknown	Question_answer_pair	query
do you have ore?	ive got one	1>2	unknown	Question_answer_pair	query
do you have ore?	got wood for ore?	1>2	unknown	Q_Elab	query
I do	haha, surprisingly enough, same here	1>2	unknown	Parallel	conjunction
I do	got wood for ore?	1>2	unknown	Result	causal
I do	theres your wood!	1>2	unknown	Comment	comment
Baaaa!	anyone has clay?	1>2	unknown	Continuation	conjunction
anyone has clay?	yo	1>2	unknown	Question_answer_pair	query
anyone has clay?	what are you offering?	1>2	unknown	Q_Elab	query
yo	what are you offering?	1>2	unknown	Continuation	conjunction
what are you offering?	for ore? sheep?	1>2	unknown	Question_answer_pair	query
for ore? sheep?	wood only im afraid	1>2	unknown	Question_answer_pair	query
for ore? sheep?	ore and sheep?	1>2	unknown	Q_Elab	query
wood only im afraid	ore and sheep?	1>2	unknown	Result	causal
ore and sheep?	sorry	1>2	unknown	Question_answer_pair	query
ore and sheep?	...who was that?	1>2	unknown	Clarification_question	query
ore and sheep?	anyone got wheat?	1>2	unknown	Continuation	conjunction
...who was that?	no idea,	1>2	unknown	Question_answer_pair	query
anyone got wheat?	nope	1>2	unknown	Question_answer_pair	query
no idea,	but he joined league 1 minute ago as well	1>2	unknown	Contrast	contrast
but he joined league 1 minute ago as well	Yeah, I just heard that too	1>2	unknown	Parallel	conjunction
Yeah, I just heard that too	:D	1>2	unknown	Comment	comment
Yeah, I just heard that too	(flatmate's in league 1)	1>2	unknown	Explanation	explanation
still no clay for ore?	nah	1>2	unknown	Question_answer_pair	query
will trade anything for wood	IG: one clay for one wood?	1>2	unknown	Q_Elab	query
IG: one clay for one wood?	done	1>2	unknown	Question_answer_pair	query
done	cool	1>2	unknown	Comment	comment
skinnylinny : trade wheat	?	1>2	unknown	Continuation	conjunction
sabercat: What would you offer?	2x ore	1>2	unknown	Question_answer_pair	query
2x ore	Done	1>2	unknown	Acknowledgement	query
Done	thanks!	1>2	unknown	Acknowledgement	query
thanks!	You're welcome :)	1>2	unknown	Acknowledgement	query
skinnylinny : trade wheat	sabercat: What would you offer?	1>2	unknown	Q_Elab	query
Don't suppose anyone wants to give me a wheat in exchange for wood or sheep or clay do they?	no wheat...	1>2	unknown	Question_answer_pair	query
Don't suppose anyone wants to give me a wheat in exchange for wood or sheep or clay do they?	same	1>2	unknown	Question_answer_pair	query
no wheat...	same	1>2	unknown	Parallel	conjunction
no wheat...	Hmmm, oh well.	1>2	unknown	Acknowledgement	query
same	Hmmm, oh well.	1>2	unknown	Acknowledgement	query
Grrrrr	I don't like this die	1>2	unknown	Elaboration	elaboration
I don't like this die	:D well... its biased	1>2	unknown	Comment	comment
I don't like this die	It hates you I'm afraid	1>2	unknown	Comment	comment
It hates you I'm afraid	Seemingly so!	1>2	unknown	Acknowledgement	query
Seemingly so!	I feel your pain	1>2	unknown	Comment	comment
the cat pic is gorgeous!	:D	1>2	unknown	Comment	comment
need wood [as ever]	Heh, need an ore	1>2	unknown	Question_answer_pair	query
Heh, need an ore	done	1>2	unknown	Acknowledgement	query
Heh, need an ore	I don't have wood	1>2	unknown	Contrast	contrast
I don't have wood	haha i see	1>2	unknown	Acknowledgement	query
haha i see	:D	1>2	unknown	Comment	comment
Oh	Bother	1>2	unknown	Elaboration	elaboration
have ore...	Was about to offer IG a wood for an ore	1>2	unknown	Continuation	conjunction
Was about to offer IG a wood for an ore	Never mind	1>2	unknown	Contrast	contrast
will do on my turn	if your up for it	1<2	unknown	Conditional	condition
give me the wood	and I will give you ore...	1>2	unknown	Conditional	condition
and if you give me wood and clay	you get two ores	1>2	unknown	Conditional	condition
ugh	:D	1>2	unknown	Comment	comment
two ores for a wood from my end...	How about an ore and a sheep for a wood?	1>2	unknown	Q_Elab	query
How about an ore and a sheep for a wood?	no sheep	1>2	unknown	Question_answer_pair	query
How about an ore and a sheep for a wood?	IG?	1>2	unknown	Q_Elab	query
How about an ore and a sheep for a wood?	sure	1>2	unknown	Question_answer_pair	query
IG?	sure	1>2	unknown	Question_answer_pair	query
Heh, need an ore	have ore...	1>2	unknown	Contrast	contrast
Heh, need an ore	Oh	1>2	unknown	Comment	comment
Heh, need an ore	:D	1>2	unknown	Comment	comment
Was about to offer IG a wood for an ore	:D	1>2	unknown	Comment	comment
Was about to offer IG a wood for an ore	will do on my turn	1>2	unknown	Acknowledgement	query
Was about to offer IG a wood for an ore	give me the wood	1>2	unknown	Q_Elab	query
will do on my turn	Please	1>2	unknown	Acknowledgement	query
will do on my turn	two ores for a wood from my end...	1>2	unknown	Elaboration	elaboration
give me the wood	and if you give me wood and clay	1>2	unknown	Continuation	conjunction
give me the wood	:D	1>2	unknown	Comment	comment
give me the wood	ugh	1>2	unknown	Comment	comment
give me the wood	OK	1>2	unknown	Acknowledgement	query
give me the wood	How about an ore and a sheep for a wood?	1>2	unknown	Q_Elab	query
cheers	No worries :D	1>2	unknown	Acknowledgement	query
No worries :D	Now hope that I don't roll a 7!	1>2	unknown	Conditional	condition
Now hope that I don't roll a 7!	:D good luck	1>2	unknown	Comment	comment
:D good luck	Thanks :D	1>2	unknown	Acknowledgement	query
:D	well... you did it!	1>2	unknown	Elaboration	elaboration
well... you did it!	I did!	1>2	unknown	Acknowledgement	query
I did!	Now, let's get that pesky robber out of the way	1>2	unknown	Continuation	conjunction
Now, let's get that pesky robber out of the way	yeah, your 11 seemed to be... stuck... for a while	1>2	unknown	Comment	comment
giving clay for sheep	no sheep	1>2	unknown	Question_answer_pair	query
giving clay for sheep	Not got any, sorry	1>2	unknown	Question_answer_pair	query
giving clay for sheep	clay/ore for wood?	1>2	unknown	Q_Elab	query
clay/ore for wood?	yeah..	1>2	unknown	Question_answer_pair	query
clay/ore for wood?	I dont have wood...	1>2	unknown	Question_answer_pair	query
clay/ore for wood?	I have no wood, sorry	1>2	unknown	Question_answer_pair	query
yeah..	which?	1>2	unknown	Clarification_question	query
which?	ore?	1>2	unknown	Question_answer_pair	query
ore?	:D	1>2	unknown	Comment	comment
I dont have wood...	haha nevrermind then	1>2	unknown	Acknowledgement	query
I have no wood, sorry	haha nevrermind then	1>2	unknown	Acknowledgement	query
I have no wood, sorry	:D	1>2	unknown	Comment	comment
Shall we extend?	yeah	1>2	unknown	Question_answer_pair	query
Shall we extend?	yea	1>2	unknown	Question_answer_pair	query
*ADDTIME*	ADDTIME	1>2	unknown	Parallel	conjunction
ADDTIME	:D	1>2	unknown	Comment	comment
:D	nice	1>2	unknown	Elaboration	elaboration
nice	hope its not necessary though	1>2	unknown	Comment	comment
Right	Who wanted wood?	1>2	unknown	Clarification_question	query
Who wanted wood?	me	1>2	unknown	Question_answer_pair	query
Who wanted wood?	I did	1>2	unknown	Question_answer_pair	query
Who wanted wood?	What do you want for it	1>2	unknown	Q_Elab	query
me	Hmmm	1>2	unknown	Acknowledgement	query
I did	Hmmm	1>2	unknown	Acknowledgement	query
What do you want for it	Either of you have sheep?	1>2	unknown	Question_answer_pair	query
Either of you have sheep?	Sorry	1>2	unknown	Question_answer_pair	query
Either of you have sheep?	Sorry, meant ore	1>2	unknown	Correction	contrast
Either of you have sheep?	two wood for sheep?	1>2	unknown	Q_Elab	query
i got that]	got ore too	1>2	unknown	Continuation	conjunction
i got that]	ore for wood	1>2	unknown	Q_Elab	query
ore for wood	?	1>2	unknown	Continuation	conjunction
ore for wood	Ore for wood...	1>2	unknown	Acknowledgement	query
ore for wood	One each?	1>2	unknown	Q_Elab	query
got ore too	One each?	1>2	unknown	Acknowledgement	query
got ore too	Ore for wood...	1>2	unknown	Q_Elab	query
Ore for wood...	sure	1>2	unknown	Question_answer_pair	query
Ore for wood...	okay	1>2	unknown	Question_answer_pair	query
Ore for wood...	One each?	1>2	unknown	Continuation	conjunction
One each?	As in, one ore per wood, one wood per person?	1>2	unknown	Clarification_question	query
sure	okay	1>2	unknown	Parallel	conjunction
sure	Awesome, thanks to both of you	1>2	unknown	Acknowledgement	query
As in, one ore per wood, one wood per person?	yes	1>2	unknown	Question_answer_pair	query
As in, one ore per wood, one wood per person?	:)	1>2	unknown	Comment	comment
yes	Awesome, thanks to both of you	1>2	unknown	Acknowledgement	query
Awesome, thanks to both of you	no worries	1>2	unknown	Acknowledgement	query
Shall we extend?	*ADDTIME*	1>2	unknown	Result	causal
*ADDTIME*	Right	1>2	unknown	Acknowledgement	query
Either of you have sheep?	i got that]	1>2	unknown	Question_answer_pair	query
anyone has ore? :D	yea,	1>2	unknown	Question_answer_pair	query
anyone has ore? :D	nope... wood?	1>2	unknown	Question_answer_pair	query
anyone has ore? :D	I have ore, would trade for wood	1>2	unknown	Question_answer_pair	query
anyone has ore? :D	you got sheep?	1>2	unknown	Q_Elab	query
yea,	you got sheep?	1>2	unknown	Continuation	conjunction
nope... wood?	go on then	1>2	unknown	Question_answer_pair	query
go on then	cheers	1>2	unknown	Comment	comment
cheers	:)	1>2	unknown	Comment	comment
need sheep!	have none	1>2	unknown	Question_answer_pair	query
need sheep!	Sorry	1>2	unknown	Question_answer_pair	query
Sorry	roll 8!	1>2	unknown	Comment	comment
Argh	How do I trade with a port?	1>2	unknown	Clarification_question	query
How do I trade with a port?	trade with bank/port	1>2	unknown	Clarification_question	query
How do I trade with a port?	I can't get it to accept	1>2	unknown	Explanation	explanation
How do I trade with a port?	wood port	1>2	unknown	Elaboration	elaboration
trade with bank/port	Yes	1>2	unknown	Question_answer_pair	query
trade with bank/port	you have to have four resources of a kind	1>2	unknown	Question_answer_pair	query
I can't get it to accept	Did it	1>2	unknown	Continuation	conjunction
wood port	hm...	1>2	unknown	Acknowledgement	query
wood port	Ah	1>2	unknown	Comment	comment
hm...	3:1 maybe?	1>2	unknown	Clarification_question	query
Did it	good :D	1>2	unknown	Acknowledgement	query
Did it	can i join	1>2	unknown	Clarification_question	query
good :D	can i join	1>2	unknown	Clarification_question	query
can i join	um not really?	1>2	unknown	Question_answer_pair	query
anyone has wheat?	yea	1>2	unknown	Question_answer_pair	query
yea	what do you need?	1>2	unknown	Q_Elab	query
what do you need?	wood or sheep	1>2	unknown	Question_answer_pair	query
wood or sheep	thanks	1>2	unknown	Acknowledgement	query
thanks	need sheep...	1>2	unknown	Continuation	conjunction
need sheep...	have none	1>2	unknown	Question_answer_pair	query
have none	sorry	1>2	unknown	Comment	comment
Who is yiin?	no ides	1>2	unknown	Question_answer_pair	query
Who is yiin?	no idea,	1>2	unknown	Question_answer_pair	query
no ides	*idea	1>2	unknown	Correction	contrast
no idea,	but he should go away for good!	1>2	unknown	Contrast	contrast
theres your sheep :)	Does anyone have any wood?	1>2	unknown	Comment	comment
Does anyone have any wood?	nope	1>2	unknown	Question_answer_pair	query
Does anyone have any wood?	sorry	1>2	unknown	Question_answer_pair	query
Does anyone have any wood?	Or does anyone have any ore they'd give me for a clay or a sheep?	1>2	unknown	Continuation	conjunction
Or does anyone have any ore they'd give me for a clay or a sheep?	nope	1>2	unknown	Question_answer_pair	query
Or does anyone have any ore they'd give me for a clay or a sheep?	nah	1>2	unknown	Question_answer_pair	query
nope	*sigh*	1>2	unknown	Acknowledgement	query
nah	*sigh*	1>2	unknown	Acknowledgement	query
yes!	:D	1>2	unknown	Comment	comment
yes!	anyone has ore?	1>2	unknown	Comment	comment
anyone has ore?	only for wood	1>2	unknown	Question_answer_pair	query
anyone has ore?	for sheep?	1>2	unknown	Elaboration	elaboration
for sheep?	or clay?	1>2	unknown	Alternation	alternation
only for wood	okay..	1>2	unknown	Acknowledgement	query
how about clay for sheep:	skinnylinny?	1>2	unknown	Q_Elab	query
how about clay for sheep:	and sorry, no clay for sheep	1>2	unknown	Question_answer_pair	query
how about clay for sheep:	yiin GO AWAY!	1>2	unknown	Comment	comment
how about clay for sheep:	No thanks	1>2	unknown	Question_answer_pair	query
yiin GO AWAY!	haha nice	1>2	unknown	Comment	comment
skinnylinny?	No thanks	1>2	unknown	Question_answer_pair	query
for sheep?	how about clay for sheep:	1>2	unknown	Continuation	conjunction
Anyone need any clay? :P	so I need wood...	1>2	unknown	Q_Elab	query
so I need wood...	Sorry, not got any	1>2	unknown	Question_answer_pair	query
so I need wood...	nope... none here :(	1>2	unknown	Question_answer_pair	query
Sorry, not got any	nope... none here :(	1>2	unknown	Parallel	conjunction
Sorry, not got any	oh well	1>2	unknown	Acknowledgement	query
nope... none here :(	oh well	1>2	unknown	Acknowledgement	query
skinnylinny	som wood please?	1>2	unknown	Continuation	conjunction
sabercat: What are you offering?	ore and clay	1>2	unknown	Question_answer_pair	query
hey, I want wood as well	offering 2 ore for one wood	1>2	unknown	Result	causal
If anyone offers me one ore and one wheat they can have a wood	go on then	1>2	unknown	Acknowledgement	query
go on then	okay, can anyone give me clay?	1>2	unknown	Acknowledgement	query
okay, can anyone give me clay?	for ore?	1>2	unknown	Elaboration	elaboration
okay, can anyone give me clay?	please	1>2	unknown	Continuation	conjunction
for what	IG, on your turn	1>2	unknown	Comment	comment
IG, on your turn	gotcha	1>2	unknown	Acknowledgement	query
gotcha	which one?	1>2	unknown	Clarification_question	query
which one?	are we trading?	1>2	unknown	Continuation	conjunction
skinny, give me clay for ore?	please?	1>2	unknown	Continuation	conjunction
I have no clay	incredible!	1>2	unknown	Comment	comment
I have no clay	Does that mean you won't trade with me, IG?	1>2	unknown	Clarification_question	query
Does that mean you won't trade with me, IG?	looks like it	1>2	unknown	Question_answer_pair	query
Does that mean you won't trade with me, IG?	:D	1>2	unknown	Question_answer_pair	query
looks like it	actually...	1>2	unknown	Correction	contrast
actually...	you got what you needed?	1>2	unknown	Clarification_question	query
actually...	:P	1>2	unknown	Comment	comment
skinnylinny	sabercat: What are you offering?	1>2	unknown	Q_Elab	query
skinnylinny	If anyone offers me one ore and one wheat they can have a wood	1>2	unknown	Question_answer_pair	query
skinnylinny	okay, can anyone give me clay?	1>2	unknown	Continuation	conjunction
skinnylinny	hey, I want wood as well	1>2	unknown	Parallel	conjunction
hey, I want wood as well	If anyone offers me one ore and one wheat they can have a wood	1>2	unknown	Question_answer_pair	query
okay, can anyone give me clay?	for what	1>2	unknown	Clarification_question	query
which one?	im trading with skinny next turn	1>2	unknown	Question_answer_pair	query
which one?	skinny, give me clay for ore?	1>2	unknown	Q_Elab	query
skinny, give me clay for ore?	I have no clay	1>2	unknown	Question_answer_pair	query
why would you throw four?	or roll..	1>2	unknown	Correction	contrast
why would you throw four?	I need an ore...	1>2	unknown	Continuation	conjunction
why would you throw four?	:P	1>2	unknown	Comment	comment
why would you throw four?	":D I dont need four"""	1>2	unknown	Correction	contrast
":D I dont need four"""	!!!	1>2	unknown	Comment	comment
!!!	:D	1>2	unknown	Elaboration	elaboration
I need an ore...	Anyone got one for a sheep?	1>2	unknown	Elaboration	elaboration
I need an ore...	what are you offfering?	1>2	unknown	Q_Elab	query
Anyone got one for a sheep?	Or another wood...	1>2	unknown	Alternation	alternation
Anyone got one for a sheep?	na	1>2	unknown	Question_answer_pair	query
what are you offfering?	na	1>2	unknown	Correction	contrast
haha deal	Oh!	1>2	unknown	Correction	contrast
Oh!	Whoops	1>2	unknown	Comment	comment
Whoops	Sorry!	1>2	unknown	Continuation	conjunction
wait, what?	:D	1>2	unknown	Comment	comment
:D	thanks!	1>2	unknown	Continuation	conjunction
thanks!	ugh	1>2	unknown	Comment	comment
I need an ore...	haha deal	1>2	unknown	Question_answer_pair	query
Oh!	wait, what?	1>2	unknown	Clarification_question	query
Oh!	:D	1>2	unknown	Comment	comment
skinny	Yes?	1>2	unknown	Clarification_question	query
skinny	I need 2 sheep...	1>2	unknown	Continuation	conjunction
I need 2 sheep...	What do you want for them?	1>2	unknown	Q_Elab	query
Yes?	What do you want for them?	1>2	unknown	Continuation	conjunction
What do you want for them?	*want them for	1>2	unknown	Correction	contrast
What do you want for them?	can you trade for 3 clays	1>2	unknown	Q_Elab	query
can you trade for 3 clays	I'll give you two sheep for 2 clay or for a clay and a wheat or a clay and a wood	1>2	unknown	Question_answer_pair	query
I'll give you two sheep for 2 clay or for a clay and a wheat or a clay and a wood	dont have the other...	1>2	unknown	Contrast	contrast
dont have the other...	Hmmm	1>2	unknown	Acknowledgement	query
dont have the other...	2 sheep for 2 clay?	1>2	unknown	Elaboration	elaboration
2 sheep for 2 clay?	okay :D	1>2	unknown	Question_answer_pair	query
okay :D	btw... originally, I was offering 3 clay..	1>2	unknown	Background	frame
btw... originally, I was offering 3 clay..	Ah!	1>2	unknown	Acknowledgement	query
btw... originally, I was offering 3 clay..	damn!	1>2	unknown	Comment	comment
btw... originally, I was offering 3 clay..	I didn't want three clay	1>2	unknown	Contrast	contrast
Ah!	:D	1>2	unknown	Comment	comment
Ah!	I didn't want three clay	1>2	unknown	Contrast	contrast
damn!	didn't even see that coming.	1>2	unknown	Explanation	explanation
I didn't want three clay	yeah, but would be better than two...	1>2	unknown	Contrast	contrast
didn't even see that coming.	Nor did I!	1>2	unknown	Parallel	conjunction
didn't even see that coming.	Nice one.	1>2	unknown	Comment	comment
Nice one.	thanks	1>2	unknown	Acknowledgement	query
thanks	Congrats!	1>2	unknown	Background	frame
thanks	anyway, good game guys.	1>2	unknown	Background	frame
Congrats!	anyway, good game guys.	1>2	unknown	Background	frame
anyway, good game guys.	I hve built the buildings really badly in the beginning	1>2	unknown	Background	frame
anyway, good game guys.	What happens now? Do we play more?	1>2	unknown	Result	causal
I hve built the buildings really badly in the beginning	so... a surprise here too..	1>2	unknown	Result	causal
so... a surprise here too..	"""D"	1>2	unknown	Comment	comment
so... a surprise here too..	Right	1>2	unknown	Acknowledgement	query
so... a surprise here too..	What happens now? Do we play more?	1>2	unknown	Clarification_question	query
Right	What happens now? Do we play more?	1>2	unknown	Clarification_question	query
What happens now? Do we play more?	So	1>2	unknown	Q_Elab	query
So	Amy said she can do tomorrow night	1>2	unknown	Continuation	conjunction
Amy said she can do tomorrow night	Can either of you?	1>2	unknown	Continuation	conjunction
yea	same time?	1>2	unknown	Clarification_question	query
yea	yeah	1>2	unknown	Parallel	conjunction
same time?	ok	1>2	unknown	Question_answer_pair	query
OK, I'll send out a group email	thanks guys	1>2	unknown	Acknowledgement	query
OK, I'll send out a group email	What time?	1>2	unknown	Clarification_question	query
thanks guys	good stuff. see you guys tomorrow :)	1>2	unknown	Background	frame
good stuff. see you guys tomorrow :)	Indeed, thanks all	1>2	unknown	Background	frame
What time?	8 pm	1>2	unknown	Question_answer_pair	query
So	yea	1>2	unknown	Question_answer_pair	query
So	yeah	1>2	unknown	Question_answer_pair	query
What happens now? Do we play more?	OK, I'll send out a group email	1>2	unknown	Parallel	conjunction
What happens now? Do we play more?	thanks guys	1>2	unknown	Acknowledgement	query
heya	yey	1>2	unknown	Comment	comment
yey	hello!	1>2	unknown	Comment	comment
hello!	are we still waiting for one more?	1>2	unknown	Clarification_question	query
are we still waiting for one more?	i made it	1>2	unknown	Question_answer_pair	query
are we still waiting for one more?	yes, the two guys from yesterday said they could	1>2	unknown	Question_answer_pair	query
i made it	i assume so	1>2	unknown	Continuation	conjunction
who has said they can play?	yes, the two guys from yesterday said they could	1>2	unknown	Question_answer_pair	query
yes, the two guys from yesterday said they could	(so I guess one of them will come	1>2	unknown	Result	causal
at 9 tho, not half 9	?	1>2	unknown	Continuation	conjunction
I guess...	I think we should start playing anyway...	1>2	unknown	Contrast	contrast
I think we should start playing anyway...	they should have seen the mail	1>2	unknown	Explanation	explanation
well its only just 9	we could at least wait a little longer	1>2	unknown	Acknowledgement	query
well its only just 9	we could wait a few mins	1>2	unknown	Elaboration	elaboration
we could at least wait a little longer	we could wait a few mins	1>2	unknown	Acknowledgement	query
we could at least wait a little longer	since 9:30 was the original time	1>2	unknown	Explanation	explanation
we could at least wait a little longer	okay :)	1>2	unknown	Acknowledgement	query
we could at least wait a little longer	Hello all	1>2	unknown	Comment	comment
we could wait a few mins	since 9:30 was the original time	1>2	unknown	Explanation	explanation
we could wait a few mins	okay :)	1>2	unknown	Acknowledgement	query
we could wait a few mins	ill send a quick email	1>2	unknown	Continuation	conjunction
okay :)	Hello all	1>2	unknown	Comment	comment
ill send a quick email	Hello all	1>2	unknown	Comment	comment
Hello all	yey	1>2	unknown	Continuation	conjunction
yey	look 4 people,	1>2	unknown	Explanation	explanation
look 4 people,	it finally happened	1>2	unknown	Result	causal
i made it	who has said they can play?	1>2	unknown	Clarification_question	query
yes, the two guys from yesterday said they could	at 9 tho, not half 9	1>2	unknown	Clarification_question	query
at 9 tho, not half 9	I guess...	1>2	unknown	Question_answer_pair	query
I think we should start playing anyway...	well its only just 9	1>2	unknown	Contrast	contrast
I think we should start playing anyway...	we could at least wait a little longer	1>2	unknown	Contrast	contrast
look 4 people,	:D	1>2	unknown	Comment	comment
would anybody like a sheep for one wood?	nope	1>2	unknown	Question_answer_pair	query
would anybody like a sheep for one wood?	sorry	1>2	unknown	Question_answer_pair	query
nope	oh well!	1>2	unknown	Comment	comment
sorry	oh well!	1>2	unknown	Comment	comment
damn you	haha sorry	1>2	unknown	Comment	comment
haha sorry	by the way, anyone willing to part with wood?	1>2	unknown	Narration	temporal
by the way, anyone willing to part with wood?	you got wheat?	1>2	unknown	Q_Elab	query
you got wheat?	yes	1>2	unknown	Question_answer_pair	query
you got wheat?	give me two for a wood?	1>2	unknown	Q_Elab	query
yes	give me two for a wood?	1>2	unknown	Q_Elab	query
give me two for a wood?	I will give you wheat and ore for wood	1>2	unknown	Contrast	contrast
give me two for a wood?	harsh but alright	1>2	unknown	Question_answer_pair	query
give me two for a wood?	coz you stole my sheep	1>2	unknown	Explanation	explanation
I will give you wheat and ore for wood	when its my turn...	1>2	unknown	Elaboration	elaboration
harsh but alright	cheers	1>2	unknown	Continuation	conjunction
coz you stole my sheep	:)	1>2	unknown	Comment	comment
Oh! OK,	never mind...	1>2	unknown	Continuation	conjunction
never mind...	can anyone trade wood?	1>2	unknown	Continuation	conjunction
can anyone trade wood?	for ore?	1>2	unknown	Elaboration	elaboration
you wanna do that ore and wheat for wood offer?	oh, too late	1>2	unknown	Contrast	contrast
you wanna do that ore and wheat for wood offer?	now you givee me wood?	1>2	unknown	Q_Elab	query
oh, too late	on your next turn mybe	1>2	unknown	Elaboration	elaboration
now you givee me wood?	:D	1>2	unknown	Comment	comment
now you givee me wood?	on your next turn mybe	1>2	unknown	Question_answer_pair	query
can anyone trade wood?	sry	1>2	unknown	Question_answer_pair	query
can anyone trade wood?	can't help you there i'm afraid	1>2	unknown	Question_answer_pair	query
can anyone trade wood?	you wanna do that ore and wheat for wood offer?	1>2	unknown	Q_Elab	query
need ore?	That is I need ore	1>2	unknown	Elaboration	elaboration
need ore?	nah	1>2	unknown	Question_answer_pair	query
need ore?	am I still connected?	1>2	unknown	Clarification_question	query
That is I need ore	and have sheep and wheat to trade	1>2	unknown	Continuation	conjunction
nah	or clay?	1>2	unknown	Q_Elab	query
nah	ah well	1>2	unknown	Acknowledgement	query
am I still connected?	Yeah,	1>2	unknown	Question_answer_pair	query
am I still connected?	i dont know why it isnt rolling	1>2	unknown	Continuation	conjunction
Yeah,	why?	1>2	unknown	Clarification_question	query
i dont know why it isnt rolling	hmm	1>2	unknown	Comment	comment
i dont know why it isnt rolling	is there anything else the client is wanting you to do	1>2	unknown	Q_Elab	query
is there anything else the client is wanting you to do	before you can roll, maybe?	1>2	unknown	Narration	temporal
did you manage to play the turn?	sorry guys... its crazy,	1>2	unknown	Question_answer_pair	query
sorry guys... its crazy,	it just froze for a while	1>2	unknown	Explanation	explanation
ohh, okay.	by the way, does anybody want a sheep?	1>2	unknown	Narration	temporal
by the way, does anybody want a sheep?	i'm looking for one wood.	1>2	unknown	Elaboration	elaboration
by the way, does anybody want a sheep?	sorryt	1>2	unknown	Question_answer_pair	query
by the way, does anybody want a sheep?	Nope,	1>2	unknown	Question_answer_pair	query
by the way, does anybody want a sheep?	no	1>2	unknown	Question_answer_pair	query
sorryt	ahh, oh well	1>2	unknown	Acknowledgement	query
Nope,	no sheep	1>2	unknown	Explanation	explanation
no	ahh, oh well	1>2	unknown	Acknowledgement	query
sorry guys... its crazy,	ohh, okay.	1>2	unknown	Acknowledgement	query
Nope,	ahh, oh well	1>2	unknown	Acknowledgement	query
hey, giving wheat/sheep for wood	both?	1>2	unknown	Q_Elab	query
both?	sure	1>2	unknown	Question_answer_pair	query
sure	okay, thanks!	1>2	unknown	Acknowledgement	query
okay, thanks!	cheers	1>2	unknown	Comment	comment
can anyone trade wheat for clay?	which do you want?	1>2	unknown	Clarification_question	query
which do you want?	wheat	1>2	unknown	Question_answer_pair	query
wheat	:)	1>2	unknown	Comment	comment
wheat	sure	1>2	unknown	Acknowledgement	query
sure	:)	1>2	unknown	Comment	comment
sure	cheers!	1>2	unknown	Comment	comment
does anybody want a wood or a wheat?	yup	1>2	unknown	Question_answer_pair	query
does anybody want a wood or a wheat?	ill take wood	1>2	unknown	Question_answer_pair	query
does anybody want a wood or a wheat?	i could do with a sheep	1>2	unknown	Elaboration	elaboration
i could do with a sheep	if possible...	1<2	unknown	Conditional	condition
yup	ill give you a couple	1>2	unknown	Elaboration	elaboration
ill give you a couple	ill take wheat	1>2	unknown	Continuation	conjunction
i just need one	sheep for a what is fine	1>2	unknown	Acknowledgement	query
ill give you a couple	i just need one	1>2	unknown	Contrast	contrast
anyone want some sheep?	nah	1>2	unknown	Question_answer_pair	query
anyone want some sheep?	no	1>2	unknown	Question_answer_pair	query
anyone want some sheep?	Nope,	1>2	unknown	Question_answer_pair	query
Nope,	i'm okay now	1>2	unknown	Explanation	explanation
anyone want to give me one wheat for one clay?	no	1>2	unknown	Question_answer_pair	query
anyone want to give me one wheat for one clay?	no wheat	1>2	unknown	Question_answer_pair	query
god damn	sorry, I needed it away...	1>2	unknown	Comment	comment
anyone want a sheep	?	1>2	unknown	Continuation	conjunction
for what?	wheat preferably	1>2	unknown	Question_answer_pair	query
wheat preferably	dont have that :D	1>2	unknown	Contrast	contrast
wheat preferably	anything else is fine	1>2	unknown	Contrast	contrast
dont have that :D	anything else is fine	1>2	unknown	Result	causal
anything else is fine	wood?	1>2	unknown	Q_Elab	query
wood?	yer sure	1>2	unknown	Question_answer_pair	query
yer sure	then go ahead	1>2	unknown	Result	causal
then go ahead	:)	1>2	unknown	Comment	comment
anyone want a sheep	sry	1>2	unknown	Question_answer_pair	query
anyone want a sheep	for what?	1>2	unknown	Q_Elab	query
oops	where is my sheep??	1>2	unknown	Contrast	contrast
where is my sheep??	:D	1>2	unknown	Comment	comment
where is my sheep??	i may have clicked done instead of trade....	1>2	unknown	Question_answer_pair	query
i may have clicked done instead of trade....	:)	1>2	unknown	Comment	comment
i may have clicked done instead of trade....	I will trade with you when its my turn,	1>2	unknown	Result	causal
I will trade with you when its my turn,	okay?	1>2	unknown	Continuation	conjunction
you can hav it on your turn	:)	1>2	unknown	Comment	comment
I will trade with you when its my turn,	i've done that in practice so many times!	1>2	unknown	Comment	comment
I will trade with you when its my turn,	you can hav it on your turn	1>2	unknown	Question_answer_pair	query
i will give a sheep for a clay	anyone up for that?	1>2	unknown	Continuation	conjunction
nope	(I would,	1>2	unknown	Elaboration	elaboration
or a wheat actually	i have neither	1>2	unknown	Question_answer_pair	query
or a wheat actually	(I would,	1>2	unknown	Question_answer_pair	query
or a wheat actually	sorry	1>2	unknown	Question_answer_pair	query
(I would,	but I have nothing...)	1>2	unknown	Elaboration	elaboration
i will give a sheep for a clay	nah	1>2	unknown	Question_answer_pair	query
i will give a sheep for a clay	nope	1>2	unknown	Question_answer_pair	query
i will give a sheep for a clay	or a wheat actually	1>2	unknown	Correction	contrast
i will give a sheep for a clay	i have neither	1>2	unknown	Question_answer_pair	query
(I would,	true :)	1>2	unknown	Acknowledgement	query
amy? still want wheat for a sheep?	yup	1>2	unknown	Question_answer_pair	query
amy? still want wheat for a sheep?	and can anyone give me ore for wheat?	1>2	unknown	Continuation	conjunction
and can anyone give me ore for wheat?	ill giv you ore for clay	1>2	unknown	Q_Elab	query
ill giv you ore for clay	if I had it...	1>2	unknown	Question_answer_pair	query
can anybody give me an ore?	nope, no ore...	1>2	unknown	Question_answer_pair	query
can anybody give me an ore?	i can offer one wood.	1>2	unknown	Continuation	conjunction
oh no! thats my place IG!	:D	1>2	unknown	Comment	comment
oh no! thats my place IG!	oops ;)	1>2	unknown	Comment	comment
that was mine! :(	you can still build along the way though...	1>2	unknown	Contrast	contrast
you can still build along the way though...	but i can't get the port now...	1>2	unknown	Contrast	contrast
but i can't get the port now...	oh well.	1>2	unknown	Comment	comment
anyone want sheep for wehat or wood?	yep	1>2	unknown	Question_answer_pair	query
anyone want sheep for wehat or wood?	no i mean i want to give a sheep	1>2	unknown	Elaboration	elaboration
yep	wheat	1>2	unknown	Elaboration	elaboration
wheat	(I am giving the wheat though...)	1>2	unknown	Contrast	contrast
(I am giving the wheat though...)	sorry	1>2	unknown	Comment	comment
sorry	no wood :D	1>2	unknown	Explanation	explanation
sorry	no i mean i want to give a sheep	1>2	unknown	Correction	contrast
yep	oh	1>2	unknown	Acknowledgement	query
need clay or wood,	giving ore	1>2	unknown	Elaboration	elaboration
need clay or wood,	i have a wood	1>2	unknown	Question_answer_pair	query
i have a wood	would that be enough for you?	1>2	unknown	Q_Elab	query
would that be enough for you?	cheers	1>2	unknown	Question_answer_pair	query
anyone has ore?	i only just got the one i have...	1>2	unknown	Question_answer_pair	query
anyone has ore?	Ive got nothing...	1>2	unknown	Question_answer_pair	query
anyone has ore?	amy? do you have ore?	1>2	unknown	Q_Elab	query
i only just got the one i have...	so i'd like to hold onto it!	1>2	unknown	Result	causal
amy? do you have ore?	i have one	1>2	unknown	Question_answer_pair	query
amy? do you have ore?	ore needed :D	1>2	unknown	Explanation	explanation
i have one	if you gave me two of something	1<2	unknown	Conditional	condition
i only just got the one i have...	oh well	1>2	unknown	Acknowledgement	query
i have one	I hope someone will roll well	1>2	unknown	Comment	comment
anyone want sheep	?	1>2	unknown	Continuation	conjunction
usual offer	:)	1>2	unknown	Comment	comment
anyone want sheep	usual offer	1>2	unknown	Elaboration	elaboration
anyone want sheep	sorry	1>2	unknown	Question_answer_pair	query
anyone want sheep	I may, in my turn...	1>2	unknown	Question_answer_pair	query
anyone want sheep	i'm not needing sheep right now	1>2	unknown	Question_answer_pair	query
okay, do you people have ore?	nope	1>2	unknown	Question_answer_pair	query
okay, do you people have ore?	what are you offering?	1>2	unknown	Q_Elab	query
what are you offering?	how much do you have?	1>2	unknown	Q_Elab	query
how much do you have?	1	1>2	unknown	Question_answer_pair	query
1	actually, sorry, im going to hang on to it	1>2	unknown	Correction	contrast
actually, sorry, im going to hang on to it	you might not have the choice :D I	1>2	unknown	Contrast	contrast
you might not have the choice :D I	haha ouch	1>2	unknown	Comment	comment
haha ouch	saw that coming	1>2	unknown	Comment	comment
boo	nice one.	1>2	unknown	Continuation	conjunction
nice one.	:D	1>2	unknown	Continuation	conjunction
how many games do we have left to play then?	I have to play two more	1>2	unknown	Question_answer_pair	query
how many games do we have left to play then?	i have three still to play	1>2	unknown	Question_answer_pair	query
how many games do we have left to play then?	do we all have to play four?	1>2	unknown	Clarification_question	query
well done!	i could see you were getting close	1>2	unknown	Elaboration	elaboration
I have to play two more	do we all have to play four?	1>2	unknown	Clarification_question	query
i have three still to play	do we all have to play four?	1>2	unknown	Clarification_question	query
do we all have to play four?	we play 4 each yer?	1>2	unknown	Clarification_question	query
do we all have to play four?	yep	1>2	unknown	Question_answer_pair	query
we play 4 each yer?	yep	1>2	unknown	Question_answer_pair	query
yep	i hav only played this one	1>2	unknown	Contrast	contrast
yep	gotcha.	1>2	unknown	Acknowledgement	query
gotcha.	well this kind of time works well for me,	1>2	unknown	Continuation	conjunction
well this kind of time works well for me,	so just let me know :)	1>2	unknown	Result	causal
so just let me know :)	how about tomorrow?	1>2	unknown	Q_Elab	query
so just let me know :)	yer, i can play tomorrow	1>2	unknown	Question_answer_pair	query
yer, i can play tomorrow	how about tomorrow?	1>2	unknown	Q_Elab	query
how about tomorrow?	because I wont be able to for the rest of the week	1>2	unknown	Explanation	explanation
how about tomorrow?	not sure i can do it tomorrow...	1>2	unknown	Question_answer_pair	query
how about tomorrow?	i can any time tomorrow	1>2	unknown	Question_answer_pair	query
not sure i can do it tomorrow...	well, maybe in the afternoon	1>2	unknown	Contrast	contrast
i can any time tomorrow	okay :) will email you	1>2	unknown	Acknowledgement	query
okay :) will email you	thanks for the game	1>2	unknown	Continuation	conjunction
thanks for the game	see you whenever next time is then!	1>2	unknown	Comment	comment
not sure i can do it tomorrow...	okay :) will email you	1>2	unknown	Acknowledgement	query
boo	thanks	1>2	unknown	Comment	comment
boo	how many games do we have left to play then?	1>2	unknown	Clarification_question	query
boo	well done!	1>2	unknown	Acknowledgement	query
i made it!	did the game happen at 7?	1>2	unknown	Background	frame
i made it!	Well, there are three of us, at least...	1>2	unknown	Result	causal
did the game happen at 7?	It didn't, no	1>2	unknown	Question_answer_pair	query
It didn't, no	Nobody turned up apart from sabercat and me	1>2	unknown	Explanation	explanation
Nobody turned up apart from sabercat and me	aww,	1>2	unknown	Comment	comment
Nobody turned up apart from sabercat and me	well im her now!	1>2	unknown	Contrast	contrast
Nobody turned up apart from sabercat and me	its seriosuly annoying,	1>2	unknown	Explanation	explanation
aww,	sorry	1>2	unknown	Comment	comment
well im her now!	:)	1>2	unknown	Comment	comment
well im her now!	*here	1>2	unknown	Correction	contrast
its seriosuly annoying,	i have no interenet	1>2	unknown	Elaboration	elaboration
i have no interenet	and have managed to get to a friends and use her laptop	1>2	unknown	Continuation	conjunction
Why no internet?	i am rabbit sitting for my friend at hers	1>2	unknown	Question_answer_pair	query
i am rabbit sitting for my friend at hers	and he chewed through the adsl cable!	1>2	unknown	Continuation	conjunction
Well, there are three of us, at least...	worth waiting until quarter past?	1>2	unknown	Continuation	conjunction
worth waiting until quarter past?	im happy to	1>2	unknown	Question_answer_pair	query
im happy to	but if no1 comes	1>2	unknown	Contrast	contrast
but if no1 comes	we should play anyway	1>2	unknown	Conditional	condition
i ran through the rain to get here!	:)	1>2	unknown	Comment	comment
i ran through the rain to get here!	Heh	1>2	unknown	Comment	comment
can you guys do tomorow night too?	no	1>2	unknown	Question_answer_pair	query
can you guys do tomorow night too?	or when can you do,	1>2	unknown	Alternation	alternation
can you guys do tomorow night too?	I can't, I'm afraid	1>2	unknown	Question_answer_pair	query
or when can you do,	the game we should have played at 7	1>2	unknown	Elaboration	elaboration
the game we should have played at 7	?	1>2	unknown	Continuation	conjunction
I can't, I'm afraid	Not tomorrow, anyway	1>2	unknown	Elaboration	elaboration
Not tomorrow, anyway	when can you do?	1>2	unknown	Q_Elab	query
when can you do?	i would do later tonight	1>2	unknown	Elaboration	elaboration
i would do later tonight	if we could	1<2	unknown	Conditional	condition
wanna start?	Sure	1>2	unknown	Question_answer_pair	query
aww,	well im her now!	1>2	unknown	Continuation	conjunction
its seriosuly annoying,	Why no internet?	1>2	unknown	Clarification_question	query
i am rabbit sitting for my friend at hers	Ah! Not good!	1>2	unknown	Result	causal
but if no1 comes	i ran through the rain to get here!	1>2	unknown	Elaboration	elaboration
but if no1 comes	can you guys do tomorow night too?	1>2	unknown	Background	frame
but if no1 comes	wanna start?	1>2	unknown	Narration	temporal
i would do later tonight	:)	1>2	unknown	Comment	comment
i would do later tonight	I could do later	1>2	unknown	Question_answer_pair	query
amy, can you trade clay?	for wood or sheep?	1>2	unknown	Q_Elab	query
i only have one and i want it,	sorry	1>2	unknown	Comment	comment
amy, can you trade clay?	i only have one and i want it,	1>2	unknown	Question_answer_pair	query
amy, can you trade clay?	Ugh, I thought I'd built next to clay...	1>2	unknown	Comment	comment
skinny, got some ore?	I have...	1>2	unknown	Question_answer_pair	query
I have...	Trade you an ore for a clay?	1>2	unknown	Q_Elab	query
Trade you an ore for a clay?	will you trade for wood?	1>2	unknown	Q_Elab	query
will you trade for wood?	no clay	1>2	unknown	Explanation	explanation
will you trade for wood?	Got wood,	1>2	unknown	Question_answer_pair	query
Got wood,	thanks	1>2	unknown	Continuation	conjunction
Got wood,	:P	1>2	unknown	Comment	comment
got clay?	Nope	1>2	unknown	Question_answer_pair	query
got clay?	I got clay	1>2	unknown	Elaboration	elaboration
Nope	I got clay	1>2	unknown	Contrast	contrast
I got clay	I know	1>2	unknown	Acknowledgement	query
I got clay	want to trade for the ore...	1>2	unknown	Continuation	conjunction
want to trade for the ore...	:D	1>2	unknown	Comment	comment
want to trade for the ore...	Sure	1>2	unknown	Acknowledgement	query
Sure	so set it up	1>2	unknown	Result	causal
anyone can get wheat?	Meanie!	1>2	unknown	Question_answer_pair	query
anyone can get wheat?	I can	1>2	unknown	Question_answer_pair	query
Meanie!	me?	1>2	unknown	Clarification_question	query
I can	okay,	1>2	unknown	Acknowledgement	query
okay,	for wood or sheep?	1>2	unknown	Continuation	conjunction
for wood or sheep?	I have nothing at the moment :P	1>2	unknown	Question_answer_pair	query
for wood or sheep?	so want sheep or wood?	1>2	unknown	Q_Elab	query
I have nothing at the moment :P	oh, okay	1>2	unknown	Acknowledgement	query
oh, okay	thank you!!!!	1>2	unknown	Continuation	conjunction
anyone want a sheep for some wood?	no	1>2	unknown	Question_answer_pair	query
oh, okay	Heh, you're welcome!	1>2	unknown	Comment	comment
btw, I need to go away for 2 min after I roll, okay?	Sure,	1>2	unknown	Acknowledgement	query
btw, I need to go away for 2 min after I roll, okay?	ok	1>2	unknown	Question_answer_pair	query
you want any sheep or clay?	want some clay?	1>2	unknown	Q_Elab	query
Please	I only have ore to offer	1>2	unknown	Continuation	conjunction
I only have ore to offer	oh...	1>2	unknown	Comment	comment
I only have ore to offer	how much?	1>2	unknown	Q_Elab	query
oh...	how much?	1>2	unknown	Continuation	conjunction
how much?	I have four...	1>2	unknown	Question_answer_pair	query
I have four...	But could do with other materials	1>2	unknown	Continuation	conjunction
well ill give you 3 clay for 3 ore	Hmmm, sounds like a deal	1>2	unknown	Result	causal
Hmmm, sounds like a deal	ADDTIME	1>2	unknown	Result	causal
you want any sheep or clay?	Please	1>2	unknown	Question_answer_pair	query
you want any sheep or clay?	I only have ore to offer	1>2	unknown	Question_answer_pair	query
I have four...	well ill give you 3 clay for 3 ore	1>2	unknown	Result	causal
got wood anyone?	yep, for what?	1>2	unknown	Q_Elab	query
yep, for what?	clay preferably	1>2	unknown	Q_Elab	query
yep, for what?	ore?	1>2	unknown	Q_Elab	query
clay preferably	no way	1>2	unknown	Question_answer_pair	query
no way	ore?	1>2	unknown	Result	causal
ore?	could be	1>2	unknown	Question_answer_pair	query
could be	:)	1>2	unknown	Comment	comment
could be	thanks	1>2	unknown	Acknowledgement	query
:)	?	1>2	unknown	Continuation	conjunction
thanks	yep,	1>2	unknown	Acknowledgement	query
thanks	thank you	1>2	unknown	Acknowledgement	query
yep,	thank you	1>2	unknown	Continuation	conjunction
anyone got wood or ore?	I have ore	1>2	unknown	Question_answer_pair	query
anyone got wood or ore?	me too	1>2	unknown	Question_answer_pair	query
I have ore	me too	1>2	unknown	Parallel	conjunction
I have ore	want to trade for sheep?	1>2	unknown	Q_Elab	query
me too	want to trade for sheep?	1>2	unknown	Q_Elab	query
want to trade for sheep?	No thanks	1>2	unknown	Question_answer_pair	query
want to trade for sheep?	ill give an ore for two sheep	1>2	unknown	Question_answer_pair	query
ill give an ore for two sheep	okay	1>2	unknown	Acknowledgement	query
ill give an ore for two sheep	coz id rather have the ore really...	1>2	unknown	Explanation	explanation
ill give an ore for two sheep	thanks!	1>2	unknown	Comment	comment
anyone has wood?	I do	1>2	unknown	Question_answer_pair	query
I do	how much?	1>2	unknown	Q_Elab	query
how much?	what are you offering?	1>2	unknown	Q_Elab	query
how much?	one,	1>2	unknown	Question_answer_pair	query
what are you offering?	sheep?	1>2	unknown	Q_Elab	query
sheep?	hmmm, one sheep for a wood?	1>2	unknown	Q_Elab	query
hmmm, one sheep for a wood?	yep	1>2	unknown	Question_answer_pair	query
yep	Done	1>2	unknown	Acknowledgement	query
Done	thanks	1>2	unknown	Acknowledgement	query
thanks	You're welcome	1>2	unknown	Comment	comment
anyone has clay?	Also, yes.	1>2	unknown	Question_answer_pair	query
Also, yes.	can you do for another sheep?	1>2	unknown	Q_Elab	query
can you do for another sheep?	or	1>2	unknown	Alternation	alternation
or	two?	1>2	unknown	Continuation	conjunction
Ah, actually, I can't,	sure you can!	1>2	unknown	Correction	contrast
Ah, actually, I can't,	I kinda need it	1>2	unknown	Explanation	explanation
Ah, actually, I can't,	sorry.	1>2	unknown	Comment	comment
sure you can!	I kinda need it	1>2	unknown	Correction	contrast
I kinda need it	Wait	1>2	unknown	Continuation	conjunction
Wait	D:	1>2	unknown	Comment	comment
Wait	What happened?	1>2	unknown	Clarification_question	query
D:	:D	1>2	unknown	Comment	comment
What happened?	monopoly	1>2	unknown	Question_answer_pair	query
monopoly	:(	1>2	unknown	Comment	comment
anyone has wood?	anyone has clay?	1>2	unknown	Parallel	conjunction
can you do for another sheep?	Ah, actually, I can't,	1>2	unknown	Question_answer_pair	query
anyone can trade wheat and ore for a combination of sheep and wood?	and stop rolling the bloody 7!	1>2	unknown	Continuation	conjunction
anyone can trade wheat and ore for a combination of sheep and wood?	Um, nope.	1>2	unknown	Question_answer_pair	query
anyone can trade wheat and ore for a combination of sheep and wood?	anyone wants any number of sheep?	1>2	unknown	Continuation	conjunction
and stop rolling the bloody 7!	I had to discard 3 times already..	1>2	unknown	Explanation	explanation
I had to discard 3 times already..	:D	1>2	unknown	Continuation	conjunction
*sigh*	I might as well give up!	1>2	unknown	Explanation	explanation
I might as well give up!	y?	1>2	unknown	Clarification_question	query
anyone wants any number of sheep?	anyone has clay?	1>2	unknown	Continuation	conjunction
y?	No way of getting clay!	1>2	unknown	Explanation	explanation
anyone has clay?	to trade?	1>2	unknown	Elaboration	elaboration
nope	ah, shame	1>2	unknown	Comment	comment
nope	hopeless!	1>2	unknown	Comment	comment
Nope	hopeless!	1>2	unknown	Comment	comment
hopeless!	You think, sabercat?	1>2	unknown	Q_Elab	query
hopeless!	well if you hadnt blocked me	1>2	unknown	Comment	comment
well if you hadnt blocked me	i might have some!	1>2	unknown	Conditional	condition
anyone got ore?	Nope	1>2	unknown	Question_answer_pair	query
anyone has clay?	nope	1>2	unknown	Question_answer_pair	query
anyone has clay?	Nope	1>2	unknown	Question_answer_pair	query
anyone has clay?	anyone got ore?	1>2	unknown	Continuation	conjunction
well if you hadnt blocked me	:)	1>2	unknown	Comment	comment
nothing to discard?	new one!	1>2	unknown	Comment	comment
Does anyone have any ore?	nope	1>2	unknown	Question_answer_pair	query
Does anyone have any ore?	How about a clay?	1>2	unknown	Q_Elab	query
nope	Hmmm, ok.	1>2	unknown	Acknowledgement	query
Hmmm, ok.	How about a clay?	1>2	unknown	Result	causal
How about a clay?	nope	1>2	unknown	Question_answer_pair	query
How about a clay?	got one	1>2	unknown	Question_answer_pair	query
Oh, sabercat, want to trade a clay for a wheat?	ill give you a wood for a clay?	1>2	unknown	Q_Elab	query
Oh, sabercat, want to trade a clay for a wheat?	yes, skinny, I might	1>2	unknown	Question_answer_pair	query
Oh, sabercat, want to trade a clay for a wheat?	wud u rather wheat or wood?	1>2	unknown	Q_Elab	query
ill give you a wood for a clay?	wud u rather wheat or wood?	1>2	unknown	Alternation	alternation
yes, skinny, I might	when its my turn	1>2	unknown	Elaboration	elaboration
wud u rather wheat or wood?	for a clay?	1>2	unknown	Elaboration	elaboration
Thanks, sabercat	ADDTIME	1>2	unknown	Continuation	conjunction
ADDTIME	*ADDTIME*	1>2	unknown	Continuation	conjunction
*ADDTIME*	:D	1>2	unknown	Comment	comment
:D	:D	1>2	unknown	Comment	comment
yes, skinny, I might	Thanks, sabercat	1>2	unknown	Comment	comment
okay	who wants clay for wheat?	1>2	unknown	Continuation	conjunction
who wants clay for wheat?	Me please	1>2	unknown	Question_answer_pair	query
who wants clay for wheat?	amy?	1>2	unknown	Q_Elab	query
who wants clay for wheat?	Awesome,	1>2	unknown	Comment	comment
who wants clay for wheat?	thanks	1>2	unknown	Acknowledgement	query
Me please	One clay for one wheat	1>2	unknown	Q_Elab	query
One clay for one wheat	Or for an ore	1>2	unknown	Alternation	alternation
Or for an ore	can you trae ore skinny?	1>2	unknown	Clarification_question	query
Awesome,	thanks	1>2	unknown	Continuation	conjunction
thanks	no problem	1>2	unknown	Comment	comment
can you trae ore skinny?	for clay?	1>2	unknown	Q_Elab	query
for clay?	I can...	1>2	unknown	Question_answer_pair	query
I can...	dont!	1>2	unknown	Contrast	contrast
I can...	Not for clay	1>2	unknown	Contrast	contrast
dont!	9 victory points!	1>2	unknown	Explanation	explanation
9 victory points!	I know!	1>2	unknown	Acknowledgement	query
9 victory points!	as if I could finish it!	1>2	unknown	Comment	comment
I know!	cant help her win	1>2	unknown	Comment	comment
cant help her win	:)	1>2	unknown	Comment	comment
cant help her win	probs will anyway :(	1>2	unknown	Contrast	contrast
probs will anyway :(	:P	1>2	unknown	Comment	comment
please no seven,	please no seven...	1>2	unknown	Continuation	conjunction
skinny, wood for clay?	I don't have any,	1>2	unknown	Question_answer_pair	query
skinny, wood for clay?	nnnoooo	1>2	unknown	Comment	comment
I don't have any,	sorry	1>2	unknown	Comment	comment
nnnoooo	:)	1>2	unknown	Comment	comment
amycharl, need any more wood? :P	I can trade wood for wood!	1>2	unknown	Question_answer_pair	query
Congrats	thanks	1>2	unknown	Comment	comment
Congrats	omg!	1>2	unknown	Comment	comment
omg!	what?	1>2	unknown	Clarification_question	query
what?	i literally lost	1>2	unknown	Question_answer_pair	query
i literally lost	coz i pressed done instead of trade	1>2	unknown	Explanation	explanation
sorry	it snot your fault,	1>2	unknown	Comment	comment
stupid thing	boo	1>2	unknown	Comment	comment
Hmmmm, right, wonder if we can get another game done tonight?	im up for one	1>2	unknown	Question_answer_pair	query
Hmmmm, right, wonder if we can get another game done tonight?	well, is there anyone esle who wants to play?	1>2	unknown	Q_Elab	query
Hmmmm, right, wonder if we can get another game done tonight?	shud we just do anyother one	1>2	unknown	Q_Elab	query
it snot your fault,	but grr	1>2	unknown	Comment	comment
it snot your fault,	but grr	1>2	unknown	Contrast	contrast
well, is there anyone esle who wants to play?	quick email around?	1>2	unknown	Q_Elab	query
well, is there anyone esle who wants to play?	shud we just do anyother one	1>2	unknown	Contrast	contrast
well, is there anyone esle who wants to play?	I don't know,	1>2	unknown	Question_answer_pair	query
I don't know,	well, skinny?	1>2	unknown	Clarification_question	query
I don't know,	quick email around?	1>2	unknown	Result	causal
quick email around?	okay,	1>2	unknown	Question_answer_pair	query
quick email around?	yer, do	1>2	unknown	Question_answer_pair	query
okay,	I can wait	1>2	unknown	Continuation	conjunction
yer, do	dmm came in the game at 10	1>2	unknown	Elaboration	elaboration
dmm came in the game at 10	they probs can	1>2	unknown	Result	causal
shud we just do anyother one	if no1 else can?	1<2	unknown	Conditional	condition
nope...	I mean thats not fair	1>2	unknown	Explanation	explanation
I mean thats not fair	and its almost 12 here anyway	1>2	unknown	Continuation	conjunction
well just coz we need them all finished by thurs really	and we could have played the one at 7 and 9	1>2	unknown	Continuation	conjunction
well, thats a problem.	we were supposed to play two today, ... and well...	1>2	unknown	Elaboration	elaboration
they missed them both,	i missed one	1>2	unknown	Background	frame
i missed one	bu tim happy to do it now	1>2	unknown	Contrast	contrast
bu tim happy to do it now	coz we schedlued to play 2,	1>2	unknown	Explanation	explanation
coz we schedlued to play 2,	so it wouldnt be unfair by that means	1>2	unknown	Result	causal
if its too late for you	thats fine	1>2	unknown	Conditional	condition
so you are playing only one on thursday?	i dunno,	1>2	unknown	Question_answer_pair	query
i dunno,	i need to play two more	1>2	unknown	Elaboration	elaboration
I could do one	but I am half asleep.	1>2	unknown	Contrast	contrast
but I am half asleep.	:D	1>2	unknown	Comment	comment
but I am half asleep.	just it would make sense really	1>2	unknown	Contrast	contrast
just it would make sense really	get it out the way	1>2	unknown	Elaboration	elaboration
get it out the way	and its not unfair	1>2	unknown	Continuation	conjunction
well, skinny?	Hmmm, give me ten minutes?	1>2	unknown	Question_answer_pair	query
and its not unfair	coz they missed a game each anyway	1>2	unknown	Explanation	explanation
Hmmm, give me ten minutes?	Flatmate needs to pick courses for next year	1>2	unknown	Explanation	explanation
Hmmm, give me ten minutes?	yer thats finr	1>2	unknown	Question_answer_pair	query
Hmmm, give me ten minutes?	sure	1>2	unknown	Question_answer_pair	query
Flatmate needs to pick courses for next year	and her mac won't do it :P	1>2	unknown	Continuation	conjunction
yer thats finr	*fine	1>2	unknown	Correction	contrast
sure	we can set the new one up in the meantime	1>2	unknown	Continuation	conjunction
we can set the new one up in the meantime	yer, sounds good	1>2	unknown	Acknowledgement	query
we can set the new one up in the meantime	u wanna do that?	1>2	unknown	Clarification_question	query
we can set the new one up in the meantime	come in the new game	1>2	unknown	Narration	temporal
u wanna do that?	iv never done it	1>2	unknown	Explanation	explanation
iv never done it	:)	1>2	unknown	Comment	comment
i literally lost	nnnoooo	1>2	unknown	Comment	comment
i literally lost	D:	1>2	unknown	Comment	comment
i literally lost	:D	1>2	unknown	Comment	comment
i literally lost	stupid thing	1>2	unknown	Comment	comment
i literally lost	Hmmmm, right, wonder if we can get another game done tonight?	1>2	unknown	Narration	temporal
i literally lost	sorry	1>2	unknown	Comment	comment
shud we just do anyother one	I could do one	1>2	unknown	Question_answer_pair	query
shud we just do anyother one	nope...	1>2	unknown	Question_answer_pair	query
shud we just do anyother one	well just coz we need them all finished by thurs really	1>2	unknown	Explanation	explanation
well just coz we need them all finished by thurs really	well, thats a problem.	1>2	unknown	Elaboration	elaboration
well, thats a problem.	they missed them both,	1>2	unknown	Result	causal
coz we schedlued to play 2,	if its too late for you	1>2	unknown	Contrast	contrast
I mean thats not fair	well just coz we need them all finished by thurs really	1>2	unknown	Contrast	contrast
i missed one	so you are playing only one on thursday?	1>2	unknown	Clarification_question	query
I think some of them have played one game only	surely not	1>2	unknown	Correction	contrast
I think some of them have played one game only	oh come one, I will fall asleep!	1>2	unknown	Narration	temporal
I think some of them have played one game only	Sorry that took so long	1>2	unknown	Comment	comment
surely not	iv played two now	1>2	unknown	Explanation	explanation
iv played two now	and i thort i was behind	1>2	unknown	Continuation	conjunction
and i thort i was behind	a couple have been layed without me	1>2	unknown	Continuation	conjunction
Sorry that took so long	okay	1>2	unknown	Acknowledgement	query
oh come one, I will fall asleep!	whats taking him so long?	1>2	unknown	Continuation	conjunction
oh come one, I will fall asleep!	hah	1>2	unknown	Comment	comment
okay	:D	1>2	unknown	Comment	comment
iv played two now	Sorry that took so long	1>2	unknown	Comment	comment
anyone can trade clay	when I give sheep?	1>2	unknown	Elaboration	elaboration
sure	thanks	1>2	unknown	Acknowledgement	query
sure	Wow	1>2	unknown	Comment	comment
anyone can trade clay	sure	1>2	unknown	Question_answer_pair	query
Again?	steal the resources from me!	1>2	unknown	Question_answer_pair	query
steal the resources from me!	You don't have any!	1>2	unknown	Contrast	contrast
You don't have any!	thats why!	1>2	unknown	Explanation	explanation
thats why!	oi	1>2	unknown	Comment	comment
thats why!	XD	1>2	unknown	Comment	comment
oi	:)	1>2	unknown	Comment	comment
XD	skinnylinny rides again!	1>2	unknown	Elaboration	elaboration
Gah	I think they changed	1>2	unknown	Comment	comment
I think they changed	the algorithm	1>2	unknown	Continuation	conjunction
the algorithm	for rolling numbers	1>2	unknown	Continuation	conjunction
What, so I always roll 7?	well,	1>2	unknown	Question_answer_pair	query
well,	its the most probable	1>2	unknown	Continuation	conjunction
I think they changed	What, so I always roll 7?	1>2	unknown	Clarification_question	query
sorry	No worries	1>2	unknown	Acknowledgement	query
No worries	skinny, got sheep?	1>2	unknown	Continuation	conjunction
skinny, got sheep?	Nope	1>2	unknown	Question_answer_pair	query
Nope	Also, neither of you can build a settlement without sheep...	1>2	unknown	Continuation	conjunction
gee	thanks!	1>2	unknown	Continuation	conjunction
thanks!	XD	1>2	unknown	Comment	comment
wanted seven,	got 10?	1>2	unknown	Contrast	contrast
wanted seven,	:P	1>2	unknown	Question_answer_pair	query
Argh	Didn't mean to do that	1>2	unknown	Explanation	explanation
Didn't mean to do that	But my buying things were greyed out	1>2	unknown	Explanation	explanation
oh come on... enough of no resources	sabercat: Got wood?	1>2	unknown	Narration	temporal
sabercat: Got wood?	nope	1>2	unknown	Question_answer_pair	query
sabercat: Got wood?	yer	1>2	unknown	Question_answer_pair	query
sabercat: Got wood?	only one tho	1>2	unknown	Question_answer_pair	query
yer	only one tho	1>2	unknown	Contrast	contrast
whats happening?	Oh, sorry	1>2	unknown	Question_answer_pair	query
whats happening?	anyone got a sheep?	1>2	unknown	Q_Elab	query
Oh, sorry	"Thought I'd hit ""Done"""	1>2	unknown	Explanation	explanation
anyone got a sheep?	nope	1>2	unknown	Question_answer_pair	query
anyone got a sheep?	Nope	1>2	unknown	Question_answer_pair	query
anyone got a sheep?	noone has sheep :D	1>2	unknown	Comment	comment
nope	noone has sheep :D	1>2	unknown	Comment	comment
Nope	noone has sheep :D	1>2	unknown	Comment	comment
Oh, sorry	:D	1>2	unknown	Comment	comment
Wait what?	a 5 and a 6?	1>2	unknown	Elaboration	elaboration
huh?	I rolled a 5 and a 6, apparently.	1>2	unknown	Question_answer_pair	query
I rolled a 5 and a 6, apparently.	what?	1>2	unknown	Clarification_question	query
what?	it gave you bad resources?	1>2	unknown	Elaboration	elaboration
N	*No	1>2	unknown	Correction	contrast
"It normally says ""rolled a 11"""	oh, the numbers add up to eleven	1>2	unknown	Comment	comment
oh, the numbers add up to eleven	it does for us... it said you rolled 11	1>2	unknown	Elaboration	elaboration
"It said ""5 and a 6"" for me"	didyou notice there was no nine ever?	1>2	unknown	Clarification_question	query
"It said ""5 and a 6"" for me"	oh you, citybuilders!	1>2	unknown	Comment	comment
didyou notice there was no nine ever?	theres your 9	1>2	unknown	Question_answer_pair	query
didyou notice there was no nine ever?	and a whole round with no resource added	1>2	unknown	Continuation	conjunction
theres your 9	yey!	1>2	unknown	Acknowledgement	query
theres your 9	thank sou!	1>2	unknown	Comment	comment
theres your 9	people got wood or clay?	1>2	unknown	Continuation	conjunction
thank sou!	*you!	1>2	unknown	Correction	contrast
people got wood or clay?	Nope	1>2	unknown	Question_answer_pair	query
people got wood or clay?	I got them,	1>2	unknown	Question_answer_pair	query
people got wood or clay?	what are you offering?	1>2	unknown	Q_Elab	query
I got them,	what are you offering?	1>2	unknown	Q_Elab	query
what are you offering?	(must be really good!)	1>2	unknown	Elaboration	elaboration
UMM	not that! :D	1>2	unknown	Contrast	contrast
not that! :D	XD	1>2	unknown	Comment	comment
not that! :D	Lol	1>2	unknown	Comment	comment
not that! :D	I have a friend who has a house rule:	1>2	unknown	Explanation	explanation
ore?	dont need that	1>2	unknown	Question_answer_pair	query
dont need that	you want a sheep?	1>2	unknown	Q_Elab	query
I have a friend who has a house rule:	"""No sexual favours for in-game advantages"""	1>2	unknown	Elaboration	elaboration
you want a sheep?	ah, forget it.	1>2	unknown	Question_answer_pair	query
ah, forget it.	you have nothing to offer	1>2	unknown	Explanation	explanation
well what do you want?	nothing.	1>2	unknown	Question_answer_pair	query
nothing.	I wont give it to you,	1>2	unknown	Explanation	explanation
I wont give it to you,	because you are up to something evil	1>2	unknown	Explanation	explanation
am i?	what do you mean?	1>2	unknown	Elaboration	elaboration
what do you mean?	I mean, nine resources,	1>2	unknown	Question_answer_pair	query
I mean, nine resources,	you can probably trade with port...	1>2	unknown	Elaboration	elaboration
you can probably trade with port...	i can,	1>2	unknown	Acknowledgement	query
i can,	but i want a wood and a clay,	1>2	unknown	Contrast	contrast
but i want a wood and a clay,	so if i get one	1>2	unknown	Result	causal
so if i get one	ill trade for the other	1>2	unknown	Conditional	condition
Wait what?	huh?	1>2	unknown	Clarification_question	query
what?	N	1>2	unknown	Question_answer_pair	query
N	"It normally says ""rolled a 11"""	1>2	unknown	Elaboration	elaboration
oh, the numbers add up to eleven	"It said ""5 and a 6"" for me"	1>2	unknown	Contrast	contrast
what are you offering?	UMM	1>2	unknown	Comment	comment
what are you offering?	ore?	1>2	unknown	Q_Elab	query
ah, forget it.	well what do you want?	1>2	unknown	Q_Elab	query
I wont give it to you,	am i?	1>2	unknown	Clarification_question	query
so if i get one	:D	1>2	unknown	Comment	comment
so if i get one	move on	1>2	unknown	Continuation	conjunction
amy: You want clay?	yup	1>2	unknown	Question_answer_pair	query
yup	Got any ore?	1>2	unknown	Q_Elab	query
Got any ore?	i do	1>2	unknown	Question_answer_pair	query
i do	clay for an ore?	1>2	unknown	Q_Elab	query
clay for an ore?	Make it two?	1>2	unknown	Q_Elab	query
Make it two?	nah,	1>2	unknown	Question_answer_pair	query
Make it two?	:D	1>2	unknown	Comment	comment
Make it two?	dont trade!	1>2	unknown	Comment	comment
nah,	ill just wait	1>2	unknown	Elaboration	elaboration
dont trade!	she has too many resources!	1>2	unknown	Explanation	explanation
she has too many resources!	But then I can get them	1>2	unknown	Contrast	contrast
nah,	:D	1>2	unknown	Comment	comment
why the five?	I mean its 7, 8 or 5 this game,	1>2	unknown	Elaboration	elaboration
I mean its 7, 8 or 5 this game,	its getting annoying having none of them! :D	1>2	unknown	Result	causal
anyone got wheat?	Yup	1>2	unknown	Question_answer_pair	query
Yup	want ore?	1>2	unknown	Q_Elab	query
want ore?	yes?	1>2	unknown	Q_Elab	query
yes?	no?	1>2	unknown	Alternation	alternation
No	thanks	1>2	unknown	Comment	comment
how about two ores?	Nope	1>2	unknown	Question_answer_pair	query
Nope	clay?	1>2	unknown	Q_Elab	query
Nope	clay and ore?	1>2	unknown	Q_Elab	query
clay?	Nope,	1>2	unknown	Question_answer_pair	query
clay and ore?	please?	1>2	unknown	Clarification_question	query
clay and ore?	Nope,	1>2	unknown	Question_answer_pair	query
Nope,	got them	1>2	unknown	Explanation	explanation
yes?	No	1>2	unknown	Question_answer_pair	query
No	okay,	1>2	unknown	Acknowledgement	query
No	how about two ores?	1>2	unknown	Q_Elab	query
Nope,	ah, all right	1>2	unknown	Acknowledgement	query
hello?	Argh, sorry	1>2	unknown	Question_answer_pair	query
Argh, sorry	Other flatmate just arrived back from work	1>2	unknown	Explanation	explanation
Other flatmate just arrived back from work	:)	1>2	unknown	Acknowledgement	query
nooo!	why Amy, why?	1>2	unknown	Elaboration	elaboration
why Amy, why?	why not ore?	1>2	unknown	Clarification_question	query
why not ore?	or something else?	1>2	unknown	Alternation	alternation
why not ore?	i didnt choose	1>2	unknown	Question_answer_pair	query
skinny?	something?	1>2	unknown	Clarification_question	query
something?	Huh?	1>2	unknown	Clarification_question	query
Huh?	your turn still!	1>2	unknown	Question_answer_pair	query
your turn still!	Oh!	1>2	unknown	Acknowledgement	query
your turn still!	and watch it please!!!	1>2	unknown	Continuation	conjunction
Oh!	Does anyone have any wood?	1>2	unknown	Continuation	conjunction
Does anyone have any wood?	no	1>2	unknown	Question_answer_pair	query
and watch it please!!!	Sorry	1>2	unknown	Comment	comment
anyone can trade sheep for ore?	(I give ore..)	1>2	unknown	Elaboration	elaboration
I can	How many sheep do you want?	1>2	unknown	Q_Elab	query
How many sheep do you want?	will you get two for an ore?	1>2	unknown	Q_Elab	query
will you get two for an ore?	Huh?	1>2	unknown	Clarification_question	query
will you get two for an ore?	give	1>2	unknown	Correction	contrast
will you get two for an ore?	I'd rather get two ore for two sheep	1>2	unknown	Question_answer_pair	query
Huh?	give	1>2	unknown	Question_answer_pair	query
give	sorry...	1>2	unknown	Comment	comment
I'd rather get two ore for two sheep	thanks	1>2	unknown	Acknowledgement	query
thanks	welcome	1>2	unknown	Acknowledgement	query
anyone can trade sheep for ore?	I can	1>2	unknown	Question_answer_pair	query
anyone can trade sheep for ore?	nope	1>2	unknown	Question_answer_pair	query
oh crap :D	Hehehe	1>2	unknown	Comment	comment
oh crap :D	Oh well	1>2	unknown	Comment	comment
oh crap :D	anyone got clay?	1>2	unknown	Narration	temporal
anyone got clay?	Sorry	1>2	unknown	Question_answer_pair	query
yey!	good one!	1>2	unknown	Elaboration	elaboration
good one!	:D	1>2	unknown	Comment	comment
good one!	Thanks guys	1>2	unknown	Acknowledgement	query
Thanks guys	well done	1>2	unknown	Acknowledgement	query
Thanks guys	(well, girls)	1>2	unknown	Correction	contrast
Thanks guys	okay,	1>2	unknown	Acknowledgement	query
well done	okay,	1>2	unknown	Acknowledgement	query
okay,	so play the last game on thursday..	1>2	unknown	Continuation	conjunction
so play the last game on thursday..	RIght,	1>2	unknown	Acknowledgement	query
RIght,	and on that note, it's time for bed!	1>2	unknown	Continuation	conjunction
and on that note, it's time for bed!	night :)	1>2	unknown	Comment	comment
and on that note, it's time for bed!	well.. its 1 here	1>2	unknown	Explanation	explanation
night :)	Night!	1>2	unknown	Comment	comment
night :)	night!	1>2	unknown	Comment	comment
night :)	Take care, all.	1>2	unknown	Continuation	conjunction
well.. its 1 here	:D	1>2	unknown	Comment	comment
well.. its 1 here	Night!	1>2	unknown	Comment	comment
Night!	night!	1>2	unknown	Comment	comment
night!	Take care, all.	1>2	unknown	Continuation	conjunction
Hi	hi	1>2	unknown	Acknowledgement	query
hi	finally	1>2	unknown	Comment	comment
finally	who else is playing	1>2	unknown	Clarification_question	query
who else is playing	Kieran should be coming	1>2	unknown	Question_answer_pair	query
who else is playing	hi	1>2	unknown	Acknowledgement	query
Kieran should be coming	and Carina	1>2	unknown	Continuation	conjunction
and Carina	but she probably won't be able to	1>2	unknown	Contrast	contrast
she said	we can play without her	1>2	unknown	Continuation	conjunction
hi	hey	1>2	unknown	Acknowledgement	query
ok	we start??	1>2	unknown	Clarification_question	query
hey	good luck all	1>2	unknown	Narration	temporal
good luck all	if she appears	1>2	unknown	Narration	temporal
if she appears	we can restart	1>2	unknown	Conditional	condition
and Carina	she said	1>2	unknown	Continuation	conjunction
she said	ok	1>2	unknown	Acknowledgement	query
she said	if she appears	1>2	unknown	Contrast	contrast
she said	hi	1>2	unknown	Acknowledgement	query
if she appears	yah sure	1>2	unknown	Acknowledgement	query
does anyone need sheep	i need wood	1>2	unknown	Elaboration	elaboration
I've got some wood	you want to trade??	1>2	unknown	Q_Elab	query
you want to trade??	yeah sure	1>2	unknown	Question_answer_pair	query
yeah sure	thank you so much	1>2	unknown	Acknowledgement	query
thank you so much	thanks	1>2	unknown	Acknowledgement	query
does anyone need sheep	not got wood, sorry	1>2	unknown	Question_answer_pair	query
does anyone need sheep	I've got some wood	1>2	unknown	Question_answer_pair	query
does anyone have any clay to trade?	not me,	1>2	unknown	Question_answer_pair	query
does anyone have any clay to trade?	no clay...	1>2	unknown	Question_answer_pair	query
not me,	sorry	1>2	unknown	Comment	comment
no clay...	sry	1>2	unknown	Comment	comment
not me,	cool :)	1>2	unknown	Acknowledgement	query
no clay...	cool :)	1>2	unknown	Acknowledgement	query
does anyone have any wheat to trade?	I've got sheep	1>2	unknown	Elaboration	elaboration
i no need sheep	but i need ore or clay	1>2	unknown	Contrast	contrast
yeah,	same here :)	1>2	unknown	Elaboration	elaboration
does anyone have any wheat to trade?	nope,	1>2	unknown	Question_answer_pair	query
does anyone have any wheat to trade?	i no need sheep	1>2	unknown	Question_answer_pair	query
i no need sheep	yeah,	1>2	unknown	Parallel	conjunction
does any one have any wheat to trade?	i do,	1>2	unknown	Question_answer_pair	query
does any one have any wheat to trade?	i have	1>2	unknown	Question_answer_pair	query
i do,	what do you have?	1>2	unknown	Q_Elab	query
what do you have?	I've sheep or wood	1>2	unknown	Question_answer_pair	query
i have	but i need ore or clay	1>2	unknown	Elaboration	elaboration
I've sheep or wood	trade for wood?	1>2	unknown	Q_Elab	query
I've sheep or wood	same here	1>2	unknown	Parallel	conjunction
you still there?	when do you think we should call it a day	1>2	unknown	Clarification_question	query
you still there?	sry was eating dinner	1>2	unknown	Explanation	explanation
when do you think we should call it a day	if yiin remains absent?	1<2	unknown	Conditional	condition
how long has it been,	about 15 minutes?	1>2	unknown	Elaboration	elaboration
oh	never mind	1>2	unknown	Elaboration	elaboration
oh ... nevermind	sry was eating dinner	1>2	unknown	Explanation	explanation
sry was eating dinner	no worries	1>2	unknown	Acknowledgement	query
when do you think we should call it a day	how long has it been,	1>2	unknown	Q_Elab	query
how long has it been,	oh	1>2	unknown	Correction	contrast
does anyone have clay or ore to trade,	I have plenty sheep	1>2	unknown	Elaboration	elaboration
i have a clay,	trade for sheep?	1>2	unknown	Elaboration	elaboration
does anyone have clay or ore to trade,	no sorry	1>2	unknown	Question_answer_pair	query
does anyone have clay or ore to trade,	i have a clay,	1>2	unknown	Question_answer_pair	query
i have a clay,	cool	1>2	unknown	Question_answer_pair	query
i have lots of ore and sheep,	anyone got wheat?	1>2	unknown	Elaboration	elaboration
i have	i need clay or ore	1>2	unknown	Continuation	conjunction
don't have wheat to spare	but plenty sheep or wood,	1>2	unknown	Contrast	contrast
but plenty sheep or wood,	I need clay or ore as well	1>2	unknown	Continuation	conjunction
i have lots of ore and sheep,	i have	1>2	unknown	Question_answer_pair	query
i have lots of ore and sheep,	don't have wheat to spare	1>2	unknown	Question_answer_pair	query
don't have wheat to spare	sorry	1>2	unknown	Comment	comment
i have	ore it is then	1>2	unknown	Result	causal
so does anyone have any clay or ore?	i got ore	1>2	unknown	Question_answer_pair	query
i got ore	i need clay or wood	1>2	unknown	Elaboration	elaboration
i got ore	I can give you some wood.	1>2	unknown	Result	causal
i got ore	thanks	1>2	unknown	Comment	comment
don't suppose anyone has any clay to trade,	got plenty wood	1>2	unknown	Elaboration	elaboration
don't suppose anyone has any clay to trade,	need mine, sorry	1>2	unknown	Question_answer_pair	query
does anyone have clay or wood	i have clay,	1>2	unknown	Question_answer_pair	query
i have clay,	do you have wheat?	1>2	unknown	Q_Elab	query
i have clay,	i've got clay,	1>2	unknown	Elaboration	elaboration
do you have wheat?	i got lots of wheat	1>2	unknown	Question_answer_pair	query
i got lots of wheat	good	1>2	unknown	Acknowledgement	query
good	thank you	1>2	unknown	Acknowledgement	query
i've got clay,	not wood	1>2	unknown	Contrast	contrast
thank you	thank you too	1>2	unknown	Acknowledgement	query
i've got clay,	sry my bet	1>2	unknown	Comment	comment
I have sheep to trade	if anyone has ore or clay	1<2	unknown	Conditional	condition
sorry, not here	ok	1>2	unknown	Acknowledgement	query
i need my clay sorry	ok	1>2	unknown	Acknowledgement	query
I have sheep to trade	sorry, not here	1>2	unknown	Question_answer_pair	query
I have sheep to trade	i need my clay sorry	1>2	unknown	Question_answer_pair	query
does anyone have wood??	i do,	1>2	unknown	Question_answer_pair	query
i do,	you got sheep?	1>2	unknown	Q_Elab	query
i do,	thank you so much	1>2	unknown	Acknowledgement	query
you got sheep?	I do	1>2	unknown	Question_answer_pair	query
you got sheep?	yes	1>2	unknown	Question_answer_pair	query
I do	yes	1>2	unknown	Parallel	conjunction
I do	( i also have sheep)	1>2	unknown	Elaboration	elaboration
yes	( i also have sheep)	1>2	unknown	Parallel	conjunction
thank you so much	and you	1>2	unknown	Acknowledgement	query
does anyone have any sheep,	can trade a clay	1>2	unknown	Elaboration	elaboration
does anyone have any sheep,	no sheep, sorry	1>2	unknown	Question_answer_pair	query
does anyone have any sheep,	no sorry	1>2	unknown	Question_answer_pair	query
anyone have any ore	not me,	1>2	unknown	Question_answer_pair	query
anyone have any ore	no sorry	1>2	unknown	Question_answer_pair	query
anyone have wood?	i can give clay, sheep or wheat	1>2	unknown	Elaboration	elaboration
anyone have wood?	no wood sorry	1>2	unknown	Question_answer_pair	query
can anyone trade me ore for sheep	sorry, only got one	1>2	unknown	Question_answer_pair	query
can anyone trade me ore for sheep	unless you have 2 woods, i cant trade my ore	1>2	unknown	Question_answer_pair	query
unless you have 2 woods, i cant trade my ore	how about 1 wood 1 sheep?	1>2	unknown	Q_Elab	query
how about 1 wood 1 sheep?	yah sure	1>2	unknown	Question_answer_pair	query
does anyone got clay or wood.....	i got sheeps and wheat	1>2	unknown	Elaboration	elaboration
i have clay,	i'll trade for sheep	1>2	unknown	Elaboration	elaboration
I have wood.	trade for wheat?	1>2	unknown	Elaboration	elaboration
yah sure	thanks	1>2	unknown	Acknowledgement	query
does anyone got clay or wood.....	i have clay,	1>2	unknown	Question_answer_pair	query
does anyone got clay or wood.....	I have wood.	1>2	unknown	Question_answer_pair	query
i have clay,	oh ok sure	1>2	unknown	Acknowledgement	query
i have clay,	ADDTIME	1>2	unknown	Continuation	conjunction
I have wood.	yah sure	1>2	unknown	Question_answer_pair	query
does anyone have any clay to trade?	i do	1>2	unknown	Question_answer_pair	query
i do	got ore or wood?	1>2	unknown	Q_Elab	query
got ore or wood?	wood	1>2	unknown	Question_answer_pair	query
wood	cool	1>2	unknown	Acknowledgement	query
cool	thanks	1>2	unknown	Acknowledgement	query
thanks	you too	1>2	unknown	Acknowledgement	query
does anyone got wood	yeah	1>2	unknown	Question_answer_pair	query
yeah	what do you need	1>2	unknown	Q_Elab	query
what do you need	do you have ore	1>2	unknown	Q_Elab	query
do you have ore	no srry	1>2	unknown	Question_answer_pair	query
do you have ore	i need the same	1>2	unknown	Parallel	conjunction
no srry	haha,	1>2	unknown	Acknowledgement	query
haha,	i need the same	1>2	unknown	Elaboration	elaboration
i need the same	sorry	1>2	unknown	Comment	comment
anyone have clay to trade?	nope,	1>2	unknown	Question_answer_pair	query
anyone have clay to trade?	no sorry	1>2	unknown	Question_answer_pair	query
does anyone have wood	yeah	1>2	unknown	Question_answer_pair	query
what do you need	clay or ore	1>2	unknown	Question_answer_pair	query
clay or ore	thank you	1>2	unknown	Acknowledgement	query
thank you	thanks	1>2	unknown	Acknowledgement	query
thanks	does anyone actually have any ore?	1>2	unknown	Continuation	conjunction
does anyone actually have any ore?	i can give anything else for it	1>2	unknown	Elaboration	elaboration
no	since 9 and 12 are seldom seen	1>2	unknown	Explanation	explanation
I don't,	sorry	1>2	unknown	Comment	comment
wow, didn't realise i was that close	good game	1>2	unknown	Comment	comment
wow, didn't realise i was that close	yeah pretty close,	1>2	unknown	Acknowledgement	query
good game	gg	1>2	unknown	Acknowledgement	query
good game	great game	1>2	unknown	Acknowledgement	query
good game	cheers all, see you next time	1>2	unknown	Narration	temporal
gg	great game	1>2	unknown	Acknowledgement	query
cheers all, see you next time	see you :)	1>2	unknown	Comment	comment
does anyone actually have any ore?	no	1>2	unknown	Question_answer_pair	query
does anyone actually have any ore?	I don't,	1>2	unknown	Question_answer_pair	query
does anyone actually have any ore?	wow, didn't realise i was that close	1>2	unknown	Comment	comment
no	i need a 9	1>2	unknown	Continuation	conjunction
hey, like the room name	indeed.	1>2	unknown	Acknowledgement	query
evening	hopefully I can net my first win	1>2	unknown	Continuation	conjunction
hopefully I can net my first win	you must be doing pretty well?	1>2	unknown	Clarification_question	query
you must be doing pretty well?	i think it's between me and kieran for the extravagant prize,	1>2	unknown	Question_answer_pair	query
i think it's between me and kieran for the extravagant prize,	not sure exactly how it works though	1>2	unknown	Contrast	contrast
best of luck so	£20, is it?	1>2	unknown	Clarification_question	query
best of luck so	cheers	1>2	unknown	Acknowledgement	query
£20, is it?	yep	1>2	unknown	Question_answer_pair	query
yep	would be quite nice	1>2	unknown	Comment	comment
would be quite nice	if you win,	1>2	unknown	Continuation	conjunction
if you win,	we'll all have had a win	1>2	unknown	Conditional	condition
that would be a nice ending	indeed.	1>2	unknown	Acknowledgement	query
indeed.	what's happened to carina lately?	1>2	unknown	Clarification_question	query
what's happened to carina lately?	not sure,	1>2	unknown	Question_answer_pair	query
what's happened to carina lately?	a few weeks ago she said she was away travelling somewhere, and that we could play without	1>2	unknown	Question_answer_pair	query
not sure,	a few weeks ago she said she was away travelling somewhere, and that we could play without	1>2	unknown	Contrast	contrast
a few weeks ago she said she was away travelling somewhere, and that we could play without	haven't heard from her since	1>2	unknown	Contrast	contrast
a few weeks ago she said she was away travelling somewhere, and that we could play without	*without her if necessary	1>2	unknown	Correction	contrast
ok,	fair enough.	1>2	unknown	Elaboration	elaboration
elusive German :P	haha, indeed	1>2	unknown	Acknowledgement	query
elusive German :P	http://www.youtube.com/watch?v=aGSKrC7dGcY	1>2	unknown	Narration	temporal
http://www.youtube.com/watch?v=aGSKrC7dGcY	tune	1>2	unknown	Continuation	conjunction
like it	think i'll play it throughout the game	1>2	unknown	Result	causal
think i'll play it throughout the game	haha, nice.	1>2	unknown	Comment	comment
I'm a bit weird when it comes to music.	most of my favourite artists are from the 80's/90's	1>2	unknown	Explanation	explanation
heh that's not too weird really,	music's taken a bad turn recently	1>2	unknown	Explanation	explanation
music's taken a bad turn recently	very true	1>2	unknown	Acknowledgement	query
music's taken a bad turn recently	i'm sort of a classical musician,	1>2	unknown	Elaboration	elaboration
i'm sort of a classical musician,	but i respect popular music from the time in which it was actually	1>2	unknown	Contrast	contrast
but i respect popular music from the time in which it was actually	*actually musical	1>2	unknown	Correction	contrast
What do you play?	I play some piano	1>2	unknown	Background	frame
What do you play?	i play trumpet	1>2	unknown	Question_answer_pair	query
I play some piano	what level are you?	1>2	unknown	Clarification_question	query
I play some piano	cool,	1>2	unknown	Acknowledgement	query
i play trumpet	and piano very poorly	1>2	unknown	Continuation	conjunction
i play trumpet	Trumpet sounds great though.	1>2	unknown	Comment	comment
what level are you?	quite mediocre.	1>2	unknown	Question_answer_pair	query
quite mediocre.	Grade 5 or 6.	1>2	unknown	Elaboration	elaboration
Trumpet sounds great though.	and yeah trumpet's great fun	1>2	unknown	Acknowledgement	query
nice, no shame in that all	enough to impress people	1>2	unknown	Continuation	conjunction
one more tune for you	http://www.youtube.com/watch?v=xwtdhWltSIg&feature=related	1>2	unknown	Elaboration	elaboration
one more tune for you	haha i like this,	1>2	unknown	Question_answer_pair	query
http://www.youtube.com/watch?v=xwtdhWltSIg&feature=related	what classical composers do you like?	1>2	unknown	Continuation	conjunction
what classical composers do you like?	i mostly like late romantic /20th century composers,	1>2	unknown	Question_answer_pair	query
haha i like this,	we played an arrangement of this in my brass band this year	1>2	unknown	Continuation	conjunction
we played an arrangement of this in my brass band this year	sweet.	1>2	unknown	Acknowledgement	query
we played an arrangement of this in my brass band this year	any chance that's on youtube?	1>2	unknown	Clarification_question	query
sweet.	any chance that's on youtube?	1>2	unknown	Clarification_question	query
any chance that's on youtube?	can't find it sadly	1>2	unknown	Question_answer_pair	query
i mostly like late romantic /20th century composers,	my favourite is shostakovich	1>2	unknown	Elaboration	elaboration
how about you?	Most German/Austrian composers from the 18th/19th centuries.	1>2	unknown	Question_answer_pair	query
how about you?	I don't know if you know John Field.	1>2	unknown	Question_answer_pair	query
Most German/Austrian composers from the 18th/19th centuries.	I particularly like Wagner and Bach.	1>2	unknown	Elaboration	elaboration
Most German/Austrian composers from the 18th/19th centuries.	Rachmaninov also has some beautiful piano works	1>2	unknown	Parallel	conjunction
I particularly like Wagner and Bach.	haha nice,	1>2	unknown	Acknowledgement	query
Rachmaninov also has some beautiful piano works	And Sibelius.	1>2	unknown	Parallel	conjunction
And Sibelius.	I like him too.	1>2	unknown	Continuation	conjunction
haha nice,	yeah wagner's awesome	1>2	unknown	Elaboration	elaboration
yeah wagner's awesome	particularly for a brass player	1>2	unknown	Elaboration	elaboration
I don't know if you know John Field.	He was an Irish composer	1>2	unknown	Elaboration	elaboration
He was an Irish composer	so I'm quite proud of him too.	1>2	unknown	Result	causal
so I'm quite proud of him too.	Some gr	1>2	unknown	Elaboration	elaboration
Some gr	Some great piano work	1>2	unknown	Correction	contrast
doesn't look like Kieran's coming	indeed, that's a problem	1>2	unknown	Acknowledgement	query
indeed, that's a problem	any response from him at all?	1>2	unknown	Clarification_question	query
any response from him at all?	i'll send an e-mail just on the off-chance he's online but forgotten	1>2	unknown	Question_answer_pair	query
i'll send an e-mail just on the off-chance he's online but forgotten	he definitely said he could play before	1>2	unknown	Explanation	explanation
he definitely said he could play before	if we can't do it tonight,	1>2	unknown	Continuation	conjunction
if we can't do it tonight,	our last hope really is that we can play it on wednesday	1>2	unknown	Conditional	condition
our last hope really is that we can play it on wednesday	if we're allowed to	1<2	unknown	Conditional	condition
unfortunately, I won't be able.	ah	1>2	unknown	Acknowledgement	query
But if you want to do so,	please go ahead.	1>2	unknown	Conditional	condition
well it would be a shame to exclude you,	since you showed up today and all	1>2	unknown	Explanation	explanation
ah god, I'd be online anyway, trust me.	I have six windows open at once here	1>2	unknown	Elaboration	elaboration
to be honest i think the fairest thing would be for us to play it now without him	well,	1>2	unknown	Acknowledgement	query
well,	we can start.	1>2	unknown	Elaboration	elaboration
if he comes,	we can restart.	1>2	unknown	Conditional	condition
OK,	good luck	1>2	unknown	Continuation	conjunction
good luck	you too	1>2	unknown	Continuation	conjunction
you too	:)	1>2	unknown	Comment	comment
i think it's between me and kieran for the extravagant prize,	best of luck so	1>2	unknown	Comment	comment
if you win,	that would be a nice ending	1>2	unknown	Comment	comment
a few weeks ago she said she was away travelling somewhere, and that we could play without	ok,	1>2	unknown	Acknowledgement	query
a few weeks ago she said she was away travelling somewhere, and that we could play without	elusive German :P	1>2	unknown	Comment	comment
a few weeks ago she said she was away travelling somewhere, and that we could play without	doesn't look like Kieran's coming	1>2	unknown	Narration	temporal
http://www.youtube.com/watch?v=aGSKrC7dGcY	like it	1>2	unknown	Comment	comment
http://www.youtube.com/watch?v=aGSKrC7dGcY	I'm a bit weird when it comes to music.	1>2	unknown	Explanation	explanation
http://www.youtube.com/watch?v=aGSKrC7dGcY	one more tune for you	1>2	unknown	Continuation	conjunction
I'm a bit weird when it comes to music.	heh that's not too weird really,	1>2	unknown	Result	causal
i'm sort of a classical musician,	What do you play?	1>2	unknown	Clarification_question	query
i'm sort of a classical musician,	what classical composers do you like?	1>2	unknown	Clarification_question	query
quite mediocre.	I enjoy it though	1>2	unknown	Contrast	contrast
quite mediocre.	nice, no shame in that all	1>2	unknown	Acknowledgement	query
i mostly like late romantic /20th century composers,	how about you?	1>2	unknown	Clarification_question	query
haha nice,	yep.	1>2	unknown	Acknowledgement	query
I don't know if you know John Field.	ah, no i haven't heard of him	1>2	unknown	Question_answer_pair	query
if we can't do it tonight,	unfortunately, I won't be able.	1>2	unknown	Contrast	contrast
if we can't do it tonight,	But if you want to do so,	1>2	unknown	Contrast	contrast
But if you want to do so,	As I said, I don't mind at this stage	1>2	unknown	Background	frame
But if you want to do so,	well it would be a shame to exclude you,	1>2	unknown	Comment	comment
well it would be a shame to exclude you,	ah god, I'd be online anyway, trust me.	1>2	unknown	Contrast	contrast
well it would be a shame to exclude you,	to be honest i think the fairest thing would be for us to play it now without him	1>2	unknown	Continuation	conjunction
well,	if he comes,	1>2	unknown	Continuation	conjunction
well,	yep, that sounds fair	1>2	unknown	Acknowledgement	query
well,	OK,	1>2	unknown	Acknowledgement	query
if he comes,	yep, that sounds fair	1>2	unknown	Acknowledgement	query
And Sibelius.	There are too many. :P	1>2	unknown	Comment	comment
And Sibelius.	I don't know if you know John Field.	1>2	unknown	Continuation	conjunction
got sheep by any chance?	i can give clay or ore	1>2	unknown	Elaboration	elaboration
sorry,	I've only clay	1>2	unknown	Explanation	explanation
I've only clay	damn, more clay	1>2	unknown	Continuation	conjunction
got sheep by any chance?	sorry,	1>2	unknown	Question_answer_pair	query
sorry,	no worries	1>2	unknown	Acknowledgement	query
you've only one resource,	is it sheep or wood?	1>2	unknown	Clarification_question	query
is it sheep or wood?	by any chance	1>2	unknown	Continuation	conjunction
it's wood	want clay?	1>2	unknown	Q_Elab	query
you're in luck,	it's wood	1<2	unknown	Comment	comment
want clay?	sure	1>2	unknown	Question_answer_pair	query
sure	thank you	1>2	unknown	Acknowledgement	query
thank you	you too	1>2	unknown	Acknowledgement	query
is it sheep or wood?	it's wood	1>2	unknown	Question_answer_pair	query
I can give clay or wheat for a sheep?	wheat would be good	1>2	unknown	Question_answer_pair	query
wheat would be good	cheers	1>2	unknown	Continuation	conjunction
cheers	thank you again	1>2	unknown	Acknowledgement	query
got any wood?	I have clay	1>2	unknown	Elaboration	elaboration
sorry,	i have nothing but clay	1>2	unknown	Explanation	explanation
usually we're all desperately wanting clay	so true	1>2	unknown	Acknowledgement	query
sorry,	np	1>2	unknown	Acknowledgement	query
sorry,	usually we're all desperately wanting clay	1>2	unknown	Background	frame
got any wood?	sorry,	1>2	unknown	Question_answer_pair	query
sorry,	nobody else to steal from...	1>2	unknown	Explanation	explanation
nobody else to steal from...	haha, i understand	1>2	unknown	Acknowledgement	query
enough clay already!!	ooh, ore, thank you	1>2	unknown	Comment	comment
ooh, ore, thank you	the novely of ore is fast wearing off	1>2	unknown	Contrast	contrast
the novely of ore is fast wearing off	haha	1>2	unknown	Acknowledgement	query
do you have any wheat or wood?	i can give anything else	1>2	unknown	Elaboration	elaboration
do you have any wheat or wood?	Sorry :(	1>2	unknown	Question_answer_pair	query
have you any wheat?	fraid not	1>2	unknown	Question_answer_pair	query
fraid not	oh now i do,	1>2	unknown	Contrast	contrast
oh now i do,	do you have wood?	1>2	unknown	Q_Elab	query
do you have wood?	sorry,	1>2	unknown	Question_answer_pair	query
sorry,	I don't. :(	1>2	unknown	Explanation	explanation
sorry,	ore and sheep are all I have	1>2	unknown	Elaboration	elaboration
any clay?	I can spare ore or sheep?	1>2	unknown	Elaboration	elaboration
any clay?	yep	1>2	unknown	Question_answer_pair	query
I can spare ore or sheep?	trade for ore?	1>2	unknown	Q_Elab	query
yep	i've got clay,	1>2	unknown	Elaboration	elaboration
trade for ore?	thanks	1>2	unknown	Question_answer_pair	query
thanks	and you	1>2	unknown	Acknowledgement	query
yep	trade for ore?	1>2	unknown	Q_Elab	query
any wheat?	nope,	1>2	unknown	Question_answer_pair	query
I can give a clay or wheat for sheep?	i don't think i can afford to make any trades with you in this situ	1>2	unknown	Question_answer_pair	query
i don't think i can afford to make any trades with you in this situ	situation	1>2	unknown	Correction	contrast
I thought so.	That's no problem, my man ;)	1>2	unknown	Contrast	contrast
i don't think i can afford to make any trades with you in this situ	I thought so.	1>2	unknown	Acknowledgement	query
haha, at the risk of being rude,	i don't think i can afford to make any trades with you in this situ	1<2	unknown	Background	frame
well played!	thank you.	1>2	unknown	Acknowledgement	query
well played!	I was seriously worried I couldn't get that last point	1>2	unknown	Contrast	contrast
I was seriously worried I couldn't get that last point	and I saw your collection of cards building up	1>2	unknown	Continuation	conjunction
and I saw your collection of cards building up	haha, yeah i got very lucky with the VP cards	1>2	unknown	Acknowledgement	query
haha, yeah i got very lucky with the VP cards	would have been quite a cheap victory	1>2	unknown	Contrast	contrast
haha, yeah i got very lucky with the VP cards	I kept searching for one	1>2	unknown	Comment	comment
I kept searching for one	but I kept getting stupid soldiers :P	1>2	unknown	Contrast	contrast
but I kept getting stupid soldiers :P	haha, could tell	1>2	unknown	Acknowledgement	query
good game though	yep it was	1>2	unknown	Acknowledgement	query
yep it was	well,	1>2	unknown	Continuation	conjunction
well,	thanks for all your commitment	1>2	unknown	Elaboration	elaboration
i've enjoyed this	Me too, hope you get the £20!	1>2	unknown	Parallel	conjunction
Me too, hope you get the £20!	Haha, fingers crossed!	1>2	unknown	Acknowledgement	query
Haha, fingers crossed!	cheers, maybe see you again in another season of this, or elsewhere	1>2	unknown	Narration	temporal
cheers, maybe see you again in another season of this, or elsewhere	ciao.	1>2	unknown	Continuation	conjunction
ciao.	best of luck with your future in brass :P	1>2	unknown	Continuation	conjunction
heh cheers, and best of luck with whatever you do	see you	1>2	unknown	Continuation	conjunction
I was seriously worried I couldn't get that last point	good game though	1>2	unknown	Contrast	contrast
well,	i've enjoyed this	1>2	unknown	Continuation	conjunction
ciao.	heh cheers, and best of luck with whatever you do	1>2	unknown	Acknowledgement	query
ok,	good luck	1>2	unknown	Continuation	conjunction
good luck	likewise	1>2	unknown	Parallel	conjunction
anyone have a clay to spare?	I have wood, wheat and sheep	1>2	unknown	Elaboration	elaboration
anyone have a clay to spare?	no	1>2	unknown	Question_answer_pair	query
anyone have a clay to spare?	not got any,	1>2	unknown	Question_answer_pair	query
not got any,	sorry	1>2	unknown	Comment	comment
sorry	that's fine	1>2	unknown	Acknowledgement	query
anyone got sheep...	i got ore	1>2	unknown	Elaboration	elaboration
anyone got sheep...	i do	1>2	unknown	Question_answer_pair	query
anyone got clay...	i got wood and wheat	1>2	unknown	Elaboration	elaboration
anyone got clay...	nope	1>2	unknown	Question_answer_pair	query
anyone got clay...	no,	1>2	unknown	Question_answer_pair	query
sorry,	nope	1<2	unknown	Comment	comment
anyone got clay	i got wood	1>2	unknown	Elaboration	elaboration
anyone got clay	still no,	1>2	unknown	Question_answer_pair	query
still no,	sorry	1>2	unknown	Comment	comment
who got clay	me,	1>2	unknown	Question_answer_pair	query
who got clay	do you have wood?	1>2	unknown	Q_Elab	query
who got clay	I've literally only one sheep	1>2	unknown	Question_answer_pair	query
me,	do you have wood?	1>2	unknown	Continuation	conjunction
do you have wood?	yes	1>2	unknown	Question_answer_pair	query
yes	tons of it	1>2	unknown	Elaboration	elaboration
anyone have clay?	I have sheep and wood	1>2	unknown	Elaboration	elaboration
i'll trade for sheep	deal	1>2	unknown	Acknowledgement	query
anyone have clay?	i'll trade for sheep	1>2	unknown	Question_answer_pair	query
anyone got ore??	nope	1>2	unknown	Question_answer_pair	query
anyone got ore??	nope,	1>2	unknown	Question_answer_pair	query
anyone got ore??	i got wood and sheep	1>2	unknown	Elaboration	elaboration
nope	oh ok	1>2	unknown	Acknowledgement	query
nope,	oh ok	1>2	unknown	Acknowledgement	query
anyone got wheat or ore	sorry. :(	1>2	unknown	Question_answer_pair	query
anyone got wheat or ore	i got sheep and wood	1>2	unknown	Elaboration	elaboration
anyone got wheat or ore	i have ore now	1>2	unknown	Question_answer_pair	query
i got sheep and wood	wood?	1>2	unknown	Q_Elab	query
i have ore now	wood?	1>2	unknown	Result	causal
i have ore now	thank you	1>2	unknown	Comment	comment
thank you	you too	1>2	unknown	Continuation	conjunction
I'm not getting anything from these rolls :P	lol	1>2	unknown	Comment	comment
anyone have ore?	i have wood	1>2	unknown	Elaboration	elaboration
i have plenty	sure	1>2	unknown	Result	causal
thanks	you too	1>2	unknown	Parallel	conjunction
anyone have ore?	i have plenty	1>2	unknown	Question_answer_pair	query
anyone have ore?	no	1>2	unknown	Question_answer_pair	query
i have plenty	thanks	1>2	unknown	Comment	comment
anyone have wheat?	I have sheep and clay	1>2	unknown	Elaboration	elaboration
anyone have wheat?	nope	1>2	unknown	Question_answer_pair	query
anyone have wheat?	nope,	1>2	unknown	Question_answer_pair	query
sorry	it's cool	1>2	unknown	Acknowledgement	query
sorry to ask again.	anyone got wheat?	1>2	unknown	Contrast	contrast
anyone got wheat?	I have sheep, clay and ore	1>2	unknown	Elaboration	elaboration
anyone got wheat?	i got	1>2	unknown	Question_answer_pair	query
anyone got wheat?	but you have ore??	1>2	unknown	Q_Elab	query
i got	but you have ore??	1>2	unknown	Contrast	contrast
but you have ore??	yeah	1>2	unknown	Question_answer_pair	query
yeah	then it is a deal	1>2	unknown	Result	causal
then it is a deal	ty	1>2	unknown	Comment	comment
ty	np	1>2	unknown	Comment	comment
anyone got ore	i got wheat and wood	1>2	unknown	Elaboration	elaboration
anyone got ore	no,	1>2	unknown	Question_answer_pair	query
anyone got ore	sorry,	1>2	unknown	Question_answer_pair	query
no,	not now	1>2	unknown	Elaboration	elaboration
sorry,	need my one	1>2	unknown	Explanation	explanation
anyone have ore?	no,	1>2	unknown	Question_answer_pair	query
anyone have ore?	same here	1>2	unknown	Question_answer_pair	query
anyone have ore?	i'm drowning in clay	1>2	unknown	Elaboration	elaboration
i'm drowning in clay	and wood	1>2	unknown	Continuation	conjunction
no,	same here	1>2	unknown	Parallel	conjunction
anyone have wood?	I have sheep	1>2	unknown	Elaboration	elaboration
anyone got ore or wheat?	I have sheep	1>2	unknown	Elaboration	elaboration
anyone got ore or wheat?	no	1>2	unknown	Question_answer_pair	query
anyone got ore or wheat?	sorry	1>2	unknown	Question_answer_pair	query
Anyone got wheat?	I have sheep	1>2	unknown	Elaboration	elaboration
Anyone got wheat?	none,	1>2	unknown	Question_answer_pair	query
Anyone got wheat?	i got lots of it	1>2	unknown	Question_answer_pair	query
none,	sorry	1>2	unknown	Comment	comment
i got lots of it	thank you	1>2	unknown	Comment	comment
bravo	first time i win this	1>2	unknown	Comment	comment
first time i win this	I haven't won yet :(	1>2	unknown	Contrast	contrast
first time i win this	well done yiin	1>2	unknown	Comment	comment
I haven't won yet :(	:)\	1>2	unknown	Comment	comment
I haven't won yet :(	except in practise games	1>2	unknown	Background	frame
well done yiin	thank you	1>2	unknown	Comment	comment
well maybe tonight will be your night	what time tonight?	1>2	unknown	Narration	temporal
well maybe tonight will be your night	yah	1>2	unknown	Acknowledgement	query
what time tonight?	is 10 OK?	1>2	unknown	Q_Elab	query
what time tonight?	i could not play.....	1>2	unknown	Question_answer_pair	query
is 10 OK?	or would you prefer earlier?	1>2	unknown	Alternation	alternation
10 is ok	until then	1>2	unknown	Result	causal
10 is ok	cool	1>2	unknown	Acknowledgement	query
cool	see you then	1>2	unknown	Result	causal
see you then	cheers michael	1>2	unknown	Comment	comment
i could not play.....	my battery only got 21 minutes of gameplay	1>2	unknown	Explanation	explanation
that's fine,	you've done all your games now	1>2	unknown	Explanation	explanation
cheers michael	see you around	1>2	unknown	Continuation	conjunction
I haven't won yet :(	well maybe tonight will be your night	1>2	unknown	Contrast	contrast
is 10 OK?	10 is ok	1>2	unknown	Question_answer_pair	query
i could not play.....	that's fine,	1>2	unknown	Contrast	contrast
that's fine,	thank you for this opportunity	1>2	unknown	Comment	comment
Hey LJ	hi,	1>2	unknown	Acknowledgement	query
hi,	how's things?	1>2	unknown	Clarification_question	query
how's things?	hope we'll get full 4player games in this season ;)	1>2	unknown	Elaboration	elaboration
hope we'll get full 4player games in this season ;)	hopefully!	1>2	unknown	Acknowledgement	query
hopefully!	would make a change	1>2	unknown	Elaboration	elaboration
would make a change	i have a new computer,	1>2	unknown	Continuation	conjunction
i have a new computer,	so hopefully less buggy	1>2	unknown	Result	causal
I'm on a work laptop ;)	expect I'll be ok too :D	1>2	unknown	Result	causal
hey	hello!	1>2	unknown	Acknowledgement	query
hey	hi	1>2	unknown	Acknowledgement	query
hey	all 4, great!	1>2	unknown	Result	causal
hello!	halloo!	1>2	unknown	Continuation	conjunction
hi	all 4, great!	1>2	unknown	Result	causal
halloo!	Hi!	1>2	unknown	Continuation	conjunction
all 4, great!	good luck all	1>2	unknown	Continuation	conjunction
good luck all	good luck!	1>2	unknown	Continuation	conjunction
Hi!	I'm new to the online league,	1>2	unknown	Continuation	conjunction
I'm new to the online league,	so still getting used to this board, etc!	1>2	unknown	Result	causal
it took us a while too	Haha, hopefully not too long ;)	1>2	unknown	Contrast	contrast
Haha, hopefully not too long ;)	at least we'll each get 4 games to relearn it :D	1>2	unknown	Contrast	contrast
at least we'll each get 4 games to relearn it :D	playing with 4 people means not many options!	1>2	unknown	Continuation	conjunction
playing with 4 people means not many options!	yeah,	1>2	unknown	Acknowledgement	query
playing with 4 people means not many options!	we only had 3 player games in the last league	1>2	unknown	Continuation	conjunction
playing with 4 people means not many options!	it's way more fun this way	1>2	unknown	Comment	comment
yeah,	indeed!	1>2	unknown	Continuation	conjunction
indeed!	we only had 3 player games in the last league	1>2	unknown	Explanation	explanation
we only had 3 player games in the last league	except one	1>2	unknown	Contrast	contrast
same in our league	it's way more fun this way	1>2	unknown	Comment	comment
i have a new computer,	cool cool	1>2	unknown	Acknowledgement	query
i have a new computer,	I'm on a work laptop ;)	1>2	unknown	Parallel	conjunction
i have a new computer,	hey	1>2	unknown	Continuation	conjunction
I'm on a work laptop ;)	hey	1>2	unknown	Continuation	conjunction
I'm new to the online league,	no worries!	1>2	unknown	Acknowledgement	query
I'm new to the online league,	no worries,	1>2	unknown	Acknowledgement	query
I'm new to the online league,	it took us a while too	1>2	unknown	Parallel	conjunction
Just so you know,	I'm new to the online league,	1<2	unknown	Background	frame
we only had 3 player games in the last league	same in our league	1>2	unknown	Parallel	conjunction
anyone got clay they'd trade?	nope	1>2	unknown	Question_answer_pair	query
anyone got clay they'd trade?	Sure,	1>2	unknown	Question_answer_pair	query
anyone got clay they'd trade?	got any wood?	1>2	unknown	Q_Elab	query
Sure,	got any wood?	1>2	unknown	Q_Elab	query
got any wood?	sheep or wheat to trade, am afraid	1>2	unknown	Question_answer_pair	query
sheep or wheat to trade, am afraid	Ah, no then, sorry	1>2	unknown	Result	causal
Ah, no then, sorry	no worries!	1>2	unknown	Acknowledgement	query
anyone for clay?	(got)	1>2	unknown	Correction	contrast
will trade sheep or wheat	?	1>2	unknown	Continuation	conjunction
clay for wheat	1 for 1?	1>2	unknown	Q_Elab	query
1 for 1?	Yep	1>2	unknown	Question_answer_pair	query
Yep	deal	1>2	unknown	Acknowledgement	query
deal	the deal mechanism's a bit clunky	1>2	unknown	Comment	comment
the deal mechanism's a bit clunky	but i got the hang of it towards the end last season	1>2	unknown	Contrast	contrast
its ok when you get used to it	the key is to make sure you've checked the right colour box :D	1>2	unknown	Contrast	contrast
anyone for clay?	afraid not	1>2	unknown	Question_answer_pair	query
anyone for clay?	will trade sheep or wheat	1>2	unknown	Elaboration	elaboration
will trade sheep or wheat	nope	1>2	unknown	Question_answer_pair	query
will trade sheep or wheat	clay for wheat	1>2	unknown	Question_answer_pair	query
the deal mechanism's a bit clunky	its ok when you get used to it	1>2	unknown	Comment	comment
the deal mechanism's a bit clunky	the key is to make sure you've checked the right colour box :D	1>2	unknown	Contrast	contrast
some people traded generously and to the wrong people ;)	haha	1>2	unknown	Acknowledgement	query
some people traded generously and to the wrong people ;)	ooops	1>2	unknown	Comment	comment
some people traded generously and to the wrong people ;)	I think we ended up reasonably even didn't we?	1>2	unknown	Comment	comment
haha	how do you buy development cards?	1>2	unknown	Clarification_question	query
how do you buy development cards?	at the bottom, acard	1>2	unknown	Question_answer_pair	query
how do you buy development cards?	"click the buy button next to ""card"""	1>2	unknown	Question_answer_pair	query
I think we ended up reasonably even didn't we?	yeah	1>2	unknown	Question_answer_pair	query
"click the buy button next to ""card"""	that has changed,	1>2	unknown	Correction	contrast
"click the buy button next to ""card"""	you can only buy	1>2	unknown	Elaboration	elaboration
"click the buy button next to ""card"""	Ah, I see!	1>2	unknown	Acknowledgement	query
that has changed,	it used to say development card	1>2	unknown	Elaboration	elaboration
when text is black	which means you have enough resources	1>2	unknown	Elaboration	elaboration
you can only buy	when text is black	1<2	unknown	Conditional	condition
Ah, I see!	I was only looking only in my little box	1>2	unknown	Elaboration	elaboration
you can only buy	Ah, I see!	1>2	unknown	Acknowledgement	query
anyone have clay?	nada	1>2	unknown	Question_answer_pair	query
anyone have clay?	not any more	1>2	unknown	Question_answer_pair	query
anyone have clay?	Yep.	1>2	unknown	Question_answer_pair	query
anyone have clay?	What do you have?	1>2	unknown	Q_Elab	query
nada	sorry	1>2	unknown	Comment	comment
sorry,	not any more	1<2	unknown	Comment	comment
Yep.	What do you have?	1>2	unknown	Q_Elab	query
What do you have?	wheat	1>2	unknown	Question_answer_pair	query
wheat	lots of wheat	1>2	unknown	Elaboration	elaboration
(I only seem to ever have caly.	Lots of clay)	1>2	unknown	Elaboration	elaboration
2 for 2?	Haha, wheat is the one thing I don't want	1>2	unknown	Question_answer_pair	query
Haha, wheat is the one thing I don't want	Sorry	1>2	unknown	Comment	comment
Haha, wheat is the one thing I don't want	I hate this button!	1>2	unknown	Comment	comment
I hate this button!	did you 'done' too soon, LJ?	1>2	unknown	Clarification_question	query
did you 'done' too soon, LJ?	again	1>2	unknown	Question_answer_pair	query
again	as always	1>2	unknown	Elaboration	elaboration
it is painfully close to all the other buttons	ambiguous buttons...	1>2	unknown	Elaboration	elaboration
ah, i always do that too	thinking it means 'done' with the trade	1>2	unknown	Explanation	explanation
thinking it means 'done' with the trade	ambiguous buttons...	1>2	unknown	Comment	comment
thinking it means 'done' with the trade	ambiguous buttons...	1>2	unknown	Acknowledgement	query
wheat	(I only seem to ever have caly.	1>2	unknown	Parallel	conjunction
wheat	lots of 8s recently...	1>2	unknown	Explanation	explanation
(I only seem to ever have caly.	lots of 8s recently...	1>2	unknown	Explanation	explanation
(I only seem to ever have caly.	2 for 2?	1>2	unknown	Q_Elab	query
(I only seem to ever have caly.	CCG, I may be interested later :)	1>2	unknown	Question_answer_pair	query
again	it is painfully close to all the other buttons	1>2	unknown	Explanation	explanation
again	ah, i always do that too	1>2	unknown	Parallel	conjunction
CCG rolling in clay!	Haha	1>2	unknown	Comment	comment
CCG rolling in clay!	Something else might be nice ...	1>2	unknown	Contrast	contrast
could i get one of your many clays CCG?	can give you sheep or wood	1>2	unknown	Elaboration	elaboration
clay for wood	1 for 1	1>2	unknown	Elaboration	elaboration
cool	cheers!	1>2	unknown	Continuation	conjunction
cheers!	:)	1>2	unknown	Acknowledgement	query
could i get one of your many clays CCG?	clay for wood	1>2	unknown	Question_answer_pair	query
clay for wood	cool	1>2	unknown	Acknowledgement	query
clay for wood	consummate execution on the trade :D	1>2	unknown	Comment	comment
anyone got a sheep?	can offer a wheat	1>2	unknown	Elaboration	elaboration
nope	no problemo	1>2	unknown	Acknowledgement	query
sorry,	think i need mine	1<2	unknown	Comment	comment
think i need mine	no problemo	1>2	unknown	Acknowledgement	query
anyone got a sheep?	think i need mine	1>2	unknown	Question_answer_pair	query
anyone got a sheep?	sorry	1>2	unknown	Question_answer_pair	query
anyone got a sheep?	only inca	1>2	unknown	Question_answer_pair	query
only inca	and he's holding his	1>2	unknown	Continuation	conjunction
and he's holding his	and the closest I'm at is my avatar	1>2	unknown	Continuation	conjunction
and the closest I'm at is my avatar	which i think is a cloud, actually	1>2	unknown	Elaboration	elaboration
which i think is a cloud, actually	(a sheep with no legs)	1>2	unknown	Elaboration	elaboration
which i think is a cloud, actually	haha	1>2	unknown	Comment	comment
which i think is a cloud, actually	its better than some of them.... :p	1>2	unknown	Comment	comment
(a sheep with no legs)	haha, ok	1>2	unknown	Comment	comment
its better than some of them.... :p	lol	1>2	unknown	Comment	comment
its better than some of them.... :p	it looks like a very... intoxicated cloud	1>2	unknown	Continuation	conjunction
it looks like a very... intoxicated cloud	maybe it's laughing gas	1>2	unknown	Comment	comment
anyone got anything they'd trade for wheat?	i can offer wheat :D	1>2	unknown	Elaboration	elaboration
i can offer wheat :D	loads of wheat	1>2	unknown	Question_answer_pair	query
i can offer wheat :D	don't need any,	1>2	unknown	Question_answer_pair	query
i can offer wheat :D	we all seem to have a surfeit.	1>2	unknown	Result	causal
i can offer wheat :D	yep i've got plenty now too,	1>2	unknown	Question_answer_pair	query
loads of wheat	we all seem to have a surfeit.	1>2	unknown	Result	causal
don't need any,	sorry	1>2	unknown	Comment	comment
don't need any,	we all seem to have a surfeit.	1>2	unknown	Result	causal
we all seem to have a surfeit.	yep i've got plenty now too,	1>2	unknown	Parallel	conjunction
we all seem to have a surfeit.	harvests are good	1>2	unknown	Explanation	explanation
yep i've got plenty now too,	sorry	1>2	unknown	Comment	comment
anyone got clay?	nope	1>2	unknown	Question_answer_pair	query
anyone got clay?	afraid not	1>2	unknown	Question_answer_pair	query
anyone got clay?	not to trade,	1>2	unknown	Question_answer_pair	query
not to trade,	sorry	1>2	unknown	Comment	comment
not to trade,	not even for an ore?	1>2	unknown	Q_Elab	query
not even for an ore?	oooh	1>2	unknown	Question_answer_pair	query
oooh	you have me, go on	1>2	unknown	Elaboration	elaboration
1 for 1?	sure thing	1>2	unknown	Question_answer_pair	query
sure thing	many thanks,	1>2	unknown	Elaboration	elaboration
many thanks,	hope that was mutually beneficial :)	1>2	unknown	Continuation	conjunction
oooh	1 for 1?	1>2	unknown	Elaboration	elaboration
If a 7 doesn't come up, it will be ...	i like it when trading helps all	1>2	unknown	Comment	comment
If a 7 doesn't come up, it will be ...	anyone have clay?	1>2	unknown	Continuation	conjunction
anyone have clay?	i'm clayless, apologies	1>2	unknown	Question_answer_pair	query
anyone have clay?	sorry lj, still got none	1>2	unknown	Question_answer_pair	query
anyone have clay?	i've no clay to trade (Really, this time)	1>2	unknown	Question_answer_pair	query
anyone have clay?	yeah lol	1>2	unknown	Question_answer_pair	query
yeah lol	want wheat?	1>2	unknown	Q_Elab	query
yeah lol	i'm clayless, apologies	1>2	unknown	Correction	contrast
want wheat?	your coffers runneth over	1>2	unknown	Comment	comment
i'm clayless, apologies	[clueless]	1>2	unknown	Comment	comment
any one got a sheep?	nope	1>2	unknown	Question_answer_pair	query
any one got a sheep?	no	1>2	unknown	Question_answer_pair	query
any one got a sheep?	i am without resource or recourse	1>2	unknown	Question_answer_pair	query
ouch	:(	1>2	unknown	Comment	comment
:(	boo	1>2	unknown	Comment	comment
:(	anyone have sheep or clay?	1>2	unknown	Continuation	conjunction
anyone have sheep or clay?	Not anymore	1>2	unknown	Question_answer_pair	query
anyone have sheep or clay?	i need my one clay,	1>2	unknown	Question_answer_pair	query
anyone have sheep or clay?	Thank goodness for all the clay ...	1>2	unknown	Comment	comment
i need my one clay,	sorry	1>2	unknown	Comment	comment
CCG so wealthy!	kerching	1>2	unknown	Elaboration	elaboration
SO MUCH CLAY	i'll trade 2 clay for 2 ore, ccg?	1>2	unknown	Q_Elab	query
be careful...	wouldnt want to loose to a robber	1>2	unknown	Explanation	explanation
i'll trade 2 clay for 2 ore, ccg?	Don't need ore, sorru	1>2	unknown	Question_answer_pair	query
Don't need ore, sorru	okey dokey	1>2	unknown	Acknowledgement	query
okey dokey	no prob	1>2	unknown	Continuation	conjunction
CCG so wealthy!	SO MUCH CLAY	1>2	unknown	Acknowledgement	query
CCG so wealthy!	be careful...	1>2	unknown	Contrast	contrast
anyone got wheat?	I'll give wood or clay	1>2	unknown	Elaboration	elaboration
yes	clay please	1>2	unknown	Elaboration	elaboration
1 wheat for 1 clay	clay please	1>2	unknown	Parallel	conjunction
1 wheat for 1 clay	snap	1>2	unknown	Comment	comment
1 wheat for 1 clay	sorry gotty!	1>2	unknown	Acknowledgement	query
clay please	ah ha	1>2	unknown	Comment	comment
clay please	snap	1>2	unknown	Comment	comment
snap	:p	1>2	unknown	Comment	comment
snap	flip a coin, inca :)	1>2	unknown	Result	causal
sorry gotty!	im less of a threat :p	1>2	unknown	Comment	comment
sorry gotty!	it's cool,	1>2	unknown	Acknowledgement	query
sorry gotty!	flip a coin, inca :)	1>2	unknown	Result	causal
it's cool,	LJ said yeah first	1>2	unknown	Explanation	explanation
LJ said yeah first	yeah	1>2	unknown	Acknowledgement	query
yeah	i'll go with the first one,	1>2	unknown	Elaboration	elaboration
i'll go with the first one,	sorry about that	1>2	unknown	Comment	comment
anyone got wheat?	yes	1>2	unknown	Question_answer_pair	query
anyone got wheat?	1 wheat for 1 clay	1>2	unknown	Question_answer_pair	query
anyone want to trade clay for something?	nope	1>2	unknown	Question_answer_pair	query
anyone want to trade clay for something?	have you still got ore?	1>2	unknown	Q_Elab	query
have you still got ore?	i'll trade 1 for 1	1>2	unknown	Elaboration	elaboration
anyone else?	not me	1>2	unknown	Question_answer_pair	query
anyone else?	i'd hunger for another	1>2	unknown	Explanation	explanation
anyone else?	need my other one	1>2	unknown	Question_answer_pair	query
not me	kk	1>2	unknown	Acknowledgement	query
sorry,	need my other one	1<2	unknown	Comment	comment
need my other one	kk	1>2	unknown	Acknowledgement	query
have you still got ore?	anyone else?	1>2	unknown	Q_Elab	query
have you still got ore?	deal	1>2	unknown	Acknowledgement	query
anyone got clay?	not any more	1>2	unknown	Question_answer_pair	query
anyone got clay?	yeh, me neither	1>2	unknown	Question_answer_pair	query
not any more	yeh, me neither	1>2	unknown	Parallel	conjunction
yeh, me neither	ccg, your well ran dry!	1>2	unknown	Explanation	explanation
ccg, your well ran dry!	I know, no more 8s	1>2	unknown	Explanation	explanation
anyone got clay or sheep?	neither	1>2	unknown	Question_answer_pair	query
anyone got clay or sheep?	neither,	1>2	unknown	Question_answer_pair	query
anyone got clay or sheep?	i have sheep,	1>2	unknown	Question_answer_pair	query
anyone got clay or sheep?	what are you offering?	1>2	unknown	Q_Elab	query
neither	neither,	1>2	unknown	Parallel	conjunction
neither,	sorry	1>2	unknown	Comment	comment
i have sheep,	what are you offering?	1>2	unknown	Q_Elab	query
what are you offering?	an ore or wheat?	1>2	unknown	Question_answer_pair	query
an ore or wheat?	sheep for ore?	1>2	unknown	Q_Elab	query
sheep for ore?	1-1?	1>2	unknown	Q_Elab	query
1-1?	sure	1>2	unknown	Question_answer_pair	query
sure	ta :D	1>2	unknown	Acknowledgement	query
ta :D	:)	1>2	unknown	Comment	comment
Are we playing to 10 points, by the way?	yep	1>2	unknown	Question_answer_pair	query
Are we playing to 10 points, by the way?	think so	1>2	unknown	Question_answer_pair	query
Are we playing to 10 points, by the way?	yes,	1>2	unknown	Question_answer_pair	query
yes,	anyone have clay or sheep?	1>2	unknown	Continuation	conjunction
anyone have clay or sheep?	nope	1>2	unknown	Question_answer_pair	query
anyone have clay or sheep?	sheep baaaa	1>2	unknown	Question_answer_pair	query
anyone have clay or sheep?	again, have sheep	1>2	unknown	Question_answer_pair	query
sheep baaaa	for wood?	1>2	unknown	Q_Elab	query
for wood?	afraid not	1>2	unknown	Question_answer_pair	query
afraid not	my sheep is lost in a log pile right now	1>2	unknown	Explanation	explanation
again, have sheep	but not for wood	1>2	unknown	Contrast	contrast
anyone have clay?	only you :D	1>2	unknown	Question_answer_pair	query
anyone have clay?	haha do you need more?	1>2	unknown	Clarification_question	query
anyone have clay?	none	1>2	unknown	Question_answer_pair	query
anyone have clay?	I meant ore	1>2	unknown	Correction	contrast
anyone have clay?	ironic given the start of the game :)	1>2	unknown	Comment	comment
nope	ironic given the start of the game :)	1>2	unknown	Comment	comment
sorry,	none	1<2	unknown	Comment	comment
none	ironic given the start of the game :)	1>2	unknown	Comment	comment
ironic given the start of the game :)	my kingdom for a brick!	1>2	unknown	Elaboration	elaboration
I meant ore	Sorry	1>2	unknown	Comment	comment
I meant ore	sorry none of that either :(	1>2	unknown	Question_answer_pair	query
I meant ore	oh right, i've got ore	1>2	unknown	Question_answer_pair	query
oh right, i've got ore	you got clay left?	1>2	unknown	Q_Elab	query
you got clay left?	Yeh,	1>2	unknown	Question_answer_pair	query
Yeh,	ore for clay?	1>2	unknown	Q_Elab	query
ore for clay?	1 for 1?	1>2	unknown	Q_Elab	query
ore for clay?	sure thing	1>2	unknown	Question_answer_pair	query
I managed to register a successful trade!	congrats!	1>2	unknown	Comment	comment
I managed to register a successful trade!	:)	1>2	unknown	Comment	comment
I managed to register a successful trade!	you're a pro	1>2	unknown	Comment	comment
congrats!	you're a pro	1>2	unknown	Continuation	conjunction
you're a pro	Haha, if only that were all that is needed	1>2	unknown	Comment	comment
you're a pro	ccg, coud i beg a clay?	1>2	unknown	Continuation	conjunction
ccg, coud i beg a clay?	i can offer wheat or sheep?	1>2	unknown	Elaboration	elaboration
i can offer wheat or sheep?	or wood?	1>2	unknown	Alternation	alternation
not really, sorru	sure?	1>2	unknown	Q_Elab	query
sure?	sure	1>2	unknown	Question_answer_pair	query
sure	a sheep _and_ a wood?	1>2	unknown	Q_Elab	query
a sheep _and_ a wood?	ok,	1>2	unknown	Question_answer_pair	query
ok,	sheep and a wood	1>2	unknown	Elaboration	elaboration
i can offer wheat or sheep?	not really, sorru	1>2	unknown	Question_answer_pair	query
anyone have sheep for wood?	no sheep,	1>2	unknown	Question_answer_pair	query
anyone have sheep for wood?	not me	1>2	unknown	Question_answer_pair	query
anyone have sheep for wood?	i know ccg has one ;)	1>2	unknown	Question_answer_pair	query
anyone have sheep for wood?	I have sheep, not for wood	1>2	unknown	Question_answer_pair	query
anyone have sheep for wood?	me too :p	1>2	unknown	Question_answer_pair	query
anyone have sheep for wood?	afraid i'm out	1>2	unknown	Question_answer_pair	query
no sheep,	sorry	1>2	unknown	Comment	comment
no sheep,	me too :p	1>2	unknown	Parallel	conjunction
not me	I have sheep, not for wood	1>2	unknown	Elaboration	elaboration
i know ccg has one ;)	afraid i'm out	1>2	unknown	Contrast	contrast
i know ccg has one ;)	I have sheep, not for wood	1>2	unknown	Correction	contrast
afraid i'm out	me too :p	1>2	unknown	Parallel	conjunction
lotsa clay	jubbly	1>2	unknown	Comment	comment
jubbly	uh oh	1>2	unknown	Comment	comment
uh oh	ccg is running away!	1>2	unknown	Elaboration	elaboration
anyone got sheep or ore for a wheat?	nope	1>2	unknown	Question_answer_pair	query
anyone got sheep or ore for a wheat?	feel free to say no quickly	1>2	unknown	Continuation	conjunction
anyone got sheep or ore for a wheat?	no	1>2	unknown	Question_answer_pair	query
anyone got sheep or ore for a wheat?	i've got an ore	1>2	unknown	Question_answer_pair	query
i've got an ore	let's do it	1>2	unknown	Result	causal
ta :D	you too!	1>2	unknown	Comment	comment
i've got an ore	1 for 1?	1>2	unknown	Q_Elab	query
methinks this game is dead and over unless CCG rolls a 7 :/	and I might not win on this turn (or at all!)	1>2	unknown	Comment	comment
methinks this game is dead and over unless CCG rolls a 7 :/	anything for wheat?	1>2	unknown	Conditional	condition
anything for wheat?	ive had a bad game	1>2	unknown	Elaboration	elaboration
anything for wheat?	i only have wheat lol	1>2	unknown	Question_answer_pair	query
anything for wheat?	i have lots of wheat	1>2	unknown	Elaboration	elaboration
anything for wheat?	you got clay?	1>2	unknown	Q_Elab	query
anything for wheat?	I don't need wheat,	1>2	unknown	Question_answer_pair	query
anything for wheat?	ADDTIME	1>2	unknown	Continuation	conjunction
i have lots of wheat	don't we all	1>2	unknown	Parallel	conjunction
you got clay?	nope,	1>2	unknown	Question_answer_pair	query
nope,	just wheat	1>2	unknown	Contrast	contrast
just wheat	ideal want sheep	1>2	unknown	Elaboration	elaboration
I don't need wheat,	and I might not win on this turn (or at all!)	1>2	unknown	Continuation	conjunction
and I might not win on this turn (or at all!)	but you are quite well placed ;)	1>2	unknown	Contrast	contrast
and I might not win on this turn (or at all!)	true	1>2	unknown	Acknowledgement	query
true	but you are quite well placed ;)	1>2	unknown	Contrast	contrast
nah nothign,	sorry	1>2	unknown	Comment	comment
ADDTIME	*>>> CCG wins in <10mins	1>2	unknown	Continuation	conjunction
*>>> CCG wins in <10mins	;)	1>2	unknown	Comment	comment
*>>> CCG wins in <10mins	haha when that message came up i genuinely thought he had won	1>2	unknown	Comment	comment
*>>> CCG wins in <10mins	Somehow don't imagine anyone is going to trade me wood?	1>2	unknown	Result	causal
;)	:p	1>2	unknown	Comment	comment
haha when that message came up i genuinely thought he had won	Somehow don't imagine anyone is going to trade me wood?	1>2	unknown	Result	causal
Somehow don't imagine anyone is going to trade me wood?	no chance,	1>2	unknown	Question_answer_pair	query
Somehow don't imagine anyone is going to trade me wood?	alas ccg i have none	1>2	unknown	Question_answer_pair	query
no chance,	haha	1>2	unknown	Comment	comment
alas ccg i have none	you seem the trustworthy sort	1>2	unknown	Contrast	contrast
nope,	oh sorry, misunderstood you haha	1>2	unknown	Acknowledgement	query
nope,	nah nothign,	1>2	unknown	Question_answer_pair	query
does anyone want sheep?	nope,	1>2	unknown	Question_answer_pair	query
does anyone want sheep?	nope	1>2	unknown	Question_answer_pair	query
does anyone want sheep?	i see you got a few	1>2	unknown	Comment	comment
does anyone want sheep?	please	1>2	unknown	Question_answer_pair	query
please	i have wheat	1>2	unknown	Elaboration	elaboration
i have wheat	OK,	1>2	unknown	Acknowledgement	query
i have wheat	one for one?	1>2	unknown	Q_Elab	query
OK,	one for one?	1>2	unknown	Q_Elab	query
one for one?	sure	1>2	unknown	Question_answer_pair	query
anyone got a wood?	i can offer a sheep	1>2	unknown	Elaboration	elaboration
got wood for sheep	sheesh	1>2	unknown	Comment	comment
sheesh	haha	1>2	unknown	Comment	comment
need mine	ore for a sheep?	1>2	unknown	Q_Elab	query
sorry,	need mine	1<2	unknown	Comment	comment
sorry needed	ore for a sheep?	1>2	unknown	Q_Elab	query
none here	ore for a sheep?	1>2	unknown	Q_Elab	query
ore for a sheep?	no ore	1>2	unknown	Question_answer_pair	query
ore for a sheep?	likewise	1>2	unknown	Question_answer_pair	query
no ore	likewise	1>2	unknown	Parallel	conjunction
sorry,	no ore	1<2	unknown	Comment	comment
no ore	alas	1>2	unknown	Acknowledgement	query
likewise	alas	1>2	unknown	Acknowledgement	query
anyone got a wood?	got wood for sheep	1>2	unknown	Result	causal
anyone got a wood?	need mine	1>2	unknown	Question_answer_pair	query
anyone got a wood?	sorry needed	1>2	unknown	Question_answer_pair	query
anyone got a wood?	none here	1>2	unknown	Question_answer_pair	query
not lucky 7?	ouch	1>2	unknown	Continuation	conjunction
ouch	:o	1>2	unknown	Continuation	conjunction
ouch	craps	1>2	unknown	Elaboration	elaboration
:o	unlucky!	1>2	unknown	Elaboration	elaboration
craps	bother	1>2	unknown	Continuation	conjunction
bother	botheration	1>2	unknown	Elaboration	elaboration
bother	I'm hitting done	1>2	unknown	Continuation	conjunction
I'm hitting done	and its not moving on ...	1>2	unknown	Continuation	conjunction
need to move robber	haha	1>2	unknown	Acknowledgement	query
need to move robber	Oddly, it let me that time ...	1>2	unknown	Acknowledgement	query
Oddly, it let me that time ...	Thanks!	1>2	unknown	Comment	comment
Oddly, it let me that time ...	;)	1>2	unknown	Comment	comment
I'm hitting done	need to move robber	1>2	unknown	Explanation	explanation
gg well played!	well played!	1>2	unknown	Continuation	conjunction
gg well played!	well done	1>2	unknown	Continuation	conjunction
gg well played!	good game :)	1>2	unknown	Comment	comment
well played!	good game :)	1>2	unknown	Comment	comment
well played!	and inca	1>2	unknown	Comment	comment
well done	i need to run	1>2	unknown	Contrast	contrast
well done	good game :)	1>2	unknown	Comment	comment
i need to run	see you sunday perhaps	1>2	unknown	Narration	temporal
i need to run	bye lj!	1>2	unknown	Acknowledgement	query
i need to run	ok cheers lj, see you later	1>2	unknown	Acknowledgement	query
i need to run	race for the road	1>2	unknown	Comment	comment
good game :)	well done ccg	1>2	unknown	Comment	comment
good game :)	cheers, well played ccg	1>2	unknown	Comment	comment
see you sunday perhaps	not	1>2	unknown	Correction	contrast
see you sunday perhaps	sunday do you mean?	1>2	unknown	Clarification_question	query
not	i don't think	1>2	unknown	Continuation	conjunction
but hey	later!	1>2	unknown	Continuation	conjunction
well done ccg	and inca	1>2	unknown	Continuation	conjunction
sunday do you mean?	yeah i feel rescheduling is probabyl a better idea	1>2	unknown	Elaboration	elaboration
yeah i feel rescheduling is probabyl a better idea	agreed	1>2	unknown	Acknowledgement	query
yeah i feel rescheduling is probabyl a better idea	i'll send an email anyway	1>2	unknown	Continuation	conjunction
yeah i feel rescheduling is probabyl a better idea	sorry about this	1>2	unknown	Comment	comment
yeah i feel rescheduling is probabyl a better idea	am free next week evenings again	1>2	unknown	Elaboration	elaboration
i'll send an email anyway	ok :)	1>2	unknown	Acknowledgement	query
am free next week evenings again	same here	1>2	unknown	Parallel	conjunction
am free next week evenings again	we'll srot something out	1>2	unknown	Result	causal
same here	we'll srot something out	1>2	unknown	Result	causal
we'll srot something out	cool cool	1>2	unknown	Acknowledgement	query
cheers, well played ccg	bye all	1>2	unknown	Narration	temporal
bye all	Bye, I'm probs going to go too!	1>2	unknown	Comment	comment
bye all	bye!	1>2	unknown	Comment	comment
Bye, I'm probs going to go too!	bye!	1>2	unknown	Comment	comment
bye!	me too bye :)	1>2	unknown	Parallel	conjunction
not	but hey	1>2	unknown	Contrast	contrast
not	yeah i feel rescheduling is probabyl a better idea	1>2	unknown	Comment	comment
I could use some brick	anybody want sheep?	1>2	unknown	Elaboration	elaboration
I could use some brick	No brick here	1>2	unknown	Question_answer_pair	query
I could use some brick	none either	1>2	unknown	Question_answer_pair	query
I could use some brick	nope,	1>2	unknown	Question_answer_pair	query
No brick here	<sigh>	1>2	unknown	Comment	comment
No brick here	none either	1>2	unknown	Parallel	conjunction
No brick here	me neither	1>2	unknown	Parallel	conjunction
none either	<sigh>	1>2	unknown	Comment	comment
none either	me neither	1>2	unknown	Parallel	conjunction
nope,	me neither	1>2	unknown	Elaboration	elaboration
Anybody have spare ore?	nope	1>2	unknown	Question_answer_pair	query
Anybody have spare ore?	I have wood	1>2	unknown	Elaboration	elaboration
Agnes, would you swap clay for wood?	errr….which way around?	1>2	unknown	Clarification_question	query
errr….which way around?	I give you wood,	1>2	unknown	Question_answer_pair	query
I give you wood,	you give me clay?	1>2	unknown	Continuation	conjunction
I give you wood,	I need clay	1>2	unknown	Question_answer_pair	query
If anyone still has clay,	I'll trade a couple of wood for it	1>2	unknown	Conditional	condition
none	sorry	1>2	unknown	Comment	comment
If anyone still has clay,	sorry	1>2	unknown	Question_answer_pair	query
If anyone still has clay,	none	1>2	unknown	Question_answer_pair	query
anyone wanna trade one of their wheat for an ore?	got none	1>2	unknown	Question_answer_pair	query
anyone wanna trade one of their wheat for an ore?	nope,	1>2	unknown	Question_answer_pair	query
anyone wanna trade one of their wheat for an ore?	not here,	1>2	unknown	Question_answer_pair	query
got none	cool	1>2	unknown	Acknowledgement	query
nope,	cool	1>2	unknown	Acknowledgement	query
not here,	sorry	1>2	unknown	Comment	comment
not here,	cool	1>2	unknown	Acknowledgement	query
I have clay	if anyone wants to trade it for wheat?	1<2	unknown	Conditional	condition
I have ore now,	that I can trade for wheat	1>2	unknown	Elaboration	elaboration
i need wheat ><	i dont have wheat	1>2	unknown	Explanation	explanation
I have a spare wheat	yay!	1>2	unknown	Comment	comment
I have a spare wheat	Would you like ore in return?	1>2	unknown	Q_Elab	query
Would you like ore in return?	yes, OK	1>2	unknown	Question_answer_pair	query
yes, OK	Oh - did I do that wrong?	1>2	unknown	Narration	temporal
i dont have wheat	sorry	1>2	unknown	Comment	comment
Oh - did I do that wrong?	hang on...	1>2	unknown	Elaboration	elaboration
Oh - did I do that wrong?	lol	1>2	unknown	Comment	comment
Oh - did I do that wrong?	nelson - did you get the offer?	1>2	unknown	Q_Elab	query
hang on...	nelson - did you get the offer?	1>2	unknown	Continuation	conjunction
nelson - did you get the offer?	you still seem to be offering the trade to tyrant lord	1>2	unknown	Question_answer_pair	query
nelson - did you get the offer?	nope still not me you wanna trade with	1>2	unknown	Question_answer_pair	query
nope still not me you wanna trade with	offer should have gone to everybody	1>2	unknown	Contrast	contrast
you still seem to be offering the trade to tyrant lord	offer should have gone to everybody	1>2	unknown	Contrast	contrast
offer should have gone to everybody	it isn't asking me *who* I want to trade with	1>2	unknown	Explanation	explanation
On my screen it has you asking Tyrant Lord to confirm	Same here	1>2	unknown	Parallel	conjunction
On my screen it has you asking Tyrant Lord to confirm	same I keep getting the offer	1>2	unknown	Parallel	conjunction
Same here	same I keep getting the offer	1>2	unknown	Parallel	conjunction
ah! got it	it's colour coded,	1>2	unknown	Elaboration	elaboration
it's colour coded,	not by name	1>2	unknown	Continuation	conjunction
a little non-intuitive, I feel	Matches the rest of the interface then :)	1>2	unknown	Result	causal
Matches the rest of the interface then :)	yeah :-(	1>2	unknown	Acknowledgement	query
I have clay	yep, I can do that	1>2	unknown	Question_answer_pair	query
I have clay	I have ore now,	1>2	unknown	Question_answer_pair	query
I have ore now,	I have a spare wheat	1>2	unknown	Question_answer_pair	query
I have ore now,	i need wheat ><	1>2	unknown	Contrast	contrast
I have ore now,	i need wheat ><	1>2	unknown	Question_answer_pair	query
offer should have gone to everybody	On my screen it has you asking Tyrant Lord to confirm	1>2	unknown	Contrast	contrast
offer should have gone to everybody	ah! got it	1>2	unknown	Narration	temporal
it's colour coded,	a little non-intuitive, I feel	1>2	unknown	Comment	comment
it's colour coded,	ahh	1>2	unknown	Acknowledgement	query
After all that - anyone else got a spare wheat kicking about?	not any more!	1>2	unknown	Question_answer_pair	query
After all that - anyone else got a spare wheat kicking about?	not after that :-)	1>2	unknown	Question_answer_pair	query
sorry,	not any more!	1<2	unknown	Comment	comment
I have a spare wheat now,	if anyone has clay?	1<2	unknown	Conditional	condition
I need my clay,	but I'd give you two ore for it	1>2	unknown	Contrast	contrast
I do	if you have wheat?	1<2	unknown	Conditional	condition
Yup -	my wheat for your clay	1>2	unknown	Elaboration	elaboration
clay plus 1 ore for your wheat	ooh	1>2	unknown	Comment	comment
clay plus 1 ore for your wheat	Any advance on that?	1>2	unknown	Q_Elab	query
Any advance on that?	nah im good	1>2	unknown	Question_answer_pair	query
nah im good	Bah.	1>2	unknown	Comment	comment
Bah.	Sorry Agnes...	1>2	unknown	Comment	comment
I have a spare wheat now,	afraid not	1>2	unknown	Question_answer_pair	query
I have a spare wheat now,	I need my clay,	1>2	unknown	Question_answer_pair	query
I have a spare wheat now,	I do	1>2	unknown	Q_Elab	query
Yup -	cool	1>2	unknown	Acknowledgement	query
Yup -	clay plus 1 ore for your wheat	1>2	unknown	Q_Elab	query
I do	Yup -	1>2	unknown	Question_answer_pair	query
any spare wheat about	i have spare clay ore or wood?	1>2	unknown	Elaboration	elaboration
I'll trade my wheat for clay.	yeah sounds good	1>2	unknown	Acknowledgement	query
yeah sounds good	Thanks	1>2	unknown	Comment	comment
Thanks	Thank you	1>2	unknown	Comment	comment
any spare wheat about	I'll trade my wheat for clay.	1>2	unknown	Question_answer_pair	query
anyone have clay that would like ore?	Not at the moment	1>2	unknown	Question_answer_pair	query
anyone have clay that would like ore?	no	1>2	unknown	Question_answer_pair	query
anyone have clay that would like ore?	sorry	1>2	unknown	Question_answer_pair	query
anyone have clay that would like ore?	anyone have spare wheat?	1>2	unknown	Continuation	conjunction
anyone have spare wheat?	nope	1>2	unknown	Question_answer_pair	query
anyone have spare wheat?	me neither,	1>2	unknown	Question_answer_pair	query
anyone have spare wheat?	not here	1>2	unknown	Question_answer_pair	query
nope	me neither,	1>2	unknown	Parallel	conjunction
me neither,	sorry	1>2	unknown	Comment	comment
anyone got clay?	I have sheep/ore	1>2	unknown	Elaboration	elaboration
Nope,	sorry	1>2	unknown	Comment	comment
anyone got clay?	sorry	1>2	unknown	Question_answer_pair	query
anyone got clay?	Nope,	1>2	unknown	Question_answer_pair	query
I have spare clay	any takers?	1>2	unknown	Continuation	conjunction
oh. Anybody have wheat or wood?	Not going spare,	1>2	unknown	Question_answer_pair	query
oh. Anybody have wheat or wood?	sorry	1>2	unknown	Question_answer_pair	query
Not going spare,	sorry	1>2	unknown	Comment	comment
Not going spare,	Hmmmm	1>2	unknown	Comment	comment
sorry	Hmmmm	1>2	unknown	Comment	comment
I have spare clay	i have sheep/ore	1>2	unknown	Question_answer_pair	query
I have spare clay	sorry	1>2	unknown	Question_answer_pair	query
I have spare clay	oh. Anybody have wheat or wood?	1>2	unknown	Q_Elab	query
?	Oh dear.	1>2	unknown	Comment	comment
?	Network problems?	1>2	unknown	Q_Elab	query
Oh dear.	Network problems?	1>2	unknown	Continuation	conjunction
Network problems?	maybe	1>2	unknown	Question_answer_pair	query
Network problems?	my network died	1>2	unknown	Question_answer_pair	query
Network problems?	Sorry about that,	1>2	unknown	Comment	comment
While we're waiting,	has anyone got a spare clay?	1<2	unknown	Background	frame
has anyone got a spare clay?	I have sheep or wood.	1>2	unknown	Elaboration	elaboration
has anyone got a spare clay?	no clay here	1>2	unknown	Question_answer_pair	query
has anyone got a spare clay?	nope sooooooooooooooooooooooooooooooooooooooooooooooooo	1>2	unknown	Question_answer_pair	query
has anyone got a spare clay?	Does anyone want to swap a sheep for a wood?	1>2	unknown	Continuation	conjunction
nope sooooooooooooooooooooooooooooooooooooooooooooooooo	that was weird	1>2	unknown	Comment	comment
Sorry about that,	my network died	1>2	unknown	Continuation	conjunction
my network died	No problem :)	1>2	unknown	Comment	comment
my network died	Yay!	1>2	unknown	Comment	comment
Yay!	Welcome back :-)	1>2	unknown	Elaboration	elaboration
Welcome back :-)	you haven't missed a turn yet	1>2	unknown	Continuation	conjunction
Does anyone want to swap a sheep for a wood?	(either way)	1>2	unknown	Elaboration	elaboration
you haven't missed a turn yet	thanks :)	1>2	unknown	Comment	comment
Does anyone want to swap a sheep for a wood?	have neither	1>2	unknown	Question_answer_pair	query
Anyone have a spare wood,	I can give you an ore for it	1>2	unknown	Elaboration	elaboration
Anyone have a spare wood,	Nope,	1>2	unknown	Question_answer_pair	query
Anyone have a spare wood,	no	1>2	unknown	Question_answer_pair	query
Anyone have a spare wood,	afraid not	1>2	unknown	Question_answer_pair	query
Will anyone give me a sheep for wood or ore?	I'll give you either ore or clay for wood	1>2	unknown	Question_answer_pair	query
Will anyone give me a sheep for wood or ore?	I have sheep -	1>2	unknown	Q_Elab	query
Will anyone give me a sheep for wood or ore?	ive got sheeop	1>2	unknown	Question_answer_pair	query
I'll give you either ore or clay for wood	Ok,	1>2	unknown	Acknowledgement	query
I'll give you either ore or clay for wood	I'll take the ore	1>2	unknown	Question_answer_pair	query
Ok,	I'll take the ore	1>2	unknown	Result	causal
I'll take the ore	cool	1>2	unknown	Acknowledgement	query
I have sheep -	swap for wood?	1>2	unknown	Elaboration	elaboration
cool	thanks	1>2	unknown	Comment	comment
Will anyone give me ore or grain for wood?	I have 2 wood to trade	1>2	unknown	Elaboration	elaboration
I cangive you an ore for one	Thanks	1>2	unknown	Comment	comment
Will anyone give me ore or grain for wood?	I cangive you an ore for one	1>2	unknown	Question_answer_pair	query
nhave clay for ore or sheep?	anyone*	1>2	unknown	Correction	contrast
I'll give you clay for ore	cool	1>2	unknown	Acknowledgement	query
nhave clay for ore or sheep?	sorry	1>2	unknown	Question_answer_pair	query
nhave clay for ore or sheep?	I'll give you clay for ore	1>2	unknown	Question_answer_pair	query
Goog game	good even!	1>2	unknown	Elaboration	elaboration
Goog game	Well played :)	1>2	unknown	Comment	comment
Goog game	good game guys	1>2	unknown	Comment	comment
Goog game	See ya next time!	1>2	unknown	Continuation	conjunction
Well played :)	Thanks for the game everyone	1>2	unknown	Comment	comment
Well played :)	good game guys	1>2	unknown	Comment	comment
good game guys	Thanks for the game everyone	1>2	unknown	Comment	comment
See ya next time!	See you all	1>2	unknown	Continuation	conjunction
See you all	see you r	1>2	unknown	Continuation	conjunction
see you r	look forward to the next one :-)	1>2	unknown	Continuation	conjunction
anyone want sheep or wheat for clay?	sorry	1>2	unknown	Question_answer_pair	query
anyone want sheep or wheat for clay?	no	1>2	unknown	Question_answer_pair	query
anyone got any wood?	sorry	1>2	unknown	Question_answer_pair	query
anyone got any wood?	what do you have?	1>2	unknown	Q_Elab	query
what do you have?	i have spare wheat	1>2	unknown	Q_Elab	query
i have spare wheat	?	1>2	unknown	Continuation	conjunction
sure	thanks#	1>2	unknown	Acknowledgement	query
thanks#	np	1>2	unknown	Acknowledgement	query
i have spare wheat	sure	1>2	unknown	Question_answer_pair	query
anyone got a spare sheep?	I have wheat or ore	1>2	unknown	Elaboration	elaboration
yes,	ore please	1>2	unknown	Elaboration	elaboration
ore please	(of course)	1>2	unknown	Comment	comment
thanks	pleasure	1>2	unknown	Acknowledgement	query
anyone got a spare sheep?	nope	1>2	unknown	Question_answer_pair	query
anyone got a spare sheep?	yes,	1>2	unknown	Question_answer_pair	query
yes,	thanks	1>2	unknown	Acknowledgement	query
will anyone give me a sheep for wood, ore or wheat?	ore for wheat sure	1>2	unknown	Question_answer_pair	query
will anyone give me a sheep for wood, ore or wheat?	sheep for ore :)	1>2	unknown	Question_answer_pair	query
ouch	:D	1>2	unknown	Comment	comment
ouch	will anyone give me a wheat for ore?	1>2	unknown	Continuation	conjunction
:D	*schadenfreude*	1>2	unknown	Elaboration	elaboration
will anyone give me a wheat for ore?	none	1>2	unknown	Question_answer_pair	query
will anyone give me a wheat for ore?	...	1>2	unknown	Comment	comment
will anyone give me a wheat for ore?	but yes	1>2	unknown	Question_answer_pair	query
...	I feel like im enabling your victory,	1>2	unknown	Continuation	conjunction
I feel like im enabling your victory,	but yes	1>2	unknown	Contrast	contrast
but yes	hehe	1>2	unknown	Acknowledgement	query
my wheat for sheep/clay anyone?	yup	1>2	unknown	Question_answer_pair	query
my wheat for sheep/clay anyone?	nope	1>2	unknown	Question_answer_pair	query
yup	I got sheep	1>2	unknown	Elaboration	elaboration
I got sheep	cool	1>2	unknown	Acknowledgement	query
I got sheep	which or both?	1>2	unknown	Q_Elab	query
nope	:)	1>2	unknown	Comment	comment
cool	which or both?	1>2	unknown	Continuation	conjunction
which or both?	your wheat for my sheep,	1>2	unknown	Question_answer_pair	query
your wheat for my sheep,	just the one	1>2	unknown	Elaboration	elaboration
just the one	my bad	1>2	unknown	Comment	comment
my bad	oops lol	1>2	unknown	Continuation	conjunction
thanks	:)	1>2	unknown	Continuation	conjunction
thanks	*shakes fist* :p	1>2	unknown	Comment	comment
oops lol	*shakes fist* :p	1>2	unknown	Comment	comment
*shakes fist* :p	my sheep for your clay, anyone?	1>2	unknown	Continuation	conjunction
my sheep for your clay, anyone?	no clay,	1>2	unknown	Question_answer_pair	query
my sheep for your clay, anyone?	got none :(	1>2	unknown	Question_answer_pair	query
no clay,	sorry	1>2	unknown	Comment	comment
no clay,	:(	1>2	unknown	Acknowledgement	query
no clay,	:(	1>2	unknown	Comment	comment
got none :(	:(	1>2	unknown	Acknowledgement	query
got none :(	:(	1>2	unknown	Comment	comment
clay for wood anyone?	yes	1>2	unknown	Question_answer_pair	query
clay for wood anyone?	sorry	1>2	unknown	Question_answer_pair	query
sheep for wheat anyone?	no	1>2	unknown	Question_answer_pair	query
sheep for wheat anyone?	sorry	1>2	unknown	Question_answer_pair	query
no	fair	1>2	unknown	Acknowledgement	query
sorry	fair	1>2	unknown	Acknowledgement	query
HOW MANY 7S	hehe	1>2	unknown	Comment	comment
sheep or wood for wheat anyone?	which way?	1>2	unknown	Q_Elab	query
which way?	my wood, you r wheat ideally	1>2	unknown	Q_Elab	query
my wood, you r wheat ideally	no can do,	1>2	unknown	Question_answer_pair	query
my wood, you r wheat ideally	none here :(	1>2	unknown	Question_answer_pair	query
no can do,	sorry	1>2	unknown	Comment	comment
no can do,	cheers anyway :)	1>2	unknown	Acknowledgement	query
none here :(	cheers anyway :)	1>2	unknown	Acknowledgement	query
anyone want clay or sheep for their ore?	NEVER :)	1>2	unknown	Question_answer_pair	query
anyone want clay or sheep for their ore?	nope :)	1>2	unknown	Question_answer_pair	query
NEVER :)	fair enough	1>2	unknown	Acknowledgement	query
nope :)	fair enough	1>2	unknown	Acknowledgement	query
yarrr	very well played	1>2	unknown	Comment	comment
very well played	good game guys	1>2	unknown	Comment	comment
very well played	ouch well played	1>2	unknown	Acknowledgement	query
very well played	to the pub!	1>2	unknown	Narration	temporal
good game guys	ouch well played	1>2	unknown	Comment	comment
ouch well played	see you next time	1>2	unknown	Comment	comment
to the pub!	have fun :)	1>2	unknown	Comment	comment
to the pub!	see you next time	1>2	unknown	Comment	comment
have fun :)	see you next time	1>2	unknown	Continuation	conjunction
Hi all	apologies for missing the last game	1>2	unknown	Continuation	conjunction
Hi all	Hi there	1>2	unknown	Acknowledgement	query
Hi all	hello	1>2	unknown	Acknowledgement	query
apologies for missing the last game	No problem!	1>2	unknown	Acknowledgement	query
Hi there	hello	1>2	unknown	Acknowledgement	query
hello	did the last game get played?	1>2	unknown	Clarification_question	query
did the last game get played?	yes	1>2	unknown	Question_answer_pair	query
yes	cool	1>2	unknown	Acknowledgement	query
cool	who are we waiting on now?	1>2	unknown	Clarification_question	query
who are we waiting on now?	I think we're missing Mr. Sparkles	1>2	unknown	Question_answer_pair	query
I think we're missing Mr. Sparkles	how long do we wait?	1>2	unknown	Clarification_question	query
I think we're missing Mr. Sparkles	we can try emailing him	1>2	unknown	Result	causal
how long do we wait?	we can try emailing him	1>2	unknown	Question_answer_pair	query
we can try emailing him	make it so :-)	1>2	unknown	Result	causal
we can try emailing him	I'm having trouble locating the emails :S	1>2	unknown	Background	frame
we can try emailing him	last time he joined pretty quick	1>2	unknown	Elaboration	elaboration
I'm having trouble locating the emails :S	"searching for ""socl"" works quite well for me"	1>2	unknown	Comment	comment
"searching for ""socl"" works quite well for me"	:)	1>2	unknown	Comment	comment
"searching for ""socl"" works quite well for me"	yer, not working for me	1>2	unknown	Contrast	contrast
yer, not working for me	I'm at about 85% of my gmail limit so I often find that it doesn;t find things so well	1>2	unknown	Elaboration	elaboration
yer, not working for me	got it	1>2	unknown	Contrast	contrast
I'm at about 85% of my gmail limit so I often find that it doesn;t find things so well	gmail has got pretty slow since they changed the interface	1>2	unknown	Elaboration	elaboration
got it	email sent	1>2	unknown	Result	causal
email sent	he'll be 5-10 mins	1>2	unknown	Narration	temporal
he'll be 5-10 mins	ok,	1>2	unknown	Acknowledgement	query
he'll be 5-10 mins	cool	1>2	unknown	Comment	comment
he'll be 5-10 mins	well done	1>2	unknown	Comment	comment
he'll be 5-10 mins	in	1>2	unknown	Correction	contrast
in	hi	1>2	unknown	Acknowledgement	query
in	hey	1>2	unknown	Acknowledgement	query
in	hi!	1>2	unknown	Acknowledgement	query
hey	sorry,	1>2	unknown	Comment	comment
hi	sorry,	1>2	unknown	Comment	comment
sorry,	i'd have reaslised sooner but travelling around the north todayn is tricky	1>2	unknown	Explanation	explanation
...anyone want sheep? :)	yep!	1>2	unknown	Question_answer_pair	query
yep!	I got ore	1>2	unknown	Elaboration	elaboration
deal	cheers	1>2	unknown	Comment	comment
cheers	thanks	1>2	unknown	Acknowledgement	query
yep!	deal	1>2	unknown	Acknowledgement	query
yep!	cheers	1>2	unknown	Comment	comment
anyone have wood?	not I	1>2	unknown	Question_answer_pair	query
anyone have wood?	what are you offering?	1>2	unknown	Q_Elab	query
what are you offering?	wheat	1>2	unknown	Question_answer_pair	query
wheat	deal	1>2	unknown	Acknowledgement	query
deal	thanks	1>2	unknown	Acknowledgement	query
thief! :P	:P	1>2	unknown	Acknowledgement	query
thief! :P	!!	1>2	unknown	Continuation	conjunction
I'm offering a wheat for a wood	if anyone would like to trade	1<2	unknown	Conditional	condition
I will :)	thank-you	1>2	unknown	Acknowledgement	query
I will :)	!!	1>2	unknown	Comment	comment
!!	hehe	1>2	unknown	Acknowledgement	query
!!	you had the most cards :)	1>2	unknown	Comment	comment
you had the most cards :)	you stole my ore :(	1>2	unknown	Comment	comment
I'm offering a wheat for a wood	I will :)	1>2	unknown	Question_answer_pair	query
will anyone give me wheat for ore?	nope	1>2	unknown	Question_answer_pair	query
will anyone give me wheat for ore?	I'm broke	1>2	unknown	Question_answer_pair	query
will anyone give me wheat for ore?	sorry	1>2	unknown	Question_answer_pair	query
will anyone give me wheat for ore?	anything else for ore?	1>2	unknown	Alternation	alternation
nope	anything else for ore?	1>2	unknown	Result	causal
I'm broke	anything else for ore?	1>2	unknown	Result	causal
sorry	anything else for ore?	1>2	unknown	Result	causal
anything else for ore?	sheep or clay	1>2	unknown	Q_Elab	query
anything else for ore?	this ore looks familiar...	1>2	unknown	Comment	comment
sheep or clay	clay is good	1>2	unknown	Question_answer_pair	query
this ore looks familiar...	maybe...	1>2	unknown	Comment	comment
anyone got spare wheat?	have plenty of sheep	1>2	unknown	Elaboration	elaboration
anyone got spare wheat?	I can do that	1>2	unknown	Question_answer_pair	query
anyone got spare wheat?	none here :-(	1>2	unknown	Question_answer_pair	query
will anyone give we a wood for a clay?	sorry	1>2	unknown	Question_answer_pair	query
will anyone give we a wood for a clay?	no wood	1>2	unknown	Question_answer_pair	query
will anyone give we a wood for a clay?	none here	1>2	unknown	Question_answer_pair	query
sorry,	none here	1<2	unknown	Comment	comment
I have a clay	I'd like to swap for wood - any takers?	1>2	unknown	Elaboration	elaboration
no takers here	Alternatively, I'll swap clay for wheat	1>2	unknown	Result	causal
no wood,	sorry	1>2	unknown	Comment	comment
no wood,	Alternatively, I'll swap clay for wheat	1>2	unknown	Result	causal
I have ziltch!	Alternatively, I'll swap clay for wheat	1>2	unknown	Result	causal
Alternatively, I'll swap clay for wheat	no takers :)	1>2	unknown	Question_answer_pair	query
Alternatively, I'll swap clay for wheat	no deal :)	1>2	unknown	Question_answer_pair	query
I have a clay	no takers here	1>2	unknown	Question_answer_pair	query
I have a clay	no wood,	1>2	unknown	Question_answer_pair	query
I have a clay	I have ziltch!	1>2	unknown	Question_answer_pair	query
I have a clay	Alternatively, I'll swap clay for wheat	1>2	unknown	Alternation	alternation
don't suppose anyone will give me a wood for a clay now?	...yes	1>2	unknown	Question_answer_pair	query
...yes	ooh	1>2	unknown	Comment	comment
grrr	daww	1>2	unknown	Comment	comment
Would anybody like wood?	I seem to have a surplus	1>2	unknown	Explanation	explanation
Would anybody like wood?	I'll give you a clay?	1>2	unknown	Q_Elab	query
Would anybody like wood?	I can give you clay for it	1>2	unknown	Question_answer_pair	query
Would anybody like wood?	i can give you sheep :p	1>2	unknown	Question_answer_pair	query
I'll give you a clay?	in return for clay?	1>2	unknown	Clarification_question	query
in return for clay?	thanks!	1>2	unknown	Question_answer_pair	query
i can give you sheep :p	since you took it from me!	1>2	unknown	Explanation	explanation
thanks!	only because nelson got in first!	1>2	unknown	Explanation	explanation
only because nelson got in first!	only because nelson got in first!	1>2	unknown	Continuation	conjunction
anyone got wood?	agnes does...	1>2	unknown	Question_answer_pair	query
anyone got wood?	not for trading :)	1>2	unknown	Question_answer_pair	query
anyone got wood?	:) I'll give 2 clay for 1 wood	1>2	unknown	Elaboration	elaboration
agnes does...	I traded, and built road!	1>2	unknown	Correction	contrast
:) I'll give 2 clay for 1 wood	sorry	1>2	unknown	Question_answer_pair	query
I traded, and built road!	and you had 3 wood to begin	1>2	unknown	Comment	comment
and you had 3 wood to begin	so you have at least 1 left :p	1>2	unknown	Result	causal
wow - you have a spreadsheet?!	not in this game,	1>2	unknown	Question_answer_pair	query
not in this game,	but it was only this turn - i remember :p	1>2	unknown	Contrast	contrast
but it was only this turn - i remember :p	(i was actually spreadsheeting dice rolls in the last few games,	1>2	unknown	Contrast	contrast
(i was actually spreadsheeting dice rolls in the last few games,	because I was convinced	1>2	unknown	Explanation	explanation
because I was convinced	the dice were unfair	1>2	unknown	Continuation	conjunction
will anyone give me wood, wheat or sheep for clay or ore? :)	nope :)	1>2	unknown	Question_answer_pair	query
will anyone give me wood, wheat or sheep for clay or ore? :)	nope	1>2	unknown	Question_answer_pair	query
nope :)	aww :)	1>2	unknown	Comment	comment
nope	aww :)	1>2	unknown	Comment	comment
and you had 3 wood to begin	wow - you have a spreadsheet?!	1>2	unknown	Clarification_question	query
because I was convinced	- they weren't)	1>2	unknown	Contrast	contrast
I have spare wood -	anybody have wheat?	1>2	unknown	Elaboration	elaboration
anybody have wheat?	no	1>2	unknown	Question_answer_pair	query
anybody have wheat?	sorry	1>2	unknown	Question_answer_pair	query
no	can give clay for wood	1>2	unknown	Contrast	contrast
can give clay for wood	<sigh>	1>2	unknown	Question_answer_pair	query
can give clay for wood	nope	1>2	unknown	Question_answer_pair	query
anyone got sheep or wheat for my ore?	nope	1>2	unknown	Question_answer_pair	query
anyone got sheep or wheat for my ore?	can do sheep	1>2	unknown	Question_answer_pair	query
anyone got wheat	and want clay or sheep?	1>2	unknown	Continuation	conjunction
no wheat,	sorry	1>2	unknown	Comment	comment
anyone got wheat	no wheat,	1>2	unknown	Question_answer_pair	query
anyone got wheat	none here	1>2	unknown	Question_answer_pair	query
anyone got wheat	no	1>2	unknown	Question_answer_pair	query
I'm looking for sheep or wood	and I have clay to give	1>2	unknown	Continuation	conjunction
I'm looking for sheep or wood	no sheep or wood,	1>2	unknown	Question_answer_pair	query
no sheep or wood,	sorry	1>2	unknown	Comment	comment
I'm looking for sheep or wood	nope	1>2	unknown	Question_answer_pair	query
anyone got a wood for my ore?	no	1>2	unknown	Question_answer_pair	query
anyone got a wood for my ore?	nope	1>2	unknown	Question_answer_pair	query
anyone want clay?	I'll give you ore/	1>2	unknown	Q_Elab	query
I'll give you ore/	thanks	1>2	unknown	Question_answer_pair	query
anyone give me wood for ore?	none	1>2	unknown	Question_answer_pair	query
anyone give me wood for ore?	nope	1>2	unknown	Question_answer_pair	query
I have ore	and will trade it for anything else :)	1>2	unknown	Continuation	conjunction
sheep	another one, anybody?	1>2	unknown	Alternation	alternation
another one, anybody?	not yet	1>2	unknown	Question_answer_pair	query
another one, anybody?	clay?	1>2	unknown	Q_Elab	query
clay?	clay is good	1>2	unknown	Question_answer_pair	query
I have ore	sheep	1>2	unknown	Question_answer_pair	query
anyone got wheat and want sheep or clay?	nope	1>2	unknown	Question_answer_pair	query
anyone got wheat and want sheep or clay?	I got nowt	1>2	unknown	Question_answer_pair	query
anyone got wheat and want sheep or clay?	afraid not	1>2	unknown	Question_answer_pair	query
anyone give me grain for wood?	no	1>2	unknown	Question_answer_pair	query
anyone give me grain for wood?	nope	1>2	unknown	Question_answer_pair	query
anyone want clay or sheep for wheat?	no can do,	1>2	unknown	Question_answer_pair	query
anyone want clay or sheep for wheat?	no	1>2	unknown	Question_answer_pair	query
I'll give clay for ore	sorry	1>2	unknown	Question_answer_pair	query
I'll give clay for ore	i have sheep...	1>2	unknown	Question_answer_pair	query
good game	thanks, good game indeed	1>2	unknown	Acknowledgement	query
good game	:P	1>2	unknown	Comment	comment
you're too good at this :D	:P	1>2	unknown	Comment	comment
you're too good at this :D	well played	1>2	unknown	Continuation	conjunction
well done!	:P	1>2	unknown	Comment	comment
well done!	thanks, good game indeed	1>2	unknown	Acknowledgement	query
well done!	bye all	1>2	unknown	Acknowledgement	query
well played	thanks, good game indeed	1>2	unknown	Acknowledgement	query
thanks, good game indeed	enjoy the spoils of victory	1>2	unknown	Result	causal
thanks, good game indeed	bye all	1>2	unknown	Acknowledgement	query
enjoy the spoils of victory	bye all	1>2	unknown	Continuation	conjunction
bye all	bye	1>2	unknown	Acknowledgement	query
bye all	see you	1>2	unknown	Acknowledgement	query
bye	see you	1>2	unknown	Acknowledgement	query
Hi WoodnSheep...	Hi	1>2	unknown	Acknowledgement	query
Hi	Have play this Java version before?	1>2	unknown	Clarification_question	query
Have play this Java version before?	Nope,	1>2	unknown	Question_answer_pair	query
Nope,	have you?	1>2	unknown	Clarification_question	query
have you?	No...	1>2	unknown	Question_answer_pair	query
No...	first time here.	1>2	unknown	Elaboration	elaboration
first time here.	So will be a bit of a learning curve.	1>2	unknown	Result	causal
So will be a bit of a learning curve.	You've mention that generally Friday and Saturday nights aren't good for.	1>2	unknown	Continuation	conjunction
You've mention that generally Friday and Saturday nights aren't good for.	What about Sat or Sun aft	1>2	unknown	Clarification_question	query
What about Sat or Sun aft	Both are fine by me	1>2	unknown	Question_answer_pair	query
Both are fine by me	Although during the week is better for me	1>2	unknown	Contrast	contrast
Although during the week is better for me	Oh... I see.	1>2	unknown	Acknowledgement	query
Although during the week is better for me	hi..	1>2	unknown	Acknowledgement	query
Oh... I see.	keep it the same for now	1>2	unknown	Result	causal
keep it the same for now	as I work during the week. :)	1>2	unknown	Explanation	explanation
hi..	Yo...	1>2	unknown	Acknowledgement	query
Yo...	Ztime!!!	1>2	unknown	Elaboration	elaboration
yo somdech..	how is NZ?	1>2	unknown	Clarification_question	query
how is NZ?	Bright and sunny here mate.	1>2	unknown	Question_answer_pair	query
Bright and sunny here mate.	the complete opposite here..	1>2	unknown	Contrast	contrast
the complete opposite here..	Yep... true that.	1>2	unknown	Acknowledgement	query
the complete opposite here..	do I click start game now?	1>2	unknown	Clarification_question	query
do I click start game now?	Sure	1>2	unknown	Question_answer_pair	query
Sure	o	1>2	unknown	Acknowledgement	query
o	ok	1>2	unknown	Correction	contrast
cool	Hi WoodnSheep.. do you have a ROLL button lit up?	1>2	unknown	Clarification_question	query
OMG	What next?	1>2	unknown	Clarification_question	query
What next?	Does anyone hae roll highlighted?	1>2	unknown	Q_Elab	query
Hi WoodnSheep.. do you have a ROLL button lit up?	Does anyone hae roll highlighted?	1>2	unknown	Q_Elab	query
Does anyone hae roll highlighted?	Nope..	1>2	unknown	Question_answer_pair	query
Does anyone hae roll highlighted?	Same here...	1>2	unknown	Question_answer_pair	query
Nope..	mine is greyed out	1>2	unknown	Elaboration	elaboration
mine is greyed out	Same here...	1>2	unknown	Parallel	conjunction
mine is greyed out	same	1>2	unknown	Parallel	conjunction
Same here...	I've got restart button.	1>2	unknown	Elaboration	elaboration
Same here...	same	1>2	unknown	Parallel	conjunction
Same here...	oh?	1>2	unknown	Acknowledgement	query
I've got restart button.	same	1>2	unknown	Parallel	conjunction
same	oh?	1>2	unknown	Acknowledgement	query
oh?	I can see an arrow pointing to WoodnSheep...	1>2	unknown	Continuation	conjunction
I can see an arrow pointing to WoodnSheep...	can anyone else see it?	1>2	unknown	Q_Elab	query
can anyone else see it?	yup	1>2	unknown	Question_answer_pair	query
can anyone else see it?	I see it.	1>2	unknown	Question_answer_pair	query
yup	Ah i can place a house	1>2	unknown	Continuation	conjunction
I see it.	I see...	1>2	unknown	Elaboration	elaboration
Ah i can place a house	cool	1>2	unknown	Comment	comment
I see...	The arrow means it's your turn.	1>2	unknown	Elaboration	elaboration
The arrow means it's your turn.	seems so...	1>2	unknown	Acknowledgement	query
The arrow means it's your turn.	any idea what the kind of blue/ things are?	1>2	unknown	Clarification_question	query
seems so...	any idea what the kind of blue/ things are?	1>2	unknown	Clarification_question	query
any idea what the kind of blue/ things are?	like ports but wiht nothing in?	1>2	unknown	Elaboration	elaboration
keep it the same for now	hi..	1>2	unknown	Acknowledgement	query
Yo...	yo somdech..	1>2	unknown	Acknowledgement	query
any idea what the kind of blue/ things are?	not sure	1>2	unknown	Question_answer_pair	query
o	cool	1>2	unknown	Acknowledgement	query
o	OMG	1>2	unknown	Comment	comment
What next?	the arrow is still on me,	1>2	unknown	Elaboration	elaboration
the arrow is still on me,	but I can't seem to do anything	1>2	unknown	Contrast	contrast
can you roll?	I think maybe it rolls automatically	1>2	unknown	Question_answer_pair	query
I think maybe it rolls automatically	and thats what the number in the arrow is	1>2	unknown	Continuation	conjunction
It rolls automatically.	I think it said it will autoroll,	1>2	unknown	Elaboration	elaboration
I think it said it will autoroll,	or you can push roll to do it sooner	1>2	unknown	Contrast	contrast
the arrow is still on me,	can you roll?	1>2	unknown	Q_Elab	query
I think maybe it rolls automatically	It rolls automatically.	1>2	unknown	Acknowledgement	query
I think maybe it rolls automatically	I think it said it will autoroll,	1>2	unknown	Elaboration	elaboration
I think maybe it rolls automatically	I think it said it will autoroll,	1>2	unknown	Acknowledgement	query
Anyone want to trade to give me wood?	yep	1>2	unknown	Question_answer_pair	query
yep	what do you want?	1>2	unknown	Q_Elab	query
what do you want?	anything	1>2	unknown	Question_answer_pair	query
anything	I have wheat?	1>2	unknown	Q_Elab	query
I have wheat?	sounds good..	1>2	unknown	Question_answer_pair	query
I can trade my Sheep for Wheat, anyone?	sorry,	1>2	unknown	Question_answer_pair	query
I can trade my Sheep for Wheat, anyone?	sorry not this time	1>2	unknown	Question_answer_pair	query
Sheep for Ore?	sorry	1>2	unknown	Question_answer_pair	query
Sheep for Ore?	Sorry no...	1>2	unknown	Question_answer_pair	query
Sheep for Ore?	Clay for ore?	1>2	unknown	Alternation	alternation
Clay for ore?	cant help	1>2	unknown	Question_answer_pair	query
Clay for ore?	Nop..	1>2	unknown	Question_answer_pair	query
need wheat	I can give you either clay or sheep.	1>2	unknown	Elaboration	elaboration
need wheat	nope	1>2	unknown	Question_answer_pair	query
need wheat	sorry	1>2	unknown	Question_answer_pair	query
Hard to count other player cards playing this version. :)	ha ha ha	1>2	unknown	Comment	comment
anyone want to trade....	I'm giving away a wheat for clay	1>2	unknown	Elaboration	elaboration
Too late bro..	Just realise someone took my ore..	1>2	unknown	Explanation	explanation
nah,	although maybe for wood	1>2	unknown	Contrast	contrast
although maybe for wood	OK	1>2	unknown	Acknowledgement	query
OK	cool	1>2	unknown	Acknowledgement	query
cool	how do I confirm?	1>2	unknown	Clarification_question	query
cool	did that work?	1>2	unknown	Clarification_question	query
how do I confirm?	I only have the option of rejecting?	1>2	unknown	Elaboration	elaboration
did that work?	I only have the option of rejecting?	1>2	unknown	Question_answer_pair	query
I only have the option of rejecting?	weird?	1>2	unknown	Comment	comment
I only have the option of rejecting?	I'll try again...	1>2	unknown	Result	causal
weird?	I'll try again...	1>2	unknown	Result	causal
I'll try again...	did that work?	1>2	unknown	Clarification_question	query
did that work?	nope	1>2	unknown	Question_answer_pair	query
nope	ok...	1>2	unknown	Acknowledgement	query
ok...	shall I just move on then...	1>2	unknown	Clarification_question	query
shall I just move on then...	sorry	1>2	unknown	Question_answer_pair	query
anyone want to trade....	Too late bro..	1>2	unknown	Question_answer_pair	query
anyone want to trade....	nah,	1>2	unknown	Question_answer_pair	query
anyone want clay?	I'd like wood	1>2	unknown	Elaboration	elaboration
no	thanks.	1>2	unknown	Comment	comment
anyone want clay?	sorry	1>2	unknown	Question_answer_pair	query
Clay for wood or wheat....	no	1>2	unknown	Question_answer_pair	query
Clay for wood or wheat....	yer..	1>2	unknown	Question_answer_pair	query
Clay for wood or wheat....	Clay or Sheep for wood.....	1>2	unknown	Continuation	conjunction
yer..	I'll give you a wheat	1>2	unknown	Elaboration	elaboration
nothing happened here	OK	1>2	unknown	Comment	comment
nothing happened here	damn...again I get nothing	1>2	unknown	Elaboration	elaboration
damn...again I get nothing	just like the real game	1>2	unknown	Continuation	conjunction
So ztime, you can't offer out trades?	or if you do we can't accept?	1>2	unknown	Alternation	alternation
Clay or Sheep for wood.....	can't help you	1>2	unknown	Question_answer_pair	query
Clay or Sheep for wood.....	sorry Somdech	1>2	unknown	Question_answer_pair	query
nope	seems to work..	1>2	unknown	Contrast	contrast
nope	just wondering if you had wood to offer..	1>2	unknown	Explanation	explanation
can't help you	sorry	1>2	unknown	Comment	comment
just wondering if you had wood to offer..	or if we were trying to trade the other way around.. you w	1>2	unknown	Alternation	alternation
sorry Somdech	ADDTIME	1>2	unknown	Continuation	conjunction
other way around..	eh?	1>2	unknown	Clarification_question	query
eh?	I need wood bro...	1>2	unknown	Question_answer_pair	query
I need wood bro...	I was talking about a previous trade attempt with WoodnSheep..	1>2	unknown	Contrast	contrast
I need wood bro...	I can't help you bro...	1>2	unknown	Question_answer_pair	query
I was talking about a previous trade attempt with WoodnSheep..	sorry to confuse	1>2	unknown	Comment	comment
ah sorry,	I wanted wood	1<2	unknown	Comment	comment
yer..	nothing happened here	1>2	unknown	Background	frame
damn...again I get nothing	ha ha..	1>2	unknown	Comment	comment
damn...again I get nothing	So ztime, you can't offer out trades?	1>2	unknown	Clarification_question	query
So ztime, you can't offer out trades?	nope	1>2	unknown	Question_answer_pair	query
So ztime, you can't offer out trades?	just wondering if you had wood to offer..	1>2	unknown	Clarification_question	query
just wondering if you had wood to offer..	other way around..	1>2	unknown	Question_answer_pair	query
just wondering if you had wood to offer..	ah sorry,	1>2	unknown	Question_answer_pair	query
anyone want wheat?	no	1>2	unknown	Question_answer_pair	query
anyone want wheat?	I'm after anything...	1>2	unknown	Elaboration	elaboration
anyone want wheat?	Sorry..	1>2	unknown	Comment	comment
Sorry..	wife was talking to me...	1>2	unknown	Background	frame
anyone want to give me a clay or ore?	Clay..	1>2	unknown	Question_answer_pair	query
anyone want to give me a clay or ore?	Need wood though	1>2	unknown	Elaboration	elaboration
anyone want to give me a clay or ore?	sorry	1>2	unknown	Question_answer_pair	query
Clay..	yep	1>2	unknown	Elaboration	elaboration
Need wood though	I can't give you wood	1>2	unknown	Contrast	contrast
I can't give you wood	no then,,, :(	1>2	unknown	Result	causal
no	OK	1>2	unknown	Acknowledgement	query
Clay..	Need wood though	1>2	unknown	Contrast	contrast
Need wood guys....	can give you clay or sheep.	1>2	unknown	Elaboration	elaboration
Need wood guys....	sorry no	1>2	unknown	Question_answer_pair	query
Need wood guys....	sorry...	1>2	unknown	Question_answer_pair	query
Sorry WoodnSheep.. i'm being mean here didn't I.	what?	1>2	unknown	Clarification_question	query
Sorry WoodnSheep.. i'm being mean here didn't I.	and slightly	1>2	unknown	Comment	comment
what?	ooh	1>2	unknown	Comment	comment
ooh	sorry caught up	1>2	unknown	Explanation	explanation
anyone want to trade..	I'm after ore	1>2	unknown	Elaboration	elaboration
nop..	OK	1>2	unknown	Acknowledgement	query
sorry no	OK	1>2	unknown	Acknowledgement	query
anyone want to trade..	nop..	1>2	unknown	Question_answer_pair	query
anyone want to trade..	sorry no	1>2	unknown	Question_answer_pair	query
anyone want a sheep..?	no ta	1>2	unknown	Question_answer_pair	query
anyone want a sheep..?	no	1>2	unknown	Question_answer_pair	query
anyone want a sheep..?	I'm after wood, ore, clay	1>2	unknown	Elaboration	elaboration
no ta	OK.	1>2	unknown	Acknowledgement	query
no	OK.	1>2	unknown	Acknowledgement	query
Still got our 9 blocked	:-(	1>2	unknown	Comment	comment
Still got our 9 blocked	Gotta get that thing moving outta here.	1>2	unknown	Continuation	conjunction
anyone want to give me clay?	I have sheep	1>2	unknown	Elaboration	elaboration
I have sheep	I have wood...	1>2	unknown	Alternation	alternation
I have wood...	sorry..	1>2	unknown	Question_answer_pair	query
I have wood...	sorry no..	1>2	unknown	Question_answer_pair	query
anyone want to give me clay?	nope	1>2	unknown	Question_answer_pair	query
anyone want to give me clay?	na...	1>2	unknown	Question_answer_pair	query
nice	Already...!!!	1>2	unknown	Comment	comment
Already...!!!	:)	1>2	unknown	Comment	comment
:)	ha..	1>2	unknown	Comment	comment
ha..	move the robber dude	1>2	unknown	Elaboration	elaboration
move the robber dude	after loosing half your cards...	1>2	unknown	Comment	comment
move the robber dude	ha	1>2	unknown	Comment	comment
after loosing half your cards...	:-)	1>2	unknown	Comment	comment
ha	public enemy number 1 now..	1>2	unknown	Comment	comment
:-)	Sorry	1>2	unknown	Comment	comment
:-)	anyone want a sheep..	1>2	unknown	Continuation	conjunction
anyone want a sheep..	I'm after ore..	1>2	unknown	Elaboration	elaboration
No thinks	OK	1>2	unknown	Acknowledgement	query
can't help	OK	1>2	unknown	Acknowledgement	query
OK	Oh.. I got 7.. didn't realise..	1>2	unknown	Continuation	conjunction
Oh.. I got 7.. didn't realise..	Robber be leaving my 8 :)	1>2	unknown	Comment	comment
Robber be leaving my 8 :)	sorry..	1>2	unknown	Comment	comment
sorry..	grrr	1>2	unknown	Comment	comment
grrr	ha...	1>2	unknown	Comment	comment
anyone want a sheep..	No thinks	1>2	unknown	Question_answer_pair	query
anyone want a sheep..	can't help	1>2	unknown	Question_answer_pair	query
I need a clay	I have wood	1>2	unknown	Elaboration	elaboration
sorry can't help	I guess the robbers ensured a clay shortage	1>2	unknown	Explanation	explanation
no clay	sorry	1>2	unknown	Comment	comment
I guess the robbers ensured a clay shortage	Yep...	1>2	unknown	Acknowledgement	query
I guess the robbers ensured a clay shortage	What happen to 10??	1>2	unknown	Continuation	conjunction
What happen to 10??	can someone roll 10 please...	1>2	unknown	Elaboration	elaboration
I need a clay	sorry can't help	1>2	unknown	Question_answer_pair	query
I need a clay	no clay	1>2	unknown	Question_answer_pair	query
no clay	I guess the robbers ensured a clay shortage	1>2	unknown	Explanation	explanation
anyone want sheep...	I've got a yard full	1>2	unknown	Elaboration	elaboration
trade with the bank..	will do..	1>2	unknown	Acknowledgement	query
unless they come with other stuff free :p	just wool...	1>2	unknown	Elaboration	elaboration
just wool...	and 4 legs	1>2	unknown	Continuation	conjunction
sad times	expensive!	1>2	unknown	Continuation	conjunction
anyone want sheep...	no	1>2	unknown	Question_answer_pair	query
anyone want sheep...	pass...	1>2	unknown	Question_answer_pair	query
no	trade with the bank..	1>2	unknown	Result	causal
no	unless they come with other stuff free :p	1>2	unknown	Contrast	contrast
just wool...	haha	1>2	unknown	Comment	comment
just wool...	sad times	1>2	unknown	Comment	comment
sad times	yer	1>2	unknown	Acknowledgement	query
I'd like wheat	for..	1>2	unknown	Q_Elab	query
I'd like wheat	I could offer clay	1>2	unknown	Elaboration	elaboration
I'd like wheat	yep	1>2	unknown	Question_answer_pair	query
I'd like wheat	I couls give you ore for that.	1>2	unknown	Question_answer_pair	query
I'd like wheat	2 for 2	1>2	unknown	Q_Elab	query
for..	I could offer clay	1>2	unknown	Question_answer_pair	query
I could offer clay	cool	1>2	unknown	Acknowledgement	query
I couls give you ore for that.	2 for 2	1>2	unknown	Q_Elab	query
2 for 2	?	1>2	unknown	Continuation	conjunction
not me..	cool	1>2	unknown	Acknowledgement	query
not me..	no not me either	1>2	unknown	Parallel	conjunction
no not me either	cool	1>2	unknown	Acknowledgement	query
2 for 2	not me..	1>2	unknown	Question_answer_pair	query
2 for 2	no not me either	1>2	unknown	Question_answer_pair	query
now I'm after a sheep...	I'll give a wheat	1>2	unknown	Elaboration	elaboration
yep	thanks	1>2	unknown	Acknowledgement	query
thanks	Nice...	1>2	unknown	Comment	comment
now I'm after a sheep...	yep	1>2	unknown	Question_answer_pair	query
now I'm after a sheep...	i can't help you	1>2	unknown	Question_answer_pair	query
weird..	I can't roll or click done?	1>2	unknown	Elaboration	elaboration
I can't roll or click done?	strange	1>2	unknown	Comment	comment
I can't roll or click done?	hmmm...	1>2	unknown	Comment	comment
I can't roll or click done?	oh.. I see..	1>2	unknown	Correction	contrast
oh.. I see..	sorry...	1>2	unknown	Comment	comment
oh.. I see..	I was still playing my dev card..	1>2	unknown	Explanation	explanation
Clay for sheep?	sorry	1>2	unknown	Question_answer_pair	query
Clay for sheep?	I'll give you sheep	1>2	unknown	Question_answer_pair	query
I'll give you sheep	no	1>2	unknown	Result	causal
I can give my sheep for anything...	nah	1>2	unknown	Question_answer_pair	query
I can give my sheep for anything...	sorry	1>2	unknown	Question_answer_pair	query
nah	OK.	1>2	unknown	Acknowledgement	query
sorry	OK.	1>2	unknown	Acknowledgement	query
L. Road.. nice..	:-)	1>2	unknown	Acknowledgement	query
I'd like a wheat?	I have clay	1>2	unknown	Elaboration	elaboration
Nop...	wheat producer do not have a wheat... sad one.	1>2	unknown	Comment	comment
any chance of a wood?	na	1>2	unknown	Question_answer_pair	query
I'd like a wheat?	sorry can't help there	1>2	unknown	Question_answer_pair	query
I'd like a wheat?	Nop...	1>2	unknown	Question_answer_pair	query
I'd like a wheat?	any chance of a wood?	1>2	unknown	Alternation	alternation
I need wood or wheat.	I can give my sheep	1>2	unknown	Elaboration	elaboration
I need wood or wheat.	no can do	1>2	unknown	Question_answer_pair	query
I need wood or wheat.	sorry	1>2	unknown	Question_answer_pair	query
I've only just noticed the puppy	were they randomly assigned?	1>2	unknown	Clarification_question	query
I've only just noticed the puppy	nice doggy	1>2	unknown	Comment	comment
were they randomly assigned?	yer.. it just happened..	1>2	unknown	Question_answer_pair	query
were they randomly assigned?	no you can change it..	1>2	unknown	Question_answer_pair	query
yer.. it just happened..	no you can change it..	1>2	unknown	Correction	contrast
anyone got wheat?	Nop	1>2	unknown	Question_answer_pair	query
Nop	you're holding a lot of cards there...	1>2	unknown	Comment	comment
you're holding a lot of cards there...	no tinky pictures?	1>2	unknown	Clarification_question	query
you're holding a lot of cards there...	ADDTIME	1>2	unknown	Continuation	conjunction
no tinky pictures?	I have to look for it.	1>2	unknown	Question_answer_pair	query
Who bloack my 8??	not me bro..	1>2	unknown	Question_answer_pair	query
Who bloack my 8??	also not guilty	1>2	unknown	Question_answer_pair	query
Who bloack my 8??	I'm after wood... for clay	1>2	unknown	Continuation	conjunction
not me bro..	also not guilty	1>2	unknown	Parallel	conjunction
not me bro..	Ha...	1>2	unknown	Comment	comment
also not guilty	Ha...	1>2	unknown	Comment	comment
I'm after wood... for clay	sorry	1>2	unknown	Question_answer_pair	query
I'm after wood... for clay	Got no wood..	1>2	unknown	Question_answer_pair	query
sorry	:-)	1>2	unknown	Acknowledgement	query
Got no wood..	:-)	1>2	unknown	Acknowledgement	query
I'd like wheat?	I have clay	1>2	unknown	Elaboration	elaboration
I'd like wheat?	I'm guessing I'm out of luck on the wood front too?	1>2	unknown	Alternation	alternation
soz	Same here...	1>2	unknown	Parallel	conjunction
Same here...	so can't trade	1>2	unknown	Result	causal
I'm guessing I'm out of luck on the wood front too?	sorry..	1>2	unknown	Question_answer_pair	query
I'm guessing I'm out of luck on the wood front too?	yep...	1>2	unknown	Question_answer_pair	query
I'm guessing I'm out of luck on the wood front too?	can I get a sheep?	1>2	unknown	Alternation	alternation
yep...	No wood either	1>2	unknown	Elaboration	elaboration
can I get a sheep?	Sure	1>2	unknown	Question_answer_pair	query
can I get a sheep?	NZ is the right place for that!	1>2	unknown	Comment	comment
Sure	for a clay?	1>2	unknown	Q_Elab	query
Sure	NZ is the right place for that!	1>2	unknown	Comment	comment
for a clay?	yep..	1>2	unknown	Question_answer_pair	query
NZ is the right place for that!	haha	1>2	unknown	Question_answer_pair	query
I'd like wheat?	soz	1>2	unknown	Question_answer_pair	query
I'd like wheat?	Same here...	1>2	unknown	Question_answer_pair	query
Same here...	yep...	1>2	unknown	Parallel	conjunction
No...	what I've jut done...	1>2	unknown	Elaboration	elaboration
No...	errr?	1>2	unknown	Clarification_question	query
No...	expensive eh..	1>2	unknown	Comment	comment
anyone want a clay?	I'm after ore	1>2	unknown	Elaboration	elaboration
sorry	K	1>2	unknown	Acknowledgement	query
no....	thanks	1>2	unknown	Comment	comment
no....	K	1>2	unknown	Acknowledgement	query
anyone want a clay?	sorry	1>2	unknown	Question_answer_pair	query
anyone want a clay?	no....	1>2	unknown	Question_answer_pair	query
any chance of a wheat?	no	1>2	unknown	Question_answer_pair	query
any chance of a wheat?	I need that too...	1>2	unknown	Question_answer_pair	query
any chance of a wheat?	wood?	1>2	unknown	Alternation	alternation
wood?	nope	1>2	unknown	Question_answer_pair	query
wood?	agin no...	1>2	unknown	Question_answer_pair	query
Wheat....	?	1>2	unknown	Clarification_question	query
Wheat....	WoodnSheep has heaps of it now.	1>2	unknown	Explanation	explanation
Wheat....	I'm after ore	1>2	unknown	Question_answer_pair	query
?	You want to trade wheat...	1>2	unknown	Elaboration	elaboration
You want to trade wheat...	You want to trade wheat...?	1>2	unknown	Continuation	conjunction
WoodnSheep has heaps of it now.	ha I would say heaps is an exageration	1>2	unknown	Comment	comment
I'm after ore	for clay	1>2	unknown	Elaboration	elaboration
ha I would say heaps is an exageration	compare to us it's heaps..	1>2	unknown	Contrast	contrast
clay for ore?	yep...	1>2	unknown	Question_answer_pair	query
clay for ore?	as in you'll give ore for clay?	1>2	unknown	Clarification_question	query
yep...	cool	1>2	unknown	Acknowledgement	query
yep...	ta	1>2	unknown	Comment	comment
as in you'll give ore for clay?	no other way..	1>2	unknown	Question_answer_pair	query
no other way..	I'll give clay	1>2	unknown	Elaboration	elaboration
ah no sorry	Little ore shortage going on my end	1>2	unknown	Explanation	explanation
I'm after ore	I still need wood	1>2	unknown	Contrast	contrast
I'm after ore	clay for ore?	1>2	unknown	Q_Elab	query
no other way..	ah no sorry	1>2	unknown	Question_answer_pair	query
You want to trade wheat...	WoodnSheep has heaps of it now.	1>2	unknown	Question_answer_pair	query
I can give clay for wheat	sorry	1>2	unknown	Question_answer_pair	query
nice one..	good one on the army	1>2	unknown	Elaboration	elaboration
good one on the army	hey hey...	1>2	unknown	Acknowledgement	query
Sheep anyone	you giving?	1>2	unknown	Clarification_question	query
Sheep anyone	you want?	1>2	unknown	Clarification_question	query
Sheep anyone	ah nah sorry	1>2	unknown	Question_answer_pair	query
you giving?	I can give you sheep for anything	1>2	unknown	Question_answer_pair	query
you want?	I can give you sheep for anything	1>2	unknown	Question_answer_pair	query
I can give you sheep for anything	OK...	1>2	unknown	Question_answer_pair	query
I can give you sheep for anything	for a clay...	1>2	unknown	Q_Elab	query
OK...	let me think	1>2	unknown	Continuation	conjunction
let me think	for a clay...	1>2	unknown	Result	causal
for a clay...	yep...	1>2	unknown	Question_answer_pair	query
yep...	ok	1>2	unknown	Acknowledgement	query
ok	set it up	1>2	unknown	Result	causal
anyone want wheat?	yes	1>2	unknown	Question_answer_pair	query
anyone want wheat?	I am after anyting	1>2	unknown	Elaboration	elaboration
I am after anyting	clay	1>2	unknown	Q_Elab	query
clay	wood?	1>2	unknown	Q_Elab	query
wood?	got no wood	1>2	unknown	Question_answer_pair	query
got no wood	ok clay then	1>2	unknown	Result	causal
ok clay then	ok.	1>2	unknown	Acknowledgement	query
ok.	ta	1>2	unknown	Acknowledgement	query
anyone got clay?	yep	1>2	unknown	Question_answer_pair	query
anyone got clay?	WoodnSheep 1 point from winning	1>2	unknown	Comment	comment
yep	what would you like?	1>2	unknown	Q_Elab	query
what would you like?	wood?	1>2	unknown	Q_Elab	query
wood?	I could offer wheat	1>2	unknown	Question_answer_pair	query
I could offer wheat	two wheat?	1>2	unknown	Q_Elab	query
two wheat?	mmm 1 wood, 1 wheat for 2 clay?	1>2	unknown	Question_answer_pair	query
mmm 1 wood, 1 wheat for 2 clay?	OK	1>2	unknown	Question_answer_pair	query
OK	thanks	1>2	unknown	Acknowledgement	query
thanks	nice.. well done!	1>2	unknown	Comment	comment
thanks	Well done WoodnSheep.	1>2	unknown	Comment	comment
nice.. well done!	sorry	1>2	unknown	Comment	comment
nice.. well done!	Silly ztime...	1>2	unknown	Comment	comment
Silly ztime...	na...	1>2	unknown	Comment	comment
sorry	na...	1>2	unknown	Comment	comment
na...	I had no chance..	1>2	unknown	Elaboration	elaboration
I had no chance..	may as well finish it..	1>2	unknown	Result	causal
may as well finish it..	hitting quit?	1>2	unknown	Clarification_question	query
Well done WoodnSheep.	hitting quit?	1>2	unknown	Clarification_question	query
hitting quit?	OK	1>2	unknown	Question_answer_pair	query
hitting quit?	OK have a good weekend guys.	1>2	unknown	Question_answer_pair	query
OK	thanks for the game..	1>2	unknown	Continuation	conjunction
OK have a good weekend guys.	you too...	1>2	unknown	Continuation	conjunction
OK have a good weekend guys.	you too	1>2	unknown	Continuation	conjunction
you too...	until next time..	1>2	unknown	Continuation	conjunction
until next time..	/rest of saturday	1>2	unknown	Continuation	conjunction
until next time..	Until then.. yes...	1>2	unknown	Continuation	conjunction
/rest of saturday	Until then.. yes...	1>2	unknown	Continuation	conjunction
hello	hi again...	1>2	unknown	Elaboration	elaboration
Bonjour	Bonjourno!	1>2	unknown	Acknowledgement	query
Bonjour	got my pizza and tea	1>2	unknown	Continuation	conjunction
got my pizza and tea	so i'm in my happy place	1>2	unknown	Result	causal
nice..	cool..	1>2	unknown	Continuation	conjunction
Fingers crossed this time	yah	1>2	unknown	Acknowledgement	query
Fingers crossed this time	ok let's get going..	1>2	unknown	Acknowledgement	query
ok let's get going..	....hello...?	1>2	unknown	Clarification_question	query
....hello...?	hehehe	1>2	unknown	Comment	comment
....hello...?	Not letting me place :(	1>2	unknown	Question_answer_pair	query
....hello...?	uuuhhhh ohhhhh... same place...	1>2	unknown	Explanation	explanation
uuuhhhh ohhhhh... same place...	coincidence?	1>2	unknown	Clarification_question	query
uuuhhhh ohhhhh... same place...	weird...	1>2	unknown	Comment	comment
coincidence?	weird...	1>2	unknown	Question_answer_pair	query
Not letting me place :(	that's weird..	1>2	unknown	Comment	comment
Not letting me place :(	looks like it caught up	1>2	unknown	Comment	comment
that's weird..	looks like it caught up	1>2	unknown	Elaboration	elaboration
that's weird..	ok.. seems like it's working	1>2	unknown	Contrast	contrast
looks like it caught up	ok.. seems like it's working	1>2	unknown	Contrast	contrast
hello	Bonjour	1>2	unknown	Acknowledgement	query
got my pizza and tea	nice..	1>2	unknown	Comment	comment
got my pizza and tea	ok let's get going..	1>2	unknown	Result	causal
got my pizza and tea	Fingers crossed this time	1>2	unknown	Continuation	conjunction
anyone want wheat?	I'm after wood	1>2	unknown	Elaboration	elaboration
I'm after wood	Not spare	1>2	unknown	Question_answer_pair	query
can't help,	sorry	1>2	unknown	Comment	comment
can't help,	o	1>2	unknown	Acknowledgement	query
sorry	(how polite we all are)	1>2	unknown	Comment	comment
Not spare	sorry	1>2	unknown	Comment	comment
Not spare	o	1>2	unknown	Acknowledgement	query
o	k	1>2	unknown	Continuation	conjunction
(how polite we all are)	haha	1>2	unknown	Comment	comment
(how polite we all are)	yarp	1>2	unknown	Acknowledgement	query
anyone want wheat?	can't help,	1>2	unknown	Question_answer_pair	query
I'd like some clay	for...?	1>2	unknown	Q_Elab	query
I'd like some clay	I have wheat	1>2	unknown	Elaboration	elaboration
for...?	I have wheat	1>2	unknown	Question_answer_pair	query
I have wheat	wood?	1>2	unknown	Alternation	alternation
I have wheat	maybe sheep	1>2	unknown	Alternation	alternation
wood?	maybe sheep	1>2	unknown	Question_answer_pair	query
wood?	no wood	1>2	unknown	Question_answer_pair	query
maybe sheep	ok	1>2	unknown	Acknowledgement	query
ok	ok 1 sheep	1>2	unknown	Elaboration	elaboration
no wood	sorry	1>2	unknown	Comment	comment
ok 1 sheep	for 1 clay	1>2	unknown	Elaboration	elaboration
?	not sure what happened there	1>2	unknown	Question_answer_pair	query
not sure what happened there	This game doesn't like me	1>2	unknown	Elaboration	elaboration
anyone want clay..	I'm after wood..	1>2	unknown	Elaboration	elaboration
I'm after wood..	or sheep	1>2	unknown	Alternation	alternation
I have spare sheep	ok	1>2	unknown	Acknowledgement	query
I have spare sheep	thanks for the trade	1>2	unknown	Acknowledgement	query
ok	thanks for the trade	1>2	unknown	Continuation	conjunction
my settlement didn't end up where it was supposed to either	huh?	1>2	unknown	Clarification_question	query
my settlement didn't end up where it was supposed to either	weird...	1>2	unknown	Comment	comment
my settlement didn't end up where it was supposed to either	I clicked where I wanted it a couple of times,	1>2	unknown	Explanation	explanation
huh?	I clicked where I wanted it a couple of times,	1>2	unknown	Question_answer_pair	query
I clicked where I wanted it a couple of times,	then out of fraustration clicked somewhere else, at w	1>2	unknown	Narration	temporal
then out of fraustration clicked somewhere else, at w	which isn't such a huge issue, but is a little strange	1>2	unknown	Comment	comment
might be web lag?	do you have flatmates downloading lots of data???	1>2	unknown	Elaboration	elaboration
do you have flatmates downloading lots of data???	eating up the bandwidth?	1>2	unknown	Continuation	conjunction
Thats what I'm thinking	nope,	1>2	unknown	Contrast	contrast
damn internet sharing *shakes fist*	damn...	1>2	unknown	Acknowledgement	query
nope,	they are watching dvds downstiars to avoid said internet problem	1>2	unknown	Elaboration	elaboration
not sure what happened there	my settlement didn't end up where it was supposed to either	1>2	unknown	Elaboration	elaboration
not sure what happened there	anyone want clay..	1>2	unknown	Continuation	conjunction
anyone want clay..	I have spare sheep	1>2	unknown	Question_answer_pair	query
I clicked where I wanted it a couple of times,	might be web lag?	1>2	unknown	Clarification_question	query
I clicked where I wanted it a couple of times,	do you have flatmates downloading lots of data???	1>2	unknown	Clarification_question	query
do you have flatmates downloading lots of data???	Thats what I'm thinking	1>2	unknown	Question_answer_pair	query
do you have flatmates downloading lots of data???	nope,	1>2	unknown	Question_answer_pair	query
do you have flatmates downloading lots of data???	damn internet sharing *shakes fist*	1>2	unknown	Comment	comment
nope,	how very nice of them...	1>2	unknown	Comment	comment
er sheep for clay attempt 2?	no	1>2	unknown	Question_answer_pair	query
er sheep for clay attempt 2?	shawnus, any clay for me?	1>2	unknown	Continuation	conjunction
no	sorry.. you just stole my sheep	1>2	unknown	Explanation	explanation
sorry.. you just stole my sheep	hahaha	1>2	unknown	Comment	comment
sorry.. you just stole my sheep	ahh my semi appologies	1>2	unknown	Comment	comment
ahh my semi appologies	haha	1>2	unknown	Comment	comment
shawnus, any clay for me?	For anything but sheep?	1>2	unknown	Q_Elab	query
For anything but sheep?	wheat?	1>2	unknown	Q_Elab	query
wheat?	sure	1>2	unknown	Question_answer_pair	query
how's that pizza?	it was a good concept...	1>2	unknown	Question_answer_pair	query
it was a good concept...	now I really want pizza...	1>2	unknown	Result	causal
it was a good concept...	look into my eyes, not around the eyes, not around the eyes.. you're under..	1>2	unknown	Comment	comment
now I really want pizza...	or some good dice rolls	1>2	unknown	Alternation	alternation
look into my eyes, not around the eyes, not around the eyes.. you're under..	hahaha	1>2	unknown	Comment	comment
look into my eyes, not around the eyes, not around the eyes.. you're under..	you will give me all your resources..	1>2	unknown	Continuation	conjunction
you will give me all your resources..	oh i fully expect people to take my resources so I have to spend them quick!	1>2	unknown	Comment	comment
you will give me all your resources..	If only I had some to spend!	1>2	unknown	Background	frame
oh i fully expect people to take my resources so I have to spend them quick!	If only I had some to spend!	1>2	unknown	Comment	comment
If only I had some to spend!	:(	1>2	unknown	Comment	comment
this is weird..	I have material but can't buy	1>2	unknown	Elaboration	elaboration
have to move robber first?	thanks	1>2	unknown	Comment	comment
have to move robber first?	oh.. 7	1>2	unknown	Question_answer_pair	query
thanks	np :)	1>2	unknown	Comment	comment
np :)	:-)	1>2	unknown	Comment	comment
np :)	thanks	1>2	unknown	Comment	comment
:(	thought with your lag you wouldnt notice for two turns :D	1>2	unknown	Comment	comment
thought with your lag you wouldnt notice for two turns :D	ha	1>2	unknown	Comment	comment
thought with your lag you wouldnt notice for two turns :D	Its not that bad	1>2	unknown	Comment	comment
anyone want to trade sheep for wheat?	you giving wheat?	1>2	unknown	Q_Elab	query
anyone want to trade sheep for wheat?	my resources all got stolen...	1>2	unknown	Question_answer_pair	query
you giving wheat?	need wheat	1>2	unknown	Correction	contrast
my resources all got stolen...	my wheat might I point out :p	1>2	unknown	Elaboration	elaboration
need wheat	ok I can give 1 wheat	1>2	unknown	Acknowledgement	query
ok I can give 1 wheat	my wheat might I point out :p	1>2	unknown	Elaboration	elaboration
my wheat might I point out :p	my sheep!	1>2	unknown	Continuation	conjunction
my sheep!	:-)	1>2	unknown	Comment	comment
now I really want pizza...	preferbly dice rolls	1>2	unknown	Comment	comment
this is weird..	have to move robber first?	1>2	unknown	Clarification_question	query
haha	4th robber move?	1>2	unknown	Clarification_question	query
4th robber move?	lucky 7s	1>2	unknown	Question_answer_pair	query
Sooo, anyone want sheep?	no	1>2	unknown	Question_answer_pair	query
Sooo, anyone want sheep?	I'm open to suggestions as to what for	1>2	unknown	Elaboration	elaboration
Sooo, anyone want sheep?	dont want it...	1>2	unknown	Question_answer_pair	query
I'm open to suggestions as to what for	sheep	1>2	unknown	Question_answer_pair	query
sheep	oh my...my poor sheep.	1>2	unknown	Comment	comment
oh my...my poor sheep.	Should be called WolfnSheep	1>2	unknown	Result	causal
dont want it...	it's dirty now	1>2	unknown	Explanation	explanation
oh my...my poor sheep.	haha	1>2	unknown	Comment	comment
anyone have ore?	I'm giving away a sheep	1>2	unknown	Elaboration	elaboration
nothing short of a miracle will result in me owning ore	or anything by the looks of this robber	1>2	unknown	Alternation	alternation
anyone have ore?	ha	1>2	unknown	Comment	comment
anyone have ore?	nothing short of a miracle will result in me owning ore	1>2	unknown	Question_answer_pair	query
nothing short of a miracle will result in me owning ore	I'll nick something then...	1>2	unknown	Result	causal
7 again...	what's happened to randomness	1>2	unknown	Clarification_question	query
technically it is the most likely number I guess	grrrr	1>2	unknown	Comment	comment
technically it is the most likely number I guess	:D	1>2	unknown	Comment	comment
grrrr	I am hemouraging resources here!	1>2	unknown	Explanation	explanation
I am hemouraging resources here!	oh..this is the dirty one..	1>2	unknown	Comment	comment
7 again...	ha	1>2	unknown	Comment	comment
7 again...	technically it is the most likely number I guess	1>2	unknown	Question_answer_pair	query
anyone want wheat?	I'm after clay.. or wood	1>2	unknown	Elaboration	elaboration
ok,	clay for wheat	1>2	unknown	Elaboration	elaboration
ok,	after you move the dude	1<2	unknown	Conditional	condition
clay for wheat	anyone (Shawnus) want wheat?	1>2	unknown	Clarification_question	query
7... damn.	hahahaha	1>2	unknown	Comment	comment
7... damn.	one of these days someone other than me will get stolen from	1>2	unknown	Comment	comment
7... damn.	thanks	1>2	unknown	Comment	comment
one of these days someone other than me will get stolen from	sitting on my pown at the table laughing my arse off	1>2	unknown	Comment	comment
one of these days someone other than me will get stolen from	the good news is I now have no resources, and therefore no need to steel from me :D	1>2	unknown	Continuation	conjunction
anyone (Shawnus) want wheat?	yes	1>2	unknown	Question_answer_pair	query
yes	for clay?	1>2	unknown	Q_Elab	query
for clay?	yep	1>2	unknown	Question_answer_pair	query
yep	k	1>2	unknown	Acknowledgement	query
the good news is I now have no resources, and therefore no need to steel from me :D	you are safe...for now...mwahahahaha	1>2	unknown	Result	causal
anyone want wheat?	ok,	1>2	unknown	Question_answer_pair	query
anyone want wheat?	clay for wheat	1>2	unknown	Question_answer_pair	query
ok,	7... damn.	1>2	unknown	Acknowledgement	query
going to corner the clay market? ;)	always useful....	1>2	unknown	Question_answer_pair	query
anyone need wood?	no	1>2	unknown	Question_answer_pair	query
anyone need wood?	Wolfie?	1>2	unknown	Q_Elab	query
Wolfie?	friend of mine has an incredibly beautiful dog called wolfie	1>2	unknown	Comment	comment
Wolfie?	I'd like a clay	1>2	unknown	Question_answer_pair	query
friend of mine has an incredibly beautiful dog called wolfie	Is it a wolf?	1>2	unknown	Clarification_question	query
Is it a wolf?	7 ha haha	1>2	unknown	Comment	comment
Is it a wolf?	Its a husky cross alsation, so its about as close to being a wolf as you get in London	1>2	unknown	Question_answer_pair	query
7 ha haha	shouldn't have laughed..	1>2	unknown	Comment	comment
7 ha haha	I've only just noticed the word 'victim' that describes choosing someone	1>2	unknown	Comment	comment
I'd like a clay	I have a wheat?	1>2	unknown	Elaboration	elaboration
I have a wheat?	I had wheat once...	1>2	unknown	Comment	comment
Its a husky cross alsation, so its about as close to being a wolf as you get in London	i want a husky :(	1>2	unknown	Comment	comment
Its a husky cross alsation, so its about as close to being a wolf as you get in London	do they live in a flat?	1>2	unknown	Clarification_question	query
do they live in a flat?	Always feel a bit	1>2	unknown	Elaboration	elaboration
Always feel a bit	sorry for pets who live in flats..	1>2	unknown	Elaboration	elaboration
Clay anyone?	i need clay..	1>2	unknown	Question_answer_pair	query
i live in a house with some people, the landlady has a dog.	Right now cat sitting in a basement flat	1>2	unknown	Contrast	contrast
Always feel a bit	i live in a house with some people, the landlady has a dog.	1>2	unknown	Contrast	contrast
I'd like a clay	Clay anyone?	1>2	unknown	Q_Elab	query
I'd like a clay	i just have wood	1>2	unknown	Question_answer_pair	query
about time too!	i just lost 4 cards..	1>2	unknown	Explanation	explanation
i just lost 4 cards..	5 cards..	1>2	unknown	Correction	contrast
sorry	anyone want a clean sheep?	1>2	unknown	Continuation	conjunction
anyone want a clean sheep?	I'm after wood	1>2	unknown	Elaboration	elaboration
anyone want a clean sheep?	hahahah	1>2	unknown	Comment	comment
no ta	ok	1>2	unknown	Acknowledgement	query
ok	thanks	1>2	unknown	Acknowledgement	query
i just lost 4 cards..	sorry	1>2	unknown	Comment	comment
anyone want a clean sheep?	no ta	1>2	unknown	Question_answer_pair	query
anyone want a clean sheep?	ok	1>2	unknown	Question_answer_pair	query
Clay for me?	sorry no can do	1>2	unknown	Question_answer_pair	query
Clay for me?	no clay	1>2	unknown	Question_answer_pair	query
oh...i'm on 2 forests..	no wonder i keep getting wood	1>2	unknown	Result	causal
anyone after wood...	defininetly not	1>2	unknown	Question_answer_pair	query
defininetly not	:-)	1>2	unknown	Acknowledgement	query
so no one wants wood right?	na	1>2	unknown	Acknowledgement	query
so no one wants wood right?	nah	1>2	unknown	Acknowledgement	query
na	costly	1>2	unknown	Explanation	explanation
nah	If people wanted wood	1>2	unknown	Comment	comment
If people wanted wood	I'd be in a better situation	1>2	unknown	Conditional	condition
sorry -	keep forgetting to hit done	1>2	unknown	Explanation	explanation
7	again...	1>2	unknown	Continuation	conjunction
any clay?	nope soz	1>2	unknown	Question_answer_pair	query
any clay?	nope	1>2	unknown	Question_answer_pair	query
any clay?	any sheep?	1>2	unknown	Continuation	conjunction
nope soz	any sheep?	1>2	unknown	Result	causal
nope	any sheep?	1>2	unknown	Result	causal
any sheep?	for?	1>2	unknown	Q_Elab	query
any sheep?	:P no	1>2	unknown	Question_answer_pair	query
any sheep?	no ta	1>2	unknown	Question_answer_pair	query
for?	dont say wood..	1>2	unknown	Elaboration	elaboration
dont say wood..	woo...	1>2	unknown	Contrast	contrast
woo...	l	1>2	unknown	Continuation	conjunction
:P no	thanks	1>2	unknown	Comment	comment
7	glad i got rid of some cards!	1>2	unknown	Comment	comment
for?	woo...	1>2	unknown	Question_answer_pair	query
clay for me?	for?	1>2	unknown	Q_Elab	query
for?	In return for wo*d?	1>2	unknown	Question_answer_pair	query
In return for wo*d?	errr... no	1>2	unknown	Question_answer_pair	query
errr... no	sorry	1>2	unknown	Comment	comment
anything else?	I have nothing else	1>2	unknown	Question_answer_pair	query
errr... no	anything else?	1>2	unknown	Q_Elab	query
clay for wheat?	no	1>2	unknown	Question_answer_pair	query
clay for wheat?	i dont have any	1>2	unknown	Question_answer_pair	query
ok anyone want a clay now?	no	1>2	unknown	Question_answer_pair	query
ok anyone want a clay now?	haha for?	1>2	unknown	Q_Elab	query
ok anyone want a clay now?	anyone want ore?	1>2	unknown	Narration	temporal
haha for?	I'm after sheep	1>2	unknown	Question_answer_pair	query
I'm after sheep	ok	1>2	unknown	Acknowledgement	query
ok	ta	1>2	unknown	Acknowledgement	query
anyone want ore?	I'm after wood	1>2	unknown	Elaboration	elaboration
anyone want ore?	no	1>2	unknown	Question_answer_pair	query
anyone want ore?	nope	1>2	unknown	Question_answer_pair	query
I'd like some wheat?	I'm noticing a trend... :-(	1>2	unknown	Comment	comment
I'd like some wheat?	I have wood...	1>2	unknown	Elaboration	elaboration
I'd like some wheat?	me too	1>2	unknown	Parallel	conjunction
I'd like some wheat?	no one has wheat?	1>2	unknown	Q_Elab	query
I have wood...	clay?	1>2	unknown	Alternation	alternation
me too	yer you do...	1>2	unknown	Acknowledgement	query
clay?	no can do..	1>2	unknown	Question_answer_pair	query
clay?	got none	1>2	unknown	Question_answer_pair	query
no one has wheat?	no	1>2	unknown	Question_answer_pair	query
no one has wheat?	nope	1>2	unknown	Question_answer_pair	query
no	sad times	1>2	unknown	Comment	comment
nope	sad times	1>2	unknown	Comment	comment
sad times	time for a brew...	1>2	unknown	Comment	comment
time for a brew...	haha	1>2	unknown	Comment	comment
time for a brew...	k	1>2	unknown	Acknowledgement	query
haha	:-)	1>2	unknown	Comment	comment
haha	I have 3 points!!	1>2	unknown	Comment	comment
:-)	nice..	1>2	unknown	Comment	comment
I have 3 points!!	attack those closest to winning!	1>2	unknown	Result	causal
nice..	maybe you two would like some privacy??	1>2	unknown	Clarification_question	query
attack those closest to winning!	last time you won...	1>2	unknown	Contrast	contrast
attack those closest to winning!	maybe you two would like some privacy??	1>2	unknown	Clarification_question	query
last time you won...	I lost..	1>2	unknown	Continuation	conjunction
I lost..	by a long way..	1>2	unknown	Elaboration	elaboration
no danger of me winning here	expect the unexpected..	1>2	unknown	Contrast	contrast
expect the unexpected..	I'm a robot...	1>2	unknown	Elaboration	elaboration
I'm a robot...	part of the experiment..	1>2	unknown	Continuation	conjunction
last time you won...	no danger of me winning here	1>2	unknown	Contrast	contrast
expect the unexpected..	hehe	1>2	unknown	Comment	comment
sheep for me?	sorry	1>2	unknown	Question_answer_pair	query
sheep for me?	nope	1>2	unknown	Question_answer_pair	query
well that was epically stupid on the part of me/ my computer/ my internet	that was not supposed to be a peice of road :(	1>2	unknown	Elaboration	elaboration
ctrl z	oh really? that works	1>2	unknown	Clarification_question	query
ctrl z	hahaha	1>2	unknown	Comment	comment
ctrl z	if only in life there was a ctrl z	1>2	unknown	Comment	comment
oh really? that works	naa dunno	1>2	unknown	Question_answer_pair	query
naa dunno	ahh, I'm aiming to not do it again, but if there is i'll try that next time	1>2	unknown	Contrast	contrast
well that was epically stupid on the part of me/ my computer/ my internet	i think it's part of some brilliant show stealing tactic	1>2	unknown	Explanation	explanation
well that was epically stupid on the part of me/ my computer/ my internet	ctrl z	1>2	unknown	Result	causal
anyone want wood?	nope	1>2	unknown	Question_answer_pair	query
anyone want wood?	no	1>2	unknown	Question_answer_pair	query
nope	ok ta	1>2	unknown	Acknowledgement	query
no	ok ta	1>2	unknown	Acknowledgement	query
I wonder if this thing has any secret keywords to enable cheat mode?	jeff	1>2	unknown	Elaboration	elaboration
jeff	jefty jeff	1>2	unknown	Alternation	alternation
we haven't had to type time yet or whatever it is that extends the time	addtime	1>2	unknown	Continuation	conjunction
we haven't had to type time yet or whatever it is that extends the time	woops	1>2	unknown	Comment	comment
i remember playing this football by post game once...you sent tactics in and there was a chat sectio	nice story.	1>2	unknown	Comment	comment
i remember playing this football by post game once...you sent tactics in and there was a chat sectio	memories.. ahhh...	1>2	unknown	Comment	comment
i remember playing this football by post game once...you sent tactics in and there was a chat sectio	if you type cash cash cash in	1>2	unknown	Elaboration	elaboration
memories.. ahhh...	anyone want wood?	1>2	unknown	Continuation	conjunction
anyone want wood?	err.	1>2	unknown	Alternation	alternation
no	I've been caught out a couple of times	1>2	unknown	Explanation	explanation
if you type cash cash cash in	the board gave you money	1>2	unknown	Conditional	condition
err.	anyone want ore?	1>2	unknown	Continuation	conjunction
anyone want ore?	I'm after wheat	1>2	unknown	Elaboration	elaboration
can you chuck in a peice of wood?	as well that is	1>2	unknown	Elaboration	elaboration
yer	1 wood and 1 ore.. for a wheat..	1>2	unknown	Elaboration	elaboration
how do I confirm?	I can only see reject?	1>2	unknown	Explanation	explanation
I can only see reject?	err... that probably means you don't have the resources I was after	1>2	unknown	Question_answer_pair	query
do you have a sheep to trade?	I was after wood	1>2	unknown	Question_answer_pair	query
I was after wood	I thought you wanted wheat?	1>2	unknown	Clarification_question	query
I was after wood	oopp wheat	1>2	unknown	Correction	contrast
I thought you wanted wheat?	oopp wheat	1>2	unknown	Question_answer_pair	query
I thought you wanted wheat?	yer	1>2	unknown	Acknowledgement	query
oopp wheat	I was after wheat..	1>2	unknown	Elaboration	elaboration
yer	sorry..	1>2	unknown	Comment	comment
I'll try again..	hahaha	1>2	unknown	Comment	comment
I'll try again..	that right?	1>2	unknown	Clarification_question	query
that right?	better	1>2	unknown	Question_answer_pair	query
better	great thanks..	1>2	unknown	Acknowledgement	query
better	:)	1>2	unknown	Comment	comment
if you type cash cash cash in	haha	1>2	unknown	Comment	comment
can you chuck in a peice of wood?	yer	1>2	unknown	Question_answer_pair	query
yer	cool	1>2	unknown	Acknowledgement	query
yer	it's got to that part of the game..	1>2	unknown	Comment	comment
oopp wheat	I'll try again..	1>2	unknown	Result	causal
if you type cash cash cash in	didn't realise limited characters..	1>2	unknown	Explanation	explanation
err.	no	1>2	unknown	Question_answer_pair	query
err.	can you chuck in a peice of wood?	1>2	unknown	Q_Elab	query
err.	do you have a sheep to trade?	1>2	unknown	Q_Elab	query
anyone want to trade my lovely wood for some wheat?	sorry	1>2	unknown	Question_answer_pair	query
sorry	couldn't	1>2	unknown	Elaboration	elaboration
couldn't	if I wanted to	1<2	unknown	Conditional	condition
I'd like some sheep?	srry can't help	1>2	unknown	Question_answer_pair	query
I'd like some sheep?	nope	1>2	unknown	Question_answer_pair	query
longest road much?	ouch	1>2	unknown	Comment	comment
longest road much?	ta :-)	1>2	unknown	Acknowledgement	query
I'd like a wheat?	for?	1>2	unknown	Q_Elab	query
for?	wood?	1>2	unknown	Question_answer_pair	query
wood?	or maybe sheep?	1>2	unknown	Alternation	alternation
sheep	ok	1>2	unknown	Continuation	conjunction
hmm so that development card could be a victory point	thus putting ztime on 8...	1>2	unknown	Result	causal
could be	not much i can do about it right now	1>2	unknown	Contrast	contrast
wood?	sheep	1>2	unknown	Question_answer_pair	query
sheep	hmm so that development card could be a victory point	1>2	unknown	Comment	comment
hmm so that development card could be a victory point	hmm...	1>2	unknown	Comment	comment
hmm so that development card could be a victory point	could be	1>2	unknown	Acknowledgement	query
hmm so that development card could be a victory point	you're thinking out loud..	1>2	unknown	Comment	comment
anyone got a sheep to trade?	for?	1>2	unknown	Q_Elab	query
for?	a wood or a clay?	1>2	unknown	Question_answer_pair	query
a wood or a clay?	no	1>2	unknown	Question_answer_pair	query
no	haven't had a 7 in ages...	1>2	unknown	Comment	comment
haven't had a 7 in ages...	hahaha	1>2	unknown	Comment	comment
hahaha	why isn't it autorolling...	1>2	unknown	Clarification_question	query
why isn't it autorolling...	it was..	1>2	unknown	Contrast	contrast
it was..	yeah,	1>2	unknown	Acknowledgement	query
yeah,	and now Wolfie is quiet and it isn't rolling..	1>2	unknown	Contrast	contrast
and now Wolfie is quiet and it isn't rolling..	oh no...	1>2	unknown	Comment	comment
and now Wolfie is quiet and it isn't rolling..	hello wolfie?	1>2	unknown	Clarification_question	query
hello wolfie?	earth to wolf pack?	1>2	unknown	Continuation	conjunction
hello wolfie?	email from her..	1>2	unknown	Continuation	conjunction
urgh...this is annoying..	oh hello?	1>2	unknown	Clarification_question	query
oh hello?	she left..	1>2	unknown	Explanation	explanation
she left..	just us 2 now...	1>2	unknown	Result	causal
just us 2 now...	should we wait a bit...?	1>2	unknown	Clarification_question	query
should we wait a bit...?	yeah	1>2	unknown	Question_answer_pair	query
yeah	will make a brew	1>2	unknown	Continuation	conjunction
will make a brew	me too.. back in 2 mins	1>2	unknown	Parallel	conjunction
me too.. back in 2 mins	I'm back here..	1>2	unknown	Continuation	conjunction
me too.. back in 2 mins	so let me add that to the screenshot figures...	1>2	unknown	Continuation	conjunction
I'm back here..	k	1>2	unknown	Acknowledgement	query
k	ok	1>2	unknown	Acknowledgement	query
ok	seems we'll carry on..	1>2	unknown	Continuation	conjunction
seems we'll carry on..	ok	1>2	unknown	Acknowledgement	query
so let me add that to the screenshot figures...	haha	1>2	unknown	Comment	comment
so let me add that to the screenshot figures...	woops..	1>2	unknown	Comment	comment
how would you like to have some of my clay?	for ore?	1>2	unknown	Elaboration	elaboration
for ore?	or wheat?	1>2	unknown	Alternation	alternation
for ore?	hahaha	1>2	unknown	Comment	comment
i dont have enough	sorry	1>2	unknown	Comment	comment
i dont have enough	if only I was Derren Brown..	1>2	unknown	Comment	comment
how would you like to have some of my clay?	look into my eyes.. not around.. etc	1>2	unknown	Comment	comment
how would you like to have some of my clay?	i dont have enough	1>2	unknown	Question_answer_pair	query
damn	thanks for the game...	1>2	unknown	Comment	comment
thanks for the game...	enjoy your brew!	1>2	unknown	Continuation	conjunction
thanks for the game...	thanks	1>2	unknown	Acknowledgement	query
enjoy your brew!	hahaha	1>2	unknown	Comment	comment
thanks	see you later	1>2	unknown	Continuation	conjunction
see you later	yarp.. see you next time..	1>2	unknown	Comment	comment
great!	ok	1>2	unknown	Acknowledgement	query
ok	so what do we do now?	1>2	unknown	Clarification_question	query
so what do we do now?	who moves first i mean	1>2	unknown	Q_Elab	query
so what do we do now?	i think click where you want a settlement	1>2	unknown	Question_answer_pair	query
who moves first i mean	oh, apparently it says raef has to build a settlement.	1>2	unknown	Question_answer_pair	query
oh, apparently it says raef has to build a settlement.	sorry	1>2	unknown	Comment	comment
sorry	just figuring out the resources	1>2	unknown	Explanation	explanation
just figuring out the resources	yeah that's cool.	1>2	unknown	Acknowledgement	query
?	whose turn is it?	1>2	unknown	Elaboration	elaboration
whose turn is it?	yours	1>2	unknown	Question_answer_pair	query
whose turn is it?	i think ghettoette?	1>2	unknown	Question_answer_pair	query
whose turn is it?	you have to press done when done	1>2	unknown	Question_answer_pair	query
you have to press done when done	or i cant roll	1>2	unknown	Alternation	alternation
wait it skipped me?	I figured if it were my turn	1>2	unknown	Elaboration	elaboration
wait it skipped me?	it's been your turn the whole time	1>2	unknown	Correction	contrast
I figured if it were my turn	"the ""roll"" button would be enabled"	1>2	unknown	Conditional	condition
it's been your turn the whole time	it auto rolls	1>2	unknown	Elaboration	elaboration
i think it said catanstrophe rolled an 8	ok	1>2	unknown	Acknowledgement	query
ok	sorry	1>2	unknown	Comment	comment
ok	no worries, all figuring it out	1>2	unknown	Acknowledgement	query
ok	anyone have brick?	1>2	unknown	Continuation	conjunction
sorry	no worries, all figuring it out	1>2	unknown	Comment	comment
the arrow points to the player as well	ahhh	1>2	unknown	Acknowledgement	query
anyone have brick?	no brick.	1>2	unknown	Question_answer_pair	query
anyone have brick?	nope	1>2	unknown	Question_answer_pair	query
ahhh	i see the arrow thanks	1>2	unknown	Elaboration	elaboration
you have to press done when done	wait it skipped me?	1>2	unknown	Comment	comment
it's been your turn the whole time	i think it said catanstrophe rolled an 8	1>2	unknown	Comment	comment
it's been your turn the whole time	ok	1>2	unknown	Acknowledgement	query
it's been your turn the whole time	the arrow points to the player as well	1>2	unknown	Continuation	conjunction
anyone have ore?	i hav an ore	1>2	unknown	Question_answer_pair	query
anyone have ore?	will trade a sheep or wood or wheat	1>2	unknown	Elaboration	elaboration
anyone have ore?	yup	1>2	unknown	Question_answer_pair	query
yup	4	1>2	unknown	Elaboration	elaboration
wood	for 2	1>2	unknown	Elaboration	elaboration
i'll take wood or wheat for an ore	ok will trade wood	1>2	unknown	Acknowledgement	query
ok will trade wood	hold on let me figure this out	1>2	unknown	Contrast	contrast
hold on let me figure this out	hmm	1>2	unknown	Comment	comment
can you do 1 for 1?	i can!	1>2	unknown	Question_answer_pair	query
can you do 1 for 1?	i'll give 2	1>2	unknown	Question_answer_pair	query
i can!	i'll give 2	1>2	unknown	Elaboration	elaboration
i'll give 2	raef: give two ore for 1 what?	1>2	unknown	Clarification_question	query
raef: give two ore for 1 what?	wood	1>2	unknown	Question_answer_pair	query
wood	oksounds good	1>2	unknown	Acknowledgement	query
oksounds good	ok	1>2	unknown	Clarification_question	query
ok	did you get the trade?	1>2	unknown	Continuation	conjunction
ya	ok	1>2	unknown	Clarification_question	query
ok	how does one buy something?	1>2	unknown	Continuation	conjunction
(sorry	thisis taking a long time)	1>2	unknown	Explanation	explanation
trade with bank i think	ok it worked	1>2	unknown	Acknowledgement	query
trade w/ bank/port button	ok it worked	1>2	unknown	Acknowledgement	query
that's ok.	we're still all figuring it out too	1>2	unknown	Elaboration	elaboration
ok it worked	do the trade with bank	1>2	unknown	Elaboration	elaboration
do the trade with bank	and then right click on the settllement you want to upgrade to a city	1>2	unknown	Continuation	conjunction
ok will trade wood	can you do 1 for 1?	1>2	unknown	Q_Elab	query
ok	ya	1>2	unknown	Question_answer_pair	query
ok	(sorry	1>2	unknown	Comment	comment
ok	trade with bank i think	1>2	unknown	Question_answer_pair	query
ok	trade w/ bank/port button	1>2	unknown	Question_answer_pair	query
ok	not buttons beside the buildings?	1>2	unknown	Q_Elab	query
(sorry	that's ok.	1>2	unknown	Comment	comment
do the trade with bank	goodthing we are doing this practice round	1>2	unknown	Comment	comment
anyone have ore?	wood	1>2	unknown	Question_answer_pair	query
anyone have ore?	i'll take wood or wheat for an ore	1>2	unknown	Question_answer_pair	query
trade a sheep or ore for a clay?	anyone?	1>2	unknown	Q_Elab	query
trade a sheep or ore for a clay?	sorry not clay.	1>2	unknown	Correction	contrast
sorry not clay.	wood.	1>2	unknown	Contrast	contrast
nay	no i am looking for clay as well	1>2	unknown	Parallel	conjunction
no i am looking for clay as well	same old story :)	1>2	unknown	Comment	comment
no i am looking for clay as well	sorry,	1>2	unknown	Correction	contrast
sorry,	essentially i need wood.	1>2	unknown	Explanation	explanation
essentially i need wood.	i mistyped.	1>2	unknown	Explanation	explanation
ok i have one to trade for one clay	bah i need my clay.	1>2	unknown	Question_answer_pair	query
bah i need my clay.	thanks tho	1>2	unknown	Comment	comment
sorry,	ok i have one to trade for one clay	1>2	unknown	Q_Elab	query
trade a sheep or ore for a clay?	nay	1>2	unknown	Question_answer_pair	query
trade a sheep or ore for a clay?	no i am looking for clay as well	1>2	unknown	Question_answer_pair	query
i am looking for grain.	can trade sheep or wood	1>2	unknown	Elaboration	elaboration
none	hmm	1>2	unknown	Acknowledgement	query
none	does anyone have sheep?	1>2	unknown	Result	causal
none.	hmm	1>2	unknown	Acknowledgement	query
none.	does anyone have sheep?	1>2	unknown	Result	causal
does anyone have sheep?	have sheep for ore or brick	1>2	unknown	Question_answer_pair	query
does anyone have sheep?	i'll trade a sheep for brick.	1>2	unknown	Question_answer_pair	query
does anyone have sheep?	i can give one wood for one sheep?	1>2	unknown	Elaboration	elaboration
does anyone have sheep?	yeah i can do that.	1>2	unknown	Acknowledgement	query
i'll trade a sheep for brick.	ok	1>2	unknown	Acknowledgement	query
i can give one wood for one sheep?	sorry	1>2	unknown	Correction	contrast
sorry	meant period	1>2	unknown	Explanation	explanation
oops sorry	i'm confused :)	1>2	unknown	Explanation	explanation
sorry	i got cofused earlier with ghettoette.	1>2	unknown	Explanation	explanation
catanstrophe: i can give you a sheep for your wood.	ok zorburt	1>2	unknown	Acknowledgement	query
ok zorburt	i will gie you one wood for one sheep	1>2	unknown	Elaboration	elaboration
i will gie you one wood for one sheep	excellent.	1>2	unknown	Acknowledgement	query
excellent.	sent the trade	1>2	unknown	Result	causal
sent the trade	done.	1>2	unknown	Result	causal
i am looking for grain.	none	1>2	unknown	Question_answer_pair	query
i am looking for grain.	none.	1>2	unknown	Question_answer_pair	query
sorry	catanstrophe: i can give you a sheep for your wood.	1>2	unknown	Elaboration	elaboration
i can give one wood for one sheep?	sorry	1>2	unknown	Comment	comment
i can give one wood for one sheep?	oops sorry	1>2	unknown	Comment	comment
Once we all have the idea	can we start the real one	1>2	unknown	Background	frame
i am fine with going on to the real one	oh MAN.	1>2	unknown	Comment	comment
i am fine with going on to the real one	yeah that's fine with me.	1>2	unknown	Acknowledgement	query
i am fine with going on to the real one	me too	1>2	unknown	Acknowledgement	query
i am fine with going on to the real one	ok cool.	1>2	unknown	Acknowledgement	query
yeah that's fine with me.	me too	1>2	unknown	Parallel	conjunction
yeah that's fine with me.	wait	1>2	unknown	Correction	contrast
yeah that's fine with me.	esp cuz i just lost 5 cards haha	1>2	unknown	Explanation	explanation
me too	ok cool.	1>2	unknown	Acknowledgement	query
esp cuz i just lost 5 cards haha	plus it will take hours :)	1>2	unknown	Continuation	conjunction
wait	i want to practice buildign something.	1>2	unknown	Explanation	explanation
i want to practice buildign something.	oh i can't	1>2	unknown	Comment	comment
i want to practice buildign something.	I know for roads it will show on the map	1>2	unknown	Explanation	explanation
i want to practice buildign something.	i just realized you click at the bottom in the green box-	1>2	unknown	Explanation	explanation
plus it will take hours :)	ok cool.	1>2	unknown	Acknowledgement	query
oh i can't	i dunno why.	1>2	unknown	Continuation	conjunction
oh i can't	I know for roads it will show on the map	1>2	unknown	Explanation	explanation
oh i can't	i just realized you click at the bottom in the green box-	1>2	unknown	Explanation	explanation
I know for roads it will show on the map	when you scroll over	1>2	unknown	Background	frame
when you scroll over	when you're capable of building	1>2	unknown	Elaboration	elaboration
i just realized you click at the bottom in the green box-	it shows what is available	1>2	unknown	Continuation	conjunction
yeah.	just build a road.	1>2	unknown	Elaboration	elaboration
ok cool.	if we're all good	1>2	unknown	Continuation	conjunction
if we're all good	we can start a new game.	1>2	unknown	Conditional	condition
I'm good	me too	1>2	unknown	Parallel	conjunction
me too	k	1>2	unknown	Acknowledgement	query
me too	ok	1>2	unknown	Acknowledgement	query
ok	let's kill it	1>2	unknown	Result	causal
I know for roads it will show on the map	yeah.	1>2	unknown	Acknowledgement	query
i just realized you click at the bottom in the green box-	yeah.	1>2	unknown	Acknowledgement	query
if we're all good	I'm good	1>2	unknown	Question_answer_pair	query
if we're all good	me too	1>2	unknown	Question_answer_pair	query
if we're all good	ok	1>2	unknown	Acknowledgement	query
Once we all have the idea	or are we playing this out entirely?	1>2	unknown	Alternation	alternation
Once we all have the idea	i am fine with going on to the real one	1>2	unknown	Question_answer_pair	query
Once we all have the idea	yeah that's fine with me.	1>2	unknown	Question_answer_pair	query
Once we all have the idea	me too	1>2	unknown	Acknowledgement	query
good luck!	i hate you jade	1>2	unknown	Continuation	conjunction
i hate you jade	i'm going to eat you alive raef.	1>2	unknown	Parallel	conjunction
i started the game last time	so someoen else ewant to click start game?	1>2	unknown	Result	causal
i'm going to eat you alive raef.	yikes	1>2	unknown	Comment	comment
rock mountain	this board is rough	1>2	unknown	Comment	comment
this board is rough	yeah.	1>2	unknown	Acknowledgement	query
this board is rough	that 9-5-10 that ghettoette took is by far the best spot	1>2	unknown	Continuation	conjunction
that 9-5-10 that ghettoette took is by far the best spot	no doubt	1>2	unknown	Acknowledgement	query
that 9-5-10 that ghettoette took is by far the best spot	here's hoping!	1>2	unknown	Acknowledgement	query
oh whoops	i forgot i get to go twice	1>2	unknown	Elaboration	elaboration
darn.	wow, ok	1>2	unknown	Comment	comment
wow, ok	i knew you had what i wanted :p	1>2	unknown	Comment	comment
anyone have wheat	no	1>2	unknown	Question_answer_pair	query
anyone have wheat	sorry	1>2	unknown	Question_answer_pair	query
anyone have wheat	brick?	1>2	unknown	Continuation	conjunction
brick?	nope	1>2	unknown	Question_answer_pair	query
brick?	no	1>2	unknown	Question_answer_pair	query
oh whoops	darn.	1>2	unknown	Comment	comment
anyone have brick now?	lol, how?	1>2	unknown	Q_Elab	query
anyone have brick now?	no 10s rolled	1>2	unknown	Question_answer_pair	query
lol, how?	i dunno.	1>2	unknown	Question_answer_pair	query
lol, how?	miracle?	1>2	unknown	Q_Elab	query
i dunno.	miracle?	1>2	unknown	Continuation	conjunction
looking to trade wheat for ore	here	1>2	unknown	Question_answer_pair	query
here	i can do it	1>2	unknown	Elaboration	elaboration
need 2 ore?	i can give you ore	1>2	unknown	Question_answer_pair	query
need 2 ore?	oh wait,	1>2	unknown	Clarification_question	query
i can give you ore	anything work?	1>2	unknown	Q_Elab	query
oh wait,	you want wheat?	1>2	unknown	Elaboration	elaboration
want 2 ore	i can do 1 for 1	1>2	unknown	Question_answer_pair	query
i can do 1 for 1	i give one ore for one wheat	1>2	unknown	Elaboration	elaboration
i can do 1 for 1	or i could do for 2-for-2	1>2	unknown	Alternation	alternation
did anything show?	yep worked!	1>2	unknown	Question_answer_pair	query
yep worked!	nice trade	1>2	unknown	Comment	comment
here	need 2 ore?	1>2	unknown	Q_Elab	query
oh wait,	want 2 ore	1>2	unknown	Question_answer_pair	query
i can do 1 for 1	did anything show?	1>2	unknown	Q_Elab	query
wow, two 11's already,	doesn't look good	1>2	unknown	Result	causal
wow, two 11's already,	man why do i always roll the 7s!	1>2	unknown	Continuation	conjunction
doesn't look good	yeah catanstrophe is the king of ore mountain.	1>2	unknown	Comment	comment
man why do i always roll the 7s!	wow that blew	1>2	unknown	Comment	comment
yeah catanstrophe is the king of ore mountain.	not anymore!	1>2	unknown	Correction	contrast
wow that blew	not anymore!	1>2	unknown	Result	causal
not anymore!	:)	1>2	unknown	Comment	comment
oh MAN	i mixed up the colours	1>2	unknown	Explanation	explanation
i mixed up the colours	and just blocked myself!	1>2	unknown	Result	causal
i mixed up the colours	this is terrible.	1>2	unknown	Comment	comment
i mixed up the colours	nice work	1>2	unknown	Comment	comment
wow these 3's	raef - are you looking to trade some of that wheat?	1>2	unknown	Continuation	conjunction
raef - are you looking to trade some of that wheat?	I'm ok right now	1>2	unknown	Question_answer_pair	query
raef - are you looking to trade some of that wheat?	i can give an ore or a wood	1>2	unknown	Elaboration	elaboration
raef - are you looking to trade some of that wheat?	gone	1>2	unknown	Question_answer_pair	query
gone	oh shit	1>2	unknown	Correction	contrast
oh shit	again	1>2	unknown	Continuation	conjunction
?	didn't realize another 3 was rolled	1>2	unknown	Question_answer_pair	query
i can give an ore or a wood	evryone needs clay	1>2	unknown	Contrast	contrast
i can give an ore or a wood	evryone needs clay	1>2	unknown	Question_answer_pair	query
evryone needs clay	ok	1>2	unknown	Acknowledgement	query
oh shit	?	1>2	unknown	Clarification_question	query
oh shit	didn't realize another 3 was rolled	1>2	unknown	Explanation	explanation
ouch	sorry!	1>2	unknown	Comment	comment
ouch	robber and monopoly	1>2	unknown	Elaboration	elaboration
robber and monopoly	haha	1>2	unknown	Comment	comment
anyone have ore to trade me for wheat or sheep?	no	1>2	unknown	Question_answer_pair	query
anyone have ore to trade me for wheat or sheep?	i'll give one ore for 2 wheat	1>2	unknown	Question_answer_pair	query
i'll give one ore for 2 wheat	ok	1>2	unknown	Question_answer_pair	query
ok	ok sounds good	1>2	unknown	Acknowledgement	query
ok sounds good	wow	1>2	unknown	Comment	comment
bloody hell.	i can't believe i blocked myself	1>2	unknown	Elaboration	elaboration
i can't believe i blocked myself	and i could have gotten a brick.	1>2	unknown	Continuation	conjunction
anyone want to give me brick or wood?	i can give you a wood.	1>2	unknown	Question_answer_pair	query
anyone want to give me brick or wood?	wow ou have 14 cards!	1>2	unknown	Comment	comment
i can give you a wood.	for a wheat?	1>2	unknown	Elaboration	elaboration
for a wheat?	2 wheats?	1>2	unknown	Alternation	alternation
2 wheats?	can't do	1>2	unknown	Question_answer_pair	query
can't do	ok.	1>2	unknown	Acknowledgement	query
i can give you a wood.	ok	1>2	unknown	Question_answer_pair	query
i can give you a wood.	2 wheats?	1>2	unknown	Q_Elab	query
ok prob know the answer to this,	but does anyone have any brick?	1>2	unknown	Contrast	contrast
but does anyone have any brick?	nope	1>2	unknown	Question_answer_pair	query
but does anyone have any brick?	no	1>2	unknown	Question_answer_pair	query
that's not as many ores as i thought were out there.	does anyone want to give me a wood?	1>2	unknown	Continuation	conjunction
does anyone want to give me a wood?	sure	1>2	unknown	Question_answer_pair	query
does anyone want to give me a wood?	for brick?	1>2	unknown	Q_Elab	query
does anyone want to give me a wood?	i can give you an ore or a sheep.	1>2	unknown	Elaboration	elaboration
sure	ok raef.	1>2	unknown	Acknowledgement	query
for brick?	i don't have any brick.	1>2	unknown	Question_answer_pair	query
i don't have any brick.	ok	1>2	unknown	Acknowledgement	query
i don't have any brick.	i can't trade this time around then	1>2	unknown	Result	causal
ok raef.	i can give you an ore or a sheep.	1>2	unknown	Continuation	conjunction
i can give you an ore or a sheep.	ore	1>2	unknown	Question_answer_pair	query
ore	OK	1>2	unknown	Acknowledgement	query
wood for sheep?	sure	1>2	unknown	Question_answer_pair	query
wood for sheep?	oh you want wood?	1>2	unknown	Clarification_question	query
sure	oh you want wood?	1>2	unknown	Continuation	conjunction
oh you want wood?	want 1-2 sheep	1>2	unknown	Question_answer_pair	query
want 1-2 sheep	will do 1 sheep for 1 wood	1>2	unknown	Question_answer_pair	query
i'd like a wheat.	i can trade sheep or wood?	1>2	unknown	Elaboration	elaboration
i'd like a wheat.	none	1>2	unknown	Question_answer_pair	query
i'd like a wheat.	cant' do	1>2	unknown	Question_answer_pair	query
i'd like a wheat.	nope	1>2	unknown	Question_answer_pair	query
sucks to have numbers never rolled	worst game ever	1>2	unknown	Elaboration	elaboration
sucks to have numbers never rolled	4 has never been rolled	1>2	unknown	Elaboration	elaboration
sucks to have numbers never rolled	haha darn you people	1>2	unknown	Comment	comment
anyone want to give me a wood for a wheat?	ok	1>2	unknown	Question_answer_pair	query
ok	i will	1>2	unknown	Elaboration	elaboration
4 has never been rolled	yeah.	1>2	unknown	Acknowledgement	query
4 has never been rolled	nor 2s.	1>2	unknown	Parallel	conjunction
nor 2s.	incredibly different odds	1>2	unknown	Contrast	contrast
nor 2s.	incredibly different odds	1>2	unknown	Comment	comment
ok	ok	1>2	unknown	Acknowledgement	query
anyone have sheep?	i can give wheat	1>2	unknown	Elaboration	elaboration
anyone have sheep?	i am looking for sheep or clay	1>2	unknown	Elaboration	elaboration
anyone have sheep?	no	1>2	unknown	Question_answer_pair	query
anyone have sheep?	nope	1>2	unknown	Question_answer_pair	query
i can give wheat	or clay	1>2	unknown	Alternation	alternation
i can give wheat	i am looking for sheep or clay	1>2	unknown	Continuation	conjunction
last chance at rolling the first 4	why last chance?	1>2	unknown	Clarification_question	query
why last chance?	game is over	1>2	unknown	Question_answer_pair	query
game is over	wait, why	1>2	unknown	Clarification_question	query
wait, why	you won't get a point?	1>2	unknown	Q_Elab	query
you won't get a point?	i thought catan ended when someone got 10pts	1>2	unknown	Contrast	contrast
you won't get a point?	no i am not winning any time soon	1>2	unknown	Question_answer_pair	query
i thought catan ended when someone got 10pts	you have 9	1>2	unknown	Contrast	contrast
you have 9	ohhh	1>2	unknown	Comment	comment
ohhh	god i a out of it	1>2	unknown	Elaboration	elaboration
god i a out of it	sorry	1>2	unknown	Comment	comment
no i am not winning any time soon	actually, wait sorry	1>2	unknown	Correction	contrast
actually, wait sorry	i guess i can	1>2	unknown	Elaboration	elaboration
i guess i can	LOL	1>2	unknown	Comment	comment
i guess i can	good game everyone!	1>2	unknown	Comment	comment
good game everyone!	good times.	1>2	unknown	Comment	comment
good game everyone!	gg	1>2	unknown	Comment	comment
good times.	that was fun.	1>2	unknown	Continuation	conjunction
that was fun.	we'll have to organize for another game.	1>2	unknown	Result	causal
we'll have to organize for another game.	yeah def	1>2	unknown	Acknowledgement	query
yeah def	i will try to be less out of it	1>2	unknown	Continuation	conjunction
odds that people remember?	50/50	1>2	unknown	Elaboration	elaboration
?	what happens	1>2	unknown	Clarification_question	query
what happens	if you disconnect?	1<2	unknown	Conditional	condition
I dunno,	we probably all just wait for you to finish your turn	1>2	unknown	Elaboration	elaboration
"I.e., the game stays ""in progress"""	until you log-in again with the same credentials	1>2	unknown	Narration	temporal
what happens	not sure	1>2	unknown	Question_answer_pair	query
what happens	I dunno,	1>2	unknown	Question_answer_pair	query
I dunno,	"I.e., the game stays ""in progress"""	1>2	unknown	Elaboration	elaboration
odds that people remember?	?	1>2	unknown	Continuation	conjunction
odds that people remember?	hahah	1>2	unknown	Comment	comment
ouch	brutal cutoff by blue	1>2	unknown	Elaboration	elaboration
ya,	I didn't like my last pick	1>2	unknown	Explanation	explanation
this board isnt great	at least the desert's in the corner	1>2	unknown	Contrast	contrast
ouch	ya,	1>2	unknown	Acknowledgement	query
ouch	this board isnt great	1>2	unknown	Comment	comment
oh, I have to click Done.	Sorry	1>2	unknown	Comment	comment
anyone have an ore?	no	1>2	unknown	Question_answer_pair	query
anyone have an ore?	not for trading	1>2	unknown	Question_answer_pair	query
no	not yet	1>2	unknown	Elaboration	elaboration
not for trading	sorry	1>2	unknown	Comment	comment
anyone have wood?	nope	1>2	unknown	Question_answer_pair	query
anyone have wood?	yeah	1>2	unknown	Question_answer_pair	query
anyone have wood?	i'll give a wheat	1>2	unknown	Elaboration	elaboration
i'll give a wheat	i need brick though.	1>2	unknown	Contrast	contrast
i need brick though.	hm.	1>2	unknown	Comment	comment
i need brick though.	hmm	1>2	unknown	Acknowledgement	query
i need brick though.	could you throw in a sheep with the wood?	1>2	unknown	Q_Elab	query
hmm	could you throw in a sheep with the wood?	1>2	unknown	Continuation	conjunction
could you throw in a sheep with the wood?	i'll give you the brick	1>2	unknown	Conditional	condition
yeah ok.	cool	1>2	unknown	Acknowledgement	query
yeah ok.	thanks	1>2	unknown	Acknowledgement	query
cool	thanks	1>2	unknown	Continuation	conjunction
thanks	np	1>2	unknown	Acknowledgement	query
could you throw in a sheep with the wood?	yeah ok.	1>2	unknown	Question_answer_pair	query
could you throw in a sheep with the wood?	I'll do brick ore late	1>2	unknown	Question_answer_pair	query
oh damnit.	i didn't realize you stole from me.	1>2	unknown	Elaboration	elaboration
anyone to trade an ore,	got everything	1>2	unknown	Elaboration	elaboration
I'll trade ore for wheat	brick?	1>2	unknown	Q_Elab	query
I'll trade ore for wheat	which person?	1>2	unknown	Q_Elab	query
brick?	i'll trade for brick	1>2	unknown	Question_answer_pair	query
i'll trade for brick	which person?	1>2	unknown	Q_Elab	query
i have an ore,	want brick	1>2	unknown	Elaboration	elaboration
which person?	anyone throw in a random?	1>2	unknown	Q_Elab	query
i don't have anything else to offer but an ore	ohh	1>2	unknown	Comment	comment
ohh	whoops, my bad	1>2	unknown	Elaboration	elaboration
anyone to trade an ore,	I'll trade ore for wheat	1>2	unknown	Question_answer_pair	query
anyone to trade an ore,	i'll trade for brick	1>2	unknown	Question_answer_pair	query
anyone to trade an ore,	i have an ore,	1>2	unknown	Question_answer_pair	query
i have an ore,	which person?	1>2	unknown	Q_Elab	query
which person?	i don't have anything else to offer but an ore	1>2	unknown	Question_answer_pair	query
holy crap	just realized the crazy road	1>2	unknown	Explanation	explanation
Ok, anyone willing to part with a wheat?	I can offer brick or sheep.	1>2	unknown	Elaboration	elaboration
Ok, anyone willing to part with a wheat?	can't	1>2	unknown	Question_answer_pair	query
Ok, anyone willing to part with a wheat?	no	1>2	unknown	Question_answer_pair	query
offering 1-2 ore for a wood	ok i'll do it	1>2	unknown	Question_answer_pair	query
ok i'll do it	i;ll take 2 ore,	1>2	unknown	Elaboration	elaboration
i;ll take 2 ore,	and give one wood	1>2	unknown	Continuation	conjunction
going...	anyone else	1>2	unknown	Contrast	contrast
anyone else	no,	1>2	unknown	Question_answer_pair	query
anyone else	?	1>2	unknown	Continuation	conjunction
no,	"I""ll pass."	1>2	unknown	Elaboration	elaboration
"I""ll pass."	tempting, though.	1>2	unknown	Contrast	contrast
i;ll take 2 ore,	going...	1>2	unknown	Acknowledgement	query
i;ll take 2 ore,	sold	1>2	unknown	Acknowledgement	query
i;ll take 2 ore,	anyone else	1>2	unknown	Q_Elab	query
lol,	12 brick,	1>2	unknown	Elaboration	elaboration
12 brick,	nice	1>2	unknown	Comment	comment
12 brick,	does anyone want to give me a wheat and i give them an ore?	1>2	unknown	Continuation	conjunction
does anyone want to give me a wheat and i give them an ore?	0 resources	1>2	unknown	Question_answer_pair	query
does anyone want to give me a wheat and i give them an ore?	Not I.	1>2	unknown	Question_answer_pair	query
does anyone want to give me a wheat and i give them an ore?	cant	1>2	unknown	Question_answer_pair	query
SO, I need wheat.	Is there anything someone would want?	1>2	unknown	Elaboration	elaboration
What is it,	4:1 with the bank?	1>2	unknown	Elaboration	elaboration
i hate it when high prob numbers don't come up like they should (ie 6, 5)	yeah and 10.	1>2	unknown	Continuation	conjunction
yeah and 10.	11s have been rolled a few times again.	1>2	unknown	Continuation	conjunction
What is it,	I forget?	1>2	unknown	Explanation	explanation
What is it,	yeah 4 for 1	1>2	unknown	Question_answer_pair	query
What is it,	i hate it when high prob numbers don't come up like they should (ie 6, 5)	1>2	unknown	Comment	comment
SO, I need wheat.	none	1>2	unknown	Question_answer_pair	query
SO, I need wheat.	What is it,	1>2	unknown	Continuation	conjunction
does anyone want to give me a wheat?	i have wood ore and sheep to give.	1>2	unknown	Elaboration	elaboration
does anyone want to give me a wheat?	I am starving for wheat here myself.	1>2	unknown	Question_answer_pair	query
I am starving for wheat here myself.	yeah	1>2	unknown	Acknowledgement	query
does anyone have ore?	or brick?	1>2	unknown	Alternation	alternation
gotta hold off,	you're kinda set up	1>2	unknown	Explanation	explanation
no,	I have only 1 of 1	1>2	unknown	Elaboration	elaboration
I have only 1 of 1	of them	1>2	unknown	Correction	contrast
yeah	ia m looking for either	1>2	unknown	Contrast	contrast
ia m looking for either	I guess I might trade for sheep	1>2	unknown	Result	causal
I guess I might trade for sheep	ok	1>2	unknown	Acknowledgement	query
I guess I might trade for sheep	i will give a sheep for an ore?	1>2	unknown	Q_Elab	query
ok	i will give a sheep for an ore?	1>2	unknown	Continuation	conjunction
i will give a sheep for an ore?	I'll give you 1 ore for a sheep	1>2	unknown	Question_answer_pair	query
I'll give you 1 ore for a sheep	sounds good	1>2	unknown	Acknowledgement	query
sounds good	ok	1>2	unknown	Acknowledgement	query
sounds good	...	1>2	unknown	Comment	comment
ok	...	1>2	unknown	Comment	comment
does anyone have ore?	gotta hold off,	1>2	unknown	Question_answer_pair	query
does anyone have ore?	no,	1>2	unknown	Question_answer_pair	query
I have only 1 of 1	yeah	1>2	unknown	Acknowledgement	query
anyone selling ore?	2 sheep?	1>2	unknown	Elaboration	elaboration
anyone selling ore?	no	1>2	unknown	Question_answer_pair	query
anyone selling ore?	not me	1>2	unknown	Question_answer_pair	query
anyone selling ore?	dont have any	1>2	unknown	Question_answer_pair	query
no brick/clay on the board eh?	to trade?	1>2	unknown	Continuation	conjunction
no,	it's all in the ground lining my road	1>2	unknown	Explanation	explanation
only for ore	as in i give you an ore?	1>2	unknown	Clarification_question	query
as in i give you an ore?	needed 2	1>2	unknown	Question_answer_pair	query
needed 2	i don't have 2 ores to give you.	1>2	unknown	Contrast	contrast
i don't have 2 ores to give you.	i can give you an ore and a sheep.	1>2	unknown	Contrast	contrast
no brick/clay on the board eh?	no,	1>2	unknown	Question_answer_pair	query
no brick/clay on the board eh?	only for ore	1>2	unknown	Question_answer_pair	query
i don't have 2 ores to give you.	ok	1>2	unknown	Acknowledgement	query
anyone have clay	nope	1>2	unknown	Question_answer_pair	query
anyone have clay	no clay for you,	1>2	unknown	Question_answer_pair	query
anyone have clay	or ore?	1>2	unknown	Alternation	alternation
anyone have clay	lol	1>2	unknown	Question_answer_pair	query
anyone have clay	Isn't this the second time you've rolled a 12?!	1>2	unknown	Clarification_question	query
Isn't this the second time you've rolled a 12?!	yeah!	1>2	unknown	Question_answer_pair	query
nope	np	1>2	unknown	Comment	comment
no clay for you,	sorry.	1>2	unknown	Comment	comment
np	no problem	1>2	unknown	Elaboration	elaboration
or ore?	fing robber	1>2	unknown	Comment	comment
or ore?	fing robber	1>2	unknown	Question_answer_pair	query
fing robber	srsly	1>2	unknown	Acknowledgement	query
fing robber	yeah seriously	1>2	unknown	Acknowledgement	query
srsly	yeah seriously	1>2	unknown	Acknowledgement	query
no clay for you,	np	1>2	unknown	Acknowledgement	query
I can give you wood	1 wood, that is	1>2	unknown	Elaboration	elaboration
I can give you wood	if you have basically ANYTHING else to give me	1<2	unknown	Conditional	condition
i'll do that.	i'll give you a sheep	1>2	unknown	Elaboration	elaboration
i can give a wheat	suddenly the market is flush with wheat	1>2	unknown	Comment	comment
i'll give you a sheep	zorburt's sheep is the winner!	1>2	unknown	Result	causal
wheat	suddenly the market is flush with wheat	1>2	unknown	Comment	comment
wheat	zorburt's sheep is the winner!	1>2	unknown	Result	causal
suddenly the market is flush with wheat	yup	1>2	unknown	Acknowledgement	query
suddenly the market is flush with wheat	zorburt's sheep is the winner!	1>2	unknown	Result	causal
zorburt's sheep is the winner!	>	1>2	unknown	Comment	comment
zorburt's sheep is the winner!	?	1>2	unknown	Clarification_question	query
zorburt's sheep is the winner!	wait	1>2	unknown	Correction	contrast
?	you're asking catanstrope to confirm the trade...	1>2	unknown	Elaboration	elaboration
wait	something ewird happened	1>2	unknown	Explanation	explanation
something ewird happened	i am getting a trade for sheep	1>2	unknown	Elaboration	elaboration
i am getting a trade for sheep	i rejected it,	1>2	unknown	Narration	temporal
i rejected it,	maybe it will reset	1>2	unknown	Result	causal
RIght,	first time I'm trading with this client	1>2	unknown	Continuation	conjunction
RIght,	yay	1>2	unknown	Comment	comment
first time I'm trading with this client	how the heck do I point the trade to zorburt?	1>2	unknown	Clarification_question	query
yay	sheep wins!	1>2	unknown	Elaboration	elaboration
sheep wins!	:)	1>2	unknown	Acknowledgement	query
how the heck do I point the trade to zorburt?	there is a little check box	1>2	unknown	Question_answer_pair	query
how the heck do I point the trade to zorburt?	you click the person	1>2	unknown	Question_answer_pair	query
how the heck do I point the trade to zorburt?	cilick on the red box	1>2	unknown	Question_answer_pair	query
there is a little check box	with three colors	1>2	unknown	Continuation	conjunction
you click the person	well look at that...	1>2	unknown	Result	causal
cilick on the red box	well look at that...	1>2	unknown	Result	causal
well look at that...	yeah	1>2	unknown	Acknowledgement	query
yeah	its not immediately obvious	1>2	unknown	Elaboration	elaboration
I can give you wood	i'll do that.	1>2	unknown	Question_answer_pair	query
I can give you wood	i can give a wheat	1>2	unknown	Question_answer_pair	query
I can give you wood	wheat	1>2	unknown	Question_answer_pair	query
there is a little check box	well look at that...	1>2	unknown	Result	causal
?	RIght,	1>2	unknown	Question_answer_pair	query
something ewird happened	RIght,	1>2	unknown	Acknowledgement	query
something ewird happened	first time I'm trading with this client	1>2	unknown	Explanation	explanation
wow	12 has come up more times than 6	1>2	unknown	Elaboration	elaboration
raef gets 4 ores?!?!	so I can use my port...	1>2	unknown	Result	causal
raef gets 4 ores?!?!	raef gets 4 ore!	1>2	unknown	Acknowledgement	query
raef gets 4 ore!	woo-hoo!	1>2	unknown	Comment	comment
raef gets 4 ore!	so I can use my port...	1>2	unknown	Result	causal
so I can use my port...	oh wait	1>2	unknown	Contrast	contrast
so I can use my port...	your wood port!?	1>2	unknown	Clarification_question	query
oh wait	har	1>2	unknown	Comment	comment
oh wait	roll a damn 8	1>2	unknown	Continuation	conjunction
roll a damn 8	7	1>2	unknown	Correction	contrast
could you discard in THIS direction, please?	lol	1>2	unknown	Comment	comment
could you discard in THIS direction, please?	that's a good spot.	1>2	unknown	Comment	comment
lol	that's a good spot.	1>2	unknown	Elaboration	elaboration
frig 4 ores for you again!	motherf-er	1>2	unknown	Comment	comment
frig 4 ores for you again!	i guess,	1>2	unknown	Acknowledgement	query
frig 4 ores for you again!	sort of too late	1>2	unknown	Comment	comment
i guess,	sort of too late	1>2	unknown	Contrast	contrast
again	not sure why that is a good move	1>2	unknown	Comment	comment
again	gramos - are you willing to trade out that brick?	1>2	unknown	Continuation	conjunction
not sure why that is a good move	this is why we no longer play games with dice	1>2	unknown	Result	causal
not sure why that is a good move	wait did catanstrophe move the robber?	1>2	unknown	Clarification_question	query
gramos - are you willing to trade out that brick?	yeah,	1>2	unknown	Question_answer_pair	query
gramos - are you willing to trade out that brick?	i can give a wheat	1>2	unknown	Elaboration	elaboration
yeah,	sure.	1>2	unknown	Continuation	conjunction
wait did catanstrophe move the robber?	i missed that...	1>2	unknown	Explanation	explanation
wait did catanstrophe move the robber?	twice just on my ore	1>2	unknown	Question_answer_pair	query
i can give a wheat	ok,	1>2	unknown	Acknowledgement	query
ok,	brick for wheat.	1>2	unknown	Elaboration	elaboration
brick for wheat.	Deal.	1>2	unknown	Result	causal
Deal.	ok	1>2	unknown	Acknowledgement	query
twice just on my ore	and it's least valuable resource	1>2	unknown	Comment	comment
and it's least valuable resource	well,	1>2	unknown	Acknowledgement	query
and it's least valuable resource	yeah	1>2	unknown	Acknowledgement	query
and it's least valuable resource	but you get 4 each time it gets rolled,	1>2	unknown	Contrast	contrast
well,	yeah,	1>2	unknown	Continuation	conjunction
yeah,	ore's worthless	1>2	unknown	Explanation	explanation
ore's worthless	unless you need some.	1>2	unknown	Alternation	alternation
yeah	but you get 4 each time it gets rolled,	1>2	unknown	Contrast	contrast
but you get 4 each time it gets rolled,	and that's essentially getting 1 free resource.	1>2	unknown	Elaboration	elaboration
yeah,	I have lotso brick	1>2	unknown	Explanation	explanation
yeah,	i can give a wheat	1>2	unknown	Q_Elab	query
and I'm the leader?	I can give brick to someone who will part with wood...	1>2	unknown	Question_answer_pair	query
I can give brick to someone who will part with wood...	i have sheep and wheat to trade for brick or wood.	1>2	unknown	Continuation	conjunction
i have sheep and wheat to trade for brick or wood.	any takers?	1>2	unknown	Result	causal
all i have is sheep	same	1>2	unknown	Parallel	conjunction
all i have is sheep	ok cool.	1>2	unknown	Acknowledgement	query
all i have is sheep	has a 9 been rolled??	1>2	unknown	Q_Elab	query
same	ok cool.	1>2	unknown	Acknowledgement	query
same	i can give 1-4	1>2	unknown	Q_Elab	query
I'll take a sheep,	I can give brick	1>2	unknown	Elaboration	elaboration
I'll take a sheep,	have you any wood as well?	1>2	unknown	Continuation	conjunction
i can give 1-4	sorry raef,	1>2	unknown	Comment	comment
have you any wood as well?	i have NO wood.	1>2	unknown	Question_answer_pair	query
i have NO wood.	i'd like wood.	1>2	unknown	Contrast	contrast
Ok,	1 brick for 1 sheep	1>2	unknown	Result	causal
1 brick for 1 sheep	i'll give you a sheep for a brick.	1>2	unknown	Acknowledgement	query
1 brick for 1 sheep	cool	1>2	unknown	Acknowledgement	query
cool	thanks.	1>2	unknown	Comment	comment
sorry raef,	i didn't understand what you were saying?	1<2	unknown	Comment	comment
i have sheep and wheat to trade for brick or wood.	all i have is sheep	1>2	unknown	Question_answer_pair	query
i have sheep and wheat to trade for brick or wood.	same	1>2	unknown	Question_answer_pair	query
i have sheep and wheat to trade for brick or wood.	I'll take a sheep,	1>2	unknown	Question_answer_pair	query
i have sheep and wheat to trade for brick or wood.	have you any wood as well?	1>2	unknown	Q_Elab	query
i have NO wood.	Ok,	1>2	unknown	Acknowledgement	query
anyone have brick?	i can give sheep	1>2	unknown	Elaboration	elaboration
sorry,	you're basically at 7 points	1>2	unknown	Explanation	explanation
no	sorry.	1>2	unknown	Comment	comment
anyne have wheat?	i will give a wood	1>2	unknown	Elaboration	elaboration
anyne have wheat?	I need the 1 I have	1>2	unknown	Question_answer_pair	query
what!?	Ouch!	1>2	unknown	Continuation	conjunction
what!?	baaaah.	1>2	unknown	Comment	comment
ya know,	I coulda just traded you that outright	1>2	unknown	Elaboration	elaboration
I coulda just traded you that outright	instead of slaughtering all my poor innocent sheep!	1>2	unknown	Contrast	contrast
instead of slaughtering all my poor innocent sheep!	and mine.	1>2	unknown	Parallel	conjunction
anyone have brick?	alas, no	1>2	unknown	Question_answer_pair	query
anyone have brick?	sorry,	1>2	unknown	Question_answer_pair	query
anyone have brick?	no	1>2	unknown	Question_answer_pair	query
anyone have brick?	anyne have wheat?	1>2	unknown	Continuation	conjunction
anyne have wheat?	no	1>2	unknown	Question_answer_pair	query
what!?	what?	1>2	unknown	Clarification_question	query
what!?	ya know,	1>2	unknown	Elaboration	elaboration
you're all welcome.	LOL	1>2	unknown	Comment	comment
you're all welcome.	does anyone need an ore?	1>2	unknown	Narration	temporal
never had a 9	yeah it came up once waaay early in the game.	1>2	unknown	Correction	contrast
yeah it came up once waaay early in the game.	yeah	1>2	unknown	Acknowledgement	query
yeah it came up once waaay early in the game.	then the robber was on it	1>2	unknown	Contrast	contrast
yeah	then the robber was on it	1>2	unknown	Contrast	contrast
then the robber was on it	and then nada since	1>2	unknown	Continuation	conjunction
does anyone need an ore?	I could wood or *ahem* sheep	1>2	unknown	Elaboration	elaboration
I'll give 2	two ore for one sheep?	1>2	unknown	Clarification_question	query
I'll give 2	2 sheep for an ore	1>2	unknown	Elaboration	elaboration
two ore for one sheep?	I have only 1 ore	1>2	unknown	Contrast	contrast
two ore for one sheep?	2 sheep for an ore	1>2	unknown	Question_answer_pair	query
I have only 1 ore	oh one for one is fine	1>2	unknown	Result	causal
oh one for one is fine	or i can go 2 as well	1>2	unknown	Alternation	alternation
2 sheep for an ore	or i can go 2 as well	1>2	unknown	Result	causal
2 sheep for an ore	whom to trade with...	1>2	unknown	Clarification_question	query
or i can go 2 as well	whom to trade with...	1>2	unknown	Clarification_question	query
whom to trade with...	seriously?	1>2	unknown	Clarification_question	query
seriously?	raef, catanstrophe is practically winning	1>2	unknown	Question_answer_pair	query
raef, catanstrophe is practically winning	the guy with 2 knights	1>2	unknown	Comment	comment
raef, catanstrophe is practically winning	yes, yes,	1>2	unknown	Acknowledgement	query
the guy with 2 knights	LOL	1>2	unknown	Comment	comment
yes, yes,	I know	1>2	unknown	Elaboration	elaboration
I know	wasn't sure	1>2	unknown	Contrast	contrast
does anyone need an ore?	i'll trade a sheep for an ore	1>2	unknown	Question_answer_pair	query
does anyone need an ore?	I'll give 2	1>2	unknown	Question_answer_pair	query
does anyone need an ore?	?	1>2	unknown	Comment	comment
motherFer	so friggin glad to have hte Robber back	1>2	unknown	Comment	comment
motherFer	does anyone have brick or wood to trade with me?	1>2	unknown	Continuation	conjunction
so friggin glad to have hte Robber back	watch out,	1>2	unknown	Result	causal
watch out,	my ore domination is back...	1>2	unknown	Explanation	explanation
does anyone have brick or wood to trade with me?	i have wheat and ... sheep.	1>2	unknown	Question_answer_pair	query
does anyone have brick or wood to trade with me?	no	1>2	unknown	Question_answer_pair	query
does anyone have brick or wood to trade with me?	maybe	1>2	unknown	Question_answer_pair	query
maybe	if a 9 was rolled	1<2	unknown	Conditional	condition
if a 9 was rolled	there's your 9 raef.	1>2	unknown	Continuation	conjunction
there's your 9 raef.	ha,	1>2	unknown	Contrast	contrast
there's your 9 raef.	you're welcome	1>2	unknown	Comment	comment
there's your 9 raef.	another 9!	1>2	unknown	Parallel	conjunction
ha,	helps catanstrophe more now	1>2	unknown	Elaboration	elaboration
another 9!	and my first wheat of the game.	1>2	unknown	Continuation	conjunction
another 9!	anyone want brick?	1>2	unknown	Continuation	conjunction
anyone want brick?	yes.	1>2	unknown	Question_answer_pair	query
anyone want brick?	a wood?	1>2	unknown	Elaboration	elaboration
yes.	a wood?	1>2	unknown	Q_Elab	query
yes.	i have wheat to give tho.	1>2	unknown	Contrast	contrast
a wood?	no	1>2	unknown	Question_answer_pair	query
i have wheat to give tho.	just wheat?	1>2	unknown	Clarification_question	query
no	just wheat?	1>2	unknown	Clarification_question	query
just wheat?	ya	1>2	unknown	Question_answer_pair	query
ya	ok,	1>2	unknown	Acknowledgement	query
ok,	1:1 ?	1>2	unknown	Q_Elab	query
1:1 ?	ok.	1>2	unknown	Question_answer_pair	query
so may sheep	many	1>2	unknown	Correction	contrast
anyone have ore?	nope.	1>2	unknown	Question_answer_pair	query
no	sorry one.	1>2	unknown	Elaboration	elaboration
nope.	darn ok	1>2	unknown	Acknowledgement	query
no	i'm dying for an 8.	1>2	unknown	Elaboration	elaboration
no	darn ok	1>2	unknown	Acknowledgement	query
raef you wanna trade some ore?	actually nevermind.	1>2	unknown	Correction	contrast
raef you wanna trade some ore?	probably shouldn't	1>2	unknown	Question_answer_pair	query
probably shouldn't	as I have 8	1>2	unknown	Explanation	explanation
yeah	this game is getting a bit too close	1>2	unknown	Continuation	conjunction
this game is getting a bit too close	people trade too easily	1>2	unknown	Elaboration	elaboration
people trade too easily	yeah	1>2	unknown	Acknowledgement	query
people trade too easily	shouldn't trade with me	1>2	unknown	Contrast	contrast
yeah	i don't have the real life cues to stop me.	1>2	unknown	Explanation	explanation
i don't have the real life cues to stop me.	zorburt's right:	1>2	unknown	Comment	comment
zorburt's right:	"the UI is making me lose the ""feel"" of this game"	1>2	unknown	Elaboration	elaboration
zorburt's right:	ya,	1>2	unknown	Acknowledgement	query
ya,	resulted in a lot of 1:1 trading	1>2	unknown	Elaboration	elaboration
ya,	let's hope he didn't get a knight	1>2	unknown	Continuation	conjunction
resulted in a lot of 1:1 trading	and that gramos managed to build the highway to hell with no one stopping him.	1>2	unknown	Continuation	conjunction
let's hope he didn't get a knight	or its over	1>2	unknown	Conditional	condition
and that gramos managed to build the highway to hell with no one stopping him.	yeah,	1>2	unknown	Acknowledgement	query
and that gramos managed to build the highway to hell with no one stopping him.	well raef has picked up like 10 ore in the last go-around	1>2	unknown	Contrast	contrast
yeah,	but then the dice turned on me...	1>2	unknown	Contrast	contrast
well raef has picked up like 10 ore in the last go-around	gone	1>2	unknown	Narration	temporal
gone	ooo, hello ore...	1>2	unknown	Continuation	conjunction
ooo, hello ore...	argh!	1>2	unknown	Comment	comment
probably shouldn't	yeah	1>2	unknown	Acknowledgement	query
"The mouse tips says my 6 points are ""close to winning""."	Yay!	1>2	unknown	Comment	comment
"The mouse tips says my 6 points are ""close to winning""."	lol	1>2	unknown	Comment	comment
"The mouse tips says my 6 points are ""close to winning""."	where are the mouse tips?	1>2	unknown	Clarification_question	query
"The mouse tips says my 6 points are ""close to winning""."	they all say close to winning	1>2	unknown	Contrast	contrast
where are the mouse tips?	just mouse over your 9 points	1>2	unknown	Question_answer_pair	query
just mouse over your 9 points	"I guess you're ""close"" to winning, too!"	1>2	unknown	Continuation	conjunction
"I guess you're ""close"" to winning, too!"	they all say close to winning	1>2	unknown	Contrast	contrast
they all say close to winning	don't bust my bubble	1>2	unknown	Contrast	contrast
don't bust my bubble	it says I'm close,	1>2	unknown	Elaboration	elaboration
it says I'm close,	"then I""m close."	1>2	unknown	Result	causal
ummm, no.	really?	1>2	unknown	Clarification_question	query
ummm, no.	did I just get robbered?	1>2	unknown	Clarification_question	query
really?	I have time,	1>2	unknown	Question_answer_pair	query
did I just get robbered?	why would you robber just my ore	1>2	unknown	Q_Elab	query
I have time,	ADDTIME	1>2	unknown	Continuation	conjunction
I have time,	sorry.	1>2	unknown	Comment	comment
I have time,	I was making a joke that there's no way for ME to win.	1>2	unknown	Elaboration	elaboration
why would you robber just my ore	when someone has 9?	1>2	unknown	Background	frame
it's the principle of it, I'll guess	okey dokey	1>2	unknown	Acknowledgement	query
it's the principle of it, I'll guess	when in doubt,	1>2	unknown	Elaboration	elaboration
when in doubt,	build a road	1>2	unknown	Conditional	condition
hey, anyone need sheep?	I could use some wood	1>2	unknown	Elaboration	elaboration
don't bust my bubble	haha	1>2	unknown	Comment	comment
don't bust my bubble	ummm, no.	1>2	unknown	Correction	contrast
why would you robber just my ore	it's the principle of it, I'll guess	1>2	unknown	Question_answer_pair	query
when in doubt,	I think your road is safe	1>2	unknown	Contrast	contrast
hey, anyone need sheep?	no	1>2	unknown	Question_answer_pair	query
the robber is restless	ugh	1>2	unknown	Comment	comment
the robber is restless	i figured 6 comes up more than 9?	1>2	unknown	Explanation	explanation
ok zorburt has 8,	potentally 9	1>2	unknown	Continuation	conjunction
allright	damn	1>2	unknown	Continuation	conjunction
allright	gg	1>2	unknown	Acknowledgement	query
gg	good game	1>2	unknown	Acknowledgement	query
gg	later	1>2	unknown	Comment	comment
good game	thanks guys.	1>2	unknown	Continuation	conjunction
good game	nice game, catanstrophe	1>2	unknown	Continuation	conjunction
good game	later	1>2	unknown	Comment	comment
thanks guys.	later	1>2	unknown	Comment	comment
nice game, catanstrophe	later	1>2	unknown	Comment	comment
nice game, catanstrophe	that game was a nailbiter	1>2	unknown	Elaboration	elaboration
excellent!	hey everyone	1>2	unknown	Acknowledgement	query
excellent!	hello!	1>2	unknown	Acknowledgement	query
hey everyone	Sorry I'm late	1>2	unknown	Acknowledgement	query
hey everyone	hello!	1>2	unknown	Acknowledgement	query
hey everyone	did the wheat colour load properly for everyone?	1>2	unknown	Clarification_question	query
Sorry I'm late	hello!	1>2	unknown	Acknowledgement	query
Sorry I'm late	np.	1>2	unknown	Acknowledgement	query
Sorry I'm late	did the wheat colour load properly for everyone?	1>2	unknown	Clarification_question	query
hello!	did the wheat colour load properly for everyone?	1>2	unknown	Clarification_question	query
np.	did the wheat colour load properly for everyone?	1>2	unknown	Continuation	conjunction
did the wheat colour load properly for everyone?	it looks golden and wheaty from here	1>2	unknown	Question_answer_pair	query
did the wheat colour load properly for everyone?	those were some awesome spots	1>2	unknown	Question_answer_pair	query
did the wheat colour load properly for everyone?	same here,	1>2	unknown	Question_answer_pair	query
it looks golden and wheaty from here	ok	1>2	unknown	Acknowledgement	query
it looks golden and wheaty from here	same here,	1>2	unknown	Parallel	conjunction
it looks golden and wheaty from here	sorry,	1>2	unknown	Comment	comment
ok	just mine then.	1>2	unknown	Contrast	contrast
damn	those were some awesome spots	1<2	unknown	Comment	comment
those were some awesome spots	sorry,	1>2	unknown	Comment	comment
same here,	but last time my bricks looked wierd	1>2	unknown	Contrast	contrast
same here,	sorry,	1>2	unknown	Comment	comment
sorry,	this is tough	1>2	unknown	Contrast	contrast
oh great	i hate	1>2	unknown	Parallel	conjunction
oh great	best place left	1>2	unknown	Contrast	contrast
oh great	lol	1>2	unknown	Comment	comment
i hate	when it rolls a 7 right away.	1>2	unknown	Background	frame
best place left	lol	1>2	unknown	Comment	comment
sorry,	best place left	1<2	unknown	Comment	comment
does anyone have wood?	will give brick	1>2	unknown	Elaboration	elaboration
does anyone have wood?	sorry no	1>2	unknown	Question_answer_pair	query
does anyone have wood?	no	1>2	unknown	Question_answer_pair	query
does anyone have wood?	nope	1>2	unknown	Question_answer_pair	query
anyone want to give a wheat?	no	1>2	unknown	Question_answer_pair	query
anyone want to give a wheat?	nope	1>2	unknown	Question_answer_pair	query
anyone want to give a wheat?	i can	1>2	unknown	Question_answer_pair	query
i can	i want wood though	1>2	unknown	Contrast	contrast
yeah,	I know...	1>2	unknown	Comment	comment
i can	yeah,	1>2	unknown	Acknowledgement	query
anyone want to give me wood for brick?	none in stock	1>2	unknown	Question_answer_pair	query
none in stock	NOW I get the wood	1>2	unknown	Contrast	contrast
great,	NOW I get the wood	1<2	unknown	Comment	comment
NOW I get the wood	LOL	1>2	unknown	Comment	comment
LOL	i was going to say, i'll give someone a wood for a brick.	1>2	unknown	Explanation	explanation
i was going to say, i'll give someone a wood for a brick.	i'll do that	1>2	unknown	Question_answer_pair	query
i was going to say, i'll give someone a wood for a brick.	i can do it too	1>2	unknown	Question_answer_pair	query
i'll do that	i can do it too	1>2	unknown	Parallel	conjunction
i can do it too	ghettoette got there first.	1>2	unknown	Contrast	contrast
sorry	ghettoette got there first.	1<2	unknown	Comment	comment
ghettoette got there first.	yeah	1>2	unknown	Acknowledgement	query
ghettoette got there first.	well if you wanted to do the trade again..	1>2	unknown	Contrast	contrast
yeah	no worries	1>2	unknown	Comment	comment
yay 5	i'll trade you a brick for a wood gramos	1>2	unknown	Continuation	conjunction
i'll trade you a brick for a wood gramos	deal	1>2	unknown	Acknowledgement	query
i'll trade you a brick for a wood gramos	does anyone have sheep?	1>2	unknown	Continuation	conjunction
does anyone have sheep?	what do you have to trade?	1>2	unknown	Q_Elab	query
does anyone have sheep?	not to spare	1>2	unknown	Question_answer_pair	query
does anyone have sheep?	yeah ok.	1>2	unknown	Question_answer_pair	query
what do you have to trade?	brick	1>2	unknown	Question_answer_pair	query
does anyoen have wheat to trade?	for a sheep	1>2	unknown	Q_Elab	query
does anyoen have wheat to trade?	none,	1>2	unknown	Question_answer_pair	query
for a sheep	i don't have sheep...	1>2	unknown	Question_answer_pair	query
i don't have sheep...	what about a wood or a brick?	1>2	unknown	Q_Elab	query
what about a wood or a brick?	nah,	1>2	unknown	Question_answer_pair	query
nah,	sorry	1>2	unknown	Comment	comment
a lot of 7s coming up this game.	and 5's, I've noticed	1>2	unknown	Parallel	conjunction
damnit	if only i built my city at the 4.	1>2	unknown	Explanation	explanation
if only i built my city at the 4.	ahwell.	1>2	unknown	Comment	comment
I could use wood	if anyone has to spare	1<2	unknown	Conditional	condition
i will trade	i want grain	1>2	unknown	Elaboration	elaboration
i will trade	ok	1>2	unknown	Acknowledgement	query
I could use wood	i will trade	1>2	unknown	Question_answer_pair	query
no sheep on the board eh?	nope	1>2	unknown	Question_answer_pair	query
no sheep on the board eh?	does anyone want to give me a wheat and i give a wood?	1>2	unknown	Continuation	conjunction
does anyone want to give me a wheat and i give a wood?	yes	1>2	unknown	Question_answer_pair	query
yes	thanks.	1>2	unknown	Acknowledgement	query
thanks.	sure thing	1>2	unknown	Acknowledgement	query
man	that robber onthe 5	1>2	unknown	Comment	comment
that robber onthe 5	yep,	1>2	unknown	Acknowledgement	query
yep,	I put him there.	1>2	unknown	Elaboration	elaboration
I put him there.	Didn't think he'd stay THAT long.	1>2	unknown	Explanation	explanation
I put him there.	anyone need ore?	1>2	unknown	Continuation	conjunction
haha	i knew i was going to roll that.	1>2	unknown	Explanation	explanation
so,	still no sheep to trade?	1>2	unknown	Elaboration	elaboration
still no sheep to trade?	No,	1>2	unknown	Question_answer_pair	query
still no sheep to trade?	no	1>2	unknown	Question_answer_pair	query
No,	sorry.	1>2	unknown	Explanation	explanation
i will trade an ore for a wheat	ok,	1>2	unknown	Acknowledgement	query
ok,	sounds good.	1>2	unknown	Comment	comment
sounds good.	I only get a Reject button	1>2	unknown	Comment	comment
strange,	I only get a Reject button	1<2	unknown	Explanation	explanation
I have an ore	wait	1>2	unknown	Contrast	contrast
wait	i give an ore	1>2	unknown	Elaboration	elaboration
i give an ore	you give me a wheat	1>2	unknown	Continuation	conjunction
uhh	what is going on	1>2	unknown	Continuation	conjunction
got it reversed.	I have ore not wheat	1>2	unknown	Explanation	explanation
I have ore not wheat	sorry bout that	1>2	unknown	Comment	comment
oh	darn	1>2	unknown	Comment	comment
oh	anyone else?	1>2	unknown	Q_Elab	query
anyone else?	no	1>2	unknown	Question_answer_pair	query
anyone else?	ghettoette	1>2	unknown	Q_Elab	query
sorry bout that	no prob	1>2	unknown	Acknowledgement	query
ghettoette	nope	1>2	unknown	Question_answer_pair	query
ghettoette	?	1>2	unknown	Continuation	conjunction
ok,	I have an ore	1>2	unknown	Explanation	explanation
got it reversed.	oh	1>2	unknown	Acknowledgement	query
i give an ore	uhh	1>2	unknown	Clarification_question	query
uhh	got it reversed.	1>2	unknown	Question_answer_pair	query
does anyone have wheat?	no	1>2	unknown	Question_answer_pair	query
does anyone have wheat?	only one that I need	1>2	unknown	Question_answer_pair	query
no	how about brick?	1>2	unknown	Continuation	conjunction
how about brick?	I can spare a brick	1>2	unknown	Question_answer_pair	query
how about brick?	for a sheep	1>2	unknown	Question_answer_pair	query
for a sheep	for an ore?	1>2	unknown	Q_Elab	query
I can spare a brick	for sheep	1>2	unknown	Elaboration	elaboration
for sheep	in return	1>2	unknown	Explanation	explanation
i dont have any sheep	i could do an ore or a wood	1>2	unknown	Contrast	contrast
i could do an ore or a wood	for a brick	1>2	unknown	Elaboration	elaboration
sheep is pretty rare right now.	yeah and wheat	1>2	unknown	Continuation	conjunction
yeah and wheat	what a board!	1>2	unknown	Continuation	conjunction
what a board!	;)	1>2	unknown	Comment	comment
what a board!	lol	1>2	unknown	Acknowledgement	query
ok,	"I""ll take wood in exchange for your brick"	1>2	unknown	Elaboration	elaboration
"I""ll take wood in exchange for your brick"	you want wood, and can give brick?	1>2	unknown	Clarification_question	query
"I""ll take wood in exchange for your brick"	wait	1>2	unknown	Continuation	conjunction
wait	you want wood, and can give brick?	1>2	unknown	Continuation	conjunction
you want wood, and can give brick?	yep	1>2	unknown	Comment	comment
you want wood, and can give brick?	yep	1>2	unknown	Acknowledgement	query
I can spare a brick	i dont have any sheep	1>2	unknown	Question_answer_pair	query
i dont have any sheep	sheep is pretty rare right now.	1>2	unknown	Comment	comment
i dont have any sheep	ok,	1>2	unknown	Acknowledgement	query
does anyone want to give me a brick or wheat?	i'll give you a sheep	1>2	unknown	Elaboration	elaboration
does anyone want to give me a brick or wheat?	yes,	1>2	unknown	Question_answer_pair	query
yes,	brick	1>2	unknown	Elaboration	elaboration
yes,	excellent.	1>2	unknown	Acknowledgement	query
ok	that was stupid	1>2	unknown	Continuation	conjunction
does anyone have wheat?	yes,	1>2	unknown	Question_answer_pair	query
yes,	for ore	1>2	unknown	Elaboration	elaboration
yes,	ok deal	1>2	unknown	Acknowledgement	query
anyone want to give a sheep?	for?	1>2	unknown	Q_Elab	query
for?	brick or wheat	1>2	unknown	Question_answer_pair	query
brick or wheat	i'm ok.	1>2	unknown	Question_answer_pair	query
i'm ok.	ok	1>2	unknown	Acknowledgement	query
i have a sheep	oh	1>2	unknown	Contrast	contrast
oh	wait	1>2	unknown	Continuation	conjunction
was that our first 2?	this game yeah!	1>2	unknown	Question_answer_pair	query
does anyone want to give me an ore?	i have sheep.	1>2	unknown	Elaboration	elaboration
I've had one the whole game	and it's gone now	1>2	unknown	Continuation	conjunction
does anyone want to give me an ore?	I've had one the whole game	1>2	unknown	Question_answer_pair	query
does anyone want to give me an ore?	sorry	1>2	unknown	Question_answer_pair	query
you get 3 clays!?	wow.	1>2	unknown	Continuation	conjunction
you get 3 clays!?	now that a 9 is finally rolled,	1>2	unknown	Continuation	conjunction
now that a 9 is finally rolled,	anyone want to trade a sheep?	1>2	unknown	Result	causal
anyone want to trade a sheep?	yes	1>2	unknown	Question_answer_pair	query
anyone want to trade a sheep?	yes.	1>2	unknown	Question_answer_pair	query
yes	i want graom	1>2	unknown	Elaboration	elaboration
i want graom	grain	1>2	unknown	Correction	contrast
grain	ok	1>2	unknown	Acknowledgement	query
I would love some ore	you probably could have guessed that	1>2	unknown	Comment	comment
I would love some ore	I can trade clay and wood	1>2	unknown	Elaboration	elaboration
yeah	you also have 8 pts	1>2	unknown	Contrast	contrast
for someone with 8 points!?	hahaha	1>2	unknown	Comment	comment
well,	it's worth asking...	1>2	unknown	Continuation	conjunction
I would love some ore	yeah	1>2	unknown	Question_answer_pair	query
I would love some ore	for someone with 8 points!?	1>2	unknown	Question_answer_pair	query
for someone with 8 points!?	well,	1>2	unknown	Acknowledgement	query
yeah	well,	1>2	unknown	Acknowledgement	query
the only place worth robbering gramos was 11	and that doesn't come up enough..	1>2	unknown	Explanation	explanation
i know, i saw that	i figured my wheat factory was a target	1>2	unknown	Explanation	explanation
i figured my wheat factory was a target	that or catanstrophe's brick magnet.	1>2	unknown	Acknowledgement	query
that or catanstrophe's brick magnet.	strangely ther 9 has come up like once	1>2	unknown	Continuation	conjunction
strangely ther 9 has come up like once	that was one of those start moves that never panned out like i hoped :0	1>2	unknown	Continuation	conjunction
Does the game log the dice rolled each turn?	yeah i think it logs everything.	1>2	unknown	Question_answer_pair	query
Does the game log the dice rolled each turn?	I'd like to see it.	1>2	unknown	Explanation	explanation
I'd like to see it.	yeah	1>2	unknown	Acknowledgement	query
I'd like to see it.	i would to	1>2	unknown	Parallel	conjunction
yeah	i would to	1>2	unknown	Elaboration	elaboration
i would to	o	1>2	unknown	Correction	contrast
lol.	yeah your 2 for 1 is key.	1>2	unknown	Elaboration	elaboration
it would be aweome	if i got to use it a lot :)	1<2	unknown	Conditional	condition
catanstrophe, didn't that happen to you last game, too?	hmm	1>2	unknown	Question_answer_pair	query
hmm	can't remember	1>2	unknown	Continuation	conjunction
strangely ther 9 has come up like once	Does the game log the dice rolled each turn?	1>2	unknown	Clarification_question	query
lol.	it would be aweome	1>2	unknown	Comment	comment
the only place worth robbering gramos was 11	i know, i saw that	1>2	unknown	Acknowledgement	query
i would to	lol.	1>2	unknown	Comment	comment
it would be aweome	catanstrophe, didn't that happen to you last game, too?	1>2	unknown	Clarification_question	query
ok,	"now that I""m not the only one with 8 points,"	1>2	unknown	Continuation	conjunction
"now that I""m not the only one with 8 points,"	can anyone spare wood or ore?	1>2	unknown	Result	causal
can anyone spare wood or ore?	no	1>2	unknown	Question_answer_pair	query
can anyone spare wood or ore?	nope	1>2	unknown	Question_answer_pair	query
lol	no	1<2	unknown	Comment	comment
no	allrighty	1>2	unknown	Acknowledgement	query
nope	allrighty	1>2	unknown	Acknowledgement	query
ghettoette, do you have any wheat you want to pass along my way?	for a sheep?	1>2	unknown	Q_Elab	query
for a sheep?	for a brick and a wood?	1>2	unknown	Q_Elab	query
for a brick and a wood?	don't have wood	1>2	unknown	Question_answer_pair	query
don't have wood	no	1>2	unknown	Correction	contrast
no	as in i give you a brick and a wood.	1>2	unknown	Elaboration	elaboration
as in i give you a brick and a wood.	you give me a wheat.	1>2	unknown	Continuation	conjunction
oh yeah	... yes, that works	1>2	unknown	Elaboration	elaboration
oh yeah	I feel neglected over here.	1>2	unknown	Comment	comment
oh yeah	well that trade backfired	1>2	unknown	Comment	comment
I feel neglected over here.	lol	1>2	unknown	Comment	comment
lol	you also have 8 points	1>2	unknown	Explanation	explanation
you also have 8 points	DOn't have me	1>2	unknown	Correction	contrast
DOn't have me	that was HATE, btw, not HAVE	1>2	unknown	Correction	contrast
i think we are all pretty close	that's the truth, in fact	1>2	unknown	Acknowledgement	query
that's the truth, in fact	"I""ve hit hte Catan wall"	1>2	unknown	Continuation	conjunction
haha yay!	ADDTIME	1>2	unknown	Continuation	conjunction
haha yay!	i'm hte only one who did't have to discard.	1>2	unknown	Explanation	explanation
i'm hte only one who did't have to discard.	sorry guys.	1>2	unknown	Comment	comment
well that trade backfired	ouch	1>2	unknown	Comment	comment
no	oh yeah	1>2	unknown	Acknowledgement	query
no	I feel neglected over here.	1>2	unknown	Comment	comment
DOn't have me	because (my points) are beautiful	1>2	unknown	Explanation	explanation
DOn't have me	i think we are all pretty close	1>2	unknown	Comment	comment
damnit.	and catanstrophe i think has a vic point...	1>2	unknown	Continuation	conjunction
and catanstrophe i think has a vic point...	no i dont	1>2	unknown	Correction	contrast
no i dont	soldier	1>2	unknown	Elaboration	elaboration
soldier	sure you do	1>2	unknown	Comment	comment
soldier	"I""ve got wood"	1>2	unknown	Continuation	conjunction
sure you do	*wink*	1>2	unknown	Comment	comment
sure you do	makin good use of that port	1>2	unknown	Continuation	conjunction
"I""ve got wood"	I'll trade to you	1>2	unknown	Continuation	conjunction
good game.	thanks, guys	1>2	unknown	Acknowledgement	query
good game.	whoa,	1>2	unknown	Comment	comment
good game.	good game everyone	1>2	unknown	Acknowledgement	query
good game.	bye	1>2	unknown	Acknowledgement	query
whoa,	dev card came through	1>2	unknown	Elaboration	elaboration
thanks, guys	good game everyone	1>2	unknown	Acknowledgement	query
thanks, guys	congrats	1>2	unknown	Comment	comment
congrats	when is the next one	1>2	unknown	Clarification_question	query
when is the next one	I dunno	1>2	unknown	Question_answer_pair	query
when is the next one	we each play four right	1>2	unknown	Clarification_question	query
I dunno	ok well	1>2	unknown	Acknowledgement	query
we each play four right	yes	1>2	unknown	Acknowledgement	query
yes	ok well	1>2	unknown	Acknowledgement	query
yes	bye	1>2	unknown	Acknowledgement	query
ok well	we can discuss over email	1>2	unknown	Elaboration	elaboration
we can discuss over email	yep, sounds good.	1>2	unknown	Acknowledgement	query
yep, sounds good.	bye	1>2	unknown	Acknowledgement	query
yep, sounds good.	ttyl	1>2	unknown	Comment	comment
man	this is not a board to go last in	1>2	unknown	Continuation	conjunction
this is not a board to go last in	Heck	1>2	unknown	Acknowledgement	query
this is not a board to go last in	crap,	1>2	unknown	Acknowledgement	query
Heck	I'm second	1>2	unknown	Continuation	conjunction
I'm second	and I'm feeling the pinch	1>2	unknown	Continuation	conjunction
crap,	I had to answer the door	1>2	unknown	Continuation	conjunction
I had to answer the door	and didn't think long enough	1>2	unknown	Continuation	conjunction
and didn't think long enough	am I connected?	1>2	unknown	Clarification_question	query
am I connected?	as far as i can tell	1>2	unknown	Question_answer_pair	query
am I connected?	looks like it	1>2	unknown	Question_answer_pair	query
as far as i can tell	no worries.	1>2	unknown	Acknowledgement	query
looks like it	no worries.	1>2	unknown	Acknowledgement	query
yeah	i am trying to figure out where to go	1>2	unknown	Continuation	conjunction
no worries.	just checking.	1>2	unknown	Continuation	conjunction
just checking.	Last time it only told me I was disconnected when I tried to type	1>2	unknown	Explanation	explanation
just checking.	you're secretly trying to distract catanstrophe,	1>2	unknown	Contrast	contrast
you're secretly trying to distract catanstrophe,	admit it.	1>2	unknown	Continuation	conjunction
you're secretly trying to distract catanstrophe,	mind games	1>2	unknown	Elaboration	elaboration
admit it.	mind games	1>2	unknown	Acknowledgement	query
mind games	like using my real name as a handle	1>2	unknown	Elaboration	elaboration
like using my real name as a handle	:)	1>2	unknown	Comment	comment
like using my real name as a handle	:)	1>2	unknown	Acknowledgement	query
wow	some nice desert-front property	1>2	unknown	Explanation	explanation
some nice desert-front property	if you want.	1>2	unknown	Conditional	condition
some nice desert-front property	jesus	1>2	unknown	Comment	comment
some nice desert-front property	crap	1>2	unknown	Comment	comment
if you want.	cheap.	1>2	unknown	Elaboration	elaboration
aw	crap	1>2	unknown	Continuation	conjunction
crap	sorry	1>2	unknown	Comment	comment
sorry	Seemed like most important resource	1>2	unknown	Explanation	explanation
sorry	ha no worries	1>2	unknown	Acknowledgement	query
Seemed like most important resource	was going with the 9 wheat.	1>2	unknown	Explanation	explanation
was going with the 9 wheat.	but f wheat	1>2	unknown	Contrast	contrast
but f wheat	that's the spirit	1>2	unknown	Comment	comment
Heck	i am trying to figure out where to go	1>2	unknown	Acknowledgement	query
does anyone have any ore?	no	1>2	unknown	Question_answer_pair	query
does anyone have any ore?	none	1>2	unknown	Question_answer_pair	query
does anyone have any ore?	nope	1>2	unknown	Question_answer_pair	query
does anyone have any ore?	lol	1>2	unknown	Question_answer_pair	query
does anyone have any ore?	I would like some ore.	1>2	unknown	Question_answer_pair	query
no	none	1>2	unknown	Continuation	conjunction
none	lol	1>2	unknown	Comment	comment
lol	d'oh!	1>2	unknown	Comment	comment
ohgood	I would like some ore.	1>2	unknown	Explanation	explanation
I would like some ore.	I can offer wheat...	1>2	unknown	Contrast	contrast
ouch,	twice robbered	1>2	unknown	Explanation	explanation
twice robbered	thrice	1>2	unknown	Correction	contrast
omg	rough game...	1>2	unknown	Acknowledgement	query
anyone want to give me wood for brick or wheat?	lol	1>2	unknown	Comment	comment
anyone want to give me wood for brick or wheat?	none to give,	1>2	unknown	Question_answer_pair	query
none to give,	alas	1>2	unknown	Comment	comment
i will 1 sheep for 1 wheat	i will give 1 sheep...	1>2	unknown	Elaboration	elaboration
i will give 1 sheep...	ok,	1>2	unknown	Acknowledgement	query
ok,	I'll take that	1>2	unknown	Continuation	conjunction
great,	more sheep	1>2	unknown	Elaboration	elaboration
more sheep	anyone have ore?	1>2	unknown	Continuation	conjunction
anyone have ore?	I can be generous with sheep or wheat	1>2	unknown	Elaboration	elaboration
does anyone have wheat?	ya	1>2	unknown	Question_answer_pair	query
does anyone have wheat?	i have lots	1>2	unknown	Question_answer_pair	query
ya	i can give you a sheep	1>2	unknown	Elaboration	elaboration
i can give you a sheep	don't need sheep	1>2	unknown	Contrast	contrast
i have lots	I don[t need sheep though	1>2	unknown	Contrast	contrast
don't need sheep	wood?	1>2	unknown	Q_Elab	query
wood?	yes, give me wood	1>2	unknown	Question_answer_pair	query
yes, give me wood	and I'll give you wheat	1>2	unknown	Conditional	condition
umml ,next turn	oh sht	1>2	unknown	Comment	comment
oh sht	ok	1>2	unknown	Continuation	conjunction
oh sht	sht = shoot	1>2	unknown	Elaboration	elaboration
sht = shoot	:)	1>2	unknown	Comment	comment
anyone have a wheat or ore?	I have wheat engouh for all of you	1>2	unknown	Question_answer_pair	query
I have wheat engouh for all of you	wood for ore?	1>2	unknown	Clarification_question	query
wood for ore?	for wheat	1>2	unknown	Correction	contrast
wood for ore?	yes	1>2	unknown	Question_answer_pair	query
for wheat	sorry	1>2	unknown	Comment	comment
I can give you wheat	if you giv eme wood,	1<2	unknown	Conditional	condition
I can give you wheat	yes	1<2	unknown	Elaboration	elaboration
yes	1:1?	1>2	unknown	Q_Elab	query
1:1?	you can give me 2 wood	1>2	unknown	Question_answer_pair	query
you can give me 2 wood	if you'd like.	1>2	unknown	Conditional	condition
if you'd like.	otherwise 1-1	1>2	unknown	Alternation	alternation
otherwise 1-1	pretty tight still	1>2	unknown	Acknowledgement	query
lol,	pretty tight still	1>2	unknown	Elaboration	elaboration
grr	just what you needed	1>2	unknown	Elaboration	elaboration
anyone want to give me a sheep for a brick?	I can give 1-1 a sheep for your brick	1>2	unknown	Question_answer_pair	query
yes,	I can give 1-1 a sheep for your brick	1>2	unknown	Elaboration	elaboration
I can give 1-1 a sheep for your brick	ok	1>2	unknown	Acknowledgement	query
why did I hve so much sheep?	I'm next to a 10, 11, and 12!	1>2	unknown	Explanation	explanation
ayone need ore?	yess	1>2	unknown	Question_answer_pair	query
yess	can offer clay or sheep	1>2	unknown	Elaboration	elaboration
can offer clay or sheep	clay please	1>2	unknown	Acknowledgement	query
clay please	go for it.	1>2	unknown	Acknowledgement	query
go for it.	anyone more?	1>2	unknown	Q_Elab	query
anyone more?	any more?	1>2	unknown	Correction	contrast
any more?	we can do the same again	1>2	unknown	Acknowledgement	query
we can do the same again	looking for a sheep?	1>2	unknown	Q_Elab	query
looking for a sheep?	ore for brick/clay	1>2	unknown	Acknowledgement	query
looking for a sheep?	that;s for sheep	1>2	unknown	Correction	contrast
sorry	that;s for sheep	1>2	unknown	Elaboration	elaboration
that;s for sheep	t's good	1>2	unknown	Acknowledgement	query
t's good	k	1>2	unknown	Acknowledgement	query
so catanstrophe, gramos, and who else has won a game so far?	I'm 1 for 2	1>2	unknown	Question_answer_pair	query
anyone have ore?	ya	1>2	unknown	Question_answer_pair	query
anyone have ore?	does anyne have clay?	1>2	unknown	Continuation	conjunction
ya	i'll give youa sheep	1>2	unknown	Acknowledgement	query
i'll give youa sheep	need only wood/clay	1>2	unknown	Contrast	contrast
need only wood/clay	darn	1>2	unknown	Comment	comment
need only wood/clay	two sheep?	1>2	unknown	Q_Elab	query
two sheep?	no help	1>2	unknown	Question_answer_pair	query
no help	sorry	1>2	unknown	Continuation	conjunction
does anyne have clay?	I have one I can trade	1>2	unknown	Question_answer_pair	query
I have one I can trade	what do ypu want?	1>2	unknown	Q_Elab	query
what do ypu want?	wood would be great,	1>2	unknown	Question_answer_pair	query
what do ypu want?	anything else?	1>2	unknown	Continuation	conjunction
wood would be great,	else ore	1>2	unknown	Conditional	condition
ugh	dont have it	1>2	unknown	Comment	comment
dont have it	anything else?	1>2	unknown	Continuation	conjunction
anything else?	no	1>2	unknown	Question_answer_pair	query
ore for any wood/clay?	I have a clay for you raef	1>2	unknown	Question_answer_pair	query
I have a clay for you raef	k	1>2	unknown	Acknowledgement	query
yup	just 1	1>2	unknown	Elaboration	elaboration
just 1	i'll give you a sheep or wheat?	1>2	unknown	Q_Elab	query
i'll give you a sheep or wheat?	sheep	1>2	unknown	Question_answer_pair	query
does anyone have wood they can spare	yes	1>2	unknown	Question_answer_pair	query
does anyone have wood they can spare	i have a wood	1>2	unknown	Question_answer_pair	query
yes	for a sheep	1>2	unknown	Elaboration	elaboration
for a sheep	or brick	1>2	unknown	Alternation	alternation
for a sheep	sheep for ghettoette, brick for raef	1>2	unknown	Acknowledgement	query
or brick	I can offer brick....	1>2	unknown	Acknowledgement	query
I can offer brick....	ok	1>2	unknown	Acknowledgement	query
ok	take your pick,	1>2	unknown	Acknowledgement	query
take your pick,	sheep or brick	1>2	unknown	Continuation	conjunction
i have a wood	brick	1>2	unknown	Elaboration	elaboration
brick	if in it	1<2	unknown	Conditional	condition
I will trade with both!	sheep for ghettoette, brick for raef	1>2	unknown	Elaboration	elaboration
I will trade with both!	hope I did that right	1>2	unknown	Comment	comment
sheep for ghettoette, brick for raef	ok	1>2	unknown	Acknowledgement	query
sheep for ghettoette, brick for raef	k	1>2	unknown	Acknowledgement	query
hope I did that right	ah, you were quick <	1>2	unknown	Explanation	explanation
ah, you were quick <	i was slow.	1>2	unknown	Continuation	conjunction
i was slow.	next raef...	1>2	unknown	Continuation	conjunction
brick	sheep for ghettoette, brick for raef	1>2	unknown	Acknowledgement	query
gotta be the 8	meant wood	1>2	unknown	Continuation	conjunction
gotta be the 8	think the 6 has been rolled more!	1>2	unknown	Comment	comment
think the 6 has been rolled more!	anyone want to give a brick for wheat?	1>2	unknown	Continuation	conjunction
anyone want to give a brick for wheat?	o brickn	1>2	unknown	Comment	comment
anyone want to give a brick for wheat?	no	1>2	unknown	Question_answer_pair	query
o brickn	that was a weird blip	1>2	unknown	Comment	comment
that was a weird blip	made my first key last	1>2	unknown	Explanation	explanation
anyne have brick?	none left	1>2	unknown	Question_answer_pair	query
anyne have brick?	just ghetto...	1>2	unknown	Question_answer_pair	query
anyne have brick?	for?	1>2	unknown	Q_Elab	query
anyne have brick?	anyone have sheep	1>2	unknown	Continuation	conjunction
none left	just ghetto...	1>2	unknown	Comment	comment
for?	ore	1>2	unknown	Question_answer_pair	query
ore	2?	1>2	unknown	Q_Elab	query
2?	1:1	1>2	unknown	Question_answer_pair	query
1:1	no thanks	1>2	unknown	Acknowledgement	query
1:1	dev cards	1>2	unknown	Explanation	explanation
no thanks	hardball	1>2	unknown	Comment	comment
anyone have sheep	I'm cleaned out	1>2	unknown	Question_answer_pair	query
strange,	I moved the robber	1>2	unknown	Comment	comment
I moved the robber	and didn't get to steal anything....?	1>2	unknown	Continuation	conjunction
and didn't get to steal anything....?	that's weird	1>2	unknown	Acknowledgement	query
and didn't get to steal anything....?	you stole a wood	1>2	unknown	Correction	contrast
you stole a wood	from me	1>2	unknown	Elaboration	elaboration
from me	I lost it	1>2	unknown	Elaboration	elaboration
I lost it	oh,	1>2	unknown	Acknowledgement	query
oh,	it did it automatically	1>2	unknown	Continuation	conjunction
it did it automatically	yeah,	1>2	unknown	Continuation	conjunction
it did it automatically	sorry for the give away	1>2	unknown	Comment	comment
yeah,	ok,	1>2	unknown	Continuation	conjunction
ok,	I see it.	1>2	unknown	Continuation	conjunction
sorry for the give away	no	1>2	unknown	Contrast	contrast
no	it's much appreciated	1>2	unknown	Continuation	conjunction
thanks.	:)	1>2	unknown	Comment	comment
anyone want a wood or brick for a wheat?	yes	1>2	unknown	Question_answer_pair	query
yes	ok	1>2	unknown	Acknowledgement	query
yes	which?	1>2	unknown	Q_Elab	query
which?	i'll give a wheat for a brick	1>2	unknown	Question_answer_pair	query
i'll give a wheat for a brick	ok	1>2	unknown	Acknowledgement	query
I have 7 wood	if you're wondering	1<2	unknown	Conditional	condition
that's so awesome.	really useful.	1>2	unknown	Explanation	explanation
does anone have clay or wheat?	I can give a wheat for ore or umm, clay	1>2	unknown	Question_answer_pair	query
I can give a wheat for ore or umm, clay	i can give a wood for the wheat	1>2	unknown	Contrast	contrast
i can give a wood for the wheat	ok I'll tak eit	1>2	unknown	Acknowledgement	query
oh shoot	i need to mov the roober	1>2	unknown	Elaboration	elaboration
i need to mov the roober	sorry to do this again	1>2	unknown	Comment	comment
I have 7 wood	that's so awesome.	1>2	unknown	Comment	comment
can anyone spare a brikc?	for ore?	1>2	unknown	Clarification_question	query
can anyone spare a brikc?	sorry	1>2	unknown	Question_answer_pair	query
for ore?	I have none.	1>2	unknown	Question_answer_pair	query
I have none.	I can offer sheep or wood	1>2	unknown	Contrast	contrast
I can offer sheep or wood	sorry	1>2	unknown	Contrast	contrast
ghettoette - i can give wood for brick	i have wood to offer	1>2	unknown	Parallel	conjunction
ghettoette - i can give wood for brick	ok	1>2	unknown	Acknowledgement	query
i have wood to offer	ok	1>2	unknown	Acknowledgement	query
ok	2 wood for 2 brick?	1>2	unknown	Q_Elab	query
2 wood for 2 brick?	it said sheep	1>2	unknown	Contrast	contrast
it said sheep	oh woops	1>2	unknown	Acknowledgement	query
it said sheep	but want to do 2 for 2?	1>2	unknown	Q_Elab	query
but want to do 2 for 2?	i don't think i need 2	1>2	unknown	Contrast	contrast
i don't think i need 2	ok 1:1 is fine	1>2	unknown	Acknowledgement	query
I'd love clay, too.	I can give sheep or wheat...	1>2	unknown	Elaboration	elaboration
I can give sheep or wheat...	both?	1>2	unknown	Q_Elab	query
both?	1 sheep and 1 wheat, perhaps?	1>2	unknown	Acknowledgement	query
hmmm...well,	1 sheep and 1 wheat, perhaps?	1>2	unknown	Continuation	conjunction
1 sheep and 1 wheat, perhaps?	for your 1 clay?	1>2	unknown	Q_Elab	query
for your 1 clay?	sure	1>2	unknown	Acknowledgement	query
anyone have brick?	never gonna give it up	1>2	unknown	Question_answer_pair	query
anyone have brick?	2 wood?	1>2	unknown	Elaboration	elaboration
never gonna give it up	2 wood?	1>2	unknown	Acknowledgement	query
2 wood?	nope	1>2	unknown	Question_answer_pair	query
ok	i'll trade 1 wood for a sheep	1>2	unknown	Result	causal
i'll trade 1 wood for a sheep	to anyone	1>2	unknown	Elaboration	elaboration
i'll trade 1 wood for a sheep	*crickets*	1>2	unknown	Comment	comment
anyone willing to give up wood or clay?	I have wood to spare	1>2	unknown	Question_answer_pair	query
I have wood to spare	ore would be lovely	1>2	unknown	Continuation	conjunction
I have wood to spare	what would you like for 1	1>2	unknown	Clarification_question	query
ore would be lovely	ok	1>2	unknown	Acknowledgement	query
ore would be lovely	but wheat is nice too	1>2	unknown	Alternation	alternation
what would you like for 1	your choice	1>2	unknown	Question_answer_pair	query
uh-oh	we lost raef	1>2	unknown	Elaboration	elaboration
we lost raef	that;s terrible!	1>2	unknown	Comment	comment
that;s terrible!	trading	1>2	unknown	Continuation	conjunction
trading	and could have built a city anyway	1>2	unknown	Continuation	conjunction
trading	well we can stlil trade	1>2	unknown	Continuation	conjunction
and could have built a city anyway	brutal	1>2	unknown	Comment	comment
brutal	I just discarded	1>2	unknown	Background	frame
well we can stlil trade	if you want	1>2	unknown	Conditional	condition
if you want	what did you want to give,	1>2	unknown	Continuation	conjunction
what did you want to give,	wheat or ore?	1>2	unknown	Q_Elab	query
I just discarded	because my cards weren't used	1>2	unknown	Explanation	explanation
I just discarded	oh, ouch.	1>2	unknown	Comment	comment
I just discarded	wtf	1>2	unknown	Comment	comment
I just discarded	it's not cool	1>2	unknown	Comment	comment
wtf	my internet hasn't gone down once	1>2	unknown	Elaboration	elaboration
anyone trading clay or wood?	wood, yes	1>2	unknown	Question_answer_pair	query
wood, yes	for ore	1>2	unknown	Elaboration	elaboration
ok	can do 2:2 if you want	1>2	unknown	Acknowledgement	query
wood, yes	ok	1>2	unknown	Acknowledgement	query
wood, yes	can do 2:2 if you want	1>2	unknown	Elaboration	elaboration
sorry,	catanstrophe, I didn't WANT to roll the 7...	1>2	unknown	Elaboration	elaboration
catanstrophe, I didn't WANT to roll the 7...	ok...	1>2	unknown	Continuation	conjunction
ok...	I can offer a wood and a sheep for 1 wheat.	1>2	unknown	Continuation	conjunction
I can offer a wood and a sheep for 1 wheat.	Anyone?	1>2	unknown	Continuation	conjunction
Anyone?	no	1>2	unknown	Question_answer_pair	query
no	thanks	1>2	unknown	Continuation	conjunction
anyone want to give me wheat for wood or sheep?	would	1>2	unknown	Question_answer_pair	query
would	if I could	1>2	unknown	Conditional	condition
ayone have ore?	i'll give a wheat	1>2	unknown	Elaboration	elaboration
I must decline	ya, geting to that point	1>2	unknown	Elaboration	elaboration
ghettoette?	sorry	1>2	unknown	Question_answer_pair	query
ayone have ore?	I must decline	1>2	unknown	Question_answer_pair	query
ayone have ore?	ya, geting to that point	1>2	unknown	Question_answer_pair	query
ayone have ore?	ghettoette?	1>2	unknown	Continuation	conjunction
raef I'm beginning to envy that road...	what road?	1>2	unknown	Clarification_question	query
what road?	battle of the longest road coming soon to a theater near you	1>2	unknown	Question_answer_pair	query
battle of the longest road coming soon to a theater near you	z	1>2	unknown	Comment	comment
z	I just need to type a letter to keep checking if I'm connected	1>2	unknown	Explanation	explanation
sorry,	I just need to type a letter to keep checking if I'm connected	1>2	unknown	Elaboration	elaboration
where the heck can I look up what the Dev cards do	it only says the name,	1>2	unknown	Elaboration	elaboration
it only says the name,	no card text	1>2	unknown	Elaboration	elaboration
i dont think there is one on the game	i'd just go on google	1>2	unknown	Continuation	conjunction
i'd just go on google	or tell us	1>2	unknown	Alternation	alternation
or tell us	what you have	1>2	unknown	Continuation	conjunction
or tell us	thanks, catanstrophe,	1>2	unknown	Acknowledgement	query
thanks, catanstrophe,	always helpful.	1>2	unknown	Comment	comment
thanks, catanstrophe,	I got it...	1>2	unknown	Continuation	conjunction
always helpful.	:)	1>2	unknown	Comment	comment
I mean.	monopoly is most confusing?	1>2	unknown	Continuation	conjunction
monopoly is most confusing?	everything else should be as it says	1>2	unknown	Continuation	conjunction
monopoly is most confusing?	so sorry for wasting yoru time with that!	1>2	unknown	Acknowledgement	query
year of plenty	you get two from the bank, i think	1>2	unknown	Result	causal
year of plenty	so sorry for wasting yoru time with that!	1>2	unknown	Acknowledgement	query
well,	forgot I can't play cards	1>2	unknown	Continuation	conjunction
forgot I can't play cards	I just drew,	1>2	unknown	Continuation	conjunction
I just drew,	so sorry for wasting yoru time with that!	1>2	unknown	Continuation	conjunction
where the heck can I look up what the Dev cards do	i dont think there is one on the game	1>2	unknown	Question_answer_pair	query
where the heck can I look up what the Dev cards do	year of plenty	1>2	unknown	Question_answer_pair	query
where the heck can I look up what the Dev cards do	monopoly is most confusing?	1>2	unknown	Question_answer_pair	query
why didn't it let me choose?	there are two people there..	1>2	unknown	Elaboration	elaboration
why didn't it let me choose?	i had no cards	1>2	unknown	Question_answer_pair	query
why didn't it let me choose?	catan's cleaned out	1>2	unknown	Question_answer_pair	query
i had no cards	ahh	1>2	unknown	Acknowledgement	query
catan's cleaned out	default	1>2	unknown	Elaboration	elaboration
default	mybad	1>2	unknown	Comment	comment
thanks all	yikes	1>2	unknown	Comment	comment
thanks all	do not pass go	1>2	unknown	Acknowledgement	query
yikes	gramos is sitting on 3 dev cards + 6 pts	1>2	unknown	Elaboration	elaboration
gramos is sitting on 3 dev cards + 6 pts	until the autobahn is built	1>2	unknown	Conditional	condition
well,	until the autobahn is built	1>2	unknown	Continuation	conjunction
until the autobahn is built	up north	1>2	unknown	Continuation	conjunction
game might be over before that happens	so sure you'll win, catanstrophe?	1>2	unknown	Contrast	contrast
so sure you'll win, catanstrophe?	;)	1>2	unknown	Comment	comment
so sure you'll win, catanstrophe?	no	1>2	unknown	Correction	contrast
no	i think you're really close	1>2	unknown	Explanation	explanation
anyone want to trade ore for sheep or wheat?	don't have any cards	1>2	unknown	Question_answer_pair	query
anyone want to trade ore for sheep or wheat?	sorry,	1>2	unknown	Question_answer_pair	query
sorry,	ghettoette	1>2	unknown	Continuation	conjunction
how do we add time?	add time	1>2	unknown	Continuation	conjunction
how do we add time?	addtime	1>2	unknown	Question_answer_pair	query
add time	addtime	1>2	unknown	Continuation	conjunction
addtime	oops	1>2	unknown	Comment	comment
oops	I think we'll be done before THAT	1>2	unknown	Comment	comment
well,	I think we'll be done before THAT	1>2	unknown	Continuation	conjunction
anyone have sheeo?	I do not	1>2	unknown	Question_answer_pair	query
anyone have sheeo?	no	1>2	unknown	Question_answer_pair	query
anyone have sheeo?	not trading with anyone anymore	1>2	unknown	Question_answer_pair	query
too tight,	not trading with anyone anymore	1>2	unknown	Result	causal
crap,	I don't want to move the robber	1>2	unknown	Elaboration	elaboration
z	yes, yes,	1>2	unknown	Comment	comment
z	just checking,	1>2	unknown	Explanation	explanation
yes, yes,	y ou're still here	1>2	unknown	Elaboration	elaboration
y ou're still here	building friggin roads	1>2	unknown	Elaboration	elaboration
just checking,	don't wanna get skipped for no reason	1>2	unknown	Explanation	explanation
don't wanna get skipped for no reason	I know,	1>2	unknown	Acknowledgement	query
don't wanna get skipped for no reason	losing a city hurt	1>2	unknown	Elaboration	elaboration
I know,	just teasing.	1>2	unknown	Continuation	conjunction
so, umm, anyone need sheep and wheat?	ore would be nice....	1>2	unknown	Elaboration	elaboration
woo-hoo!	nicely played	1>2	unknown	Elaboration	elaboration
woo-hoo!	good game!	1>2	unknown	Elaboration	elaboration
gg night	thanks	1>2	unknown	Acknowledgement	query
nicely played	thanks	1>2	unknown	Acknowledgement	query
thanks	so i guess i am done for games	1>2	unknown	Continuation	conjunction
good game!	yeah this was close	1>2	unknown	Acknowledgement	query
yeah this was close	now go Eagles!	1>2	unknown	Comment	comment
now go Eagles!	haha wooo!	1>2	unknown	Comment	comment
ok,	here we go	1>2	unknown	Comment	comment
here we go	I get booted way too often	1>2	unknown	Comment	comment
I get booted way too often	gotta keep doing the typing test	1>2	unknown	Result	causal
yes	t	1>2	unknown	Comment	comment
t	q	1>2	unknown	Comment	comment
q	ouch	1>2	unknown	Comment	comment
I get booted way too often	yes	1>2	unknown	Acknowledgement	query
anyone have clay?	not yet	1>2	unknown	Question_answer_pair	query
anyone have clay?	for 2 wood?	1>2	unknown	Elaboration	elaboration
hows the clay situation?	anyone have one to spare?	1>2	unknown	Continuation	conjunction
anyone have one to spare?	for a wood	1>2	unknown	Question_answer_pair	query
anyone have one to spare?	for a sheep	1>2	unknown	Question_answer_pair	query
for a wood	I'll give a wood to ghet	1>2	unknown	Acknowledgement	query
for a wood	I'll give a wood to ghet	1>2	unknown	Result	causal
for a sheep	I'll give a wood to ghet	1>2	unknown	Acknowledgement	query
I'll give a wood to ghet	ok	1>2	unknown	Acknowledgement	query
does anyone want to give me a sheep?	i have clay to give away.	1>2	unknown	Elaboration	elaboration
got one	clay!	1>2	unknown	Result	causal
does anyone want to give me a sheep?	got one	1>2	unknown	Question_answer_pair	query
does anyone want to give me a sheep?	for wheat or wood	1>2	unknown	Q_Elab	query
anyone have wheat or wood to give me for ore or sheep?	no	1>2	unknown	Question_answer_pair	query
anyone have wheat or wood to give me for ore or sheep?	not yet,	1>2	unknown	Question_answer_pair	query
anyone have wheat or wood to give me for ore or sheep?	i have a wood	1>2	unknown	Question_answer_pair	query
not yet,	sorry	1>2	unknown	Comment	comment
i have a wood	ore	1>2	unknown	Elaboration	elaboration
i have a wood	ok	1>2	unknown	Acknowledgement	query
why do I keep rolling an 8?	anyone need a wood?	1>2	unknown	Continuation	conjunction
anyone need a wood?	I have 1 to spare	1>2	unknown	Elaboration	elaboration
i'll give you a clay	for a wood.	1>2	unknown	Elaboration	elaboration
k	wait want wood?	1>2	unknown	Clarification_question	query
wait want wood?	I will give zorburt wood	1>2	unknown	Question_answer_pair	query
I will give zorburt wood	so I can get 1 clay	1>2	unknown	Result	causal
anyone need a wood?	k	1>2	unknown	Acknowledgement	query
anyone need a wood?	i'll give you a clay	1>2	unknown	Question_answer_pair	query
i'll give you a clay	ok	1>2	unknown	Acknowledgement	query
I will give zorburt wood	ah	1>2	unknown	Acknowledgement	query
t	t	1>2	unknown	Continuation	conjunction
t	z	1>2	unknown	Comment	comment
man	a lot of 7s in this game.	1>2	unknown	Elaboration	elaboration
a lot of 7s in this game.	yeah	1>2	unknown	Acknowledgement	query
yeah	i hate those	1>2	unknown	Elaboration	elaboration
i hate those	especialy when I keep being robbered	1>2	unknown	Explanation	explanation
i hate those	although the last one benefitted me	1>2	unknown	Contrast	contrast
especialy when I keep being robbered	sorry raef	1>2	unknown	Acknowledgement	query
game is between zorb and ghetto	I'm just in and,	1>2	unknown	Comment	comment
game is between zorb and ghetto	why did you build your road right before her turn jade?	1>2	unknown	Continuation	conjunction
I'm just in and,	my inlaws decided to dro by	1>2	unknown	Explanation	explanation
I'm just in and,	why did you build your road right before her turn jade?	1>2	unknown	Question_answer_pair	query
why did you build your road right before her turn jade?	oh.	1>2	unknown	Acknowledgement	query
why did you build your road right before her turn jade?	i either didn't see that at all	1>2	unknown	Question_answer_pair	query
any ore for sale?	i have an ore.	1>2	unknown	Question_answer_pair	query
any ore for sale?	I can sell an ore for wood or wheat	1>2	unknown	Question_answer_pair	query
any ore for sale?	wheat jade?	1>2	unknown	Q_Elab	query
oh.	i either didn't see that at all	1>2	unknown	Elaboration	elaboration
i either didn't see that at all	orr....	1>2	unknown	Alternation	alternation
i have an ore.	i'll take sheep or wheat	1>2	unknown	Elaboration	elaboration
I can sell an ore for wood or wheat	wood?	1>2	unknown	Q_Elab	query
wood?	thx	1>2	unknown	Acknowledgement	query
wheat jade?	you want to give me a wheat?	1>2	unknown	Clarification_question	query
you want to give me a wheat?	ya	1>2	unknown	Acknowledgement	query
you want to give me a wheat?	going to trade 3 wood at port	1>2	unknown	Result	causal
going to trade 3 wood at port	unless someone wants wood for ore?	1>2	unknown	Conditional	condition
no	k	1>2	unknown	Acknowledgement	query
going to trade 3 wood at port	no	1>2	unknown	Question_answer_pair	query
damnit!	the one time an 11 is rolled...	1>2	unknown	Elaboration	elaboration
ouch	that happened with my 4 right after robbered	1>2	unknown	Comment	comment
does anyone have sheep to trade?	yes,	1>2	unknown	Question_answer_pair	query
does anyone have sheep to trade?	oh wait	1>2	unknown	Correction	contrast
yes,	for?	1>2	unknown	Q_Elab	query
yes,	oh wait	1>2	unknown	Correction	contrast
oh wait	nevermind.	1>2	unknown	Elaboration	elaboration
here we go again	seriously another 7!?	1>2	unknown	Clarification_question	query
I need a sheep,	anyone want ore?	1>2	unknown	Elaboration	elaboration
no	sheep	1>2	unknown	Continuation	conjunction
yes	ok, ghetto...	1>2	unknown	Acknowledgement	query
I need a sheep,	I can offer 1 ore	1>2	unknown	Question_answer_pair	query
I need a sheep,	no	1>2	unknown	Question_answer_pair	query
I need a sheep,	yes	1>2	unknown	Question_answer_pair	query
definitely deserved that	raef, you had too many resources anyway :)	1>2	unknown	Comment	comment
definitely deserved that	? I guess.	1>2	unknown	Acknowledgement	query
raef, you had too many resources anyway :)	? I guess.	1>2	unknown	Acknowledgement	query
raef, you had too many resources anyway :)	I can give someone ore or wood for a clay....	1>2	unknown	Continuation	conjunction
? I guess.	they both have 1-2 knights and ports	1>2	unknown	Contrast	contrast
? I guess.	not sure	1>2	unknown	Elaboration	elaboration
not sure	why I always get robbered	1>2	unknown	Elaboration	elaboration
sorry	you have that threatening wheat field	1>2	unknown	Contrast	contrast
just to make sure you're paying attendion....	lol	1>2	unknown	Comment	comment
not sure	just to make sure you're paying attendion....	1>2	unknown	Question_answer_pair	query
not sure	you have that threatening wheat field	1>2	unknown	Question_answer_pair	query
not sure	sorry	1>2	unknown	Comment	comment
just doesn't seem to be helping the cause	wtf!	1>2	unknown	Clarification_question	query
just doesn't seem to be helping the cause	it might be best	1>2	unknown	Comment	comment
it might be best	if we didn't robber raef.	1<2	unknown	Conditional	condition
You know, just thi turn...	takin one for the team	1>2	unknown	Explanation	explanation
I don't care	if I'm the most threatening	1<2	unknown	Conditional	condition
I rob for the resources,	not necessarily the most threatening.	1>2	unknown	Elaboration	elaboration
I rob for the resources,	I guess,	1>2	unknown	Comment	comment
good point-	i've chosen raef	1>2	unknown	Elaboration	elaboration
i've chosen raef	just because he has wheat	1>2	unknown	Explanation	explanation
just because he has wheat	and no 5's have been rolled	1>2	unknown	Continuation	conjunction
and no 5's have been rolled	well few	1>2	unknown	Correction	contrast
I guess,	it just seems	1>2	unknown	Continuation	conjunction
it just seems	a waste	1>2	unknown	Continuation	conjunction
considering ghetto has 4 points on ore with the port and 2 soldiers	it just seems	1<2	unknown	Background	frame
well you're in the lead now	so most threatening! :P	1>2	unknown	Result	causal
well you're in the lead now	ugh	1>2	unknown	Acknowledgement	query
ugh	double ugh.	1>2	unknown	Acknowledgement	query
it might be best	You know, just thi turn...	1>2	unknown	Elaboration	elaboration
it might be best	I don't care	1>2	unknown	Comment	comment
it might be best	good point-	1>2	unknown	Acknowledgement	query
I don't care	I rob for the resources,	1>2	unknown	Correction	contrast
I guess,	well you're in the lead now	1>2	unknown	Contrast	contrast
does anyone have sheep or clay?	I can offer a wheat	1>2	unknown	Elaboration	elaboration
does anyone have sheep or clay?	no	1>2	unknown	Question_answer_pair	query
oh man	that's not what i thought that card was.	1>2	unknown	Explanation	explanation
that's not what i thought that card was.	lol	1>2	unknown	Comment	comment
i'm kinda pissed at myself.	thought it was monopoly?	1>2	unknown	Clarification_question	query
thought it was monopoly?	:)	1>2	unknown	Comment	comment
thought it was monopoly?	yeah i did.	1>2	unknown	Question_answer_pair	query
yeah i did.	goddamnit.	1>2	unknown	Comment	comment
sorry raef-	at least i forgot to play it	1>2	unknown	Explanation	explanation
at least i forgot to play it	before that 6 was rolled	1>2	unknown	Narration	temporal
at least i forgot to play it	well at least people should realize your advantage now	1>2	unknown	Comment	comment
omg	i'm going to throw my computer.	1>2	unknown	Explanation	explanation
i'm going to throw my computer.	i was so set up!	1>2	unknown	Elaboration	elaboration
anyone want ore for a wood?	not I	1>2	unknown	Question_answer_pair	query
anyone want ore for a wood?	nope	1>2	unknown	Question_answer_pair	query
anyone want ore for a wood?	i can give yo ua sheep	1>2	unknown	Q_Elab	query
i can give yo ua sheep	no	1>2	unknown	Question_answer_pair	query
a heavy haul	wow	1>2	unknown	Comment	comment
a heavy haul	ouch!	1>2	unknown	Comment	comment
a heavy haul	yeah.	1>2	unknown	Acknowledgement	query
wow	yeah.	1>2	unknown	Acknowledgement	query
ouch!	yeah.	1>2	unknown	Acknowledgement	query
yeah.	i got nothing to do now though.	1>2	unknown	Contrast	contrast
i got nothing to do now though.	ok,	1>2	unknown	Acknowledgement	query
ok,	give it back then. :)	1>2	unknown	Result	causal
give it back then. :)	gramos?	1>2	unknown	Clarification_question	query
c'mon, raef,	get that point already	1>2	unknown	Continuation	conjunction
get that point already	lol	1>2	unknown	Comment	comment
lol	unless yo usteal longest road from him.	1>2	unknown	Alternation	alternation
lol	that was the game	1>2	unknown	Explanation	explanation
brutal	bingo!	1>2	unknown	Comment	comment
bingo!	thanks, guys.	1>2	unknown	Result	causal
thanks, guys.	it was fun to play this league.	1>2	unknown	Continuation	conjunction
oh my goodness.	so unlucky	1>2	unknown	Comment	comment
hahaha	congrats gramos	1>2	unknown	Continuation	conjunction
congrats gramos	yes,	1>2	unknown	Acknowledgement	query
What?!	nice- way to sneak up on us	1>2	unknown	Elaboration	elaboration
nice- way to sneak up on us	yes,	1>2	unknown	Acknowledgement	query
congrats	yes,	1>2	unknown	Acknowledgement	query
congrats	well it's been fun everyone	1>2	unknown	Comment	comment
yes,	and I got lucky as heck	1>2	unknown	Elaboration	elaboration
and I got lucky as heck	yeah for sure!	1>2	unknown	Acknowledgement	query
yeah for sure!	i know right!	1>2	unknown	Elaboration	elaboration
yeah for sure!	gg	1>2	unknown	Continuation	conjunction
blame my in-laws...	well it's been fun everyone	1>2	unknown	Comment	comment
yeah for sure!	well it's been fun everyone	1<2	unknown	Comment	comment
bingo!	oh my goodness.	1>2	unknown	Comment	comment
bingo!	What?!	1>2	unknown	Clarification_question	query
bingo!	hahaha	1>2	unknown	Acknowledgement	query
bingo!	congrats	1>2	unknown	Acknowledgement	query
yeah for sure!	blame my in-laws...	1>2	unknown	Comment	comment
How long do we want to wait for Xefortanzo?	I've got things to do while we wait	1>2	unknown	Question_answer_pair	query
I've got things to do while we wait	so I don't really mind.	1>2	unknown	Result	causal
so I don't really mind.	It's up to you I guess	1>2	unknown	Result	causal
I'd suggest starting at 12:30	if he doesn't turn up by then	1<2	unknown	Conditional	condition
ok	OIh well,	1>2	unknown	Continuation	conjunction
OIh well,	looks like it's just us	1>2	unknown	Continuation	conjunction
looks like it's just us	Sorry	1>2	unknown	Comment	comment
Sorry	if I'm slow,	1<2	unknown	Conditional	condition
No problem,	I've only played about 3 rl games and none online	1>2	unknown	Explanation	explanation
I've got things to do while we wait	I'd suggest starting at 12:30	1>2	unknown	Result	causal
OIh well,	No problem,	1>2	unknown	Acknowledgement	query
I'd suggest starting at 12:30	ok	1>2	unknown	Acknowledgement	query
Sorry	I've only played this once before, in RL	1>2	unknown	Explanation	explanation
what are the rules for trading with the bank?	You give 4 of the same resource,	1>2	unknown	Question_answer_pair	query
You give 4 of the same resource,	you get 1 of any resource	1>2	unknown	Continuation	conjunction
gg	i need practice!	1>2	unknown	Comment	comment
i need practice!	wonder if anybody else is going to take part in the league	1>2	unknown	Continuation	conjunction
Can we delay just a couple of minutes?	I'm just getting something to eat	1>2	unknown	Explanation	explanation
Can we delay just a couple of minutes?	Yeah,	1>2	unknown	Question_answer_pair	query
Yeah,	no problem	1>2	unknown	Comment	comment
Yeah,	I'm back.	1>2	unknown	Continuation	conjunction
I'm back.	We said we'd wait till 19:10, right?	1>2	unknown	Clarification_question	query
We said we'd wait till 19:10, right?	Yeah,	1>2	unknown	Question_answer_pair	query
Yeah,	let's give it a few more minutes	1>2	unknown	Elaboration	elaboration
well done	gg	1>2	unknown	Acknowledgement	query
gg	i'll send another update	1>2	unknown	Continuation	conjunction
hi duncan!	hello!	1>2	unknown	Acknowledgement	query
hi duncan!	how's things?	1>2	unknown	Continuation	conjunction
how's things?	not bad	1>2	unknown	Question_answer_pair	query
not bad	i'm hoping i'll do a bit better this time!	1>2	unknown	Continuation	conjunction
i'm hoping i'll do a bit better this time!	good luck :)	1>2	unknown	Comment	comment
i'm hoping i'll do a bit better this time!	evening	1>2	unknown	Acknowledgement	query
good luck :)	we'll see how the board treats us	1>2	unknown	Continuation	conjunction
we'll see how the board treats us	when innis and LJ arrive :D	1>2	unknown	Background	frame
evening	hey LJ	1>2	unknown	Acknowledgement	query
evening	just innis to come	1>2	unknown	Continuation	conjunction
hey LJ	hows you?	1>2	unknown	Continuation	conjunction
hows you?	not too bad thanks,	1>2	unknown	Question_answer_pair	query
not too bad thanks,	yourself	1>2	unknown	Continuation	conjunction
yourself	pretty good	1>2	unknown	Question_answer_pair	query
pretty good	got a board game evening to go to after ;)	1>2	unknown	Continuation	conjunction
got a board game evening to go to after ;)	someone's got a pirate game arrrrrr	1>2	unknown	Elaboration	elaboration
nice :)	i was tempted to hit games hub tomorrow	1>2	unknown	Continuation	conjunction
i was tempted to hit games hub tomorrow	good place	1>2	unknown	Comment	comment
good place	I went there with a friend the first time a couple of weeks back	1>2	unknown	Elaboration	elaboration
I went there with a friend the first time a couple of weeks back	we played metro and some temple/treasure-finding game I can't remember the name of	1>2	unknown	Continuation	conjunction
just innis to come	he was one roll away from winning the last game, harsh	1>2	unknown	Background	frame
just innis to come	Hey innis!	1>2	unknown	Continuation	conjunction
Hey innis!	grab a seat,	1>2	unknown	Continuation	conjunction
Hey innis!	Hey all!	1>2	unknown	Acknowledgement	query
grab a seat,	we all ready to go?	1>2	unknown	Continuation	conjunction
we all ready to go?	Let's go,	1>2	unknown	Question_answer_pair	query
Hey all!	Very punctual	1>2	unknown	Comment	comment
Let's go,	good luck all	1>2	unknown	Continuation	conjunction
oh come on	I've been last all 3 times :P	1>2	unknown	Explanation	explanation
I've been last all 3 times :P	i think last is quite good actually!	1>2	unknown	Comment	comment
I've been last all 3 times :P	haha, gutted	1>2	unknown	Comment	comment
I've been last all 3 times :P	gw4s... you do always sit in blue	1>2	unknown	Elaboration	elaboration
i think last is quite good actually!	swap ya ;)	1>2	unknown	Comment	comment
i think last is quite good actually!	you can plan things out better	1>2	unknown	Explanation	explanation
gw4s... you do always sit in blue	my lucky seat LJ ;)	1>2	unknown	Comment	comment
you can plan things out better	when you're last	1<2	unknown	Conditional	condition
my lucky seat LJ ;)	gl all!	1>2	unknown	Continuation	conjunction
we'll see how the board treats us	evening	1>2	unknown	Acknowledgement	query
got a board game evening to go to after ;)	nice :)	1>2	unknown	Comment	comment
got a board game evening to go to after ;)	i was tempted to hit games hub tomorrow	1>2	unknown	Parallel	conjunction
I went there with a friend the first time a couple of weeks back	nice	1>2	unknown	Comment	comment
boo :D	:P	1>2	unknown	Comment	comment
I didn't realise you could play the card before rolling	interesting!	1>2	unknown	Comment	comment
i suppose this is pretty unlikely,	but does anybody have 2 wheat they'd give me for 2 clay?	1>2	unknown	Contrast	contrast
sorry,	no wheat	1>2	unknown	Explanation	explanation
not after I got stoled from :(	i did think that was a bit optimistic	1>2	unknown	Acknowledgement	query
sorry	i did think that was a bit optimistic	1>2	unknown	Acknowledgement	query
i suppose this is pretty unlikely,	sorry,	1>2	unknown	Question_answer_pair	query
i suppose this is pretty unlikely,	not after I got stoled from :(	1>2	unknown	Question_answer_pair	query
i suppose this is pretty unlikely,	sorry	1>2	unknown	Question_answer_pair	query
sorry,	i did think that was a bit optimistic	1>2	unknown	Acknowledgement	query
dmm will swap you a wheat for a sheep?	if 1 will do it for ya	1<2	unknown	Conditional	condition
or anyone else	if dmm is snoozing,	1<2	unknown	Conditional	condition
sorry,	not me	1<2	unknown	Comment	comment
LJ?	dmm?	1>2	unknown	Alternation	alternation
LJ?	none	1>2	unknown	Question_answer_pair	query
dmm?	uh ohhh	1>2	unknown	Comment	comment
uh ohhh	has he disappeared?	1>2	unknown	Clarification_question	query
has he disappeared?	dmm has died	1>2	unknown	Question_answer_pair	query
dmm has died	oh dear	1>2	unknown	Comment	comment
oh dear	give him a sec,	1>2	unknown	Contrast	contrast
give him a sec,	could be internets	1>2	unknown	Explanation	explanation
i'll load up gmail	in case he can't sit back down :/	1>2	unknown	Background	frame
hooray	hello again	1>2	unknown	Continuation	conjunction
hello again	phew	1>2	unknown	Comment	comment
hello again	hey, really sorry about that	1>2	unknown	Acknowledgement	query
phew	I was worried it may lock you out	1>2	unknown	Explanation	explanation
hey, really sorry about that	my internet just reset itself twice	1>2	unknown	Explanation	explanation
I was worried it may lock you out	glad to see it now allows you back in	1>2	unknown	Comment	comment
my internet just reset itself twice	d'oh	1>2	unknown	Comment	comment
my internet just reset itself twice	what did i miss	1>2	unknown	Clarification_question	query
my internet just reset itself twice	glad to see it now allows you back in	1>2	unknown	Continuation	conjunction
what did i miss	to return, I was proposing a wheat for a sheep	1>2	unknown	Question_answer_pair	query
to return, I was proposing a wheat for a sheep	if you will take 1	1<2	unknown	Conditional	condition
ah yes, i had been trying to say that i would've needed 2 wheat,	but now i've changed my plan anyway	1>2	unknown	Contrast	contrast
so you now need no wheat,	or you have changed your plan to take 1?	1>2	unknown	Alternation	alternation
haha, you really want this wheat	sheep*	1>2	unknown	Correction	contrast
i won't be needing it	kk no worries	1>2	unknown	Acknowledgement	query
kk no worries	sorry for the delay	1>2	unknown	Continuation	conjunction
sorry for the delay	not your fault	1>2	unknown	Contrast	contrast
give him a sec,	i'll load up gmail	1>2	unknown	Acknowledgement	query
i'll load up gmail	hooray	1>2	unknown	Comment	comment
i'll load up gmail	uh ohh	1>2	unknown	Comment	comment
to return, I was proposing a wheat for a sheep	ah yes, i had been trying to say that i would've needed 2 wheat,	1>2	unknown	Question_answer_pair	query
ah yes, i had been trying to say that i would've needed 2 wheat,	so you now need no wheat,	1>2	unknown	Clarification_question	query
so you now need no wheat,	haha, you really want this wheat	1>2	unknown	Comment	comment
so you now need no wheat,	i won't be needing it	1>2	unknown	Question_answer_pair	query
dmm will swap you a wheat for a sheep?	or anyone else	1>2	unknown	Alternation	alternation
or anyone else	anyone got a sheep to trade for a wheat?	1>2	unknown	Elaboration	elaboration
or anyone else	sorry,	1>2	unknown	Question_answer_pair	query
or anyone else	LJ?	1>2	unknown	Q_Elab	query
or anyone else	dmm?	1>2	unknown	Q_Elab	query
anybody willing to give me a wood?	i can trade clay or ore for it	1>2	unknown	Elaboration	elaboration
no woods	sorry	1>2	unknown	Comment	comment
illl have a clay for one	or not	1>2	unknown	Alternation	alternation
oh well	haha i ended up getting a wood on that roll anyway	1>2	unknown	Contrast	contrast
i'll do that trade with you lj	sure	1>2	unknown	Acknowledgement	query
haha i ended up getting a wood on that roll anyway	typicale !	1>2	unknown	Comment	comment
haha i ended up getting a wood on that roll anyway	bad planning by me there	1>2	unknown	Comment	comment
no woods	oh well	1>2	unknown	Acknowledgement	query
sorry,	oh well	1>2	unknown	Acknowledgement	query
anybody willing to give me a wood?	no woods	1>2	unknown	Question_answer_pair	query
anybody willing to give me a wood?	haha, was about to ask exactly the same thing	1>2	unknown	Parallel	conjunction
anybody willing to give me a wood?	sorry,	1>2	unknown	Question_answer_pair	query
anybody willing to give me a wood?	illl have a clay for one	1>2	unknown	Question_answer_pair	query
illl have a clay for one	d'oh!	1>2	unknown	Comment	comment
illl have a clay for one	oh well	1>2	unknown	Acknowledgement	query
illl have a clay for one	i'll do that trade with you lj	1>2	unknown	Comment	comment
anyone have a sheep?	can offer ore	1>2	unknown	Elaboration	elaboration
anyone have a sheep?	the robber's sitting on my field sadly	1>2	unknown	Question_answer_pair	query
anyone have a sheep?	sorry,	1>2	unknown	Question_answer_pair	query
the robber's sitting on my field sadly	mine and inca's	1>2	unknown	Parallel	conjunction
sorry,	i need mine	1<2	unknown	Comment	comment
does anyone have wheat to spare?	i can give clay or ore	1>2	unknown	Elaboration	elaboration
does anyone have wheat to spare?	i have wheat	1>2	unknown	Question_answer_pair	query
i can give clay or ore	can i have clay please	1>2	unknown	Q_Elab	query
i have wheat	can i have clay please	1>2	unknown	Continuation	conjunction
can i have clay please	sure thing	1>2	unknown	Question_answer_pair	query
sure thing	cheers!	1>2	unknown	Comment	comment
can i have one of those sheep please anyone?	ask inca	1>2	unknown	Question_answer_pair	query
can i have one of those sheep please anyone?	sorry,	1>2	unknown	Question_answer_pair	query
can i have one of those sheep please anyone?	i'm out of sheep	1>2	unknown	Question_answer_pair	query
can i have one of those sheep please anyone?	could give a couple of ore...	1>2	unknown	Elaboration	elaboration
ask inca	mine is too deer	1>2	unknown	Explanation	explanation
sorry,	need mine	1<2	unknown	Explanation	explanation
could give a couple of ore...	sorry,	1>2	unknown	Question_answer_pair	query
sorry,	got some already	1<2	unknown	Explanation	explanation
ask inca	haha	1>2	unknown	Comment	comment
anybody with a wheat?	i can offer clay	1>2	unknown	Elaboration	elaboration
anybody with a wheat?	sorry	1>2	unknown	Question_answer_pair	query
sorry	i have ore...	1>2	unknown	Explanation	explanation
i have ore...	llots of ore :p	1>2	unknown	Elaboration	elaboration
llots of ore :p	haha me too, 6 now	1>2	unknown	Parallel	conjunction
llots of ore :p	it's mining itself :D	1>2	unknown	Comment	comment
haha me too, 6 now	i'm getting lots of ore too!	1>2	unknown	Parallel	conjunction
haha me too, 6 now	ok,	1>2	unknown	Acknowledgement	query
haha me too, 6 now	it's mining itself :D	1>2	unknown	Comment	comment
it's mining itself :D	ok,	1>2	unknown	Acknowledgement	query
i'm getting lots of ore too!	ok,	1>2	unknown	Acknowledgement	query
ok,	anyone want ore before i trade with bank?	1>2	unknown	Continuation	conjunction
anyone want ore before i trade with bank?	nope	1>2	unknown	Question_answer_pair	query
anyone want ore before i trade with bank?	what you after	1>2	unknown	Q_Elab	query
what you after	clay or sheep	1>2	unknown	Question_answer_pair	query
clay or sheep	i hast clay	1>2	unknown	Question_answer_pair	query
i hast clay	2 ore?	1>2	unknown	Q_Elab	query
2 ore?	if you'll take just the 1 clay i have for it	1>2	unknown	Question_answer_pair	query
if you'll take just the 1 clay i have for it	yep	1>2	unknown	Acknowledgement	query
yep	done	1>2	unknown	Acknowledgement	query
anybody with a wheat?	no needs clay :/	1>2	unknown	Question_answer_pair	query
anybody with a wheat?	afraid not	1>2	unknown	Question_answer_pair	query
any wheat now?	i can give clay or ore	1>2	unknown	Elaboration	elaboration
lj?	interested?	1>2	unknown	Q_Elab	query
any wheat now?	no ta	1>2	unknown	Question_answer_pair	query
any wheat now?	that was LJs gambit	1>2	unknown	Comment	comment
any wheat now?	sorry	1>2	unknown	Question_answer_pair	query
any wheat now?	lj?	1>2	unknown	Q_Elab	query
lj?	sorry	1>2	unknown	Question_answer_pair	query
anyone have a sheep for clay or ore?	afraid not	1>2	unknown	Question_answer_pair	query
anyone have a sheep for clay or ore?	or wheat	1>2	unknown	Alternation	alternation
anyone have a sheep for clay or ore?	nope	1>2	unknown	Question_answer_pair	query
anyone have a sheep for clay or ore?	no sheep here,	1>2	unknown	Question_answer_pair	query
anyone have a sheep for clay or ore?	can do wood for wheat	1>2	unknown	Question_answer_pair	query
or wheat	nope	1>2	unknown	Question_answer_pair	query
no sheep here,	sorry :(	1>2	unknown	Comment	comment
no sheep here,	can do wood for wheat	1>2	unknown	Elaboration	elaboration
can do wood for wheat	but not sheep	1>2	unknown	Contrast	contrast
that would be good	my wood for yer wheat	1>2	unknown	Clarification_question	query
that would be good	pleasure	1>2	unknown	Acknowledgement	query
can do wood for wheat	that would be good	1>2	unknown	Acknowledgement	query
anybody with wood?	i'll give ore or clay	1>2	unknown	Elaboration	elaboration
anybody with wood?	just lost mine	1>2	unknown	Question_answer_pair	query
anybody with wood?	none	1>2	unknown	Question_answer_pair	query
anybody with wood?	not me	1>2	unknown	Question_answer_pair	query
just lost mine	sorry	1>2	unknown	Comment	comment
can anybody give me a couple of wheat?	i'll give clay in return	1>2	unknown	Elaboration	elaboration
i'll give clay in return	think clay is in abundance this game	1>2	unknown	Explanation	explanation
no wheat here,	sorry	1>2	unknown	Comment	comment
no wheat	sorry	1>2	unknown	Comment	comment
think clay is in abundance this game	unlike last one :)	1>2	unknown	Contrast	contrast
think clay is in abundance this game	and a lack of sheep	1>2	unknown	Continuation	conjunction
how about wood?	again i can offer clay	1>2	unknown	Elaboration	elaboration
who wants what>?	dmm is looking to shovel his bricks off his resource pile	1>2	unknown	Question_answer_pair	query
who wants what>?	im confused	1>2	unknown	Explanation	explanation
who wants what>?	i'd like wheat or wood	1>2	unknown	Question_answer_pair	query
none again,	sorry	1>2	unknown	Comment	comment
i'd like wheat or wood	and i can give clay	1>2	unknown	Continuation	conjunction
i can give wheat for clay	cool, can you do 2 for 2?	1>2	unknown	Q_Elab	query
cool, can you do 2 for 2?	yes	1>2	unknown	Question_answer_pair	query
yes	thanks!	1>2	unknown	Acknowledgement	query
can anybody give me a couple of wheat?	no wheat here,	1>2	unknown	Question_answer_pair	query
can anybody give me a couple of wheat?	no wheat	1>2	unknown	Question_answer_pair	query
can anybody give me a couple of wheat?	how about wood?	1>2	unknown	Continuation	conjunction
how about wood?	sorry	1>2	unknown	Question_answer_pair	query
how about wood?	nup	1>2	unknown	Question_answer_pair	query
how about wood?	none again,	1>2	unknown	Question_answer_pair	query
how about wood?	who wants what>?	1>2	unknown	Clarification_question	query
i'd like wheat or wood	i can give wheat for clay	1>2	unknown	Question_answer_pair	query
anyone have wood for ore?	no wood,	1>2	unknown	Question_answer_pair	query
anyone have wood for ore?	i'm afraid not	1>2	unknown	Question_answer_pair	query
anyone have wood for ore?	only the 1 wood which I planned to use,	1>2	unknown	Question_answer_pair	query
only the 1 wood which I planned to use,	sorry	1>2	unknown	Comment	comment
only the 1 wood which I planned to use,	ore on its own's no good for me	1>2	unknown	Comment	comment
wow, i'm already beating my score from last time!	you're roaring	1>2	unknown	Comment	comment
do you still have any spare wheat lj?	or anyone else?	1>2	unknown	Alternation	alternation
you're roaring	3 settlements a city a soldier and a card!	1>2	unknown	Elaboration	elaboration
no wheat here	jinx	1>2	unknown	Explanation	explanation
3 settlements a city a soldier and a card!	you're steaming ahead	1>2	unknown	Elaboration	elaboration
anyone have wheat for ore?	still no wheat	1>2	unknown	Question_answer_pair	query
anyone have wheat for ore?	nope,	1>2	unknown	Question_answer_pair	query
anyone have wheat for ore?	nope	1>2	unknown	Question_answer_pair	query
still no wheat	I don't beieve a 4 has been rolled for some time	1>2	unknown	Comment	comment
nope,	I don't beieve a 4 has been rolled for some time	1>2	unknown	Comment	comment
nope	I don't beieve a 4 has been rolled for some time	1>2	unknown	Comment	comment
I don't beieve a 4 has been rolled for some time	believe*	1>2	unknown	Correction	contrast
do you still have any spare wheat lj?	no wheat	1>2	unknown	Question_answer_pair	query
do you still have any spare wheat lj?	no wheat here	1>2	unknown	Question_answer_pair	query
any wood?	i can give a sheep	1>2	unknown	Elaboration	elaboration
any wood?	none,	1>2	unknown	Question_answer_pair	query
any wood?	none here	1>2	unknown	Question_answer_pair	query
any wood?	nope	1>2	unknown	Question_answer_pair	query
any wood?	i would also take a wheat!	1>2	unknown	Parallel	conjunction
i would also take a wheat!	or dat...	1>2	unknown	Question_answer_pair	query
i would also take a wheat!	same	1>2	unknown	Question_answer_pair	query
i would also take a wheat!	none	1>2	unknown	Question_answer_pair	query
or dat...	same	1>2	unknown	Parallel	conjunction
or dat...	oh well	1>2	unknown	Acknowledgement	query
same	oh well	1>2	unknown	Acknowledgement	query
none	oh well	1>2	unknown	Acknowledgement	query
the bank is so expensive!	trop cher	1>2	unknown	Acknowledgement	query
anyone have wheat?	still none	1>2	unknown	Question_answer_pair	query
anyone have wheat?	heh nope	1>2	unknown	Question_answer_pair	query
anyone have wheat?	unfortunately not	1>2	unknown	Question_answer_pair	query
anyone have wheat?	wood?	1>2	unknown	Continuation	conjunction
still none	lulz	1>2	unknown	Comment	comment
heh nope	lulz	1>2	unknown	Comment	comment
unfortunately not	lulz	1>2	unknown	Comment	comment
lulz	bad harvest	1>2	unknown	Continuation	conjunction
wood?	sorry,	1>2	unknown	Question_answer_pair	query
wood?	same here	1>2	unknown	Question_answer_pair	query
need mine	same here	1>2	unknown	Parallel	conjunction
sorry,	only for wheat :/	1>2	unknown	Question_answer_pair	query
8s all the time!	sheesh	1>2	unknown	Comment	comment
damn lj he broke your road	how mean	1>2	unknown	Comment	comment
i still keep the road right?	nope	1>2	unknown	Question_answer_pair	query
nope	what?>	1>2	unknown	Clarification_question	query
nope	http://www.catan.com/en/download/?SoC_rv_Rules_091907.pdf	1>2	unknown	Explanation	explanation
what?>	only to his settlement	1>2	unknown	Question_answer_pair	query
only to his settlement	so it's 6 now	1>2	unknown	Result	causal
these rules are different to the real rules	http://www.catan.com/en/download/?SoC_rv_Rules_091907.pdf	1>2	unknown	Correction	contrast
i think you can keep building on it	but it's not longest	1>2	unknown	Contrast	contrast
booooo	!	1>2	unknown	Continuation	conjunction
booooo	sorry,	1>2	unknown	Comment	comment
sorry,	you are the biggest threat just now :P	1>2	unknown	Explanation	explanation
you are the biggest threat just now :P	:(	1>2	unknown	Comment	comment
you are the biggest threat just now :P	dmm you're the top threat	1>2	unknown	Correction	contrast
:(	just for that remark	1>2	unknown	Elaboration	elaboration
just for that remark	haha	1>2	unknown	Comment	comment
just for that remark	i expected no less	1>2	unknown	Comment	comment
dmm you're the top threat	you're a coupla roads and a soldier from victory :/	1>2	unknown	Explanation	explanation
you're a coupla roads and a soldier from victory :/	ah yes	1>2	unknown	Acknowledgement	query
http://www.catan.com/en/download/?SoC_rv_Rules_091907.pdf	page 9 LJ	1>2	unknown	Elaboration	elaboration
ah yes	but i can hardly put the robber next to one of my own!	1>2	unknown	Contrast	contrast
page 9 LJ	"""you can break an opponent's road by building a settlement on an open intersection"""	1>2	unknown	Elaboration	elaboration
anyone have wheat or clay?	i got clay	1>2	unknown	Question_answer_pair	query
anyone have wheat or clay?	neither here,	1>2	unknown	Question_answer_pair	query
anyone have wheat or clay?	no wheat,	1>2	unknown	Question_answer_pair	query
i got clay	for ore?	1>2	unknown	Q_Elab	query
for ore?	afraid not,	1>2	unknown	Question_answer_pair	query
afraid not,	wood only	1>2	unknown	Elaboration	elaboration
neither here,	sorry	1>2	unknown	Comment	comment
no wheat,	and i think i need my clay	1>2	unknown	Continuation	conjunction
only to his settlement	these rules are different to the real rules	1>2	unknown	Comment	comment
only to his settlement	i think you can keep building on it	1>2	unknown	Continuation	conjunction
damn lj he broke your road	i still keep the road right?	1>2	unknown	Clarification_question	query
http://www.catan.com/en/download/?SoC_rv_Rules_091907.pdf	afraid catan has sunk ya	1>2	unknown	Comment	comment
no wheat,	sorry :/	1>2	unknown	Comment	comment
does anybody have wheat?	not me,	1>2	unknown	Question_answer_pair	query
does anybody have wheat?	nope,	1>2	unknown	Question_answer_pair	query
does anybody have wheat?	i can give a sheep, or maaaybe a clay	1>2	unknown	Elaboration	elaboration
does anybody have wheat?	nope	1>2	unknown	Question_answer_pair	query
nope,	nada	1>2	unknown	Elaboration	elaboration
i can give a sheep, or maaaybe a clay	nope	1>2	unknown	Question_answer_pair	query
i can give a sheep, or maaaybe a clay	like a sheep's maaaaaa	1>2	unknown	Comment	comment
like a sheep's maaaaaa	lol	1>2	unknown	Comment	comment
like a sheep's maaaaaa	haha	1>2	unknown	Comment	comment
anyone have ore?	one	1>2	unknown	Question_answer_pair	query
one	id need two#	1>2	unknown	Contrast	contrast
id need two#	sorry,	1>2	unknown	Question_answer_pair	query
sorry,	have just the one	1<2	unknown	Elaboration	elaboration
sorry,	i've got one too	1<2	unknown	Comment	comment
may get you started	yeah...	1>2	unknown	Acknowledgement	query
yeah...	one for a sheep?	1>2	unknown	Result	causal
one for a sheep?	i'll swap mine for wood,	1>2	unknown	Question_answer_pair	query
one for a sheep?	what can you offer?	1>2	unknown	Q_Elab	query
i'll swap mine for wood,	see what inca wants	1>2	unknown	Result	causal
i'll swap mine for wood,	i need wood	1>2	unknown	Contrast	contrast
i need wood	then why are you asking for ore :D	1>2	unknown	Clarification_question	query
then why are you asking for ore :D	because i also need ore	1>2	unknown	Question_answer_pair	query
what can you offer?	i have one as well	1>2	unknown	Explanation	explanation
what can you offer?	i can offer a sheep	1>2	unknown	Question_answer_pair	query
because i also need ore	ah haaaaa	1>2	unknown	Acknowledgement	query
i can offer a sheep	i'll take a sheep for an ore	1>2	unknown	Acknowledgement	query
i can offer a sheep	i think i need ore more than sheep jsut now	1>2	unknown	Question_answer_pair	query
i think i need ore more than sheep jsut now	lol you got nowhere else to build a settlement :D	1>2	unknown	Comment	comment
lol you got nowhere else to build a settlement :D	the middle of catan is red	1>2	unknown	Explanation	explanation
i know that... sice someone cut me off	ouch	1>2	unknown	Comment	comment
i know that... sice someone cut me off	i meant dmm has nowhere else to build	1>2	unknown	Correction	contrast
i meant dmm has nowhere else to build	he's colonised the heartland	1>2	unknown	Explanation	explanation
uh oh	yup uh oh	1>2	unknown	Acknowledgement	query
yup uh oh	i thought you might feel better about me stealing from you this time ;)	1>2	unknown	Comment	comment
i thought you might feel better about me stealing from you this time ;)	haha	1>2	unknown	Comment	comment
anyone got a wood?	i may need it to keep the game alive	1>2	unknown	Explanation	explanation
anyone got a wood?	i've not got one,	1>2	unknown	Question_answer_pair	query
i've not got one,	sorry	1>2	unknown	Comment	comment
does anyone have spare wheat?	nope	1>2	unknown	Question_answer_pair	query
does anyone have spare wheat?	i'm outta wheat,	1>2	unknown	Question_answer_pair	query
i'm outta wheat,	sorry	1>2	unknown	Comment	comment
sorry,	sorry,	1>2	unknown	Parallel	conjunction
sorry,	may get you started	1>2	unknown	Contrast	contrast
sorry,	one for a sheep?	1>2	unknown	Q_Elab	query
sorry,	i have one as well	1>2	unknown	Parallel	conjunction
lol you got nowhere else to build a settlement :D	i know that... sice someone cut me off	1>2	unknown	Explanation	explanation
lol you got nowhere else to build a settlement :D	i meant dmm has nowhere else to build	1>2	unknown	Elaboration	elaboration
i meant dmm has nowhere else to build	uh oh	1>2	unknown	Comment	comment
anyone have clay?	need mine,	1>2	unknown	Question_answer_pair	query
anyone have clay?	i need another clay and mood to take road back...	1>2	unknown	Explanation	explanation
nope	i'm pretty short on everything right now	1>2	unknown	Elaboration	elaboration
need mine,	sorry	1>2	unknown	Result	causal
nope	i need it in case duncan's card is a soldier	1>2	unknown	Explanation	explanation
i'm pretty short on everything right now	luckily for everyone else	1>2	unknown	Comment	comment
i need it in case duncan's card is a soldier	and i have to get another wood :	1>2	unknown	Continuation	conjunction
and i have to get another wood :	or it's game over on dmm's roll	1>2	unknown	Alternation	alternation
i need another clay and mood to take road back...	argh!	1>2	unknown	Comment	comment
you shouldn't have passed the dice so quick...!	well I pass then,	1>2	unknown	Result	causal
well I pass then,	if that's a soldier	1>2	unknown	Continuation	conjunction
if that's a soldier	you reamed us	1>2	unknown	Elaboration	elaboration
if that's a soldier	well played dmm	1>2	unknown	Conditional	condition
it's your lucky day	ahh	1>2	unknown	Comment	comment
it's your lucky day	does anybody have wood? :P	1>2	unknown	Continuation	conjunction
ahh	one more roll	1>2	unknown	Result	causal
does anybody have wood? :P	lol	1>2	unknown	Question_answer_pair	query
does anybody have wood? :P	nope	1>2	unknown	Question_answer_pair	query
does anybody have wood? :P	wish i did!	1>2	unknown	Question_answer_pair	query
lol	nah i didn't think that would work	1>2	unknown	Acknowledgement	query
nope	nah i didn't think that would work	1>2	unknown	Acknowledgement	query
wish i did!	nah i didn't think that would work	1>2	unknown	Acknowledgement	query
if that's a soldier	it's your lucky day	1>2	unknown	Comment	comment
8s arrrrrgh	every time	1>2	unknown	Elaboration	elaboration
8s arrrrrgh	i do enjoy a good 8	1>2	unknown	Contrast	contrast
8s arrrrrgh	i do enjoy a good 8	1>2	unknown	Comment	comment
ok lj	what do you have	1>2	unknown	Continuation	conjunction
yay more sheep	sheep and ore	1>2	unknown	Continuation	conjunction
all?	yep	1>2	unknown	Question_answer_pair	query
yep	how much ore	1>2	unknown	Q_Elab	query
yep	addtime	1>2	unknown	Background	frame
how much ore	2	1>2	unknown	Question_answer_pair	query
2	ok 2 ore for 1 clay, 1 wood?	1>2	unknown	Q_Elab	query
ok 2 ore for 1 clay, 1 wood?	sure	1>2	unknown	Question_answer_pair	query
sure	sorry dmm	1>2	unknown	Comment	comment
sorry dmm	ouch	1>2	unknown	Comment	comment
sorry dmm	don't want this bad boy to end just yet	1>2	unknown	Explanation	explanation
ouch	i was hoping to build another road last time to protect it	1>2	unknown	Background	frame
i was hoping to build another road last time to protect it	i knew ;)	1>2	unknown	Comment	comment
i was hoping to build another road last time to protect it	poor dmm	1>2	unknown	Comment	comment
i was hoping to build another road last time to protect it	but i didn't have what i needed	1>2	unknown	Contrast	contrast
i was hoping to build another road last time to protect it	i knew ;)	1>2	unknown	Acknowledgement	query
you'll pop back up to 8 next turn	true	1>2	unknown	Acknowledgement	query
ok lj	yay more sheep	1>2	unknown	Question_answer_pair	query
yay more sheep	all?	1>2	unknown	Clarification_question	query
i was hoping to build another road last time to protect it	you'll pop back up to 8 next turn	1>2	unknown	Contrast	contrast
aha!	"gg well played"""	1>2	unknown	Comment	comment
aha!	nice game guys	1>2	unknown	Comment	comment
aha!	very well played, commanding victory	1>2	unknown	Comment	comment
"gg well played"""	great work dmm	1>2	unknown	Elaboration	elaboration
nice game guys	wd	1>2	unknown	Elaboration	elaboration
very well played, commanding victory	good game guys	1>2	unknown	Continuation	conjunction
this league's exciting	3 people on 1 in	1>2	unknown	Elaboration	elaboration
3 people on 1 in	win*	1>2	unknown	Correction	contrast
yup	competitive :)	1>2	unknown	Continuation	conjunction
competitive :)	yeah!	1>2	unknown	Acknowledgement	query
good game everyone	now to go and eat :P	1>2	unknown	Narration	temporal
good game everyone	well played all :D	1>2	unknown	Acknowledgement	query
well played all :D	see you next time,	1>2	unknown	Continuation	conjunction
see you next time,	apart from you inca	1>2	unknown	Background	frame
apart from you inca	as we've played our 3 :)	1>2	unknown	Explanation	explanation
hope you win the one against duncan and matt!	haha, will try my best!	1>2	unknown	Comment	comment
hope you win the one against duncan and matt!	cheers, enjoyed our game stogethers	1>2	unknown	Acknowledgement	query
haha, will try my best!	cheers, enjoyed our game stogethers	1>2	unknown	Continuation	conjunction
cheers, enjoyed our game stogethers	ok see you later :)	1>2	unknown	Acknowledgement	query
cheers, enjoyed our game stogethers	yeah was good	1>2	unknown	Acknowledgement	query
ok see you later :)	see you :)	1>2	unknown	Continuation	conjunction
see you :)	bye!	1>2	unknown	Continuation	conjunction
"gg well played"""	you had me worried when you took back the longest road!	1>2	unknown	Comment	comment
"gg well played"""	good game everyone	1>2	unknown	Acknowledgement	query
"gg well played"""	nice game guys	1>2	unknown	Acknowledgement	query
very well played, commanding victory	this league's exciting	1>2	unknown	Continuation	conjunction
very well played, commanding victory	good game everyone	1>2	unknown	Acknowledgement	query
this league's exciting	yup	1>2	unknown	Acknowledgement	query
nice game guys	good game everyone	1>2	unknown	Acknowledgement	query
nice game guys	very well played, commanding victory	1>2	unknown	Acknowledgement	query
apart from you inca	hope you win the one against duncan and matt!	1>2	unknown	Continuation	conjunction
hey, just spectating if you're ok with that	no problem!	1>2	unknown	Acknowledgement	query
hey, just spectating if you're ok with that	Hi to you both :)	1>2	unknown	Acknowledgement	query
no problem!	hi!	1>2	unknown	Continuation	conjunction
hi!	Hi to you both :)	1>2	unknown	Acknowledgement	query
hi!	i'm quite glad niko isn't here yet	1>2	unknown	Comment	comment
hi!	wassuup	1>2	unknown	Continuation	conjunction
Hi to you both :)	good luck all	1>2	unknown	Comment	comment
Hi to you both :)	wassuup	1>2	unknown	Continuation	conjunction
Hi to you both :)	hey!	1>2	unknown	Acknowledgement	query
hey!	hi innis!	1>2	unknown	Acknowledgement	query
i'm quite glad niko isn't here yet	because i'm not totally ready :P	1>2	unknown	Explanation	explanation
because i'm not totally ready :P	making cookies for a bake sale tomorrow	1>2	unknown	Explanation	explanation
making cookies for a bake sale tomorrow	That sounds rather pleasant!	1>2	unknown	Comment	comment
That sounds rather pleasant!	yeah!	1>2	unknown	Acknowledgement	query
That sounds rather pleasant!	i just don't have an awful lot of time	1>2	unknown	Contrast	contrast
yeah!	i just don't have an awful lot of time	1>2	unknown	Contrast	contrast
i just don't have an awful lot of time	Indeed, you said you were going out later, didn't you?	1>2	unknown	Clarification_question	query
wassuup	hey	1>2	unknown	Acknowledgement	query
wassuup	LJ is out :(	1>2	unknown	Comment	comment
hey	good luck all	1>2	unknown	Comment	comment
good luck all	may the winner take it all :D	1>2	unknown	Continuation	conjunction
can you hold on a little longer :P	i'll be 5-10 minutes	1>2	unknown	Elaboration	elaboration
can you hold on a little longer :P	I will need to be gone about 1815	1>2	unknown	Question_answer_pair	query
can you hold on a little longer :P	Yep,	1>2	unknown	Question_answer_pair	query
can you hold on a little longer :P	hi and good luck!	1>2	unknown	Acknowledgement	query
i'll be 5-10 minutes	no worries	1>2	unknown	Acknowledgement	query
no worries	I will need to be gone about 1815	1>2	unknown	Continuation	conjunction
I will need to be gone about 1815	but 3 players won't take an hour	1>2	unknown	Contrast	contrast
hi innis!	can observers talk?	1>2	unknown	Clarification_question	query
hi innis!	hey!	1>2	unknown	Acknowledgement	query
hey!	just wanted to watch the exciting finale	1>2	unknown	Continuation	conjunction
just wanted to watch the exciting finale	this is very un assembly ;)	1>2	unknown	Comment	comment
just wanted to watch the exciting finale	kibitz away :D	1>2	unknown	Continuation	conjunction
just wanted to watch the exciting finale	grats on the last game	1>2	unknown	Comment	comment
this is very un assembly ;)	yep, i'll try to keep quiet though during the game!	1>2	unknown	Comment	comment
grats on the last game	cheers	1>2	unknown	Acknowledgement	query
yeah the game yesterday was done within 30 minutes,	that one was unusually quick though	1>2	unknown	Contrast	contrast
yeah the game yesterday was done within 30 minutes,	you'll be fine i'm sure	1>2	unknown	Result	causal
that one was unusually quick though	because you completely thrashed us :P	1>2	unknown	Explanation	explanation
how did you do it?	haha it was quite lucky,	1>2	unknown	Question_answer_pair	query
haha it was quite lucky,	my settlements gave me loads of ore and wheat,	1>2	unknown	Explanation	explanation
my settlements gave me loads of ore and wheat,	so i spammed city upgrades	1>2	unknown	Result	causal
so i spammed city upgrades	think i had 4/5 cities in the end	1>2	unknown	Elaboration	elaboration
think i had 4/5 cities in the end	4	1>2	unknown	Elaboration	elaboration
4	I can't remember,	1>2	unknown	Acknowledgement	query
wowzer	i'd appreciate it	1>2	unknown	Comment	comment
I can't remember,	but that sounds about right (4 cities)	1>2	unknown	Contrast	contrast
but that sounds about right (4 cities)	okay i'm ready!	1>2	unknown	Acknowledgement	query
but that sounds about right (4 cities)	gl all!	1>2	unknown	Acknowledgement	query
but that sounds about right (4 cities)	i'd appreciate it	1>2	unknown	Comment	comment
but that sounds about right (4 cities)	cheers	1>2	unknown	Acknowledgement	query
if you could all lose with less than 5VP,	with niko getting no points at all	1>2	unknown	Continuation	conjunction
lol	okay i'm ready!	1>2	unknown	Acknowledgement	query
lol	good luck guys	1>2	unknown	Acknowledgement	query
okay i'm ready!	gl all!	1>2	unknown	Acknowledgement	query
okay i'm ready!	Indeed, good luck to all	1>2	unknown	Acknowledgement	query
okay i'm ready!	best of luck :D	1>2	unknown	Acknowledgement	query
okay i'm ready!	good luck guys	1>2	unknown	Acknowledgement	query
since you start with 2	it's impossible ;)	1>2	unknown	Explanation	explanation
gl all!	Indeed, good luck to all	1>2	unknown	Acknowledgement	query
last again, sheesh	last all 4 times	1>2	unknown	Elaboration	elaboration
Indeed, good luck to all	best of luck :D	1>2	unknown	Acknowledgement	query
best of luck :D	it's been a real fun season	1>2	unknown	Comment	comment
it's been a real fun season	shame LJ wasn't so available	1>2	unknown	Contrast	contrast
shame LJ wasn't so available	but there always seems to be 1/5 who has trouble	1>2	unknown	Contrast	contrast
i'm quite glad niko isn't here yet	haha	1>2	unknown	Acknowledgement	query
good luck all	can you hold on a little longer :P	1>2	unknown	Clarification_question	query
good luck all	hi and good luck!	1>2	unknown	Acknowledgement	query
I will need to be gone about 1815	yeah the game yesterday was done within 30 minutes,	1>2	unknown	Acknowledgement	query
that one was unusually quick though	lol	1>2	unknown	Comment	comment
that one was unusually quick though	how did you do it?	1>2	unknown	Clarification_question	query
that one was unusually quick though	i'd appreciate it	1>2	unknown	Comment	comment
since you start with 2	last again, sheesh	1>2	unknown	Comment	comment
since you start with 2	haha, true	1>2	unknown	Acknowledgement	query
it's been a real fun season	indeed!	1>2	unknown	Acknowledgement	query
my settlements gave me loads of ore and wheat,	wowzer	1>2	unknown	Comment	comment
i'd appreciate it	lol	1>2	unknown	Acknowledgement	query
i'd appreciate it	since you start with 2	1>2	unknown	Contrast	contrast
i'd appreciate it	if you could all lose with less than 5VP,	1<2	unknown	Conditional	condition
wow I've just seen it says 'Rolled a [sic] 8'	you'd think given they are studying language	1>2	unknown	Elaboration	elaboration
wow I've just seen it says 'Rolled a [sic] 8'	haha, never noticed that	1>2	unknown	Acknowledgement	query
wood for ore, anyone?	me giving wood that is	1>2	unknown	Elaboration	elaboration
wood for ore, anyone?	ah, don't need any wood!	1>2	unknown	Question_answer_pair	query
wood for ore, anyone?	have non,	1>2	unknown	Question_answer_pair	query
you'd think given they are studying language	thats something they'd notie	1>2	unknown	Result	causal
thats something they'd notie	notice*	1>2	unknown	Correction	contrast
have non,	sorry	1>2	unknown	Comment	comment
ah, don't need any wood!	also matt won't either	1>2	unknown	Parallel	conjunction
i wonder how the deathmatch aspect will affect the amount of trading going on	lol	1>2	unknown	Comment	comment
another request for ore -	this time i can give wood or wheat	1>2	unknown	Elaboration	elaboration
afraid still none!	still have no ore	1>2	unknown	Parallel	conjunction
afraid still none!	very well	1>2	unknown	Acknowledgement	query
still have no ore	very well	1>2	unknown	Acknowledgement	query
another request for ore -	afraid still none!	1>2	unknown	Question_answer_pair	query
another request for ore -	still have no ore	1>2	unknown	Question_answer_pair	query
more ore, duncan!	huzzah	1>2	unknown	Acknowledgement	query
nope	at the moment i CAN'T get clay	1>2	unknown	Elaboration	elaboration
nope	no 10s yet	1>2	unknown	Explanation	explanation
nope	goodo ...	1>2	unknown	Acknowledgement	query
and duncan's off!	we'll see how long it lasts without sheep or clay and only 12 for wheat :/	1>2	unknown	Comment	comment
we'll see how long it lasts without sheep or clay and only 12 for wheat :/	lol	1>2	unknown	Comment	comment
we'll see how long it lasts without sheep or clay and only 12 for wheat :/	long as you keep rolling 8	1>2	unknown	Contrast	contrast
we'll see how long it lasts without sheep or clay and only 12 for wheat :/	anybody with clay now?	1>2	unknown	Continuation	conjunction
long as you keep rolling 8	you're in business	1>2	unknown	Conditional	condition
anybody with clay now?	still no	1>2	unknown	Question_answer_pair	query
anybody with clay now?	i spent what i had	1>2	unknown	Question_answer_pair	query
anybody with clay now?	how about sheep then?	1>2	unknown	Alternation	alternation
still no	how about sheep then?	1>2	unknown	Result	causal
still no	none of those neither :(	1>2	unknown	Parallel	conjunction
i spent what i had	how about sheep then?	1>2	unknown	Result	causal
how about sheep then?	none of those neither :(	1>2	unknown	Question_answer_pair	query
how about sheep then?	again i can offer wood	1>2	unknown	Elaboration	elaboration
how about sheep then?	I have one,	1>2	unknown	Question_answer_pair	query
none of those neither :(	oh well	1>2	unknown	Acknowledgement	query
I have one,	and I rather need it ...	1>2	unknown	Continuation	conjunction
and I rather need it ...	neeeeeeeed	1>2	unknown	Comment	comment
I have one,	oh well	1>2	unknown	Acknowledgement	query
8!	gah	1>2	unknown	Comment	comment
damn right	:D	1>2	unknown	Comment	comment
Anyone want wheat?	no ta	1>2	unknown	Question_answer_pair	query
Anyone want wheat?	I'm drowning in it ...	1>2	unknown	Elaboration	elaboration
Anyone want wheat?	all i have is wheat	1>2	unknown	Question_answer_pair	query
Anyone want wheat?	still no-one wants wheat ... ?	1>2	unknown	Continuation	conjunction
I'm drowning in it ...	you have a lot of yellow he	1>2	unknown	Comment	comment
you have a lot of yellow he	hex*	1>2	unknown	Correction	contrast
still no-one wants wheat ... ?	i can offer wood?	1>2	unknown	Q_Elab	query
i can offer wood?	nope	1>2	unknown	Question_answer_pair	query
i can offer wood?	i seem to be woody	1>2	unknown	Elaboration	elaboration
i can offer wood?	oh or a sheep	1>2	unknown	Alternation	alternation
8!	this is war :D	1>2	unknown	Result	causal
8!	damn right	1>2	unknown	Acknowledgement	query
matt, wood or sheep for wheat?	i'd like a wood	1>2	unknown	Question_answer_pair	query
matt, wood or sheep for wheat?	bah, having only 4 options for picking up resources is tough	1>2	unknown	Acknowledgement	query
i'd like a wood	deal!	1>2	unknown	Result	causal
ah 8	my lost friend	1>2	unknown	Elaboration	elaboration
a more complex offer this time:	i'll give an ore and a wheat for a clay and a wood	1>2	unknown	Elaboration	elaboration
i have no clay	so your complexity is lost on me :)	1>2	unknown	Result	causal
i can't give away either	sigh :(	1>2	unknown	Comment	comment
a more complex offer this time:	i have no clay	1>2	unknown	Question_answer_pair	query
a more complex offer this time:	i can't give away either	1>2	unknown	Question_answer_pair	query
i have no clay	sigh :(	1>2	unknown	Acknowledgement	query
matt, still want a wood for one of your wheat?	or has that ship sailed	1>2	unknown	Alternation	alternation
matt, still want a wood for one of your wheat?	no longer need wood	1>2	unknown	Question_answer_pair	query
any clay lying around?	still no	1>2	unknown	Question_answer_pair	query
any clay lying around?	not here	1>2	unknown	Question_answer_pair	query
still no	no 10 to date	1>2	unknown	Elaboration	elaboration
not here	wow	1>2	unknown	Comment	comment
still no	wow	1>2	unknown	Comment	comment
i'm feeling rather behind now...	8s and 9s aren't as common as i'd hoped!	1>2	unknown	Explanation	explanation
8s and 9s aren't as common as i'd hoped!	10s are not plentiful	1>2	unknown	Parallel	conjunction
10s are not plentiful	8s have been common as they get	1>2	unknown	Continuation	conjunction
booo	i stole from the wrong guy ;)	1>2	unknown	Elaboration	elaboration
any clay?	none still	1>2	unknown	Question_answer_pair	query
any clay?	likewise	1>2	unknown	Question_answer_pair	query
none still	need to see a T	1>2	unknown	Elaboration	elaboration
none still	likewise	1>2	unknown	Parallel	conjunction
none still	hmm i don't think there's anything else i can use right now...	1>2	unknown	Acknowledgement	query
likewise	then i'll let you know you can rob me	1>2	unknown	Result	causal
likewise	hmm i don't think there's anything else i can use right now...	1>2	unknown	Acknowledgement	query
hmm i don't think there's anything else i can use right now...	oh well	1>2	unknown	Comment	comment
ooh i'm a bit scared of those 2 soldiers+2 dev cards	there goes 1	1>2	unknown	Comment	comment
ooh i'm a bit scared of those 2 soldiers+2 dev cards	aha so there wasn't a soldier among them ;)	1>2	unknown	Correction	contrast
there goes 1	needed to thieve	1>2	unknown	Elaboration	elaboration
aha so there wasn't a soldier among them ;)	i haven't been paying attention...	1>2	unknown	Explanation	explanation
i haven't been paying attention...	any tens yet?	1>2	unknown	Clarification_question	query
any tens yet?	still not one	1>2	unknown	Question_answer_pair	query
still not one	how many rolls, 30?	1>2	unknown	Clarification_question	query
still not one	ludicrous	1>2	unknown	Comment	comment
still not one	for some reason i often find 10s are much rarer than they should be	1>2	unknown	Elaboration	elaboration
how many rolls, 30?	okey doke	1>2	unknown	Question_answer_pair	query
how many rolls, 30?	maybe 24?	1>2	unknown	Elaboration	elaboration
for some reason i often find 10s are much rarer than they should be	as rare as 4s ;)	1>2	unknown	Parallel	conjunction
as rare as 4s ;)	that's how it should be!	1>2	unknown	Comment	comment
as rare as 4s ;)	but 4s always seem to come up more often in my experience	1>2	unknown	Contrast	contrast
that's how it should be!	but 4s always seem to come up more often in my experience	1>2	unknown	Contrast	contrast
but 4s always seem to come up more often in my experience	they have this game :D	1>2	unknown	Comment	comment
but 4s always seem to come up more often in my experience	also you keep thieving me	1>2	unknown	Continuation	conjunction
they have this game :D	why can't real life obey the rules of maths	1>2	unknown	Clarification_question	query
why can't real life obey the rules of maths	our sample size is small ;)	1>2	unknown	Elaboration	elaboration
there goes 1	aha so there wasn't a soldier among them ;)	1>2	unknown	Result	causal
4 nooo	i will cut youooo	1>2	unknown	Result	causal
sorry about that -	i can't help feeling like you'll win at any moment ;)	1>2	unknown	Contrast	contrast
4 nooo	sorry about that -	1>2	unknown	Result	causal
ahh soldier 7	ah see, now you have 6!	1>2	unknown	Elaboration	elaboration
ahh soldier 7	i didn't want to deploy that soldier so soon >:(	1>2	unknown	Contrast	contrast
ah see, now you have 6!	i was right to be aggressive	1>2	unknown	Result	causal
i was right to be aggressive	how that rules	1>2	unknown	Comment	comment
ah see, now you have 6!	i didn't want to deploy that soldier so soon >:(	1>2	unknown	Contrast	contrast
any chanve anyone wants a sheep in return for wheat?	no ta	1>2	unknown	Question_answer_pair	query
any chanve anyone wants a sheep in return for wheat?	i have literally nothing to give	1>2	unknown	Question_answer_pair	query
i have literally nothing to give	apart from your heart	1>2	unknown	Contrast	contrast
apart from your heart	ughhh	1>2	unknown	Comment	comment
ooh	nice rud	1>2	unknown	Comment	comment
nice rud	highway to heaven	1>2	unknown	Elaboration	elaboration
maaaaaaaa	enjoy my sheep	1>2	unknown	Continuation	conjunction
enjoy my sheep	i intend to	1>2	unknown	Continuation	conjunction
9 nnoo!	ah 9 :)	1>2	unknown	Comment	comment
ah 9 :)	blast	1>2	unknown	Comment	comment
ah haaa	revenge	1>2	unknown	Elaboration	elaboration
ah 9 :)	ah haaa	1>2	unknown	Comment	comment
gg all	got a run of VP cards	1>2	unknown	Elaboration	elaboration
gg all	ouch	1>2	unknown	Comment	comment
got a run of VP cards	Well done :)	1>2	unknown	Acknowledgement	query
got a run of VP cards	well done	1>2	unknown	Acknowledgement	query
got a run of VP cards	lucky run of 5s at the start	1>2	unknown	Continuation	conjunction
got a run of VP cards	congrats niko!	1>2	unknown	Acknowledgement	query
Well done :)	ta guys	1>2	unknown	Acknowledgement	query
Well done :)	well, looks like i'll be seeing you all next season!	1>2	unknown	Comment	comment
well done	ta guys	1>2	unknown	Acknowledgement	query
lucky run of 5s at the start	meant i could build cities earlier	1>2	unknown	Result	causal
lucky run of 5s at the start	5s weren't so lucky for me :'(	1>2	unknown	Contrast	contrast
lucky run of 5s at the start	jammy really	1>2	unknown	Elaboration	elaboration
lucky run of 5s at the start	so that game: no 10s	1>2	unknown	Continuation	conjunction
meant i could build cities earlier	and buy cards to win	1>2	unknown	Continuation	conjunction
so that game: no 10s	at all	1>2	unknown	Elaboration	elaboration
that's one for the statisticians	haha	1>2	unknown	Acknowledgement	query
that's one for the statisticians	yeah that's bizarre	1>2	unknown	Acknowledgement	query
yeah that's bizarre	well, looks like i'll be seeing you all next season!	1>2	unknown	Comment	comment
17 rounds, 51 rolls	we should have seen 6/36, or about 8/51 10s	1>2	unknown	Elaboration	elaboration
17 rounds, 51 rolls	well, looks like i'll be seeing you all next season!	1>2	unknown	Comment	comment
well, looks like i'll be seeing you all next season!	yep, afraid LJ gets relegated unless there's less demand	1>2	unknown	Continuation	conjunction
well, looks like i'll be seeing you all next season!	it was a much more balanced season	1>2	unknown	Comment	comment
it was a much more balanced season	1 win each to the end	1>2	unknown	Elaboration	elaboration
it was a much more balanced season	Indeed, and I've enjoyed the season.	1>2	unknown	Acknowledgement	query
it was a much more balanced season	Bye!	1>2	unknown	Acknowledgement	query
it was a much more balanced season	yep	1>2	unknown	Acknowledgement	query
1 win each to the end	and the rest of you	1>2	unknown	Acknowledgement	query
Indeed, and I've enjoyed the season.	But must dash!	1>2	unknown	Contrast	contrast
But must dash!	i think i'll get going too	1>2	unknown	Parallel	conjunction
Bye!	bye!	1>2	unknown	Acknowledgement	query
Bye!	and the rest of you	1>2	unknown	Acknowledgement	query
bye!	i think i'll get going too	1>2	unknown	Continuation	conjunction
bye!	see you later matt, cheers for all your commitment	1>2	unknown	Acknowledgement	query
i think i'll get going too	until next time!	1>2	unknown	Continuation	conjunction
and the rest of you	inca you finished 2nd on VPs	1>2	unknown	Continuation	conjunction
until next time!	see you :)	1>2	unknown	Acknowledgement	query
inca you finished 2nd on VPs	I've been keeping count on my laptop to check for win conditions	1>2	unknown	Elaboration	elaboration
inca you finished 2nd on VPs	haha, seriuosly?	1>2	unknown	Clarification_question	query
haha, seriuosly?	yup	1>2	unknown	Acknowledgement	query
yup	interesting turn of events	1>2	unknown	Comment	comment
interesting turn of events	i thought i was heading for dead last until last game	1>2	unknown	Explanation	explanation
I've been keeping count on my laptop to check for win conditions	since dmm got 3 and matt 5,	1>2	unknown	Elaboration	elaboration
since dmm got 3 and matt 5,	it finished	1>2	unknown	Result	causal
me on 34, you 25, matt 24, duncan 22	congrats ;)	1>2	unknown	Comment	comment
congrats ;)	cool!	1>2	unknown	Acknowledgement	query
cool!	well i'm dead pleased with that	1>2	unknown	Elaboration	elaboration
cool!	did you read the blog?	1>2	unknown	Clarification_question	query
if you'd had one more game	I reckon you'd have hit stride	1>2	unknown	Conditional	condition
did you read the blog?	good blog, interesting	1>2	unknown	Comment	comment
did you read the blog?	heh i did have a read through it, wonder if that helped	1>2	unknown	Question_answer_pair	query
cheers!	and congrats on defending the title	1>2	unknown	Continuation	conjunction
and congrats on defending the title	ta :D	1>2	unknown	Acknowledgement	query
heh i did have a read through it, wonder if that helped	was surprised at some of the relative values of resources	1>2	unknown	Continuation	conjunction
good blog, interesting	this game has some hidden complexity	1>2	unknown	Elaboration	elaboration
was surprised at some of the relative values of resources	indeed yes	1>2	unknown	Acknowledgement	query
was surprised at some of the relative values of resources	i always saw clay as vital but they rate it as the least vital	1>2	unknown	Elaboration	elaboration
i always saw clay as vital but they rate it as the least vital	so it is	1>2	unknown	Acknowledgement	query
so it is	the longest road is easiest to compete	1>2	unknown	Elaboration	elaboration
the longest road is easiest to compete	and settlements lose value	1>2	unknown	Continuation	conjunction
I underrated sheep for a while	but they are great for card wins	1>2	unknown	Contrast	contrast
I must rush and walk the dog,	we should chat more soon!	1>2	unknown	Contrast	contrast
I must rush and walk the dog,	ok,	1>2	unknown	Acknowledgement	query
we should chat more soon!	Hopefully another season is round the corne	1>2	unknown	Comment	comment
Hopefully another season is round the corne	corner*	1>2	unknown	Correction	contrast
ok,	was nice 'meeting' you!	1>2	unknown	Comment	comment
was nice 'meeting' you!	hoepfully see you again nex time	1>2	unknown	Continuation	conjunction
hoepfully see you again nex time	indeed, you too!	1>2	unknown	Acknowledgement	query
indeed, you too!	see you later :)	1>2	unknown	Acknowledgement	query
see you later :)	x	1>2	unknown	Continuation	conjunction
so that game: no 10s	that's one for the statisticians	1>2	unknown	Comment	comment
so that game: no 10s	17 rounds, 51 rolls	1>2	unknown	Continuation	conjunction
since dmm got 3 and matt 5,	me on 34, you 25, matt 24, duncan 22	1>2	unknown	Elaboration	elaboration
since dmm got 3 and matt 5,	if you'd had one more game	1>2	unknown	Continuation	conjunction
if you'd had one more game	cheers!	1>2	unknown	Acknowledgement	query
if you'd had one more game	and congrats on defending the title	1>2	unknown	Comment	comment
I underrated sheep for a while	I must rush and walk the dog,	1>2	unknown	Continuation	conjunction
the longest road is easiest to compete	ore/wheat ftw	1>2	unknown	Elaboration	elaboration
the longest road is easiest to compete	I underrated sheep for a while	1>2	unknown	Continuation	conjunction
Hello?	hi	1>2	unknown	Acknowledgement	query
hi	i actually tried to figure out how to add AI players to the game....	1>2	unknown	Continuation	conjunction
i actually tried to figure out how to add AI players to the game....	Figured I should check out how the interface works...	1>2	unknown	Continuation	conjunction
Figured I should check out how the interface works...	Initially I got a message saying	1>2	unknown	Continuation	conjunction
Initially I got a message saying	'this server has no bots'	1>2	unknown	Elaboration	elaboration
Initially I got a message saying	Place your first settlement?	1>2	unknown	Continuation	conjunction
'this server has no bots'	(possibly paraphrased...)	1>2	unknown	Elaboration	elaboration
Place your first settlement?	yes,	1>2	unknown	Acknowledgement	query
Place your first settlement?	ok,	1>2	unknown	Narration	temporal
yes,	I know	1>2	unknown	Elaboration	elaboration
Sorry.	sry,	1>2	unknown	Comment	comment
sry,	I should be faster	1>2	unknown	Explanation	explanation
ok,	now vice versa,	1>2	unknown	Continuation	conjunction
now vice versa,	so me again	1>2	unknown	Result	causal
so me again	Aye.	1>2	unknown	Acknowledgement	query
Aye.	Possibly not my greatest ever play,	1>2	unknown	Elaboration	elaboration
Possibly not my greatest ever play,	but my other choice was between your two settlements .	1>2	unknown	Contrast	contrast
yes,	so now who rolls the dice?	1>2	unknown	Narration	temporal
so now who rolls the dice?	It seems to have rolled for me	1>2	unknown	Question_answer_pair	query
It seems to have rolled for me	(or at least, I didn't get the option to hit 'roll'...	1>2	unknown	Background	frame
It seems to have rolled for me	yes,	1>2	unknown	Acknowledgement	query
yes,	game log says it...	1>2	unknown	Elaboration	elaboration
game log says it...	displays only 2 lines of text in my case	1>2	unknown	Background	frame
displays only 2 lines of text in my case	Yup.	1>2	unknown	Acknowledgement	query
Yup.	Same.	1>2	unknown	Elaboration	elaboration
Same.	Didn't notice at first.	1>2	unknown	Background	frame
yes,	but I will prob. suffer a lack of wood	1>2	unknown	Contrast	contrast
yes,	Sorry.	1>2	unknown	Comment	comment
sry,	No hurry :-)	1>2	unknown	Comment	comment
Possibly not my greatest ever play,	yes,	1>2	unknown	Acknowledgement	query
Are you at all interested in trading a sheep for a brick	no,	1>2	unknown	Question_answer_pair	query
Are you at all interested in trading a sheep for a brick	(if you have one)?	1<2	unknown	Conditional	condition
no,	have no brick	1>2	unknown	Explanation	explanation
Fair,	I wasn't sure.	1>2	unknown	Background	frame
no,	Fair,	1>2	unknown	Comment	comment
ok,	so trade is my only option	1>2	unknown	Continuation	conjunction
so trade is my only option	That must be how it shows robber movement.	1>2	unknown	Explanation	explanation
That must be how it shows robber movement.	yes,	1>2	unknown	Acknowledgement	query
yes,	that was my point	1>2	unknown	Elaboration	elaboration
that was my point	i meant for wood	1>2	unknown	Elaboration	elaboration
i meant for wood	ok,	1>2	unknown	Background	frame
i meant for wood	anyway, then i have at least the low possibility of getting wood	1>2	unknown	Result	causal
ok,	but wait,	1>2	unknown	Contrast	contrast
but wait,	why there is a contour robber on wood-2	1>2	unknown	Continuation	conjunction
why there is a contour robber on wood-2	I don't know,	1>2	unknown	Question_answer_pair	query
why there is a contour robber on wood-2	bug?	1>2	unknown	Q_Elab	query
why there is a contour robber on wood-2	and the grey one on clay-9	1>2	unknown	Continuation	conjunction
I don't know,	bug?	1>2	unknown	Continuation	conjunction
and the grey one on clay-9	I moved it there with the 7,	1>2	unknown	Question_answer_pair	query
and the grey one on clay-9	hmmm	1>2	unknown	Comment	comment
and the grey one on clay-9	looks like it shows you a shadow of the last placing of the robber...	1>2	unknown	Elaboration	elaboration
I moved it there with the 7,	then onto the brick with a soldier...	1>2	unknown	Narration	temporal
anyway, then i have at least the low possibility of getting wood	ah,	1>2	unknown	Comment	comment
ah,	I see	1>2	unknown	Elaboration	elaboration
ah,	I was nicer that time	1>2	unknown	Comment	comment
I was nicer that time	- nothing is totally blocked now.	1>2	unknown	Elaboration	elaboration
looks like it shows you a shadow of the last placing of the robber...	yes	1>2	unknown	Acknowledgement	query
It would be nice to be able to buy something other than development cards...	ok	1>2	unknown	Acknowledgement	query
ok	want to trade?	1>2	unknown	Continuation	conjunction
want to trade?	I give 1 wheat,	1>2	unknown	Elaboration	elaboration
want to trade?	If you get any clay,	1>2	unknown	Question_answer_pair	query
want to trade?	then not	1>2	unknown	Question_answer_pair	query
I give 1 wheat,	you give 1 sheep	1>2	unknown	Continuation	conjunction
If you get any clay,	I will happily trade.	1>2	unknown	Conditional	condition
I will happily trade.	Don't currently need wheat though.	1>2	unknown	Contrast	contrast
Don't currently need wheat though.	no,	1>2	unknown	Acknowledgement	query
no,	then not	1>2	unknown	Result	causal
i give 2 wheat,	you give 1 sheep?	1>2	unknown	Continuation	conjunction
i give 2 wheat,	Okay	1>2	unknown	Question_answer_pair	query
again 2 wheat for 1 sheep?	I'm out of sheep, I'm afraid -	1>2	unknown	Question_answer_pair	query
I'm out of sheep, I'm afraid -	swapped them for clay.	1>2	unknown	Explanation	explanation
ah,	ok	1>2	unknown	Continuation	conjunction
I'm out of sheep, I'm afraid -	ah,	1>2	unknown	Acknowledgement	query
Don't suppose you'd be interested in ore for clay?	ok,	1>2	unknown	Question_answer_pair	query
ok,	why not	1>2	unknown	Continuation	conjunction
ok,	Thank you.	1>2	unknown	Acknowledgement	query
you can give sheep for wheat?	Is your points counter showing you 4 or 6?	1>2	unknown	Background	frame
you can give sheep for wheat?	I wish I had sheep.	1>2	unknown	Question_answer_pair	query
Is your points counter showing you 4 or 6?	Yours is showing me 4,	1>2	unknown	Explanation	explanation
Is your points counter showing you 4 or 6?	4 points,	1>2	unknown	Question_answer_pair	query
Yours is showing me 4,	but you should have longest road?	1>2	unknown	Contrast	contrast
but you should have longest road?	longest road i think only from 5 roads or longer	1>2	unknown	Question_answer_pair	query
I wish I had sheep.	Need to roll a 4!	1>2	unknown	Background	frame
longest road i think only from 5 roads or longer	as far as i remember the rules	1>2	unknown	Background	frame
longest road i think only from 5 roads or longer	Sounds right now.	1>2	unknown	Acknowledgement	query
Sounds right now.	Was getting mixed up with army,	1>2	unknown	Background	frame
Was getting mixed up with army,	which is only 3.	1>2	unknown	Background	frame
which is only 3.	ah,	1>2	unknown	Acknowledgement	query
ah,	yes	1>2	unknown	Continuation	conjunction
i was lucky to get directly the 7	ok,	1>2	unknown	Narration	temporal
i was lucky to get directly the 7	As was I.	1>2	unknown	Parallel	conjunction
ok,	3 times 7 in a row	1>2	unknown	Continuation	conjunction
3 times 7 in a row	Odd steak...	1>2	unknown	Comment	comment
Odd steak...	/streak	1>2	unknown	Correction	contrast
trade?	i give 1 ore, receive 1 wood/wheat	1>2	unknown	Elaboration	elaboration
I'll give you a wood for 2 ore?	ok	1>2	unknown	Question_answer_pair	query
trade?	I'll give you a wood for 2 ore?	1>2	unknown	Q_Elab	query
trade?	i give 2 ore, receive 2 wheat	1>2	unknown	Elaboration	elaboration
trade?	Okay	1>2	unknown	Question_answer_pair	query
Apologies for the delay.	Employment agency call.	1>2	unknown	Explanation	explanation
Apologies for the delay.	Back now.	1>2	unknown	Narration	temporal
Apologies for the delay.	no problem	1>2	unknown	Comment	comment
Do you have any spare wheat?	I've ore or sheep on offer.	1>2	unknown	Elaboration	elaboration
ok,	1 wheat for 1 sheep	1>2	unknown	Elaboration	elaboration
1 wheat for 1 sheep	Ok	1>2	unknown	Acknowledgement	query
Do you have any spare wheat?	ok,	1>2	unknown	Question_answer_pair	query
i give 2 ore for 1 clay/wheat	ok?	1>2	unknown	Clarification_question	query
ok?	I have no clay or wheat, I'm afraid :-(	1>2	unknown	Question_answer_pair	query
I have no clay or wheat, I'm afraid :-(	ok	1>2	unknown	Acknowledgement	query
I have no clay or wheat, I'm afraid :-(	If the robber were to leave my clay :-)	1>2	unknown	Contrast	contrast
I have no clay or wheat, I'm afraid :-(	If the robber were to leave my clay :-)	1>2	unknown	Comment	comment
If the robber were to leave my clay :-)	sry,	1>2	unknown	Comment	comment
sry,	has to go there :-)	1>2	unknown	Contrast	contrast
Do you have any wheat or sheep for ore or wood?	can you give 2 wood for 1 sheep	1>2	unknown	Q_Elab	query
can you give 2 wood for 1 sheep	Would give 3 wood for a sheep and a wheat?	1>2	unknown	Q_Elab	query
Would give 3 wood for a sheep and a wheat?	sry,	1>2	unknown	Question_answer_pair	query
sry,	have no wheat	1>2	unknown	Explanation	explanation
Okay,	will do 2 wood for a sheep.	1>2	unknown	Result	causal
will do 2 wood for a sheep.	ok,	1>2	unknown	Acknowledgement	query
ok,	fine	1>2	unknown	Continuation	conjunction
sry,	Okay,	1>2	unknown	Acknowledgement	query
congrats!	Thank you.	1>2	unknown	Acknowledgement	query
congrats!	I got just the right development card there.	1>2	unknown	Explanation	explanation
congrats!	quite nice,	1>2	unknown	Continuation	conjunction
Thank you.	I got just the right development card there.	1>2	unknown	Continuation	conjunction
quite nice,	but the interface could be better	1>2	unknown	Contrast	contrast
Odd playing this two player.	Happier with the interface now though.	1>2	unknown	Contrast	contrast
ok,	i'll leave then	1>2	unknown	Continuation	conjunction
cu	Bye!	1>2	unknown	Continuation	conjunction
quite nice,	Odd playing this two player.	1>2	unknown	Comment	comment
quite nice,	ok,	1>2	unknown	Continuation	conjunction
Odd playing this two player.	yes	1>2	unknown	Comment	comment
ok,	cu	1>2	unknown	Continuation	conjunction
anyone got spare ore/sheep/clay?	for wheat/wood	1>2	unknown	Elaboration	elaboration
pleanty sheep here	kersti was first :)	1>2	unknown	Comment	comment
I can give sheep for wheat	kersti was first :)	1>2	unknown	Comment	comment
anyone got spare ore/sheep/clay?	i can give sheep for wood	1>2	unknown	Question_answer_pair	query
anyone got spare ore/sheep/clay?	pleanty sheep here	1>2	unknown	Question_answer_pair	query
anyone got spare ore/sheep/clay?	I can give sheep for wheat	1>2	unknown	Question_answer_pair	query
I could still use wheat in return for sheep.	or in return for wood	1>2	unknown	Elaboration	elaboration
i have some	for wood?	1>2	unknown	Q_Elab	query
excellent!	Nice doing business with you	1>2	unknown	Continuation	conjunction
I could still use wheat in return for sheep.	got no use for sheep now :)	1>2	unknown	Question_answer_pair	query
I could still use wheat in return for sheep.	I can give sheep for clay	1>2	unknown	Question_answer_pair	query
I could still use wheat in return for sheep.	i have some	1>2	unknown	Question_answer_pair	query
i have some	excellent!	1>2	unknown	Comment	comment
anyone have spare clay	sadly not	1>2	unknown	Question_answer_pair	query
anyone have spare clay	nope	1>2	unknown	Question_answer_pair	query
anyone have spare clay	afraid not	1>2	unknown	Question_answer_pair	query
anyone have clay/wheat for wood/sheep?	sorry	1>2	unknown	Question_answer_pair	query
anyone have clay/wheat for wood/sheep?	none here	1>2	unknown	Question_answer_pair	query
anyone have clay/wheat for wood/sheep?	can do wheat for wood	1>2	unknown	Question_answer_pair	query
can do wheat for wood	cool	1>2	unknown	Acknowledgement	query
anyone have sheep,	I have spare wood	1>2	unknown	Elaboration	elaboration
anyone have sheep,	nope	1>2	unknown	Question_answer_pair	query
anyone have sheep,	only for caly	1>2	unknown	Question_answer_pair	query
anyone have sheep,	agnes?	1>2	unknown	Q_Elab	query
only for caly	*clay	1>2	unknown	Correction	contrast
can't spare clay	fair enough	1>2	unknown	Comment	comment
can't spare clay	sorry	1>2	unknown	Comment	comment
agnes?	up to my armpits in wood	1>2	unknown	Question_answer_pair	query
up to my armpits in wood	cool	1>2	unknown	Acknowledgement	query
sorry -	up to my armpits in wood	1<2	unknown	Comment	comment
only for caly	can't spare clay	1>2	unknown	Question_answer_pair	query
nobody has clay?	not spare	1>2	unknown	Question_answer_pair	query
nobody has clay?	none	1>2	unknown	Question_answer_pair	query
nobody has clay?	i do,	1>2	unknown	Question_answer_pair	query
not spare	<sigh>	1>2	unknown	Comment	comment
i do,	but i'm not sharing	1>2	unknown	Contrast	contrast
none	sorry	1>2	unknown	Elaboration	elaboration
anyone got wood/ore for wheat/sheep?	i'm empty	1>2	unknown	Question_answer_pair	query
anyone got wood/ore for wheat/sheep?	I can give wood for wheat	1>2	unknown	Question_answer_pair	query
anyone got wood/ore for wheat/sheep?	sorry	1>2	unknown	Question_answer_pair	query
I can give wood for wheat	Ta!	1>2	unknown	Comment	comment
Ta!	pleasure	1>2	unknown	Comment	comment
i assume no one has clay that they'll trade?	dont have any	1>2	unknown	Question_answer_pair	query
i assume no one has clay that they'll trade?	my clay pit is slightly blocked!	1>2	unknown	Question_answer_pair	query
i assume no one has clay that they'll trade?	shouldn't think so :-)	1>2	unknown	Question_answer_pair	query
dont have any	sorry	1>2	unknown	Comment	comment
my clay pit is slightly blocked!	shh :p	1>2	unknown	Comment	comment
sheep for my wood anyone?	nope	1>2	unknown	Question_answer_pair	query
sheep for my wood anyone?	sure	1>2	unknown	Question_answer_pair	query
sheep for my wood anyone?	ooh ah	1>2	unknown	Comment	comment
ooh ah	lol	1>2	unknown	Comment	comment
anyone w spare clay?	nope	1>2	unknown	Question_answer_pair	query
anyone w spare clay?	none here	1>2	unknown	Question_answer_pair	query
can do clay for sheep	woo!	1>2	unknown	Comment	comment
can do clay for sheep	or 2 clay for 3 ore...	1>2	unknown	Alternation	alternation
can do clay for sheep	I have sheep	1>2	unknown	Question_answer_pair	query
can do clay for sheep	tons of sheep here	1>2	unknown	Question_answer_pair	query
I have sheep	oh sorry	1>2	unknown	Comment	comment
oh sorry	please don't take that	1>2	unknown	Continuation	conjunction
ok,	no probs	1>2	unknown	Elaboration	elaboration
thanks!	brain fail...	1>2	unknown	Comment	comment
oh sorry	ok,	1>2	unknown	Acknowledgement	query
Hmmm. Does anybody have wheat?	I can give sheep.	1>2	unknown	Elaboration	elaboration
Hmmm. Does anybody have wheat?	no	1>2	unknown	Question_answer_pair	query
Hmmm. Does anybody have wheat?	not spare	1>2	unknown	Question_answer_pair	query
Hmmm. Does anybody have wheat?	yes.	1>2	unknown	Question_answer_pair	query
yes.	but not sharing	1>2	unknown	Contrast	contrast
Just a tip people -	"it's a mistake to say ""yes,"	1>2	unknown	Elaboration	elaboration
"it's a mistake to say ""yes,"	"but you can't have it"""	1>2	unknown	Continuation	conjunction
"it's a mistake to say ""yes,"	i just assume people keep track of what's been rolled anyway	1>2	unknown	Comment	comment
yes.	Just a tip people -	1>2	unknown	Comment	comment
now's your chance to be nice -	want to swap one of those wheat?	1>2	unknown	Elaboration	elaboration
want to swap one of those wheat?	for?	1>2	unknown	Q_Elab	query
for?	sheep or wood	1>2	unknown	Question_answer_pair	query
sheep or wood	sheep please	1>2	unknown	Question_answer_pair	query
sheep or wood	sorry -	1>2	unknown	Question_answer_pair	query
sorry -	clay or ore I would	1>2	unknown	Contrast	contrast
anyone got spare wood?	for wheat?	1>2	unknown	Q_Elab	query
anyone got spare wood?	yeah	1>2	unknown	Question_answer_pair	query
for wheat?	sounds good	1>2	unknown	Acknowledgement	query
anybody have ore?	I have spare wood.	1>2	unknown	Elaboration	elaboration
anybody have ore?	none	1>2	unknown	Question_answer_pair	query
anybody have ore?	sorry	1>2	unknown	Question_answer_pair	query
my clay :(	My need is greater than yours!	1>2	unknown	Comment	comment
my clay :(	my word	1>2	unknown	Comment	comment
my word	we've had a lot of 5s	1>2	unknown	Elaboration	elaboration
My need is greater than yours!	anyone have clay for wood/sheep?	1>2	unknown	Continuation	conjunction
anyone have clay for wood/sheep?	nope	1>2	unknown	Question_answer_pair	query
anyone have clay for wood/sheep?	nope,	1>2	unknown	Question_answer_pair	query
anyone have clay for wood/sheep?	there seems to be a glut of wood/sheep	1>2	unknown	Comment	comment
anyone have clay for wood/sheep?	how do you trade with the bank?	1>2	unknown	Clarification_question	query
there seems to be a glut of wood/sheep	and no ore at all	1>2	unknown	Continuation	conjunction
how do you trade with the bank?	'trade with bank/port' button,	1>2	unknown	Question_answer_pair	query
how do you trade with the bank?	got it	1>2	unknown	Narration	temporal
'trade with bank/port' button,	underneath the 'register a tarde'	1>2	unknown	Elaboration	elaboration
anyone have a spare sheep for wood?	nope	1>2	unknown	Question_answer_pair	query
anyone have a spare sheep for wood?	I do!	1>2	unknown	Question_answer_pair	query
my sheep/wood for anything else?	nope	1>2	unknown	Question_answer_pair	query
nope	a resounding no then	1>2	unknown	Acknowledgement	query
a resounding no then	lol	1>2	unknown	Comment	comment
a resounding no then	(i would do your sheep for wood,	1>2	unknown	Comment	comment
a resounding no then	(i would do your sheep for wood,	1>2	unknown	Contrast	contrast
(i would do your sheep for wood,	but somehow i don't think that'll fly)	1>2	unknown	Contrast	contrast
anyone have clay?	what are you offering?	1>2	unknown	Q_Elab	query
what are you offering?	sheep or wheat or wood	1>2	unknown	Question_answer_pair	query
sheep or wheat or wood	sheep _and_ wheat?	1>2	unknown	Q_Elab	query
sheep _and_ wheat?	hmmm…..	1>2	unknown	Acknowledgement	query
hmmm…..	anyone what wheat for a wood or clay?	1>2	unknown	Continuation	conjunction
anyone what wheat for a wood or clay?	yeah	1>2	unknown	Question_answer_pair	query
yeah	which?	1>2	unknown	Clarification_question	query
yeah	oh wait	1>2	unknown	Correction	contrast
oh wait	never mind	1>2	unknown	Elaboration	elaboration
sorry	np	1>2	unknown	Acknowledgement	query
yeah	sorry	1>2	unknown	Comment	comment
apologies all,	I will no longer trade clay	1>2	unknown	Elaboration	elaboration
I will no longer trade clay	oh.	1>2	unknown	Acknowledgement	query
I will no longer trade clay	need to protect my longest road/imminent victory	1>2	unknown	Explanation	explanation
Sparkles, would you like sheep for some of your clay?	oh.	1>2	unknown	Correction	contrast
need to protect my longest road/imminent victory	ok	1>2	unknown	Acknowledgement	query
impressive	well done!	1>2	unknown	Continuation	conjunction
well done!	First city.	1>2	unknown	Comment	comment
First city.	Probably the only city	1>2	unknown	Continuation	conjunction
ok,	anyone got clay?	1>2	unknown	Continuation	conjunction
anyone got clay?	sparkles has!	1>2	unknown	Question_answer_pair	query
lol	it took longh enough	1>2	unknown	Continuation	conjunction
sparkles has!	and I'm a hoarder!	1>2	unknown	Contrast	contrast
and I'm a hoarder!	LOL	1>2	unknown	Comment	comment
LOL	that ain't coming near me!	1>2	unknown	Comment	comment
that ain't coming near me!	no,	1>2	unknown	Acknowledgement	query
no,	your road is long enough already!	1>2	unknown	Comment	comment
First city.	lol	1>2	unknown	Comment	comment
bloody robber	my sheep!	1>2	unknown	Continuation	conjunction
my sheep!	lol	1>2	unknown	Comment	comment
my sheep!	would you like it back?	1>2	unknown	Q_Elab	query
lol	just discarded 6 sheep	1>2	unknown	Comment	comment
just discarded 6 sheep	and still have plenty left	1>2	unknown	Continuation	conjunction
would you like it back?	For a clay :-)	1>2	unknown	Elaboration	elaboration
For a clay :-)	dont think ive had clay since the begining of the game	1>2	unknown	Comment	comment
dont think ive had clay since the begining of the game	you will have, twice	1>2	unknown	Correction	contrast
you will have, twice	not that that helps!	1>2	unknown	Contrast	contrast
you will have, twice	none thats been rolled for ><	1>2	unknown	Correction	contrast
none thats been rolled for ><	2 threes have come up	1>2	unknown	Correction	contrast
2 threes have come up	fair enough	1>2	unknown	Acknowledgement	query
fair enough	good game all	1>2	unknown	Comment	comment
fair enough	thanks for the game, everybody	1>2	unknown	Comment	comment
good game all	gg	1>2	unknown	Acknowledgement	query
good game all	thanks for the game, everybody	1>2	unknown	Comment	comment
good game all	played everyone	1>2	unknown	Comment	comment
gg	thanks for the game, everybody	1>2	unknown	Comment	comment
gg	played everyone	1>2	unknown	Comment	comment
thanks for the game, everybody	played everyone	1>2	unknown	Comment	comment
would you like it back?	i have no resources now :(	1>2	unknown	Question_answer_pair	query
