unit1_txt	unit2_txt	dir	rel_type	orig_label	label
Milutinovic devant le TPI .	L' ancien président de Serbie Milan Milutinovic , <*> s' est rendu volontairement hier au Tribunal pénal international <*> pour l' ex - Yougoslavie de La Haye .	1>2	unknown	elaboration	elaboration
L' ancien président de Serbie Milan Milutinovic , <*> s' est rendu volontairement hier au Tribunal pénal international <*> pour l' ex - Yougoslavie de La Haye .	Arrivé aux Pays-Bas dans un avion du gouvernement yougoslave ,	1>2	unknown	elaboration	elaboration
Il devrait comparaître dans les prochains jours	pour indiquer	1>2	unknown	goal	purpose
Milutinovic devant le TPI .	Avec cette reddition ,	1>2	unknown	background	frame
l' ensemble des proches collaborateurs de Slobodan Milosevic inculpés par le TPI se retrouvent derrière les barreaux , à l' exception d' un d' entre eux ,	Vlajko Stojiljkovic ,	1>2	unknown	e-elaboration	elaboration
L' ancien président de Serbie Milan Milutinovic , <*> s' est rendu volontairement hier au Tribunal pénal international <*> pour l' ex - Yougoslavie de La Haye .	inculpé aux côtés de l' ex - chef d' Etat yougoslave Slobodan Milosevic pour crimes de guerre au Kosovo ,	1>2	unknown	e-elaboration	elaboration
L' ancien président de Serbie Milan Milutinovic , <*> s' est rendu volontairement hier au Tribunal pénal international <*> pour l' ex - Yougoslavie de La Haye .	( TPI )	1>2	unknown	e-elaboration	elaboration
Arrivé aux Pays-Bas dans un avion du gouvernement yougoslave ,	M. Milutinovic a été incarcéré au centre de détention du TPI à Scheveningen , <*> en début d' après - midi .	1>2	unknown	narration	temporal
M. Milutinovic a été incarcéré au centre de détention du TPI à Scheveningen , <*> en début d' après - midi .	une banlieue de La Haye	1>2	unknown	e-elaboration	elaboration
M. Milutinovic a été incarcéré au centre de détention du TPI à Scheveningen , <*> en début d' après - midi .	Il devrait comparaître dans les prochains jours	1>2	unknown	narration	temporal
pour indiquer	s' il plaide coupable ou non coupable des faits qui lui sont reprochés .	1>2	unknown	attribution	attribution
Avec cette reddition ,	l' ensemble des proches collaborateurs de Slobodan Milosevic inculpés par le TPI se retrouvent derrière les barreaux , à l' exception d' un d' entre eux ,	1>2	unknown	frame	frame
Vlajko Stojiljkovic ,	qui s' était suicidé en avril dernier	1>2	unknown	continuation	conjunction
qui s' était suicidé en avril dernier	avant un transfert imminent à La Haye .	1>2	unknown	flashback	temporal
Rixe à Montbéliard :	un Belfortain ivre interpellé .	1>2	unknown	result	causal
Rixe à Montbéliard :	Dans la nuit de dimanche à lundi , peu après minuit , les services de police de Montbéliard reçoivent un appel téléphonique	1>2	unknown	elaboration	elaboration
Dans la nuit de dimanche à lundi , peu après minuit , les services de police de Montbéliard reçoivent un appel téléphonique	les informant	1>2	unknown	e-elaboration	elaboration
les informant	qu' une rixe est en train de dégénérer ,	1>2	unknown	attribution	attribution
qu' une rixe est en train de dégénérer ,	place Ferrer ,	1>2	unknown	elaboration	elaboration
place Ferrer ,	à Montbéliard .	1>2	unknown	continuation	conjunction
Dans la nuit de dimanche à lundi , peu après minuit , les services de police de Montbéliard reçoivent un appel téléphonique	il n ' y a plus trace de la moindre bagarre .	1>2	unknown	narration	temporal
Lorsque les représentants de l' ordre se présentent sur les lieux ,	il n ' y a plus trace de la moindre bagarre .	1<2	unknown	background	frame
il n ' y a plus trace de la moindre bagarre .	Néanmoins , un témoin leur assure	1>2	unknown	contrast	contrast
Néanmoins , un témoin leur assure	qu' un des protagonistes de la rixe a pris la fuite en voiture .	1>2	unknown	attribution	attribution
Néanmoins , un témoin leur assure	Il donne le signalement de la voiture .	1>2	unknown	narration	temporal
Néanmoins , un témoin leur assure	Il donne le signalement de la voiture .	1>2	unknown	continuation	conjunction
Il donne le signalement de la voiture .	Le véhicule en question est rapidement localisée et est immobilisée à hauteur de la succursale Peugeot .	1>2	unknown	narration	temporal
Il donne le signalement de la voiture .	Le véhicule en question est rapidement localisée et est immobilisée à hauteur de la succursale Peugeot .	1>2	unknown	continuation	conjunction
Il donne le signalement de la voiture .	Le véhicule en question est rapidement localisée et est immobilisée à hauteur de la succursale Peugeot .	1>2	unknown	result	causal
Le véhicule en question est rapidement localisée et est immobilisée à hauteur de la succursale Peugeot .	Le conducteur présente des signes d' ivresse	1>2	unknown	narration	temporal
Le véhicule en question est rapidement localisée et est immobilisée à hauteur de la succursale Peugeot .	Le conducteur présente des signes d' ivresse	1>2	unknown	continuation	conjunction
Le conducteur présente des signes d' ivresse	et est conduit au commissariat central	1>2	unknown	narration	temporal
Le conducteur présente des signes d' ivresse	et est conduit au commissariat central	1>2	unknown	continuation	conjunction
et est conduit au commissariat central	où son taux d' alcoolémie est fixé à 1,74 gramme par litre de sang .	1>2	unknown	narration	temporal
et est conduit au commissariat central	où son taux d' alcoolémie est fixé à 1,74 gramme par litre de sang .	1>2	unknown	continuation	conjunction
où son taux d' alcoolémie est fixé à 1,74 gramme par litre de sang .	Ce Belfortain de 27 ans a recouvré sa liberté	1>2	unknown	narration	temporal
où son taux d' alcoolémie est fixé à 1,74 gramme par litre de sang .	Ce Belfortain de 27 ans a recouvré sa liberté	1>2	unknown	continuation	conjunction
Ce Belfortain de 27 ans a recouvré sa liberté	après avoir passé le restant de la nuit dans une cellule de dégrisement .	1>2	unknown	flashback	temporal
Ce Belfortain de 27 ans a recouvré sa liberté	Il comparaîtra prochainement devant le tribunal correctionnel de Montbéliard	1>2	unknown	narration	temporal
Il comparaîtra prochainement devant le tribunal correctionnel de Montbéliard	pour y répondre d ' une conduite en état d ' ivresse .	1>2	unknown	explanation	explanation
Pour ce qui est de la bagarre ,	l' enquête de police se poursuit	1>2	unknown	frame	frame
Rixe à Montbéliard :	Pour ce qui est de la bagarre ,	1>2	unknown	elaboration	elaboration
l' enquête de police se poursuit	afin de savoir	1>2	unknown	goal	purpose
afin de savoir	qui a fait quoi .	1>2	unknown	continuation	conjunction
Le Petit Prince au programme des élèves de Jules - Romains	Le Petit Prince de Saint Exupéry est entré à l' école primaire Jules - Romains dans le cadre d' un projet école et des CATE , en novembre dernier .	1>2	unknown	elaboration	elaboration
Le Petit Prince au programme des élèves de Jules - Romains	Une représentation théâtrale remarquable .	1>2	unknown	comment	comment
Le Petit Prince de Saint Exupéry est entré à l' école primaire Jules - Romains dans le cadre d' un projet école et des CATE , en novembre dernier .	A travers cette oeuvre ,	1>2	unknown	result	causal
Le Petit Prince de Saint Exupéry est entré à l' école primaire Jules - Romains dans le cadre d' un projet école et des CATE , en novembre dernier .	A travers cette oeuvre ,	1>2	unknown	narration	temporal
A travers cette oeuvre ,	les élèves de CM 2 de la classe de Mme Galotte ont abordé la compréhension du texte .	1>2	unknown	frame	frame
A travers cette oeuvre ,	ils se sont intéressés à l' expression orale et à la mise en scène avec un intervenant ,	1>2	unknown	continuation	conjunction
Et par le biais de l' activité théâtre ,	ils se sont intéressés à l' expression orale et à la mise en scène avec un intervenant ,	1<2	unknown	elaboration	elaboration
ils se sont intéressés à l' expression orale et à la mise en scène avec un intervenant ,	Julien Georges ,	1>2	unknown	e-elaboration	elaboration
Julien Georges ,	maître de théâtre .	1>2	unknown	continuation	conjunction
ils se sont intéressés à l' expression orale et à la mise en scène avec un intervenant ,	Dans un premier temps ,	1>2	unknown	elaboration	elaboration
Dans un premier temps ,	ils ont étudié les dialogues du livre	1>2	unknown	frame	frame
ils ont étudié les dialogues du livre	et en ont extrait quelques-uns	1>2	unknown	narration	temporal
et en ont extrait quelques-uns	pour mieux les mettre en scène .	1>2	unknown	goal	purpose
Dans un premier temps ,	ils ont appris à parler fort ,	1>2	unknown	continuation	conjunction
Comme de vrais acteurs ,	ils ont appris à parler fort ,	1<2	unknown	comment	comment
ils ont appris à parler fort ,	à bien articuler ,	1>2	unknown	continuation	conjunction
à bien articuler ,	à ne pas tourner le dos au public ,	1>2	unknown	continuation	conjunction
à ne pas tourner le dos au public ,	à s' amuser avec leur rôle .	1>2	unknown	continuation	conjunction
ils ont appris à parler fort ,	Quelques mois auront été nécessaires	1>2	unknown	continuation	conjunction
Le Petit Prince de Saint Exupéry est entré à l' école primaire Jules - Romains dans le cadre d' un projet école et des CATE , en novembre dernier .	Au mois de mars dernier ,	1>2	unknown	background	frame
Le Petit Prince de Saint Exupéry est entré à l' école primaire Jules - Romains dans le cadre d' un projet école et des CATE , en novembre dernier .	Julien Georges souligne :	1>2	unknown	comment	comment
Quelques mois auront été nécessaires	pour mettre en scène le Petit Prince .	1>2	unknown	goal	purpose
Quelques mois auront été nécessaires	Pièce théâtrale présentée dans le spacieux hall de l' école , aux copains , parents , grands - parents .	1>2	unknown	result	causal
Pièce théâtrale présentée dans le spacieux hall de l' école , aux copains , parents , grands - parents .	Les Petits Princes , au nombre de cinq , le roi Pierre ... ont réveillé chez le public des souvenirs d' enfance , le temps d' une représentation .	1>2	unknown	elaboration	elaboration
Pièce théâtrale présentée dans le spacieux hall de l' école , aux copains , parents , grands - parents .	C' est dans une aisance toute naturelle que les élèves apprentis - acteurs ont joué .	1>2	unknown	comment	comment
Pièce théâtrale présentée dans le spacieux hall de l' école , aux copains , parents , grands - parents .	Leur plus belle récompense fut sans aucun doute les applaudissements nourris du public .	1>2	unknown	result	causal
Au mois de mars dernier ,	les enfants de CE2 de Mme Philippe avaient montré leur travail réalisé d' après « Les contes du chat perché » de Marcel Aimé .	1>2	unknown	frame	frame
Julien Georges souligne :	« Le théâtre doit être léger , populaire .	1>2	unknown	attribution	attribution
« Le théâtre doit être léger , populaire .	Faire s' exprimer les enfants à travers cette activité , c' est important .	1>2	unknown	continuation	conjunction
Faire s' exprimer les enfants à travers cette activité , c' est important .	J' espère	1>2	unknown	continuation	conjunction
J' espère	le théâtre remplacera la télévision . »	1>2	unknown	attribution	attribution
qu'[un jour ,	le théâtre remplacera la télévision . »	1>2	unknown	frame	frame
« Le théâtre doit être léger , populaire .	qu'[un jour ,	1>2	unknown	continuation	conjunction
Omertà	( loi du silence )	1>2	unknown	e-elaboration	elaboration
Omertà	L' omertà est la loi du silence imposée par une mafia .	1>2	unknown	elaboration	elaboration
L' omertà est la loi du silence imposée par une mafia .	Plus particulièrement , cela signifie	1>2	unknown	elaboration	elaboration
Plus particulièrement , cela signifie	que les mafiosi n' impliquent pas la police ou tout autre corps gouvernemental	1>2	unknown	elaboration	elaboration
que les mafiosi n' impliquent pas la police ou tout autre corps gouvernemental	qui s' occupe de justice dans les affaires de la mafia .	1>2	unknown	elaboration	elaboration
que les non mafieux ont de la mafia ,	car ils connaissent les représailles	1>2	unknown	explanation	explanation
Le bris de cette loi implique que la ou les personnes trahies vont tuer le fautif ,	a moins que celui-ci ne les tues avant .	1>2	unknown	alternation	alternation
L' omertà est la loi du silence imposée par une mafia .	Cette loi du silence règne	1>2	unknown	continuation	conjunction
Cette loi du silence règne	car elle joue sur la peur	1>2	unknown	explanation	explanation
car elle joue sur la peur	que les non mafieux ont de la mafia ,	1>2	unknown	elaboration	elaboration
car elle joue sur la peur	car ils connaissent les représailles	1>2	unknown	explanation	explanation
car ils connaissent les représailles	qui attendent celui	1>2	unknown	elaboration	elaboration
qui attendent celui	qui parlerait .	1>2	unknown	conditional	condition
car ils connaissent les représailles	Le bris de cette loi implique que la ou les personnes trahies vont tuer le fautif ,	1>2	unknown	elaboration	elaboration
Amorrites	Les Amorrites sont selon toute vraisemblance originaires de la région du Jebel Bisri , en Syrie méridionale ,	1>2	unknown	elaboration	elaboration
Origines	Les Amorrites sont selon toute vraisemblance originaires de la région du Jebel Bisri , en Syrie méridionale ,	1>2	unknown	elaboration	elaboration
puisqu' ils commencent alors à migrer en grand nombre vers la Mésopotamie .	Ils agissent en bandes de pillards semi-nomades	1>2	unknown	elaboration	elaboration
Ils agissent en bandes de pillards semi-nomades	Pour les arrêter ,	1>2	unknown	narration	temporal
Pour les arrêter ,	Même s' il revient aux Élamites de porter le coup de grâce à celui-ci ,	1>2	unknown	narration	temporal
Amorrites	Les Amorrites sont un peuple cananéen apparu au Proche-Orient vers le milieu du IIIe millénaire av. J. -C.	1>2	unknown	elaboration	elaboration
Les Amorrites sont un peuple cananéen apparu au Proche-Orient vers le milieu du IIIe millénaire av. J. -C.	Ils apparaissent dans les textes sumériens sous la dénomination de mar.tu , et en akkadien sous le nom d' amurrû .	1>2	unknown	elaboration	elaboration
Ils apparaissent dans les textes sumériens sous la dénomination de mar.tu , et en akkadien sous le nom d' amurrû .	Origines	1>2	unknown	elaboration	elaboration
Les Amorrites sont selon toute vraisemblance originaires de la région du Jebel Bisri , en Syrie méridionale ,	d' où ils commencent à migrer vers le milieu du IIIe millénaire ,	1>2	unknown	e-elaboration	elaboration
d' où ils commencent à migrer vers le milieu du IIIe millénaire ,	peut-être pour des raisons de changement climatique ,	1>2	unknown	explanation	explanation
d' où ils commencent à migrer vers le milieu du IIIe millénaire ,	et se répandent en Syrie , puis vers la Mésopotamie .	1>2	unknown	continuation	conjunction
et se répandent en Syrie , puis vers la Mésopotamie .	Des « rois de Martu » sont cités dans des textes d' Ebla <*> et de la période d' Akkad	1>2	unknown	continuation	conjunction
Des « rois de Martu » sont cités dans des textes d' Ebla <*> et de la période d' Akkad	( XXIVe siècle av. J. -C. )	1>2	unknown	e-elaboration	elaboration
Des « rois de Martu » sont cités dans des textes d' Ebla <*> et de la période d' Akkad	( XXIIIe siècle av. J. -C. ) .	1>2	unknown	e-elaboration	elaboration
Des « rois de Martu » sont cités dans des textes d' Ebla <*> et de la période d' Akkad	Les Amorrites deviennent à la période suivante de sérieux adversaires des souverains d' Ur ,	1>2	unknown	continuation	conjunction
Les Amorrites deviennent à la période suivante de sérieux adversaires des souverains d' Ur ,	puisqu' ils commencent alors à migrer en grand nombre vers la Mésopotamie .	1>2	unknown	explanation	explanation
Ils agissent en bandes de pillards semi-nomades	qui menacent le sud mésopotamien .	1>2	unknown	continuation	conjunction
Pour les arrêter ,	le roi Shoulgi construit un mur entre le Tigre et l' Euphrate ,	1>2	unknown	goal	purpose
le roi Shoulgi construit un mur entre le Tigre et l' Euphrate ,	mais celui-ci ne suffira pas à arrêter les groupes amorrites ,	1>2	unknown	contrast	contrast
mais celui-ci ne suffira pas à arrêter les groupes amorrites ,	qui plongent le royaume d' Ur dans le chaos vers la fin du XXIe siècle av. J. -C.	1>2	unknown	e-elaboration	elaboration
Même s' il revient aux Élamites de porter le coup de grâce à celui-ci ,	ce sont finalement les Amorrites qui s' imposent au début du XXe siècle ,	1>2	unknown	contrast	contrast
ce sont finalement les Amorrites qui s' imposent au début du XXe siècle ,	et plusieurs dynasties amorrites s' installent dans les plus grandes cités du Proche-Orient :	1>2	unknown	result	causal
et plusieurs dynasties amorrites s' installent dans les plus grandes cités du Proche-Orient :	Larsa , Isin , Uruk , Babylone , Eshnunna , Ekallatum , Alep , Mari , Qatna , pour les principales .	1>2	unknown	elaboration	elaboration
Panchromatique	On appelle panchromatique <*> une réponse physico-chimique	1>2	unknown	elaboration	elaboration
On appelle panchromatique <*> une réponse physico-chimique	( du grec pan , tout et chrôma , couleur )	1>2	unknown	e-elaboration	elaboration
On appelle panchromatique <*> une réponse physico-chimique	( émulsion photographique , pigment photosensible , vision , etc. ) qui ne discrimine pas les couleurs ,	1>2	unknown	elaboration	elaboration
( émulsion photographique , pigment photosensible , vision , etc. ) qui ne discrimine pas les couleurs ,	c'est-à-dire dont le processus est identique quelle que soit la longueur d' onde de la lumière incidente .	1>2	unknown	elaboration	elaboration
On appelle panchromatique <*> une réponse physico-chimique	Plus particulièrement , un support sensible est dit panchromatique	1>2	unknown	elaboration	elaboration
Plus particulièrement , un support sensible est dit panchromatique	lorsqu' il est sensible à toutes les longueurs d' onde du spectre visible ,	1>2	unknown	elaboration	elaboration
Plus particulièrement , un support sensible est dit panchromatique	à contrario d' un support orthochromatique ,	1>2	unknown	contrast	contrast
à contrario d' un support orthochromatique ,	lequel n' est sensible qu' au bleu et au vert ,	1>2	unknown	elaboration	elaboration
à contrario d' un support orthochromatique ,	tandis qu' un film non-chromatisé sera sensible seulement au bleu .	1>2	unknown	continuation	conjunction
Les Russ , <*> finirent par se convertir au christianisme	pillards d' églises ,	1>2	unknown	e-elaboration	elaboration
Les Russ , <*> finirent par se convertir au christianisme	pillards d' églises ,	1>2	unknown	contrast	contrast
Les Russ , <*> finirent par se convertir au christianisme	et dès lors , <*> obtinrent la soumission des indigènes slaves ,	1>2	unknown	continuation	conjunction
En 965 ,	dans les années	1>2	unknown	narration	temporal
En 965 ,	Un état indépendant subsista encore durant quelques décennies jusqu' au début du XIe siècle .	1>2	unknown	elaboration	elaboration
Notamment , ils frappaient monnaie	et possédaient la technologie du papier ,	1>2	unknown	continuation	conjunction
certains historiens étudiant la question estiment	que les communautés Ashkénazes d' Europe orientale sont le fruit de la rencontre entre les Khazars et les émigrants juifs de Rhénanie .	1>2	unknown	attribution	attribution
Fin de l' Empire khazar	Les Khazars surent bâtir une civilisation évoluée sur les plans technique et politique .	1>2	unknown	elaboration	elaboration
Fin de l' Empire khazar	Les Russ , <*> finirent par se convertir au christianisme	1>2	unknown	elaboration	elaboration
Aujourd'hui ,	certains historiens étudiant la question estiment	1>2	unknown	frame	frame
Les Khazars surent bâtir une civilisation évoluée sur les plans technique et politique .	Notamment , ils frappaient monnaie	1>2	unknown	elaboration	elaboration
Finalement , la fin de l' Empire khazar s' avéra un mauvais choix politique pour les Russes :	les Khazars , en effet , les avaient protégés contre les Petchenègues	1>2	unknown	explanation	explanation
Un état indépendant subsista encore durant quelques décennies jusqu' au début du XIe siècle .	Certains Khazars rejoignirent alors les communautés juives byzantines ,	1>2	unknown	narration	temporal
dans les années	la Russie naissante porta un coup fatal à l' empire des Khazars .	1>2	unknown	frame	frame
et dès lors , <*> obtinrent la soumission des indigènes slaves ,	qui se retournèrent contre leurs anciens protecteurs Khazars	1>2	unknown	e-elaboration	elaboration
et dès lors , <*> obtinrent la soumission des indigènes slaves ,	leurs anciennes victimes ,	1>2	unknown	e-elaboration	elaboration
qui se retournèrent contre leurs anciens protecteurs Khazars	et prirent , elles aussi le noms de Russes .	1>2	unknown	continuation	conjunction
En 965 ,	le prince russe Sviatoslav Ier prit la forteresse de Sarkel :	1>2	unknown	frame	frame
Certains Khazars rejoignirent alors les communautés juives byzantines ,	d' autres la Hongrie ,	1>2	unknown	continuation	conjunction
Les Russ , <*> finirent par se convertir au christianisme	En 965 ,	1>2	unknown	narration	temporal
Les Russ , <*> finirent par se convertir au christianisme	qui se retournèrent contre leurs anciens protecteurs Khazars	1>2	unknown	result	causal
et possédaient la technologie du papier ,	héritée de leurs voisins chinois .	1>2	unknown	e-elaboration	elaboration
Certains chercheurs pensent	que les premiers gros établissements juifs d' Europe de l' est ont été constitués par des Khazars ,	1>2	unknown	attribution	attribution
Certains chercheurs pensent	Aujourd'hui ,	1>2	unknown	parallel	conjunction
Les Khazars surent bâtir une civilisation évoluée sur les plans technique et politique .	Leur particularisme religieux et la méconnaissance de leur histoire leur ont valu d' être au centre d' un ensemble de légendes à caractère ésotérique et de conceptions erronées sur leur civilisation .	1>2	unknown	elaboration	elaboration
Les Khazars surent bâtir une civilisation évoluée sur les plans technique et politique .	Certains chercheurs pensent	1>2	unknown	elaboration	elaboration
que les premiers gros établissements juifs d' Europe de l' est ont été constitués par des Khazars ,	suite à la chute de leur empire entre le Xe et le XIIe siècle .	1>2	unknown	flashback	temporal
En 965 ,	Finalement , la fin de l' Empire khazar s' avéra un mauvais choix politique pour les Russes :	1>2	unknown	elaboration	elaboration
les Khazars , en effet , les avaient protégés contre les Petchenègues	qui nomadisaient au sud de la Russie .	1>2	unknown	e-elaboration	elaboration
d' autres la Hongrie ,	et d' autres la Pologne .	1>2	unknown	continuation	conjunction
dans les années	qui suivirent ,	1>2	unknown	e-elaboration	elaboration
Les Russ , <*> finirent par se convertir au christianisme	et dès lors , <*> obtinrent la soumission des indigènes slaves ,	1>2	unknown	result	causal
et dès lors , <*> obtinrent la soumission des indigènes slaves ,	soutenus par l' Eglise orthodoxe ,	1>2	unknown	background	frame
que les premiers gros établissements juifs d' Europe de l' est ont été constitués par des Khazars ,	suite à la chute de leur empire entre le Xe et le XIIe siècle .	1>2	unknown	continuation	conjunction
Voyage au coeur d' un orage .	L' oeil photographique de Fabrice Gillant tente de percer les mystères du ciel .	1>2	unknown	elaboration	elaboration
la MJC Nomade propose , au centre commercial des Nations , une exposition photographique et commentée de Fabrice Gillant .	Ce Meusien , <*> passe le plus clair de son temps à observer	1>2	unknown	e-elaboration	elaboration
Ce Meusien , <*> passe le plus clair de son temps à observer	passionné de météorologie depuis sa plus tendre enfance	1>2	unknown	explanation	explanation
et à photographier les phénomènes climatiques .	Plus particulièrement , les orages et les formations nuageuses qui les précèdent .	1>2	unknown	elaboration	elaboration
la MJC Nomade propose , au centre commercial des Nations , une exposition photographique et commentée de Fabrice Gillant .	Le public pourra découvrir , à travers l' exposition de près de 30 clichés , le travail de ce correspondant de Météo France .	1>2	unknown	elaboration	elaboration
la MJC Nomade propose , au centre commercial des Nations , une exposition photographique et commentée de Fabrice Gillant .	A voir jusqu' à vendredi .	1>2	unknown	elaboration	elaboration
Cet après-midi , au niveau 1 du centre commercial Les Nations ,	la MJC accueillera les enfants .	1>2	unknown	frame	frame
la MJC accueillera les enfants .	Ils pourront découvrir le « Planétarium »	1>2	unknown	elaboration	elaboration
Ils pourront découvrir le « Planétarium »	Une animation très ludique avec Maggie Jankowski .	1>2	unknown	elaboration	elaboration
L' oeil photographique de Fabrice Gillant tente de percer les mystères du ciel .	A l' occasion de la fête des sciences ,	1>2	unknown	continuation	conjunction
A l' occasion de la fête des sciences ,	la MJC Nomade propose , au centre commercial des Nations , une exposition photographique et commentée de Fabrice Gillant .	1>2	unknown	frame	frame
A l' occasion de la fête des sciences ,	manifestation d' envergure nationale ,	1>2	unknown	e-elaboration	elaboration
Ce Meusien , <*> passe le plus clair de son temps à observer	passionné de météorologie depuis sa plus tendre enfance	1>2	unknown	e-elaboration	elaboration
Ce Meusien , <*> passe le plus clair de son temps à observer	et à photographier les phénomènes climatiques .	1>2	unknown	continuation	conjunction
Le public pourra découvrir , à travers l' exposition de près de 30 clichés , le travail de ce correspondant de Météo France .	De magnifiques photographies d' orages ,	1>2	unknown	elaboration	elaboration
De magnifiques photographies d' orages ,	prises pour la plupart depuis l' observatoire de Montsec ,	1>2	unknown	e-elaboration	elaboration
prises pour la plupart depuis l' observatoire de Montsec ,	point de vue somptueux sur le Lac de Madine .	1>2	unknown	e-elaboration	elaboration
Le public pourra découvrir , à travers l' exposition de près de 30 clichés , le travail de ce correspondant de Météo France .	Le visiteur pourra aussi découvrir un exposé sur l' histoire et le fonctionnement des planètes , sur l' astrologie en général .	1>2	unknown	continuation	conjunction
Ils pourront découvrir le « Planétarium »	et partir à la rencontre du monde merveilleux des étoiles et des constellations .	1>2	unknown	continuation	conjunction
Une animation très ludique avec Maggie Jankowski .	Trois séances de 45 minutes sont prévues :	1>2	unknown	continuation	conjunction
Trois séances de 45 minutes sont prévues :	à 14 h , 15 h et 16 h.	1>2	unknown	elaboration	elaboration
COURCELLES - LES - MONTBELIARD	Importantes recherches	1>2	unknown	frame	frame
Importantes recherches	pour retrouver la jeune disparue	1>2	unknown	goal	purpose
Importantes recherches	L' alerte a été donnée mercredi soir vers 21 h 30 .	1>2	unknown	elaboration	elaboration
L' alerte a été donnée mercredi soir vers 21 h 30 .	Une jeune fille de 25 ans <*> était signalée disparue .	1>2	unknown	explanation	explanation
Une jeune fille de 25 ans <*> était signalée disparue .	hébergée chez des parents à Courcelles-lès-Montbéliard ,	1>2	unknown	background	frame
Une jeune fille de 25 ans <*> était signalée disparue .	hébergée chez des parents à Courcelles-lès-Montbéliard ,	1>2	unknown	e-elaboration	elaboration
L' alerte a été donnée mercredi soir vers 21 h 30 .	Dans un premier temps ,	1>2	unknown	narration	temporal
Dans un premier temps ,	les policiers <*> ont envoyé plusieurs patrouilles dans le quartier .	1>2	unknown	frame	frame
les policiers <*> ont envoyé plusieurs patrouilles dans le quartier .	qui ont reçu l' appel de la famille inquiète ,	1>2	unknown	narration	temporal
Malheureusement ,	elles ne trouvaient aucune trace de la jeune fille .	1<2	unknown	comment	comment
qui ont reçu l' appel de la famille inquiète ,	elles ne trouvaient aucune trace de la jeune fille .	1>2	unknown	narration	temporal
Dans un premier temps ,	Hier matin ,	1>2	unknown	narration	temporal
Hier matin ,	ils alertaient la gendarmerie en charge du secteur de Courcelles .	1>2	unknown	frame	frame
Hier matin ,	Aussitôt ,	1>2	unknown	narration	temporal
Aussitôt ,	les gendarmes effectuaient une enquête de voisinage	1>2	unknown	frame	frame
les gendarmes effectuaient une enquête de voisinage	et s' informaient auprès des hôpitaux ou de tout autre endroit où aurait pu trouver refuge la jeune fille .	1>2	unknown	continuation	conjunction
Aussitôt ,	Tout au plus ont - ils appris qu' elle était partie	1>2	unknown	narration	temporal
Aussitôt ,	Tout au plus ont - ils appris qu' elle était partie	1>2	unknown	result	causal
Tout au plus ont - ils appris qu' elle était partie	sans prendre soin de mettre des vêtements chauds malgré la rigueur hivernale .	1>2	unknown	elaboration	elaboration
Tout au plus ont - ils appris qu' elle était partie	Des fouilles dans le bois de Courcelles étaient effectuées .	1>2	unknown	narration	temporal
Des fouilles dans le bois de Courcelles étaient effectuées .	Un ratissage autour du domicile de sa famille était également entrepris ,	1>2	unknown	continuation	conjunction
Des fouilles dans le bois de Courcelles étaient effectuées .	Un ratissage autour du domicile de sa famille était également entrepris ,	1>2	unknown	parallel	conjunction
Un ratissage autour du domicile de sa famille était également entrepris ,	les gendarmes craignant que la jeune fille n' attente à ses jours .	1>2	unknown	explanation	explanation
Des fouilles dans le bois de Courcelles étaient effectuées .	Pas moins d' une douzaine d' hommes étaient mobilisés dont l' équipe cynophile .	1>2	unknown	continuation	conjunction
Pas moins d' une douzaine d' hommes étaient mobilisés dont l' équipe cynophile .	Plus d' une quinzaine étaient réquisitionnés	1>2	unknown	parallel	conjunction
Pas moins d' une douzaine d' hommes étaient mobilisés dont l' équipe cynophile .	Plus d' une quinzaine étaient réquisitionnés	1>2	unknown	continuation	conjunction
Plus d' une quinzaine étaient réquisitionnés	pour poursuivre les recherches l'après-midi .	1>2	unknown	goal	purpose
Pas moins d' une douzaine d' hommes étaient mobilisés dont l' équipe cynophile .	Mais peu avant 14 h ,	1>2	unknown	contrast	contrast
Mais peu avant 14 h ,	la jeune fille prévenait sa famille	1>2	unknown	frame	frame
Pas moins d' une douzaine d' hommes étaient mobilisés dont l' équipe cynophile .	Mais peu avant 14 h ,	1>2	unknown	narration	temporal
la jeune fille prévenait sa famille	qu' elle était saine et sauve	1>2	unknown	attribution	attribution
qu' elle était saine et sauve	et qu' elle se trouvait à Lyon .	1>2	unknown	continuation	conjunction
Côte d' Ivoire :	La France a dénoncé hier des violations des droits de l' Homme dans l' ouest de la Côte d' Ivoire ,	1>2	unknown	elaboration	elaboration
La France a dénoncé hier des violations des droits de l' Homme dans l' ouest de la Côte d' Ivoire ,	a déclaré le porte-parole du ministère français des Affaires étrangères ,	1>2	unknown	explanation	explanation
a déclaré le porte-parole du ministère français des Affaires étrangères ,	M. Rivasseau a réaffirmé <*> pour Paris	1>2	unknown	continuation	conjunction
Côte d' Ivoire :	a indiqué le porte-parole du Quai d' Orsay .	1>2	unknown	background	frame
Paris est « préoccupé par les violations des droits de l' Homme	a déclaré le porte-parole du ministère français des Affaires étrangères ,	1<2	unknown	attribution	attribution
M. Rivasseau a réaffirmé <*> pour Paris	alors que des témoignages de réfugiés font état d' exactions , viols , et pillages par des éléments	1>2	unknown	contrast	contrast
La France a dénoncé hier des violations des droits de l' Homme dans l' ouest de la Côte d' Ivoire ,	L' ouest ivoirien est occupé en partie par des mouvements rebelles .	1>2	unknown	background	frame
Les travaux de la table ronde ivoirienne suivent le calendrier prévu	a indiqué le porte-parole du Quai d' Orsay .	1<2	unknown	attribution	attribution
Côte d' Ivoire :	viols et pillages .	1>2	unknown	elaboration	elaboration
La France a dénoncé hier des violations des droits de l' Homme dans l' ouest de la Côte d' Ivoire ,	tandis que les acteurs de la crise ivoirienne ont entamé à Marcoussis , <*> la deuxième phase de leurs négociations .	1>2	unknown	contrast	contrast
La France a dénoncé hier des violations des droits de l' Homme dans l' ouest de la Côte d' Ivoire ,	tandis que les acteurs de la crise ivoirienne ont entamé à Marcoussis , <*> la deuxième phase de leurs négociations .	1>2	unknown	parallel	conjunction
La France a dénoncé hier des violations des droits de l' Homme dans l' ouest de la Côte d' Ivoire ,	tandis que les acteurs de la crise ivoirienne ont entamé à Marcoussis , <*> la deuxième phase de leurs négociations .	1>2	unknown	background	frame
tandis que les acteurs de la crise ivoirienne ont entamé à Marcoussis , <*> la deuxième phase de leurs négociations .	près de Paris ,	1>2	unknown	e-elaboration	elaboration
Paris est « préoccupé par les violations des droits de l' Homme	qui ont été signalées dans l' ouest de la Côte d' Ivoire ces derniers jours » ,	1>2	unknown	continuation	conjunction
a déclaré le porte-parole du ministère français des Affaires étrangères ,	François Rivasseau .	1>2	unknown	e-elaboration	elaboration
M. Rivasseau a réaffirmé <*> pour Paris	l ' « exigence absolue du respect des droits de l' Homme »	1>2	unknown	attribution	attribution
alors que des témoignages de réfugiés font état d' exactions , viols , et pillages par des éléments	semble -t -il libériens .	1>2	unknown	e-elaboration	elaboration
Les travaux de la table ronde ivoirienne suivent le calendrier prévu	et pourraient se terminer avant la date butoir du 24 janvier ,	1>2	unknown	continuation	conjunction
Cyclone Erica	Le cyclone Erica fut un cyclone tropical	1>2	unknown	elaboration	elaboration
Le cyclone Erica fut un cyclone tropical	Formation et trajectoire	1>2	unknown	elaboration	elaboration
Formation et trajectoire	Il s' agit d' une dépression	1>2	unknown	elaboration	elaboration
qui se forme le 4 mars 2003 à environ 300 km de la côte australienne du Queensland , au dessus de la Grande barrière de corail et au niveau du 20e parallèle sud .	Elle devient rapidement ( le 5 ) une dépression tropicale modérée	1>2	unknown	narration	temporal
Elle devient rapidement ( le 5 ) une dépression tropicale modérée	baptisée Erica par le centre météorologique de Brisbane .	1>2	unknown	e-elaboration	elaboration
Elle devient rapidement ( le 5 ) une dépression tropicale modérée	Elle s' affaiblit toutefois presque immédiatement	1>2	unknown	narration	temporal
Le cyclone ne cesse alors de se renforcer	et atteint son maximum d' intensité le 13 mars à 23 h <*> avec une pression au centre de 920 hPa et des vents moyens maximum estimés à 215 km / h et des rafales pouvant atteindre 320 km / h :	1>2	unknown	narration	temporal
et atteint son maximum d' intensité le 13 mars à 23 h <*> avec une pression au centre de 920 hPa et des vents moyens maximum estimés à 215 km / h et des rafales pouvant atteindre 320 km / h :	C' est alors que le cyclone commence à augmenter de vitesse ,	1>2	unknown	narration	temporal
Erica poursuit sa course en longeant toute la Côte Ouest :	l' oeil du cyclone passe sur Bourail vers 8h , sur La Tontouta à Païta vers 11 h	1>2	unknown	elaboration	elaboration
Passage sur le Territoire	Les alertes	1>2	unknown	elaboration	elaboration
Les alertes	Il existe en Nouvelle-Calédonie trois niveaux d' alertes cyclonique déclenchés par le Haut - commissariat sur avis de Météo France :	1>2	unknown	elaboration	elaboration
Il existe en Nouvelle-Calédonie trois niveaux d' alertes cyclonique déclenchés par le Haut - commissariat sur avis de Météo France :	- la pré-alerte cyclonique :	1>2	unknown	elaboration	elaboration
- la pré-alerte cyclonique :	déclenchée	1>2	unknown	elaboration	elaboration
la pré-alerte est déclenchée .	Celle-ci n' est qu' un avertissement ,	1>2	unknown	elaboration	elaboration
déclenchée	La pré alerte pour Erica a été déclenchée le mercredi 12 mars à 12 h pour l' ensemble du Territoire .	1>2	unknown	elaboration	elaboration
Il existe en Nouvelle-Calédonie trois niveaux d' alertes cyclonique déclenchés par le Haut - commissariat sur avis de Météo France :	- alerte 1 :	1>2	unknown	elaboration	elaboration
- alerte 1 :	le phénomène est susceptible d' intéresser le Territoire dans les prochaines 24 - 36h .	1>2	unknown	elaboration	elaboration
Il existe en Nouvelle-Calédonie trois niveaux d' alertes cyclonique déclenchés par le Haut - commissariat sur avis de Météo France :	- alerte 2 :	1>2	unknown	elaboration	elaboration
- alerte 2 :	le phénomène est susceptible d' intéresser le Territoire dans les prochaines 6h .	1>2	unknown	elaboration	elaboration
- alerte 2 :	Cette alerte a été déclenchée pour Erica le jeudi 13 mars à 23 h sur la Province Nord , le 14 à 7h sur le nord de la Province Sud et à 8h30 sur le reste de cette province ,	1>2	unknown	elaboration	elaboration
Les manifestations météorologiques	La plupart des records de vitesse de vent ont été battues par Erica .	1>2	unknown	elaboration	elaboration
La plupart des records de vitesse de vent ont été battues par Erica .	On a ainsi à Nouméa des vents moyens à 144 km / h <*> pour des rafales à 202 km / h	1>2	unknown	elaboration	elaboration
Partout , le scénario reste à peu près le même sur la côte ouest et l' île des Pins :	tout d' abord des vents de secteur nord-est avec des rafales supérieures à 150 km / h ,	1>2	unknown	elaboration	elaboration
Bilan humain	Le cyclone a causé la mort de deux personnes ,	1>2	unknown	elaboration	elaboration
Le cyclone Erica fut un cyclone tropical	qui frappa durement la Nouvelle-Calédonie les 13 et 14 mars 2003 .	1>2	unknown	e-elaboration	elaboration
Il s' agit d' une dépression	qui se forme le 4 mars 2003 à environ 300 km de la côte australienne du Queensland , au dessus de la Grande barrière de corail et au niveau du 20e parallèle sud .	1>2	unknown	e-elaboration	elaboration
Elle s' affaiblit toutefois presque immédiatement	et redevient une dépression tropicale faible .	1>2	unknown	narration	temporal
Elle s' affaiblit toutefois presque immédiatement	et redevient une dépression tropicale faible .	1>2	unknown	result	causal
et redevient une dépression tropicale faible .	Après avoir fait une courte courbe vers le sud ,	1>2	unknown	narration	temporal
Après avoir fait une courte courbe vers le sud ,	elle s' oriente ensuite vers le nord puis le nord-est ,	1>2	unknown	narration	temporal
elle s' oriente ensuite vers le nord puis le nord-est ,	passe au large des Louisiades	1>2	unknown	narration	temporal
passe au large des Louisiades	avant de partir vers l' est jusqu' à environ 150 km de l' île Rennell aux îles Salomon	1>2	unknown	narration	temporal
avant de partir vers l' est jusqu' à environ 150 km de l' île Rennell aux îles Salomon	et là prend une trajectoire définitive vers le sud-est et la Nouvelle-Calédonie .	1>2	unknown	narration	temporal
et là prend une trajectoire définitive vers le sud-est et la Nouvelle-Calédonie .	Au même moment , le 11 mars ,	1>2	unknown	narration	temporal
Au même moment , le 11 mars ,	elle redevient dépression tropicale modérée puis , rapidement , cyclone tropical avec une pression au centre estimée alors à 965 hPa et des vents maximums au centre d' environ 130 km / h .	1>2	unknown	narration	temporal
elle redevient dépression tropicale modérée puis , rapidement , cyclone tropical avec une pression au centre estimée alors à 965 hPa et des vents maximums au centre d' environ 130 km / h .	Sa vitesse est de 15 km / h .	1>2	unknown	e-elaboration	elaboration
elle redevient dépression tropicale modérée puis , rapidement , cyclone tropical avec une pression au centre estimée alors à 965 hPa et des vents maximums au centre d' environ 130 km / h .	Sa vitesse est de 15 km / h .	1>2	unknown	parallel	conjunction
elle redevient dépression tropicale modérée puis , rapidement , cyclone tropical avec une pression au centre estimée alors à 965 hPa et des vents maximums au centre d' environ 130 km / h .	Le cyclone ne cesse alors de se renforcer	1>2	unknown	narration	temporal
et atteint son maximum d' intensité le 13 mars à 23 h <*> avec une pression au centre de 920 hPa et des vents moyens maximum estimés à 215 km / h et des rafales pouvant atteindre 320 km / h :	( heure locale )	1>2	unknown	e-elaboration	elaboration
et atteint son maximum d' intensité le 13 mars à 23 h <*> avec une pression au centre de 920 hPa et des vents moyens maximum estimés à 215 km / h et des rafales pouvant atteindre 320 km / h :	Erica est alors à seulement 160 km à l' ouest de Koumac .	1>2	unknown	parallel	conjunction
et atteint son maximum d' intensité le 13 mars à 23 h <*> avec une pression au centre de 920 hPa et des vents moyens maximum estimés à 215 km / h et des rafales pouvant atteindre 320 km / h :	Erica est alors à seulement 160 km à l' ouest de Koumac .	1>2	unknown	elaboration	elaboration
C' est alors que le cyclone commence à augmenter de vitesse ,	passant à 30 km / h ,	1>2	unknown	elaboration	elaboration
C' est alors que le cyclone commence à augmenter de vitesse ,	il atteint la Grande Terre à hauteur de Koné le 14 mars à 5h ,	1>2	unknown	narration	temporal
il atteint la Grande Terre à hauteur de Koné le 14 mars à 5h ,	puis il accélère	1>2	unknown	narration	temporal
puis il accélère	pour atteindre 40 à 50 km / h .	1>2	unknown	result	causal
puis il accélère	Cette accélération a beaucoup surpris les météorologues et les autorités	1>2	unknown	narration	temporal
Cette accélération a beaucoup surpris les météorologues et les autorités	qui ont du coup sur coup augmenté les alertes cycloniques .	1>2	unknown	result	causal
Cette accélération a beaucoup surpris les météorologues et les autorités	Enfin , si la Chaîne Centrale désorganise quelque peu la masse nuageuse ,	1>2	unknown	narration	temporal
Enfin , si la Chaîne Centrale désorganise quelque peu la masse nuageuse ,	le cyclone reste particulièrement fort .	1>2	unknown	contrast	contrast
le cyclone reste particulièrement fort .	Erica poursuit sa course en longeant toute la Côte Ouest :	1>2	unknown	narration	temporal
l' oeil du cyclone passe sur Bourail vers 8h , sur La Tontouta à Païta vers 11 h	pour atteindre Nouméa à 12h .	1>2	unknown	narration	temporal
pour atteindre Nouméa à 12h .	Ensuite , la masse se réorganise un peu entre la Grande Terre et l' île des Pins	1>2	unknown	narration	temporal
Erica poursuit sa course en longeant toute la Côte Ouest :	Ensuite , la masse se réorganise un peu entre la Grande Terre et l' île des Pins	1>2	unknown	narration	temporal
Ensuite , la masse se réorganise un peu entre la Grande Terre et l' île des Pins	qu' elle atteint à 14 h.	1>2	unknown	narration	temporal
qu' elle atteint à 14 h.	Elle quitte ensuite le secteur du Territoire	1>2	unknown	narration	temporal
Elle quitte ensuite le secteur du Territoire	et continue sa trajectoire vers le sud-est	1>2	unknown	narration	temporal
et continue sa trajectoire vers le sud-est	avant d' être comblée définitivement le 15 mars .	1>2	unknown	narration	temporal
Formation et trajectoire	Passage sur le Territoire	1>2	unknown	continuation	conjunction
déclenchée	dès que la perturbation entre dans une zone d' avertissement	1>2	unknown	flashback	temporal
dès que la perturbation entre dans une zone d' avertissement	qui a la forme d' un quadrilatère délimité par les 13e et 15e parallèles sud et les 158e et 172e méridiens est .	1>2	unknown	e-elaboration	elaboration
qui a la forme d' un quadrilatère délimité par les 13e et 15e parallèles sud et les 158e et 172e méridiens est .	Dès qu' une dépression entre dans cette zone ,	1>2	unknown	continuation	conjunction
Dès qu' une dépression entre dans cette zone ,	la pré-alerte est déclenchée .	1>2	unknown	narration	temporal
Celle-ci n' est qu' un avertissement ,	appelant la population à se préparer au passage éventuel du cyclone ,	1>2	unknown	continuation	conjunction
appelant la population à se préparer au passage éventuel du cyclone ,	avec notamment des spots passant sur la télévision montrant les actions à réaliser	1>2	unknown	elaboration	elaboration
avec notamment des spots passant sur la télévision montrant les actions à réaliser	pour se préparer .	1>2	unknown	goal	purpose
le phénomène est susceptible d' intéresser le Territoire dans les prochaines 24 - 36h .	Il est encore permis de circuler	1>2	unknown	continuation	conjunction
Il est encore permis de circuler	et l' activité économique n' est pas interrompue .	1>2	unknown	continuation	conjunction
Il est encore permis de circuler	En revanche , les établissements scolaires sont fermés .	1>2	unknown	contrast	contrast
En revanche , les établissements scolaires sont fermés .	Un Centre opérationnel de Défense COD est activé au Haut - commissariat ,	1>2	unknown	continuation	conjunction
Un Centre opérationnel de Défense COD est activé au Haut - commissariat ,	mobilisant tous les services opérationnels	1>2	unknown	result	causal
mobilisant tous les services opérationnels	pour gérer la crise .	1>2	unknown	goal	purpose
- alerte 1 :	L' alerte 1 a été déclenchée progressivement pour Erica :	1>2	unknown	elaboration	elaboration
L' alerte 1 a été déclenchée progressivement pour Erica :	le jeudi 13 mars à 5 h pour les îles Belep , à 17 h sur la Province Nord et le vendredi 14 mars à 5h sur la Province Sud et les Îles Loyauté .	1>2	unknown	elaboration	elaboration
le phénomène est susceptible d' intéresser le Territoire dans les prochaines 6h .	Toutes les activités économiques sont suspendues ,	1>2	unknown	continuation	conjunction
Toutes les activités économiques sont suspendues ,	il est interdit de sortir de chez soi .	1>2	unknown	continuation	conjunction
Cette alerte a été déclenchée pour Erica le jeudi 13 mars à 23 h sur la Province Nord , le 14 à 7h sur le nord de la Province Sud et à 8h30 sur le reste de cette province ,	si bien que de nombreuses personnes à Nouméa <*> ont du rentrer rapidement chez eux sous de violentes rafales de vent .	1>2	unknown	result	causal
si bien que de nombreuses personnes à Nouméa <*> ont du rentrer rapidement chez eux sous de violentes rafales de vent .	notamment qui étais partie travailler le matin	1>2	unknown	e-elaboration	elaboration
Passage sur le Territoire	Les manifestations météorologiques	1>2	unknown	continuation	conjunction
La plupart des records de vitesse de vent ont été battues par Erica .	Partout , le scénario reste à peu près le même sur la côte ouest et l' île des Pins :	1>2	unknown	continuation	conjunction
On a ainsi à Nouméa des vents moyens à 144 km / h <*> pour des rafales à 202 km / h	( le record était de 104 km / h )	1>2	unknown	e-elaboration	elaboration
On a ainsi à Nouméa des vents moyens à 144 km / h <*> pour des rafales à 202 km / h	( record précédent de 159 km / h ) .	1>2	unknown	e-elaboration	elaboration
Partout , le scénario reste à peu près le même sur la côte ouest et l' île des Pins :	Sur la côte est ,	1>2	unknown	parallel	conjunction
tout d' abord des vents de secteur nord-est avec des rafales supérieures à 150 km / h ,	puis le passage de l' oeil	1>2	unknown	narration	temporal
puis le passage de l' oeil	qui se caractérise par une absence quasi totale de vent et par un air particulièrement sec	1>2	unknown	e-elaboration	elaboration
puis le passage de l' oeil	avant que le vent ne reprenne de manière souvent plus violente dans l' autre sens <*> avec des vents dont la vitesse moyenne tourne autour de 150 km / h et des rafales pouvant monter jusqu' à 200 km / h .	1>2	unknown	narration	temporal
avant que le vent ne reprenne de manière souvent plus violente dans l' autre sens <*> avec des vents dont la vitesse moyenne tourne autour de 150 km / h et des rafales pouvant monter jusqu' à 200 km / h .	( donc secteur ouest et sud )	1>2	unknown	e-elaboration	elaboration
Sur la côte est ,	du fait de la présence de la Chaîne Centrale ,	1>2	unknown	frame	frame
du fait de la présence de la Chaîne Centrale ,	seuls les vents de secteur nord-est se font réellement sentir .	1>2	unknown	background	frame
seuls les vents de secteur nord-est se font réellement sentir .	Les Îles Loyauté seront les moins touchées .	1>2	unknown	continuation	conjunction
Les Îles Loyauté seront les moins touchées .	Pour ce qui est des précipitations ,	1>2	unknown	continuation	conjunction
Pour ce qui est des précipitations ,	elle reste assez faible pour un cyclone	1>2	unknown	elaboration	elaboration
elle reste assez faible pour un cyclone	qui se fera remarquer surtout par la puissance de ses vents :	1>2	unknown	e-elaboration	elaboration
elle reste assez faible pour un cyclone	on enregistre ainsi 207 mm à Kaala-Gomen le 13 et à peine 100 mm à Nouméa le 14 .	1>2	unknown	elaboration	elaboration
Les manifestations météorologiques	Conséquences	1>2	unknown	continuation	conjunction
Conséquences	Bilan humain	1>2	unknown	elaboration	elaboration
Le cyclone a causé la mort de deux personnes ,	à quoi il faut rajouter par la suite la mort d' un électricien	1>2	unknown	continuation	conjunction
à quoi il faut rajouter par la suite la mort d' un électricien	lors du rétablissement du réseau électrique endommagé par le cyclone .	1>2	unknown	e-elaboration	elaboration
à quoi il faut rajouter par la suite la mort d' un électricien	lors du rétablissement du réseau électrique endommagé par le cyclone .	1>2	unknown	explanation	explanation
à quoi il faut rajouter par la suite la mort d' un électricien	Il y a eu sinon 10 blessés graves , 118 blessés légers et 2 500 personnes pouvant être considérées comme sinistrées .	1>2	unknown	continuation	conjunction
Il y a eu sinon 10 blessés graves , 118 blessés légers et 2 500 personnes pouvant être considérées comme sinistrées .	A Nouméa ,	1>2	unknown	continuation	conjunction
A Nouméa ,	730 personnes ont été accueillies dans trois centres d' hébergement :	1>2	unknown	frame	frame
730 personnes ont été accueillies dans trois centres d' hébergement :	Nouville , Anse Vata et Rivière Salée .	1>2	unknown	e-elaboration	elaboration
Denise Jacquin n' est plus	Denise Jacquin s' est éteinte mercredi , à l' âge de 73 ans , à l' hôpital ,	1>2	unknown	elaboration	elaboration
Denise Jacquin s' est éteinte mercredi , à l' âge de 73 ans , à l' hôpital ,	des suites d' une pénible maladie	1>2	unknown	explanation	explanation
des suites d' une pénible maladie	contre laquelle elle a lutté courageusement .	1>2	unknown	elaboration	elaboration
Denise Jacquin s' est éteinte mercredi , à l' âge de 73 ans , à l' hôpital ,	Denise Fachinetti est née à Mancenans au sein d' une famille de huit enfants .	1>2	unknown	e-elaboration	elaboration
Denise Jacquin s' est éteinte mercredi , à l' âge de 73 ans , à l' hôpital ,	Denise Fachinetti est née à Mancenans au sein d' une famille de huit enfants .	1>2	unknown	flashback	temporal
Denise Fachinetti est née à Mancenans au sein d' une famille de huit enfants .	Mais elle a passé toute son enfance à Geney ,	1>2	unknown	contrast	contrast
Mais elle a passé toute son enfance à Geney ,	où <*> elle a gardé les vaches .	1>2	unknown	elaboration	elaboration
où <*> elle a gardé les vaches .	après avoir été à l' école communale ,	1>2	unknown	narration	temporal
Mais elle a passé toute son enfance à Geney ,	sa famille s' installe à l' Isle - sur - le - Doubs .	1>2	unknown	narration	temporal
Alors qu' elle est adolescente ,	sa famille s' installe à l' Isle - sur - le - Doubs .	1<2	unknown	background	frame
sa famille s' installe à l' Isle - sur - le - Doubs .	Le 19 juillet 1947 ,	1>2	unknown	narration	temporal
Le 19 juillet 1947 ,	la défunte épouse René Jacquin ,	1>2	unknown	frame	frame
la défunte épouse René Jacquin ,	originaire de la commune .	1>2	unknown	e-elaboration	elaboration
Le 19 juillet 1947 ,	Denise travaille chez Japy	1>2	unknown	continuation	conjunction
Denise travaille chez Japy	jusqu' à la naissance de son premier enfant Christiane .	1>2	unknown	narration	temporal
jusqu' à la naissance de son premier enfant Christiane .	Puis , elle décide de rester à la maison	1>2	unknown	narration	temporal
Puis , elle décide de rester à la maison	pour s' occuper de sa fille et de ses deux fils Denis et René .	1>2	unknown	goal	purpose
Puis , elle décide de rester à la maison	En 1968 ,	1>2	unknown	continuation	conjunction
Puis , elle décide de rester à la maison	En 1968 ,	1>2	unknown	narration	temporal
En 1968 ,	Denise reprend un emploi à la fonderie de Colombier-Fontaine	1>2	unknown	frame	frame
En 1968 ,	où elle restera jusqu' à sa retraite , en 1983 .	1>2	unknown	narration	temporal
où elle restera jusqu' à sa retraite , en 1983 .	elle a pu , <*> s' occuper de sa maison , de ses fleurs .	1>2	unknown	narration	temporal
En parfaite femme d' intérieur ,	elle a pu , <*> s' occuper de sa maison , de ses fleurs .	1<2	unknown	comment	comment
elle a pu , <*> s' occuper de sa maison , de ses fleurs .	lors de ce repos bien mérité ,	1>2	unknown	temploc	temporal
elle a pu , <*> s' occuper de sa maison , de ses fleurs .	Elle aimait se promener avec ses amies	1>2	unknown	continuation	conjunction
Elle aimait se promener avec ses amies	et surtout passer du temps avec ses enfants , ses sept petits-enfants et ses sept arrière-petits-enfants .	1>2	unknown	continuation	conjunction
et surtout passer du temps avec ses enfants , ses sept petits-enfants et ses sept arrière-petits-enfants .	Une famille qu' elle chérissait plus que tout	1>2	unknown	e-elaboration	elaboration
Une famille qu' elle chérissait plus que tout	et qu' elle avait toujours plaisir à recevoir .	1>2	unknown	continuation	conjunction
et surtout passer du temps avec ses enfants , ses sept petits-enfants et ses sept arrière-petits-enfants .	Denise et son époux René , <*> faisaient aussi partie de l' Union nationale des combattants .	1>2	unknown	background	frame
Denise et son époux René , <*> faisaient aussi partie de l' Union nationale des combattants .	ancien lieutenant des pompiers de l' Isle - sur - le - Doubs ,	1>2	unknown	e-elaboration	elaboration
et surtout passer du temps avec ses enfants , ses sept petits-enfants et ses sept arrière-petits-enfants .	Pendant 15 ans ,	1>2	unknown	continuation	conjunction
Pendant 15 ans ,	elle a été l' assistante efficace de son mari ,	1>2	unknown	frame	frame
elle a été l' assistante efficace de son mari ,	René s' occupant du secrétariat	1>2	unknown	elaboration	elaboration
René s' occupant du secrétariat	et Denise de la trésorerie de la section l' isloise .	1>2	unknown	parallel	conjunction
René s' occupant du secrétariat	et Denise de la trésorerie de la section l' isloise .	1>2	unknown	continuation	conjunction
Pendant 15 ans ,	elle avait d' ailleurs reçu la médaille du mérite UNC .	1>2	unknown	result	causal
En témoignage de reconnaissance ,	elle avait d' ailleurs reçu la médaille du mérite UNC .	1<2	unknown	explanation	explanation
Denise Jacquin n' est plus	Les obsèques de Denise Jacquin seront célébrées vendredi 10 janvier à 10 h 30 en l' église de l' Isle - sur - le - Doubs .	1>2	unknown	elaboration	elaboration
Denise Jacquin s' est éteinte mercredi , à l' âge de 73 ans , à l' hôpital ,	Les obsèques de Denise Jacquin seront célébrées vendredi 10 janvier à 10 h 30 en l' église de l' Isle - sur - le - Doubs .	1>2	unknown	narration	temporal
Denise Jacquin n' est plus	A son époux , à ses enfants , ainsi qu' à toute sa famille , nous présentons nos sincères condoléances .	1>2	unknown	comment	comment
Le Ban Amendment	En effet , les États - Unis , <*> dispose d' un accord bilatéral	1>2	unknown	e-elaboration	elaboration
Le Ban Amendment	Après avoir adopté la Convention ,	1>2	unknown	background	frame
Après avoir adopté la Convention ,	un certain nombre de PED et d' associations de défense de l' environnement soutinrent	1>2	unknown	narration	temporal
Après avoir adopté la Convention ,	un certain nombre de PED et d' associations de défense de l' environnement soutinrent	1>2	unknown	frame	frame
un certain nombre de PED et d' associations de défense de l' environnement soutinrent	que le document n' allait pas assez loin .	1>2	unknown	attribution	attribution
De nombreux pays et ONG militèrent	en faveur d' une interdiction totale de l' expédition de déchets dangereux à destinations des PED .	1>2	unknown	goal	purpose
un certain nombre de PED et d' associations de défense de l' environnement soutinrent	De nombreux pays et ONG militèrent	1>2	unknown	parallel	conjunction
Plus exactement , la Convention originale n' interdisait pas l' exportation de déchets ,	excepté vers l' Antarctique .	1>2	unknown	contrast	contrast
Après avoir adopté la Convention ,	Plus exactement , la Convention originale n' interdisait pas l' exportation de déchets ,	1>2	unknown	elaboration	elaboration
Elle n' exigeait	qu' une procédure de consentement préalable en connaissance de cause	1>2	unknown	attribution	attribution
qu' une procédure de consentement préalable en connaissance de cause	( PIC , Prior Informed Consent ) .	1>2	unknown	e-elaboration	elaboration
Plus exactement , la Convention originale n' interdisait pas l' exportation de déchets ,	Elle n' exigeait	1>2	unknown	elaboration	elaboration
Plus exactement , la Convention originale n' interdisait pas l' exportation de déchets ,	De plus , de nombreux courtiers en déchets cherchèrent à exploiter l' image de marque du recyclage	1>2	unknown	continuation	conjunction
De plus , de nombreux courtiers en déchets cherchèrent à exploiter l' image de marque du recyclage	et commencèrent à présenter les destinations de leurs exportations comme des sites de recyclage .	1>2	unknown	elaboration	elaboration
Ceci conduisit à la prise de conscience qu' une interdiction totale , <*> était nécessaire .	incluant les exportations pour recyclage ,	1>2	unknown	e-elaboration	elaboration
De plus , de nombreux courtiers en déchets cherchèrent à exploiter l' image de marque du recyclage	Ceci conduisit à la prise de conscience qu' une interdiction totale , <*> était nécessaire .	1>2	unknown	result	causal
Ceci conduisit à la prise de conscience qu' une interdiction totale , <*> était nécessaire .	Cette prise de conscience mena à la création de plusieurs interdictions régionales sur le commerce des déchets ,	1>2	unknown	result	causal
Cette prise de conscience mena à la création de plusieurs interdictions régionales sur le commerce des déchets ,	parmi lesquelles la Convention de Bamako .	1>2	unknown	elaboration	elaboration
Après avoir adopté la Convention ,	Greenpeace et des pays européens <*> firent pression lors de la conférence de Bâle de 1995 ,	1>2	unknown	result	causal
Greenpeace et des pays européens <*> firent pression lors de la conférence de Bâle de 1995 ,	comme le Danemark	1>2	unknown	elaboration	elaboration
Greenpeace et des pays européens <*> firent pression lors de la conférence de Bâle de 1995 ,	"conduisant ainsi à l' adoption du "" Ban Amendment "" ."	1>2	unknown	result	causal
Considéré comme moralement contraignant par les signataires ,	l' amendement interdit l' exportation de déchets dangereux de certains pays développés <*> en direction de PED .	1<2	unknown	e-elaboration	elaboration
l' amendement interdit l' exportation de déchets dangereux de certains pays développés <*> en direction de PED .	( pour la plupart membres de l' OCDE )	1>2	unknown	e-elaboration	elaboration
"conduisant ainsi à l' adoption du "" Ban Amendment "" ."	l' amendement interdit l' exportation de déchets dangereux de certains pays développés <*> en direction de PED .	1>2	unknown	e-elaboration	elaboration
l' amendement interdit l' exportation de déchets dangereux de certains pays développés <*> en direction de PED .	Il est applicable à l' exportation	1>2	unknown	continuation	conjunction
Il est applicable à l' exportation	quelle que soit son motif	1>2	unknown	e-elaboration	elaboration
quelle que soit son motif	( y compris le recyclage ) .	1>2	unknown	e-elaboration	elaboration
Il est applicable à l' exportation	Les partisans de l' amendement ont porté une attention particulière à la vente de navires	1>2	unknown	continuation	conjunction
Les partisans de l' amendement ont porté une attention particulière à la vente de navires	pour leur démolition ou leur récupération .	1>2	unknown	elaboration	elaboration
Les partisans de l' amendement ont porté une attention particulière à la vente de navires	"Le "" Ban Amendment "" a rencontré une opposition farouche parmi les groupes d' industriels et certains pays"	1>2	unknown	continuation	conjunction
"Le "" Ban Amendment "" a rencontré une opposition farouche parmi les groupes d' industriels et certains pays"	comme le Canada ou les États - Unis .	1>2	unknown	elaboration	elaboration
En effet , les États - Unis , <*> dispose d' un accord bilatéral	premier producteur de déchets au monde ,	1>2	unknown	e-elaboration	elaboration
"Le "" Ban Amendment "" a rencontré une opposition farouche parmi les groupes d' industriels et certains pays"	En effet , les États - Unis , <*> dispose d' un accord bilatéral	1>2	unknown	explanation	explanation
En effet , les États - Unis , <*> dispose d' un accord bilatéral	pour exporter des déchets au Canada .	1>2	unknown	goal	purpose
"Le "" Ban Amendment "" a rencontré une opposition farouche parmi les groupes d' industriels et certains pays"	À la fin de l' année 2005 ,	1>2	unknown	continuation	conjunction
À la fin de l' année 2005 ,	61 pays avaient ratifié l' amendement ;	1>2	unknown	frame	frame
pour entrer en vigueur ,	l' amendement a besoin d' être signé par 62 pays .	1<2	unknown	goal	purpose
À la fin de l' année 2005 ,	l' amendement a besoin d' être signé par 62 pays .	1>2	unknown	background	frame
À la fin de l' année 2005 ,	L' état des ratifications de l' amendement se trouve sur le site du Secrétariat .	1>2	unknown	continuation	conjunction
L' état des ratifications de l' amendement se trouve sur le site du Secrétariat .	"L'Union européenne a intégré dans sa totalité le "" Ban Amendment "" dans sa directive sur la régulation du transport des déchets ,"	1>2	unknown	continuation	conjunction
"L'Union européenne a intégré dans sa totalité le "" Ban Amendment "" dans sa directive sur la régulation du transport des déchets ,"	qui donne donc à l' amendement une valeur contraignante dans tous les États membres .	1>2	unknown	result	causal
Une espèce domestiquée , <*> est une espèce	animale ou végétale	1>2	unknown	e-elaboration	elaboration
animale ou végétale	qui a acquis des caractères morphologiques , physiologiques ou même comportementaux nouveaux et héréditaires ,	1>2	unknown	continuation	conjunction
qui a acquis des caractères morphologiques , physiologiques ou même comportementaux nouveaux et héréditaires ,	résultant d' une interaction prolongée , d' un contrôle voire d' une sélection délibérée de la part de l' être humain .	1>2	unknown	continuation	conjunction
Une espèce domestiquée , <*> est une espèce	La domestication désigne aussi l' état dans lequel la reproduction , les soins et l' alimentation des animaux , ou le cycle des plantes sont contrôlés plus ou moins étroitement par l' humain .	1>2	unknown	continuation	conjunction
Une espèce domestiquée , <*> est une espèce	La domestication désigne aussi l' état dans lequel la reproduction , les soins et l' alimentation des animaux , ou le cycle des plantes sont contrôlés plus ou moins étroitement par l' humain .	1>2	unknown	parallel	conjunction
La domestication désigne aussi l' état dans lequel la reproduction , les soins et l' alimentation des animaux , ou le cycle des plantes sont contrôlés plus ou moins étroitement par l' humain .	Dans le langage courant ,	1>2	unknown	background	frame
Dans le langage courant ,	le terme animal domestique est souvent employé dans le sens restreint d' animal de compagnie ,	1>2	unknown	frame	frame
le terme animal domestique est souvent employé dans le sens restreint d' animal de compagnie ,	et le verbe domestiquer comme synonyme d' apprivoiser .	1>2	unknown	continuation	conjunction
et le verbe domestiquer comme synonyme d' apprivoiser .	Ce dernier terme peut s' appliquer à un animal isolé	1>2	unknown	e-elaboration	elaboration
Ce dernier terme peut s' appliquer à un animal isolé	tandis que la domestication concerne une population ou une espèce entière .	1>2	unknown	contrast	contrast
tandis que la domestication concerne une population ou une espèce entière .	Une acception élargie de la domestication tend à traiter de toutes formes d' interaction régulière de l' espèce humaine avec une espèce animale ;	1>2	unknown	continuation	conjunction
Une acception élargie de la domestication tend à traiter de toutes formes d' interaction régulière de l' espèce humaine avec une espèce animale ;	de l' élevage intensif d' une espèce anciennement domestiquée à la chasse raisonnée d' une population animale considérée comme une ressource .	1>2	unknown	e-elaboration	elaboration
La domestication désigne aussi l' état dans lequel la reproduction , les soins et l' alimentation des animaux , ou le cycle des plantes sont contrôlés plus ou moins étroitement par l' humain .	La principale utilité des plantes et animaux domestiques est la production alimentaire ,	1>2	unknown	continuation	conjunction
La principale utilité des plantes et animaux domestiques est la production alimentaire ,	les motifs de la pratique d' un élevage ou d' une culture ne sont cependant pas toujours strictement utilitaires	1>2	unknown	contrast	contrast
La principale utilité des plantes et animaux domestiques est la production alimentaire ,	ainsi que celle d' autres produits utiles	1>2	unknown	parallel	conjunction
ainsi que celle d' autres produits utiles	comme la laine , le coton , ou la soie ;	1>2	unknown	e-elaboration	elaboration
les motifs de la pratique d' un élevage ou d' une culture ne sont cependant pas toujours strictement utilitaires	et incluent l' agrément , le divertissement ou bien des pratiques religieuses .	1>2	unknown	elaboration	elaboration
La principale utilité des plantes et animaux domestiques est la production alimentaire ,	La domestication des plantes et des animaux a accompagné les débuts de l' agriculture	1>2	unknown	continuation	conjunction
La domestication des plantes et des animaux a accompagné les débuts de l' agriculture	et a été un facteur essentiel du développement humain .	1>2	unknown	continuation	conjunction
et a été un facteur essentiel du développement humain .	Si elle a permis la révolution néolithique ,	1>2	unknown	elaboration	elaboration
Si elle a permis la révolution néolithique ,	c' est aussi un processus qui se prolonge aujourd'hui .	1>2	unknown	background	frame
Si elle a permis la révolution néolithique ,	c' est aussi un processus qui se prolonge aujourd'hui .	1>2	unknown	parallel	conjunction
Si elle a permis la révolution néolithique ,	c' est aussi un processus qui se prolonge aujourd'hui .	1>2	unknown	contrast	contrast
Limites et défauts dans la détermination du PIB	Le PIB est par définition une valeur comptable issue du compte de résultat	1>2	unknown	elaboration	elaboration
Le PIB est par définition une valeur comptable issue du compte de résultat	Les critiques mettent ainsi en avant deux faiblesses du PIB :	1>2	unknown	narration	temporal
Le PIB est par définition une valeur comptable issue du compte de résultat	( produits et coûts )	1>2	unknown	explanation	explanation
Le PIB est par définition une valeur comptable issue du compte de résultat	et non du bilan	1>2	unknown	contrast	contrast
et non du bilan	( actif / passif ) .	1>2	unknown	explanation	explanation
Le PIB est par définition une valeur comptable issue du compte de résultat	Cette caractéristique est fondamentale	1>2	unknown	elaboration	elaboration
Cette caractéristique est fondamentale	car elle détermine la portée de cet indicateur :	1>2	unknown	explanation	explanation
Cette caractéristique est fondamentale	celle de la dynamique du revenu	1>2	unknown	continuation	conjunction
celle de la dynamique du revenu	et non de la richesse de l’ actif détenu ou des dettes contractées .	1>2	unknown	continuation	conjunction
Les critiques mettent ainsi en avant deux faiblesses du PIB :	Plus particulièrement : - Le PIB ne tient pas compte de l' auto - consommation ,	1>2	unknown	elaboration	elaboration
Les critiques mettent ainsi en avant deux faiblesses du PIB :	son cloisonnement comptable <*> et sa limite à la sphère du compte de résultat qui ignore l' actif et le passif .	1>2	unknown	elaboration	elaboration
son cloisonnement comptable <*> et sa limite à la sphère du compte de résultat qui ignore l' actif et le passif .	( ce qui échappe à la comptabilité nationale échappe au PIB )	1>2	unknown	elaboration	elaboration
Plus particulièrement : - Le PIB ne tient pas compte de l' auto - consommation ,	c'est-à-dire les richesses produites et consommées par la même personne	1>2	unknown	elaboration	elaboration
c'est-à-dire les richesses produites et consommées par la même personne	- exemple des fruits de votre verger	1>2	unknown	elaboration	elaboration
- exemple des fruits de votre verger	que vous cultivez et mangez	1>2	unknown	e-elaboration	elaboration
que vous cultivez et mangez	mais ne sont pas comptabilisés .	1>2	unknown	continuation	conjunction
que vous cultivez et mangez	mais ne sont pas comptabilisés .	1>2	unknown	contrast	contrast
- exemple des fruits de votre verger	- Il ne tient pas compte du travail au noir ( par définition non comptabilisé )	1>2	unknown	continuation	conjunction
- Il ne tient pas compte du travail au noir ( par définition non comptabilisé )	dont la contribution à l' économie peut être très importante dans certains pays .	1>2	unknown	elaboration	elaboration
- Il ne tient pas compte du travail au noir ( par définition non comptabilisé )	- Il ne tient pas compte de la valeur estimée des actifs et passifs <*> publics et privés ,	1>2	unknown	continuation	conjunction
- Il ne tient pas compte de la valeur estimée des actifs et passifs <*> publics et privés ,	( le patrimoine )	1>2	unknown	e-elaboration	elaboration
- Il ne tient pas compte de la valeur estimée des actifs et passifs <*> publics et privés ,	ni des externalités positives ou négatives qui font évoluer cette valeur	1>2	unknown	continuation	conjunction
ni des externalités positives ou négatives qui font évoluer cette valeur	et donc contribuent à un gain ou à une perte de moyens .	1>2	unknown	result	causal
et donc contribuent à un gain ou à une perte de moyens .	Par exemple ,	1>2	unknown	elaboration	elaboration
Par exemple ,	il ne prend pas en compte les ressources naturelles ou minières du pays .	1>2	unknown	elaboration	elaboration
Par exemple ,	Dans le cas d' une production polluante ,	1>2	unknown	elaboration	elaboration
Dans le cas d' une production polluante ,	suivie d' un processus de dépollution ,	1>2	unknown	narration	temporal
suivie d' un processus de dépollution ,	on comptabilise deux productions ,	1>2	unknown	narration	temporal
Dans le cas d' une production polluante ,	pour un résultat global nul .	1>2	unknown	result	causal
Par exemple ,	Le PIB encourage d' une certaine façon la pollution .	1>2	unknown	result	causal
Le PIB encourage d' une certaine façon la pollution .	Il ne calcule pas les valeurs environnementales et sociales ,	1>2	unknown	elaboration	elaboration
Il ne calcule pas les valeurs environnementales et sociales ,	qui sont des critères de responsabilité sociétale des entreprises .	1>2	unknown	continuation	conjunction
- Il ne tient pas compte de la valeur estimée des actifs et passifs <*> publics et privés ,	- Dans le cas d' une catastrophe naturelle	1>2	unknown	continuation	conjunction
- Dans le cas d' une catastrophe naturelle	( ouragan , tremblement de terre ) ,	1>2	unknown	e-elaboration	elaboration
- Dans le cas d' une catastrophe naturelle	le PIB ne comptabilise les destructions d' actifs <*> qu' indirectement ,	1>2	unknown	elaboration	elaboration
le PIB ne comptabilise les destructions d' actifs <*> qu' indirectement ,	( maisons , routes ... )	1>2	unknown	e-elaboration	elaboration
le PIB ne comptabilise les destructions d' actifs <*> qu' indirectement ,	à la hauteur de l' impact sur la production	1>2	unknown	narration	temporal
à la hauteur de l' impact sur la production	( donc moins que la perte nette des actifs ) .	1>2	unknown	e-elaboration	elaboration
- Dans le cas d' une catastrophe naturelle	En revanche ,	1>2	unknown	contrast	contrast
En revanche ,	le PIB prend en compte les reconstructions qui font suite à la catastrophe	1>2	unknown	frame	frame
le PIB prend en compte les reconstructions qui font suite à la catastrophe	( souvent financées par des aides nationales ou internationales ) .	1>2	unknown	e-elaboration	elaboration
- Dans le cas d' une catastrophe naturelle	- Un pays qui investit à l' étranger <*> tend à diminuer son propre PIB	1>2	unknown	continuation	conjunction
- Un pays qui investit à l' étranger <*> tend à diminuer son propre PIB	( le Japon )	1>2	unknown	e-elaboration	elaboration
- Un pays qui investit à l' étranger <*> tend à diminuer son propre PIB	pour augmenter celui du pays débiteur	1>2	unknown	goal	purpose
pour augmenter celui du pays débiteur	( les États - Unis ) ;	1>2	unknown	e-elaboration	elaboration
- Un pays qui investit à l' étranger <*> tend à diminuer son propre PIB	inversement un pays exportateur net <*> produit pour des consommateurs étrangers et augmente ainsi son propre PIB .	1>2	unknown	contrast	contrast
inversement un pays exportateur net <*> produit pour des consommateurs étrangers et augmente ainsi son propre PIB .	( le Japon , encore )	1>2	unknown	e-elaboration	elaboration
- Un pays qui investit à l' étranger <*> tend à diminuer son propre PIB	- Le PIB ne considère pas l' actif	1>2	unknown	continuation	conjunction
- Le PIB ne considère pas l' actif	et donc encore moins la qualité de cet actif .	1>2	unknown	parallel	conjunction
- Le PIB ne considère pas l' actif	Les créances douteuses <*> passent ainsi à la trappe du PIB .	1>2	unknown	narration	temporal
Les créances douteuses <*> passent ainsi à la trappe du PIB .	( crédits accordés par les banques	1>2	unknown	e-elaboration	elaboration
( crédits accordés par les banques	mais dont on sait que l' emprunteur ne pourra le rembourser )	1>2	unknown	contrast	contrast
Les créances douteuses <*> passent ainsi à la trappe du PIB .	Ces créances douteuses , <*> sont une véritable gangrène de l' économie	1>2	unknown	elaboration	elaboration
Ces créances douteuses , <*> sont une véritable gangrène de l' économie	lorsqu' elles deviennent importantes ,	1>2	unknown	temploc	temporal
Ces créances douteuses , <*> sont une véritable gangrène de l' économie	- notamment dans les pays en voie de développement	1>2	unknown	continuation	conjunction
- notamment dans les pays en voie de développement	où l' euphorie de la croissance a tendance à faire oublier aux banques les règles élémentaires du contrôle des risques .	1>2	unknown	elaboration	elaboration
où l' euphorie de la croissance a tendance à faire oublier aux banques les règles élémentaires du contrôle des risques .	Ainsi la Chine , <*> est aussi championne des créances douteuses	1>2	unknown	continuation	conjunction
Ainsi la Chine , <*> est aussi championne des créances douteuses	championne de la croissance ,	1>2	unknown	e-elaboration	elaboration
Ainsi la Chine , <*> est aussi championne des créances douteuses	( officiellement 15 % de l' encours total du crédit des banques ;	1>2	unknown	elaboration	elaboration
( officiellement 15 % de l' encours total du crédit des banques ;	30 % serait vraisemblablement plus juste ) .	1>2	unknown	continuation	conjunction
- Le PIB ne considère pas l' actif	- Le PIB ne comptabilise le capital immatériel	1>2	unknown	continuation	conjunction
- Le PIB ne comptabilise le capital immatériel	que s' il est facturé par une entreprise à un client .	1>2	unknown	explanation	explanation
- Le PIB ne comptabilise le capital immatériel	Or , il peut arriver que certains services facturés soient inutiles ,	1>2	unknown	contrast	contrast
Or , il peut arriver que certains services facturés soient inutiles ,	et qu' en revanche d' autres services non facturés soient vitaux pour les clients .	1>2	unknown	continuation	conjunction
- Le PIB ne comptabilise le capital immatériel	- Il est délicat de chiffrer la contribution réelle des services non marchands et de l' administration publique à la richesse économique ,	1>2	unknown	continuation	conjunction
- Il est délicat de chiffrer la contribution réelle des services non marchands et de l' administration publique à la richesse économique ,	la pratique étant d' intégrer simplement leurs coûts au PIB ,	1>2	unknown	elaboration	elaboration
- Il est délicat de chiffrer la contribution réelle des services non marchands et de l' administration publique à la richesse économique ,	en l' absence de produits matérialisés par des facturations .	1>2	unknown	temploc	temporal
Une première réunion a eu lieu sur la question de l' indemnisation .	Un groupe de travail , <*> s' est réuni une première fois	1>2	unknown	elaboration	elaboration
Un groupe de travail , <*> s' est réuni une première fois	constitué par le secrétaire d' Etat aux anciens combattants Jacques Floch ,	1>2	unknown	e-elaboration	elaboration
constitué par le secrétaire d' Etat aux anciens combattants Jacques Floch ,	pour analyser les propositions et revendications des associations	1>2	unknown	goal	purpose
pour analyser les propositions et revendications des associations	qui protestent contre le décret du 13 juillet 2000 instituant une indemnité spécifique versée , sous certaines conditions , aux orphelins de déportés juifs .	1>2	unknown	e-elaboration	elaboration
qui protestent contre le décret du 13 juillet 2000 instituant une indemnité spécifique versée , sous certaines conditions , aux orphelins de déportés juifs .	Plus particulièrement , l' association des orphelins de déportés de la vallée du Rabodeau , <*> a multiplié les revendications et manifestations .	1>2	unknown	elaboration	elaboration
Plus particulièrement , l' association des orphelins de déportés de la vallée du Rabodeau , <*> a multiplié les revendications et manifestations .	que préside Arsène Vauthier ,	1>2	unknown	e-elaboration	elaboration
que préside Arsène Vauthier ,	Elle avait notamment déployé ses banderoles sur le passage de Lionel Jospin ,	1>2	unknown	elaboration	elaboration
constitué par le secrétaire d' Etat aux anciens combattants Jacques Floch ,	Elle avait notamment déployé ses banderoles sur le passage de Lionel Jospin ,	1>2	unknown	flashback	temporal
Elle avait notamment déployé ses banderoles sur le passage de Lionel Jospin ,	lors de sa récente visite à Lunéville .	1>2	unknown	temploc	temporal
Plus particulièrement , l' association des orphelins de déportés de la vallée du Rabodeau , <*> a multiplié les revendications et manifestations .	Ce dernier vient de répondre aux maires de la vallée et au député Claude Jacquot ,	1>2	unknown	narration	temporal
Ce dernier vient de répondre aux maires de la vallée et au député Claude Jacquot ,	qui lui avaient fait collectivement un courrier	1>2	unknown	background	frame
qui lui avaient fait collectivement un courrier	pour , de nouveau , attirer son attention sur ce dossier .	1>2	unknown	goal	purpose
Ce dernier vient de répondre aux maires de la vallée et au député Claude Jacquot ,	Lionel Jospin répond <*> sur son papier à en-tête de candidat à la présidentielle ,	1>2	unknown	elaboration	elaboration
Lionel Jospin répond <*> sur son papier à en-tête de candidat à la présidentielle ,	-il faut le souligner-	1>2	unknown	comment	comment
Lionel Jospin répond <*> sur son papier à en-tête de candidat à la présidentielle ,	et ne signe pas « le premier ministre » .	1>2	unknown	continuation	conjunction
et ne signe pas « le premier ministre » .	Il rappelle néanmoins un certain nombre d' actions entreprises par le gouvernement , et plus particulièrement la mise en place du groupe de travail ,	1>2	unknown	contrast	contrast
Il rappelle néanmoins un certain nombre d' actions entreprises par le gouvernement , et plus particulièrement la mise en place du groupe de travail ,	réuni pour la première fois il y a quelques jours .	1>2	unknown	e-elaboration	elaboration
Il rappelle néanmoins un certain nombre d' actions entreprises par le gouvernement , et plus particulièrement la mise en place du groupe de travail ,	Lionel Jospin note	1>2	unknown	continuation	conjunction
Lionel Jospin note	que la mission de ce groupe est « de ne pas méconnaître les justes revendications des autres orphelins de victimes du nazisme »	1>2	unknown	attribution	attribution
que la mission de ce groupe est « de ne pas méconnaître les justes revendications des autres orphelins de victimes du nazisme »	et de « trouver collectivement la meilleure façon de faire reconnaître par la Nation l' ampleur des souffrances subies » .	1>2	unknown	continuation	conjunction
Lionel Jospin note	Il n' en justifie pas moins le décret du 13 juillet 2000	1>2	unknown	continuation	conjunction
Il n' en justifie pas moins le décret du 13 juillet 2000	qui « crée bien un dispositif particulier » .	1>2	unknown	e-elaboration	elaboration
Il n' en justifie pas moins le décret du 13 juillet 2000	Lionel Jospin écrit :	1>2	unknown	elaboration	elaboration
Lionel Jospin écrit :	« Il m' a été donné de dire à plusieurs reprises	1>2	unknown	attribution	attribution
« Il m' a été donné de dire à plusieurs reprises	combien les persécutions antisémites et les actes qui en ont découlé revêtaient un caractère particulier aux yeux de l' histoire et de la morale » .	1>2	unknown	attribution	attribution
Un groupe de travail , <*> s' est réuni une première fois	Les associations représentées dans le groupe de travail sont les associations dites du « groupe des onze » ; puis la Fondation de la Résistance et la Fondation pour la mémoire de la Déportation ; la Fédération nationale des fils de morts pour la France ; l' Association d' entraide des veuves et orphelins de guerre ; l' Union nationale des orphelins de déportés et fusillés ; l' Association nationale des anciens combattants de la Résistance ; l' Associations des anciennes internées et déportées de la Résistance ; l' Union nationale des associations des déportés , internés et familles de disparus ; la Fédération nationale des déportés , internés , résistants et patriotes ; la Confédération nationale des combattants volontaires de la Résistance ; l' Union nationale des déportés , internés et victimes de guerre ; enfin , l' Association nationale des familles de fusillés et massacrés de la Résistance française .	1>2	unknown	e-elaboration	elaboration
L' éclipse du 11 août expliquée au centre Marie - Marvingt	Une éclipse de soleil se produira le mercredi 11 août à la mi-journée	1>2	unknown	elaboration	elaboration
Seule une bande du territoire d' environ 110 km de large comprenant la Lorraine , bénéficiera de l' éclipse totale .	En plein midi ,	1>2	unknown	elaboration	elaboration
la ville propose actuellement au centre Marie - Marvingt et jusqu' au 23 juin , une exposition réalisée par le CNRS intitulée « Images du ciel » .	Vingt - six tableaux <*> avec une quinzaine de définitions des mots-clefs tels :	1>2	unknown	elaboration	elaboration
L' éclipse du 11 août expliquée au centre Marie - Marvingt	la ville propose actuellement au centre Marie - Marvingt et jusqu' au 23 juin , une exposition réalisée par le CNRS intitulée « Images du ciel » .	1>2	unknown	elaboration	elaboration
Vingt - six tableaux <*> avec une quinzaine de définitions des mots-clefs tels :	pour expliquer ce qu' est une éclipse de soleil	1>2	unknown	goal	purpose
A travers cette balade interplanétaire ,	le visiteur enrichit ses connaissances	1>2	unknown	frame	frame
le visiteur enrichit ses connaissances	et apprend que le premier astronome français répondait au nom de Messier surnommé « Le furet des comètes » par Louis XV .	1>2	unknown	continuation	conjunction
Le vendredi 25 juin , au ciné 3000 à 20 h 30 ,	une soirée thématique sera organisée avec projections de films et diaporamas	1>2	unknown	frame	frame
une soirée thématique sera organisée avec projections de films et diaporamas	Pour animer cette soirée , François Puel ,	1>2	unknown	continuation	conjunction
Pour animer cette soirée , François Puel ,	Les participants à cette manifestation se verront offrir des lunettes de protection .	1>2	unknown	continuation	conjunction
Pour animer cette soirée , François Puel ,	chercheur du laboratoire d' astrophysique de Besançon .	1>2	unknown	e-elaboration	elaboration
Le vendredi 25 juin , au ciné 3000 à 20 h 30 ,	Puis , le jour J , dans le cadre de l' opération « ville , vie , vacances » ,	1>2	unknown	narration	temporal
Puis , le jour J , dans le cadre de l' opération « ville , vie , vacances » ,	les jeunes Maxévillois accompagnés des animateurs se rendront à Mont - Saint - Martin près de Metz	1>2	unknown	frame	frame
les jeunes Maxévillois accompagnés des animateurs se rendront à Mont - Saint - Martin près de Metz	Les jeunes intéressés peuvent s' inscrire dès maintenant .	1>2	unknown	background	frame
Une éclipse de soleil se produira le mercredi 11 août à la mi-journée	et sera visible partout en France .	1>2	unknown	continuation	conjunction
et sera visible partout en France .	Pour la majeure partie du pays , il s' agira d' une éclipse partielle .	1>2	unknown	elaboration	elaboration
Pour la majeure partie du pays , il s' agira d' une éclipse partielle .	Seule une bande du territoire d' environ 110 km de large comprenant la Lorraine , bénéficiera de l' éclipse totale .	1>2	unknown	contrast	contrast
Seule une bande du territoire d' environ 110 km de large comprenant la Lorraine , bénéficiera de l' éclipse totale .	L' éclipse totale est certainement un des événements naturels les plus spectaculaires .	1>2	unknown	comment	comment
En plein midi ,	la ville de Maxéville sera plongée durant quelques secondes dans la nuit .	1>2	unknown	frame	frame
Pour préparer la population à ce phénomène ,	la ville propose actuellement au centre Marie - Marvingt et jusqu' au 23 juin , une exposition réalisée par le CNRS intitulée « Images du ciel » .	1<2	unknown	goal	purpose
Vingt - six tableaux <*> avec une quinzaine de définitions des mots-clefs tels :	amas globulaire , amas ouvert , comètes , constellations , galaxie , mama	1>2	unknown	e-elaboration	elaboration
amas globulaire , amas ouvert , comètes , constellations , galaxie , mama	( machine automatique à mesurer l' astronomie ) .	1>2	unknown	e-elaboration	elaboration
Vingt - six tableaux <*> avec une quinzaine de définitions des mots-clefs tels :	A travers cette balade interplanétaire ,	1>2	unknown	continuation	conjunction
la ville propose actuellement au centre Marie - Marvingt et jusqu' au 23 juin , une exposition réalisée par le CNRS intitulée « Images du ciel » .	Le vendredi 25 juin , au ciné 3000 à 20 h 30 ,	1>2	unknown	narration	temporal
une soirée thématique sera organisée avec projections de films et diaporamas	pour découvrir ce moment unique	1>2	unknown	goal	purpose
pour découvrir ce moment unique	où la lune se place dans la trajectoire du soleil .	1>2	unknown	e-elaboration	elaboration
Les participants à cette manifestation se verront offrir des lunettes de protection .	Et la société Lorraine d' astronomie et le centre national de recherche scientifique donneront au public des conseils de prévention .	1>2	unknown	continuation	conjunction
Et la société Lorraine d' astronomie et le centre national de recherche scientifique donneront au public des conseils de prévention .	Cette soirée sera agrémentée d' une exposition concernant la genèse du système solaire .	1>2	unknown	continuation	conjunction
les jeunes Maxévillois accompagnés des animateurs se rendront à Mont - Saint - Martin près de Metz	où ils seront dans l' obscurité totale durant 2 mn 30 .	1>2	unknown	narration	temporal
les jeunes Maxévillois accompagnés des animateurs se rendront à Mont - Saint - Martin près de Metz	où ils seront dans l' obscurité totale durant 2 mn 30 .	1>2	unknown	continuation	conjunction
L' association paroissiale investit dans les locaux de la cure .	Lors de l' assemblée générale de l' Association paroissiale d' éducation populaire ,	1>2	unknown	elaboration	elaboration
Lors de l' assemblée générale de l' Association paroissiale d' éducation populaire ,	le bilan dressé par le vice-président , <*> fait apparaître un solde financier positif ,	1>2	unknown	frame	frame
L' assemblée générale a été l' occasion de discuter de la gestion des locaux de l' ancienne cure .	La réévaluation de cette participation était à l' ordre du jour .	1>2	unknown	continuation	conjunction
La réévaluation de cette participation était à l' ordre du jour .	Il a été décidé de maintenir la gratuité pour le repas annuel des anciens offert par le Ccas <*> de la commune .	1>2	unknown	result	causal
La réévaluation de cette participation était à l' ordre du jour .	Pour finir ,	1>2	unknown	continuation	conjunction
le bilan dressé par le vice-président , <*> fait apparaître un solde financier positif ,	M. Ménétrez ,	1>2	unknown	e-elaboration	elaboration
le bilan dressé par le vice-président , <*> fait apparaître un solde financier positif ,	notamment grâce au succès rencontré par le loto ,	1>2	unknown	explanation	explanation
notamment grâce au succès rencontré par le loto ,	au don de la section des « Fourmis » après leur marché de Noël	1>2	unknown	continuation	conjunction
au don de la section des « Fourmis » après leur marché de Noël	et à la vente de fleurs à l' occasion de la fête des Mères .	1>2	unknown	continuation	conjunction
le bilan dressé par le vice-président , <*> fait apparaître un solde financier positif ,	L' assemblée générale a été l' occasion de discuter de la gestion des locaux de l' ancienne cure .	1>2	unknown	continuation	conjunction
L' assemblée générale a été l' occasion de discuter de la gestion des locaux de l' ancienne cure .	Ces locaux , <*> sont loués à l' Apep pour une somme modique .	1>2	unknown	e-elaboration	elaboration
Ces locaux , <*> sont loués à l' Apep pour une somme modique .	qui sont la propriété de la commune ,	1>2	unknown	continuation	conjunction
Lorsque des utilisateurs , <*> les occupent ,	associations ou particuliers de la commune ,	1>2	unknown	e-elaboration	elaboration
L' assemblée générale a été l' occasion de discuter de la gestion des locaux de l' ancienne cure .	Lorsque des utilisateurs , <*> les occupent ,	1>2	unknown	background	frame
Lorsque des utilisateurs , <*> les occupent ,	il leur est demandé une participation aux frais de fonctionnement .	1>2	unknown	conditional	condition
Il a été décidé de maintenir la gratuité pour le repas annuel des anciens offert par le Ccas <*> de la commune .	( Centre communal d ' aide sociale )	1>2	unknown	e-elaboration	elaboration
Il a été décidé de maintenir la gratuité pour le repas annuel des anciens offert par le Ccas <*> de la commune .	Les associations du village ont vu leur contribution revue à la baisse .	1>2	unknown	continuation	conjunction
Les associations du village ont vu leur contribution revue à la baisse .	Elles verseront 40 pour l' organisation d' un repas <*> .	1>2	unknown	elaboration	elaboration
Elles verseront 40 pour l' organisation d' un repas <*> .	( au lieu de 60 précédemment )	1>2	unknown	contrast	contrast
Les associations du village ont vu leur contribution revue à la baisse .	« Pérouse amitié » , <*> voit également sa contribution aux frais diminuer	1>2	unknown	continuation	conjunction
Les associations du village ont vu leur contribution revue à la baisse .	« Pérouse amitié » , <*> voit également sa contribution aux frais diminuer	1>2	unknown	parallel	conjunction
« Pérouse amitié » , <*> voit également sa contribution aux frais diminuer	qui utilise la grande salle deux mercredis après-midi par mois ,	1>2	unknown	e-elaboration	elaboration
« Pérouse amitié » , <*> voit également sa contribution aux frais diminuer	( 150 par an ) .	1>2	unknown	elaboration	elaboration
« Pérouse amitié » , <*> voit également sa contribution aux frais diminuer	Pour les autres utilisations ,	1>2	unknown	continuation	conjunction
Pour les autres utilisations ,	se renseigner auprès du comité .	1>2	unknown	frame	frame
Pour les autres utilisations ,	Investissement en 2003 ,	1>2	unknown	continuation	conjunction
Investissement en 2003 ,	l' association envisage de changer les portes d' accès à la grande salle .	1>2	unknown	frame	frame
l' association envisage de changer les portes d' accès à la grande salle .	La commission de sécurité venant inspecter les locaux ,	1>2	unknown	continuation	conjunction
La commission de sécurité venant inspecter les locaux ,	il faudra tenir compte d' éventuelles mises en conformité décidées par ladite commission .	1>2	unknown	result	causal
Pour finir ,	le mot du président ,	1>2	unknown	frame	frame
le mot du président ,	qui rappelle la vocation des bénévoles de l ' association :	1>2	unknown	elaboration	elaboration
le mot du président ,	Luc Stéfann ,	1>2	unknown	e-elaboration	elaboration
qui rappelle la vocation des bénévoles de l ' association :	être un soutien pour la paroisse ,	1>2	unknown	elaboration	elaboration
être un soutien pour la paroisse ,	apporter une petite contribution financière aux travaux grâce aux manifestations et aux dons ,	1>2	unknown	continuation	conjunction
apporter une petite contribution financière aux travaux grâce aux manifestations et aux dons ,	accomplir de multiples tâches et démarches touchant aux bâtiment paroissiaux ,	1>2	unknown	continuation	conjunction
accomplir de multiples tâches et démarches touchant aux bâtiment paroissiaux ,	contribuer à la convivialité entre les paroissiens .	1>2	unknown	continuation	conjunction
L' association paroissiale investit dans les locaux de la cure .	Le comité est inchangé :	1>2	unknown	e-elaboration	elaboration
Le comité est inchangé :	président : Luc Stéfann ;	1>2	unknown	elaboration	elaboration
président : Luc Stéfann ;	vice- président : André Ménétrez ;	1>2	unknown	continuation	conjunction
vice- président : André Ménétrez ;	trésorière : Marie - Thérèse Joyot ;	1>2	unknown	continuation	conjunction
trésorière : Marie - Thérèse Joyot ;	secrétaire : Colette Mermet .	1>2	unknown	continuation	conjunction
Arthur Penn	Arthur Penn est un réalisateur américain né le 27 septembre 1922 à Philadelphie .	1>2	unknown	e-elaboration	elaboration
Arthur Penn est un réalisateur américain né le 27 septembre 1922 à Philadelphie .	Biographie	1>2	unknown	elaboration	elaboration
Biographie	C' est aux Théâtres des Armées , <*> qu' Arthur Penn fait ses premières armes de metteur en scène ,	1>2	unknown	elaboration	elaboration
C' est aux Théâtres des Armées , <*> qu' Arthur Penn fait ses premières armes de metteur en scène ,	Les nombreuses pièces qu' il monte rencontrent vite du succès	1>2	unknown	narration	temporal
Les nombreuses pièces qu' il monte rencontrent vite du succès	et il passe à la réalisation en 1958 avec Le Gaucher	1>2	unknown	narration	temporal
et il passe à la réalisation en 1958 avec Le Gaucher	Intellectuel passionné de cinéma européen ,	1>2	unknown	e-elaboration	elaboration
et il passe à la réalisation en 1958 avec Le Gaucher	Il réalise par la suite Miracle en Alabama	1>2	unknown	narration	temporal
Il réalise par la suite Miracle en Alabama	en 1965 ,	1>2	unknown	narration	temporal
Penn accepte bien qu' il sorte ecoeuré de l' expérience de La Poursuite impitoyable <*> ,	Beatty , <*> y joue le rôle de Clyde Barrow .	1>2	unknown	narration	temporal
Beatty , <*> y joue le rôle de Clyde Barrow .	Il voit d' un mauvais oeil certains aspects du scénario	1>2	unknown	elaboration	elaboration
Beatty , <*> y joue le rôle de Clyde Barrow .	Le film est malgré tout un succès au box-office	1>2	unknown	contrast	contrast
Beatty , <*> y joue le rôle de Clyde Barrow .	Le film est malgré tout un succès au box-office	1>2	unknown	narration	temporal
et permet à Penn d' aborder une grosse production ,	Little Big Man ,	1>2	unknown	e-elaboration	elaboration
Arthur Penn	Penn n' en demeure pas moins l' un des cinéastes les plus subversifs et les plus doués de sa génération ,	1>2	unknown	elaboration	elaboration
ayant insufflé au cinéma américain un rythme plus rapide et nerveux ,	en virtuose du montage qu' il est	1>2	unknown	elaboration	elaboration
en 1965 ,	Ce dernier , <*> le sollicite	1>2	unknown	narration	temporal
C' est aux Théâtres des Armées , <*> qu' Arthur Penn fait ses premières armes de metteur en scène ,	durant son service national ,	1>2	unknown	background	frame
C' est aux Théâtres des Armées , <*> qu' Arthur Penn fait ses premières armes de metteur en scène ,	activité qui l' amènera jusqu' à Broadway .	1>2	unknown	result	causal
et il passe à la réalisation en 1958 avec Le Gaucher	( The Left Handed Gun )	1>2	unknown	e-elaboration	elaboration
et il passe à la réalisation en 1958 avec Le Gaucher	interprété par Paul Newman ,	1>2	unknown	e-elaboration	elaboration
interprété par Paul Newman ,	alors débutant .	1>2	unknown	e-elaboration	elaboration
Intellectuel passionné de cinéma européen ,	Penn est de la génération des cinéastes en totale rupture avec l' Hollywood d' antan ,	1>2	unknown	background	frame
Penn est de la génération des cinéastes en totale rupture avec l' Hollywood d' antan ,	prônant un renouveau du cinéma ,	1>2	unknown	elaboration	elaboration
prônant un renouveau du cinéma ,	discours proche de celui de la Nouvelle Vague en France .	1>2	unknown	elaboration	elaboration
Il réalise par la suite Miracle en Alabama	( The Miracle Worker )	1>2	unknown	e-elaboration	elaboration
( The Miracle Worker )	qu' il avait précédemment mis en scène à Broadway ,	1>2	unknown	e-elaboration	elaboration
puis , <*> Mickey One interprété par un jeune premier :	en 1965 ,	1<2	unknown	frame	frame
puis , <*> Mickey One interprété par un jeune premier :	Warren Beatty .	1>2	unknown	e-elaboration	elaboration
Ce dernier , <*> le sollicite	une fois devenu vedette ,	1>2	unknown	background	frame
Ce dernier , <*> le sollicite	pour réaliser l' adaptation des aventures de Bonnie and Clyde .	1>2	unknown	goal	purpose
Ce dernier , <*> le sollicite	Penn accepte bien qu' il sorte ecoeuré de l' expérience de La Poursuite impitoyable <*> ,	1>2	unknown	narration	temporal
Penn accepte bien qu' il sorte ecoeuré de l' expérience de La Poursuite impitoyable <*> ,	( The Chase )	1>2	unknown	e-elaboration	elaboration
Penn accepte bien qu' il sorte ecoeuré de l' expérience de La Poursuite impitoyable <*> ,	saboté par son producteur Sam Spiegel .	1>2	unknown	explanation	explanation
Beatty , <*> y joue le rôle de Clyde Barrow .	en plus de produire ce projet qui lui tient à coeur ,	1>2	unknown	background	frame
Il voit d' un mauvais oeil certains aspects du scénario	qui montre le personnage de Barrow impuissant	1>2	unknown	elaboration	elaboration
Il voit d' un mauvais oeil certains aspects du scénario	et se montre guère convaincu par sa partenaire ,	1>2	unknown	continuation	conjunction
et se montre guère convaincu par sa partenaire ,	la jeune Faye Dunaway .	1>2	unknown	e-elaboration	elaboration
Le film est malgré tout un succès au box-office	et permet à Penn d' aborder une grosse production ,	1>2	unknown	result	causal
Little Big Man ,	épopée picaresque interpretée par Dustin Hoffman .	1>2	unknown	continuation	conjunction
et permet à Penn d' aborder une grosse production ,	Il réalise ensuite La Fugue	1>2	unknown	narration	temporal
Il réalise ensuite La Fugue	( Night Moves , 1975 )	1>2	unknown	e-elaboration	elaboration
Il réalise ensuite La Fugue	puis Missouri Breaks ( 1976 )	1>2	unknown	narration	temporal
puis Missouri Breaks ( 1976 )	et connaît un déclin créatif dans les années 80 .	1>2	unknown	narration	temporal
Penn n' en demeure pas moins l' un des cinéastes les plus subversifs et les plus doués de sa génération ,	Directeur d' acteur inspiré ,	1>2	unknown	continuation	conjunction
en virtuose du montage qu' il est	et qu' on pourrait rapprocher en cela d' un Sam Peckinpah .	1>2	unknown	continuation	conjunction
Penn n' en demeure pas moins l' un des cinéastes les plus subversifs et les plus doués de sa génération ,	ayant insufflé au cinéma américain un rythme plus rapide et nerveux ,	1>2	unknown	explanation	explanation
Directeur d' acteur inspiré ,	Penn est également un technicien habile et le visionnage attentif de ses films en témoigne indéniablement .	1>2	unknown	parallel	conjunction
Les réactions	Les réactions des adversaires du Manifeste insistèrent sur le fait	1>2	unknown	elaboration	elaboration
Les réactions des adversaires du Manifeste insistèrent sur le fait	La récente Histoire de la littérature belge parue chez Fayard <*> estime	1>2	unknown	background	frame
La récente Histoire de la littérature belge parue chez Fayard <*> estime	"Notamment parce que les signataires du Manifeste faisaient entendre un "" Nous "" collectif là où les collaborateurs de la revue de l' ULB faisaient entendre autant de "" je "" individuels ."	1>2	unknown	explanation	explanation
Les réactions des adversaires du Manifeste insistèrent sur le fait	Les réactions furent d' ailleurs en général négatives .	1>2	unknown	continuation	conjunction
Les réactions furent d' ailleurs en général négatives .	Le directeur de La Revue Nouvelle , <*> en janvier 1984 insista sur l' équivoque du texte ,	1>2	unknown	continuation	conjunction
Le directeur de La Revue Nouvelle , <*> en janvier 1984 insista sur l' équivoque du texte ,	Vingt ans plus tard ,	1>2	unknown	continuation	conjunction
Les réactions des adversaires du Manifeste insistèrent sur le fait	qu' il préludait à un repli sur soi de la Wallonie , à la rupture de la solidarité francophone avec Bruxelles	1>2	unknown	attribution	attribution
qu' il préludait à un repli sur soi de la Wallonie , à la rupture de la solidarité francophone avec Bruxelles	ou encore que les signataires cherchaient à se positionner avantageusement en fonction des évolutions institutionnelles .	1>2	unknown	alternation	alternation
La récente Histoire de la littérature belge parue chez Fayard <*> estime	( Paris , 2003 )	1>2	unknown	e-elaboration	elaboration
La récente Histoire de la littérature belge parue chez Fayard <*> estime	que ce Manifeste s' oppose trait pour tait à l' idée de belgitude	1>2	unknown	attribution	attribution
que ce Manifeste s' oppose trait pour tait à l' idée de belgitude	telle qu' elle avait été manifestée	1>2	unknown	elaboration	elaboration
telle qu' elle avait été manifestée	notamment dans le numéro spécial de la revue de l' ULB en 1980 intitulé La Belgique malgré tout .	1>2	unknown	elaboration	elaboration
Les réactions furent d' ailleurs en général négatives .	Y compris chez les hommes politiques peu soucieux de tenir compte d' une revendication semblant devoir déboucher logiquement sur la suppression de la Communauté française comme échelon institutionnel .	1>2	unknown	elaboration	elaboration
Le directeur de La Revue Nouvelle , <*> en janvier 1984 insista sur l' équivoque du texte ,	Michel Molitor ,	1>2	unknown	e-elaboration	elaboration
Le directeur de La Revue Nouvelle , <*> en janvier 1984 insista sur l' équivoque du texte ,	hésitant entre la quête d' une reconnaissance symbolique et l' exigence d' une modification institutionnelle .	1>2	unknown	elaboration	elaboration
Vingt ans plus tard ,	les partisans de cette vision reprirent le fil de leur réflexion	1>2	unknown	frame	frame
les partisans de cette vision reprirent le fil de leur réflexion	et déposèrent un nouveau Manifeste , le 15 septembre 2003 au Président du Parlement wallon <*> à Namur ,	1>2	unknown	parallel	conjunction
et déposèrent un nouveau Manifeste , le 15 septembre 2003 au Président du Parlement wallon <*> à Namur ,	( Robert Collignon )	1>2	unknown	e-elaboration	elaboration
et déposèrent un nouveau Manifeste , le 15 septembre 2003 au Président du Parlement wallon <*> à Namur ,	assorti d' une proposition de décret attribuant toutes les compétences en matière scolaire ou culturelle à la Wallonie .	1>2	unknown	e-elaboration	elaboration
Présidente de la Délégation aux droits des femmes de l' Assemblée nationale ,	Marie - Jo Zimmermann est inquiète .	1>2	unknown	e-elaboration	elaboration
Si les réformes envisagées par le gouvernement pour les européennes et les régionales sont adoptées telles qu' envisagées ,	Et ce , alors que la France est déjà fort en retard par rapport à nos voisins européens et même par rapport à de nombreux pays dans le monde .	1>2	unknown	background	frame
Marie - Jo Zimmermann est inquiète .	Si les réformes envisagées par le gouvernement pour les européennes et les régionales sont adoptées telles qu' envisagées ,	1>2	unknown	explanation	explanation
Si les réformes envisagées par le gouvernement pour les européennes et les régionales sont adoptées telles qu' envisagées ,	la parité hommes-femmes en politique risque de régresser .	1>2	unknown	conditional	condition
Si les réformes envisagées par le gouvernement pour les européennes et les régionales sont adoptées telles qu' envisagées ,	confie la députée de Moselle	1>2	unknown	comment	comment
« Près de trente ans après le combat mené par Françoise Giroud ,	confie la députée de Moselle	1<2	unknown	attribution	attribution
« Près de trente ans après le combat mené par Françoise Giroud ,	il est paradoxal de devoir tirer la sonnette d' alarme » ,	1>2	unknown	frame	frame
confie la députée de Moselle	en rendant hommage à celle qui fut secrétaire d' Etat à la Condition féminine .	1>2	unknown	elaboration	elaboration
En charge du dossier de la parité ,	elle a alerté le gouvernement et Alain Juppé	1<2	unknown	e-elaboration	elaboration
Marie - Jo Zimmermann est inquiète .	elle a alerté le gouvernement et Alain Juppé	1>2	unknown	elaboration	elaboration
En charge du dossier de la parité ,	au groupe RPR puis à celui de l' UMP ,	1>2	unknown	continuation	conjunction
au groupe RPR puis à celui de l' UMP ,	depuis son élection à l' Assemblée en 1998 ,	1>2	unknown	continuation	conjunction
elle a alerté le gouvernement et Alain Juppé	reconnaît - elle .	1>2	unknown	comment	comment
« La bataille est dure » ,	reconnaît - elle .	1<2	unknown	attribution	attribution
elle a alerté le gouvernement et Alain Juppé	Les obligations de parité prévues par la loi ont donné des résultats .	1>2	unknown	background	frame
Les obligations de parité prévues par la loi ont donné des résultats .	Aux législatives de 2002 ,	1>2	unknown	contrast	contrast
Les obligations de parité prévues par la loi ont donné des résultats .	Bilan contrasté , donc ,	1>2	unknown	result	causal
elle a alerté le gouvernement et Alain Juppé	La députée de Moselle mène donc campagne .	1>2	unknown	result	causal
elle a alerté le gouvernement et Alain Juppé	dès qu' il a été question de revoir les modes de scrutin , en juillet dernier .	1>2	unknown	temploc	temporal
Les obligations de parité prévues par la loi ont donné des résultats .	Pour les municipales de 2001 ,	1>2	unknown	elaboration	elaboration
Pour les municipales de 2001 ,	chaque liste devait présenter trois hommes et trois femmes par tranche de six .	1>2	unknown	frame	frame
chaque liste devait présenter trois hommes et trois femmes par tranche de six .	Le nombre de femmes élues dans les conseils municipaux est passé de 25,7 % à 47,5 % .	1>2	unknown	result	causal
Pour les municipales de 2001 ,	la stricte alternance homme-femme dans les départements élisant plus de deux sénateurs , <*> a permis de tripler le nombre de femmes élues .	1>2	unknown	parallel	conjunction
Pour les municipales de 2001 ,	Aux sénatoriales de la même année ,	1>2	unknown	continuation	conjunction
Aux sénatoriales de la même année ,	la stricte alternance homme-femme dans les départements élisant plus de deux sénateurs , <*> a permis de tripler le nombre de femmes élues .	1>2	unknown	frame	frame
la stricte alternance homme-femme dans les départements élisant plus de deux sénateurs , <*> a permis de tripler le nombre de femmes élues .	donc avec scrutin de liste à la proportionnelle ,	1>2	unknown	e-elaboration	elaboration
Aux législatives de 2002 ,	le scrutin uninominal majoritaire à deux tours ne permettait que des mesures incitatives ,	1>2	unknown	frame	frame
le scrutin uninominal majoritaire à deux tours ne permettait que des mesures incitatives ,	à savoir des pénalités financières portant sur l' aide publique de l' Etat aux partis politiques .	1>2	unknown	e-elaboration	elaboration
à savoir des pénalités financières portant sur l' aide publique de l' Etat aux partis politiques .	Elles n' ont pas produit d' effet ,	1>2	unknown	result	causal
Elles n' ont pas produit d' effet ,	notamment auprès des grandes formations susceptibles d' avoir des députés .	1>2	unknown	elaboration	elaboration
notamment auprès des grandes formations susceptibles d' avoir des députés .	Si le PC a présenté 43,9 % de femmes ,	1>2	unknown	elaboration	elaboration
Si le PC a présenté 43,9 % de femmes ,	le PS s' est contenté de 36,1 %	1>2	unknown	contrast	contrast
le PS s' est contenté de 36,1 %	tandis que l' UMP stagnait à 19,9 %	1>2	unknown	contrast	contrast
tandis que l' UMP stagnait à 19,9 %	et l' UDF à 19,7 % .	1>2	unknown	continuation	conjunction
Si le PC a présenté 43,9 % de femmes ,	Ces partis recevront donc en moins , chaque année , respectivement 118.385 euros , 1,5 millions d' euros , 4 millions d' euros et 625.000 euros .	1>2	unknown	result	causal
Pour les européennes ,	si chaque liste est subdivisée en sections départementales avec une obligation de parité par tranche de six .	1>2	unknown	parallel	conjunction
si chaque liste est subdivisée en sections départementales avec une obligation de parité par tranche de six .	explique Marie - Jo Zimmermann .	1>2	unknown	elaboration	elaboration
au moment où le gouvernement prépare des réformes électorales défavorables à la parité .	Pour les européennes ,	1>2	unknown	elaboration	elaboration
il prévoit huit grandes régions mais avec des sous-sections par régions administratives	Dans ce cas , les élus seraient essentiellement les têtes de liste et donc rarement des femmes .	1>2	unknown	result	causal
Dans ce cas , les élus seraient essentiellement les têtes de liste et donc rarement des femmes .	En 1999 ,	1>2	unknown	background	frame
Bilan contrasté , donc ,	au moment où le gouvernement prépare des réformes électorales défavorables à la parité .	1>2	unknown	background	frame
Pour les européennes ,	il prévoit huit grandes régions mais avec des sous-sections par régions administratives	1>2	unknown	frame	frame
il prévoit huit grandes régions mais avec des sous-sections par régions administratives	qui n' éliraient qu' un , deux ou trois députés .	1>2	unknown	e-elaboration	elaboration
En 1999 ,	celles-ci ont représenté 40,2 % des élus ,	1>2	unknown	frame	frame
celles-ci ont représenté 40,2 % des élus ,	pourcentage qui se verrait fort réduit .	1>2	unknown	e-elaboration	elaboration
Le même phénomène se retrouverait aux régionales	si chaque liste est subdivisée en sections départementales avec une obligation de parité par tranche de six .	1<2	unknown	conditional	condition
« Pour une région comportant cinq départements ,	explique Marie - Jo Zimmermann .	1<2	unknown	attribution	attribution
« Pour une région comportant cinq départements ,	il pourrait y avoir 3 x 5 = 15 hommes en tête » ,	1>2	unknown	frame	frame
au moment où le gouvernement prépare des réformes électorales défavorables à la parité .	Seule solution :	1>2	unknown	result	causal
Seule solution :	appliquer une stricte alternance homme-femme dans chacune des sections .	1>2	unknown	elaboration	elaboration
appliquer une stricte alternance homme-femme dans chacune des sections .	D' autant que le relèvement des seuils excluerait de nombreuses petites listes .	1>2	unknown	continuation	conjunction
La députée de Moselle mène donc campagne .	si les projets du gouvernement ne respectent pas l' article 3 de la Constitution	1>2	unknown	continuation	conjunction
Et menace de saisir le Conseil constitutionnel	si les projets du gouvernement ne respectent pas l' article 3 de la Constitution	1<2	unknown	conditional	condition
si les projets du gouvernement ne respectent pas l' article 3 de la Constitution	qui dispose	1>2	unknown	e-elaboration	elaboration
qui dispose	que « la loi favorise l' égal accès des femmes et des hommes aux mandats électoraux et fonctions électives » .	1>2	unknown	attribution	attribution
Présidente de la Délégation aux droits des femmes de l' Assemblée nationale ,	Chantal DIDIER	1<2	unknown	attribution	attribution
Amelia Island	Amelia Island est une île ,	1>2	unknown	e-elaboration	elaboration
Amelia Island est l' une des destinations les plus populaires de la First Coast .	On peut y pratiquer le nautisme et le kayak ,	1>2	unknown	explanation	explanation
On peut y pratiquer le nautisme et le kayak ,	Restaurants , boutiques et galeries d' art sont nombreux .	1>2	unknown	continuation	conjunction
Amelia Island est une île ,	la plus méridionale des Sea Islands	1>2	unknown	e-elaboration	elaboration
la plus méridionale des Sea Islands	( une chaîne d' îles et d' îlots	1>2	unknown	e-elaboration	elaboration
( une chaîne d' îles et d' îlots	qui s' étend le long de la côte est des États - Unis d' Amérique , de la Caroline du Nord à la Floride ) .	1>2	unknown	continuation	conjunction
Amelia Island est une île ,	Amelia Island est longue de 21 kilomètres	1>2	unknown	continuation	conjunction
Amelia Island est longue de 21 kilomètres	et fait jusqu' à 6 kilomètres de large .	1>2	unknown	continuation	conjunction
et fait jusqu' à 6 kilomètres de large .	Elle est située au sud de la Cumberland Island <*> au large des côtes de la Floride , dans le comté de Nassau .	1>2	unknown	continuation	conjunction
Elle est située au sud de la Cumberland Island <*> au large des côtes de la Floride , dans le comté de Nassau .	( Géorgie ) ,	1>2	unknown	e-elaboration	elaboration
Elle est située au sud de la Cumberland Island <*> au large des côtes de la Floride , dans le comté de Nassau .	Fernandina Beach et Amelia City se trouvent sur cette île .	1>2	unknown	continuation	conjunction
Fernandina Beach et Amelia City se trouvent sur cette île .	Elle est aussi connue sous le nom de l' île aux huit drapeaux ,	1>2	unknown	continuation	conjunction
Elle est aussi connue sous le nom de l' île aux huit drapeaux ,	huit nations ayant successivement occupé les lieux depuis 1562 :	1>2	unknown	explanation	explanation
Elle est aussi connue sous le nom de l' île aux huit drapeaux ,	Avec ses plages ,	1>2	unknown	continuation	conjunction
huit nations ayant successivement occupé les lieux depuis 1562 :	la France , l' Espagne , le Royaume-Uni , l' Espagne à nouveau , les Patriotes d' Amelia Island , la Croix verte de Floride , le Mexique , les États confédérés d' Amérique , les États - Unis d' Amérique .	1>2	unknown	e-elaboration	elaboration
Avec ses plages ,	Amelia Island est l' une des destinations les plus populaires de la First Coast .	1>2	unknown	result	causal
On peut y pratiquer le nautisme et le kayak ,	mais aussi le golf sur six terrains de championnat .	1>2	unknown	parallel	conjunction
Restaurants , boutiques et galeries d' art sont nombreux .	L' île accueille différents festivals , comme celui de la crevette , du jazz ou de la musique de chambre .	1>2	unknown	continuation	conjunction
L' île accueille différents festivals , comme celui de la crevette , du jazz ou de la musique de chambre .	S' y déroule aussi chaque année , en avril , un important tournoi professionnel de tennis féminin .	1>2	unknown	continuation	conjunction
Inhibition de contact	L' Inhibition de contact est le fait que de nombreuses cellules normales ou dérivant de cellules normales <*> se multiplient	1>2	unknown	elaboration	elaboration
L' Inhibition de contact est le fait que de nombreuses cellules normales ou dérivant de cellules normales <*> se multiplient	( en particulier des cellules épithéliales ) ,	1>2	unknown	e-elaboration	elaboration
L' Inhibition de contact est le fait que de nombreuses cellules normales ou dérivant de cellules normales <*> se multiplient	mises en culture ,	1>2	unknown	explanation	explanation
L' Inhibition de contact est le fait que de nombreuses cellules normales ou dérivant de cellules normales <*> se multiplient	jusqu' à ce qu' elles aient formé une couche simple .	1>2	unknown	result	causal
jusqu' à ce qu' elles aient formé une couche simple .	Des protéines de jonction s' établissent entre ces cellules	1>2	unknown	elaboration	elaboration
Des protéines de jonction s' établissent entre ces cellules	et provoquent le blocage des divisions cellulaires	1>2	unknown	narration	temporal
et provoquent le blocage des divisions cellulaires	lorsque les cellules entrent en contact étroit les unes avec les autres	1>2	unknown	background	frame
et provoquent le blocage des divisions cellulaires	( d' où le terme d' inhibition de contact ) .	1>2	unknown	comment	comment
Inhibition de contact	Une étude des cellules cancéreuses en culture a révélé	1>2	unknown	elaboration	elaboration
L' Inhibition de contact est le fait que de nombreuses cellules normales ou dérivant de cellules normales <*> se multiplient	Une étude des cellules cancéreuses en culture a révélé	1>2	unknown	contrast	contrast
Une étude des cellules cancéreuses en culture a révélé	que les signaux qui font normalement cesser la croissance n' ont aucun effet sur elles .	1>2	unknown	attribution	attribution
que les signaux qui font normalement cesser la croissance n' ont aucun effet sur elles .	Plus particulièrement , les cellules cancéreuses en culture sont insensibles à l' inhibition de contact .	1>2	unknown	elaboration	elaboration
Plus particulièrement , les cellules cancéreuses en culture sont insensibles à l' inhibition de contact .	Ce blocage fait intervenir des cascades de signalisation intra-cellulaires	1>2	unknown	elaboration	elaboration
Ce blocage fait intervenir des cascades de signalisation intra-cellulaires	partant de ces protéines de jonction	1>2	unknown	e-elaboration	elaboration
partant de ces protéines de jonction	( notamment les cadhérines et les sélectines )	1>2	unknown	e-elaboration	elaboration
partant de ces protéines de jonction	et aboutissant sur des protéines de contrôle de la prolifération cellulaire .	1>2	unknown	continuation	conjunction
Plus particulièrement , les cellules cancéreuses en culture sont insensibles à l' inhibition de contact .	Les cellules cancéreuses continuent généralement de se diviser	1>2	unknown	result	causal
Les cellules cancéreuses continuent généralement de se diviser	même après qu' elles aient formée une couche simple .	1>2	unknown	contrast	contrast
Les cellules cancéreuses continuent généralement de se diviser	même après qu' elles aient formée une couche simple .	1>2	unknown	flashback	temporal
Massacre d' Ispahan	Le massacre commence	1>2	unknown	elaboration	elaboration
Massacre d' Ispahan	En 1387 ,	1>2	unknown	background	frame
En 1387 ,	Un des chef locaux commit la maladresse sinon la folie de retenir les diplomates envoyés par Tamerlan .	1>2	unknown	frame	frame
Tamerlan effectue des raids en Iran .	Un des chef locaux commit la maladresse sinon la folie de retenir les diplomates envoyés par Tamerlan .	1<2	unknown	background	frame
Un des chef locaux commit la maladresse sinon la folie de retenir les diplomates envoyés par Tamerlan .	le Grand Émir parcourt les centaines de kilomètres qui le séparent d' Ispahan ,	1>2	unknown	narration	temporal
Un des chef locaux commit la maladresse sinon la folie de retenir les diplomates envoyés par Tamerlan .	le Grand Émir parcourt les centaines de kilomètres qui le séparent d' Ispahan ,	1>2	unknown	result	causal
Ceci étant un crime pour les Turco - Mongols ,	le Grand Émir parcourt les centaines de kilomètres qui le séparent d' Ispahan ,	1<2	unknown	explanation	explanation
le Grand Émir parcourt les centaines de kilomètres qui le séparent d' Ispahan ,	la métropole du fautif	1>2	unknown	e-elaboration	elaboration
En 1387 ,	Reddition	1>2	unknown	narration	temporal
Reddition	À l' arrivée de l' armée ,	1>2	unknown	elaboration	elaboration
À l' arrivée de l' armée ,	le gouverneur de la ville vient remettre les clés de la cité à Tamerlan .	1>2	unknown	temploc	temporal
le gouverneur de la ville vient remettre les clés de la cité à Tamerlan .	L' armée est déçue ,	1>2	unknown	narration	temporal
le gouverneur de la ville vient remettre les clés de la cité à Tamerlan .	L' armée est déçue ,	1>2	unknown	result	causal
L' armée est déçue ,	il n' y a aucun viol , aucun pillage , aucun meurtre .	1>2	unknown	explanation	explanation
L' armée est déçue ,	La population est nerveuse , versatile et un peu effrayée .	1>2	unknown	continuation	conjunction
L' armée est déçue ,	Tamerlan fait désarmer la cité	1>2	unknown	narration	temporal
Pour éviter tout problème ,	Tamerlan fait désarmer la cité	1<2	unknown	goal	purpose
Reddition	Début des hostilités	1>2	unknown	narration	temporal
Début des hostilités	Une taxe est fixée ,	1>2	unknown	elaboration	elaboration
Une taxe est fixée ,	son paiement commence ,	1>2	unknown	narration	temporal
son paiement commence ,	5 000 Djaghataïdes circulent dans la ville	1>2	unknown	continuation	conjunction
5 000 Djaghataïdes circulent dans la ville	pour percevoir le paiement	1>2	unknown	goal	purpose
pour percevoir le paiement	et commercer	1>2	unknown	continuation	conjunction
5 000 Djaghataïdes circulent dans la ville	C' est alors qu' un incident banal se produit ,	1>2	unknown	narration	temporal
C' est alors qu' un incident banal se produit ,	un mercenaire croise une fille	1>2	unknown	elaboration	elaboration
un mercenaire croise une fille	et l' aborde .	1>2	unknown	narration	temporal
et l' aborde .	Elle crie au secours ;	1>2	unknown	narration	temporal
Elle crie au secours ;	un tambour se met à battre l' alerte .	1>2	unknown	narration	temporal
Elle crie au secours ;	un tambour se met à battre l' alerte .	1>2	unknown	result	causal
C' est alors qu' un incident banal se produit ,	Et soudain , la panique s' empare de la foule	1>2	unknown	narration	temporal
Et soudain , la panique s' empare de la foule	qui se rue sur les Djaghataïdes ,	1>2	unknown	result	causal
qui se rue sur les Djaghataïdes ,	les égorge .	1>2	unknown	continuation	conjunction
Ceux qui sont près des portes réussissent à s' enfuir	mais les autres sont massacrés .	1>2	unknown	contrast	contrast
qui se rue sur les Djaghataïdes ,	Ceux qui sont près des portes réussissent à s' enfuir	1>2	unknown	narration	temporal
mais les autres sont massacrés .	On dénombre environ 3 000 morts .	1>2	unknown	result	causal
Début des hostilités	Le massacre commence	1>2	unknown	narration	temporal
Le massacre commence	La fureur de Tamerlan est terrible .	1>2	unknown	elaboration	elaboration
Ceux qui sont près des portes réussissent à s' enfuir	Le massacre commence	1>2	unknown	result	causal
La fureur de Tamerlan est terrible .	Si on peut tuer 3 000 Timourides ,	1>2	unknown	explanation	explanation
Si on peut tuer 3 000 Timourides ,	que ne doit - on pas craindre pour l' avenir ?	1>2	unknown	conditional	condition
La fureur de Tamerlan est terrible .	Le lendemain ,	1>2	unknown	result	causal
Le lendemain ,	il se dirige vers la ville	1>2	unknown	frame	frame
il se dirige vers la ville	pour une opération de représailles .	1>2	unknown	goal	purpose
pour une opération de représailles .	La ville résiste ;	1>2	unknown	narration	temporal
La ville résiste ;	il est trop tard pour se soumettre ,	1>2	unknown	explanation	explanation
La ville résiste ;	mais <*> elle succombe vite .	1>2	unknown	contrast	contrast
La ville résiste ;	mais <*> elle succombe vite .	1>2	unknown	narration	temporal
mais <*> elle succombe vite .	comme elle a été désarmée ,	1>2	unknown	explanation	explanation
mais <*> elle succombe vite .	Tamerlan fait isoler quelques quartiers	1>2	unknown	narration	temporal
Tamerlan fait isoler quelques quartiers	où la population a aidé les Djaghataïdes à s' enfuir ,	1>2	unknown	e-elaboration	elaboration
où la population a aidé les Djaghataïdes à s' enfuir ,	certains quartiers logeant des religieux , etc.	1>2	unknown	continuation	conjunction
Tamerlan fait isoler quelques quartiers	où la population a aidé les Djaghataïdes à s' enfuir ,	1>2	unknown	explanation	explanation
Tamerlan fait isoler quelques quartiers	Puis , on ordonne à chaque soldat de tuer sans pitié	1>2	unknown	narration	temporal
jusqu' à ce que les bureaux <*> aient enregistré le nombre de têtes	qu' il a mis en place	1>2	unknown	e-elaboration	elaboration
jusqu' à ce que les bureaux <*> aient enregistré le nombre de têtes	qu' il a fixé .	1>2	unknown	e-elaboration	elaboration
Puis , on ordonne à chaque soldat de tuer sans pitié	jusqu' à ce que les bureaux <*> aient enregistré le nombre de têtes	1>2	unknown	temploc	temporal
Puis , on ordonne à chaque soldat de tuer sans pitié	Le bain de sang commence ,	1>2	unknown	narration	temporal
Le bain de sang commence ,	on en oublie de piller et violer ,	1>2	unknown	elaboration	elaboration
on en oublie de piller et violer ,	on tue .	1>2	unknown	continuation	conjunction
on tue .	On tue au hasard hommes , femmes et enfants .	1>2	unknown	elaboration	elaboration
Le bain de sang commence ,	on les amène à l' extérieur de la ville	1>2	unknown	narration	temporal
À mesure qu' arrivent les trophées ,	on les amène à l' extérieur de la ville	1<2	unknown	background	frame
on les amène à l' extérieur de la ville	pour en faire des tours ,	1>2	unknown	goal	purpose
pour en faire des tours ,	ce sont les célèbres minarets de crânes de Tamerlan .	1>2	unknown	comment	comment
Le massacre commence	Résultats	1>2	unknown	result	causal
Résultats	les approximations varient de 100 000 à 200 000 victimes .	1>2	unknown	elaboration	elaboration
Le massacre commence	Véritablement atroce ,	1>2	unknown	comment	comment
Résultats	Véritablement atroce ,	1>2	unknown	comment	comment
Aujourd'hui	on ré-évalue à la baisse ses morbides résultats :	1>2	unknown	frame	frame
les approximations varient de 100 000 à 200 000 victimes .	Aujourd'hui	1>2	unknown	contrast	contrast
on ré-évalue à la baisse ses morbides résultats :	soit 70 000 victimes	1>2	unknown	e-elaboration	elaboration
soit 70 000 victimes	formant environ 45 minarets de 2 000 crânes humains chacun .	1>2	unknown	e-elaboration	elaboration
Résultats	Bien sûr , il reste difficile de faire complétement la part de la légende et de la réalité historique .	1>2	unknown	comment	comment
Bien sûr , il reste difficile de faire complétement la part de la légende et de la réalité historique .	Toutefois , ce massacre participa grandement à la réputation de cruauté sauvage et aveugle	1>2	unknown	contrast	contrast
Toutefois , ce massacre participa grandement à la réputation de cruauté sauvage et aveugle	qui est celle de Tamerlan .	1>2	unknown	e-elaboration	elaboration
Jet d' éponge	Que s' est - il passé ?	1>2	unknown	elaboration	elaboration
Que s' est - il passé ?	Or elle aurait décidé de jeter l' éponge .	1>2	unknown	elaboration	elaboration
M. Brandt est l' actionnaire majoritaire <*> d' EFI .	( à 68 % )	1>2	unknown	e-elaboration	elaboration
Que s' est - il passé ?	M. Brandt est l' actionnaire majoritaire <*> d' EFI .	1>2	unknown	background	frame
M. Brandt est l' actionnaire majoritaire <*> d' EFI .	La banque de l' entreprise , <*> possède pour sa part 22 % des actions .	1>2	unknown	continuation	conjunction
La banque de l' entreprise , <*> possède pour sa part 22 % des actions .	la Société Générale ,	1>2	unknown	e-elaboration	elaboration
Or elle aurait décidé de jeter l' éponge .	« Nous avions bon espoir d' obtenir d' elle un prêt - relais	1>2	unknown	elaboration	elaboration
M. Brandt est l' actionnaire majoritaire <*> d' EFI .	Or elle aurait décidé de jeter l' éponge .	1>2	unknown	contrast	contrast
« Nous avions bon espoir d' obtenir d' elle un prêt - relais	Las .	1>2	unknown	comment	comment
« Nous avions bon espoir d' obtenir d' elle un prêt - relais	Las .	1>2	unknown	contrast	contrast
« Nous avions bon espoir d' obtenir d' elle un prêt - relais	explique <*> Michel Balandier .	1>2	unknown	attribution	attribution
explique <*> Michel Balandier .	le directeur d' EFI	1>2	unknown	e-elaboration	elaboration
« Nous avions bon espoir d' obtenir d' elle un prêt - relais	pour acheter les matières premières nécessaires au redémarrage de l' activité ,	1>2	unknown	goal	purpose
pour acheter les matières premières nécessaires au redémarrage de l' activité ,	car dans l' usine ,	1>2	unknown	explanation	explanation
car dans l' usine ,	les machines sont arrêtées depuis le 14 janvier dernier »	1>2	unknown	frame	frame
« Nous avions bon espoir d' obtenir d' elle un prêt - relais	Ce prêt aurait permis aussi à la société de lancer sa production de plaques offset en numérique ,	1>2	unknown	parallel	conjunction
Ce prêt aurait permis aussi à la société de lancer sa production de plaques offset en numérique ,	une technologie qu' elle est parvenue à maîtriser l' an dernier ,	1>2	unknown	e-elaboration	elaboration
et qui pouvait la sauver ,	car elle est très attendue sur le marché .	1>2	unknown	explanation	explanation
une technologie qu' elle est parvenue à maîtriser l' an dernier ,	et qui pouvait la sauver ,	1>2	unknown	continuation	conjunction
Las .	la Société Générale n' a pas accordé ce crédit .	1>2	unknown	explanation	explanation
Pour des raisons que le directeur ne connaît pas ,	la Société Générale n' a pas accordé ce crédit .	1<2	unknown	background	frame
la Société Générale n' a pas accordé ce crédit .	C' est connu , les malheurs ne surviennent jamais seuls :	1>2	unknown	continuation	conjunction
C' est connu , les malheurs ne surviennent jamais seuls :	un important groupe canadien <*> n' a soudainement plus donné signe de vie .	1>2	unknown	elaboration	elaboration
un important groupe canadien <*> n' a soudainement plus donné signe de vie .	qui se disait intéressé par la distribution en Europe des plaques numériques mises au point à Baume	1>2	unknown	e-elaboration	elaboration
un important groupe canadien <*> n' a soudainement plus donné signe de vie .	Quant au chèque de 76.000 euros ,	1>2	unknown	continuation	conjunction
Quant au chèque de 76.000 euros ,	la banque a apparemment refusé de l' honorer .	1>2	unknown	frame	frame
la banque a apparemment refusé de l' honorer .	Plus exactement ,	1>2	unknown	elaboration	elaboration
Plus exactement ,	cet argent a servi à régler une partie <*> des salaires de janvier .	1>2	unknown	elaboration	elaboration
cet argent a servi à régler une partie <*> des salaires de janvier .	( 30 % )	1>2	unknown	elaboration	elaboration
un important groupe canadien <*> n' a soudainement plus donné signe de vie .	Dès lors , la « condamnation » de l' entreprise devenait inévitable .	1>2	unknown	result	causal
Dès lors , la « condamnation » de l' entreprise devenait inévitable .	Car EFI , <*> devait déjà impérativement régler une partie des sommes dues à ses créanciers en juin dernier .	1>2	unknown	explanation	explanation
Car EFI , <*> devait déjà impérativement régler une partie des sommes dues à ses créanciers en juin dernier .	mise en redressement judiciaire en 1998 avec un plan de continuation de dix ans ,	1>2	unknown	narration	temporal
Car EFI , <*> devait déjà impérativement régler une partie des sommes dues à ses créanciers en juin dernier .	Elle n' y était pas parvenue à cette date .	1>2	unknown	contrast	contrast
Elle n' y était pas parvenue à cette date .	Alors le tribunal lui avait accordé un ultime délai :	1>2	unknown	result	causal
Alors le tribunal lui avait accordé un ultime délai :	fin janvier ,	1>2	unknown	e-elaboration	elaboration
fin janvier ,	avec l' échec que l' on sait .	1>2	unknown	comment	comment
Car EFI , <*> devait déjà impérativement régler une partie des sommes dues à ses créanciers en juin dernier .	Et comme le plan de résorption des dettes prévoyait un autre versement de près de deux millions d' euros en juin prochain ...	1>2	unknown	continuation	conjunction
Houessou Akaba	Houessou Akaba est traditionnellement le quatrième des douze rois du Dahomey .	1>2	unknown	e-elaboration	elaboration
Houessou Akaba est traditionnellement le quatrième des douze rois du Dahomey .	Il régna de 1685 à 1708 .	1>2	unknown	e-elaboration	elaboration
Il régna de 1685 à 1708 .	Il a poursuivi l’ œuvre d’ organisation de son père Aho Houegbadja .	1>2	unknown	continuation	conjunction
Il a poursuivi l’ œuvre d’ organisation de son père Aho Houegbadja .	Notamment , il a fixé les institutions du pouvoir et les rituels d’ intronisation du roi d’ Abomey .	1>2	unknown	elaboration	elaboration
Houessou Akaba est traditionnellement le quatrième des douze rois du Dahomey .	Ses symboles étaient le sanglier et le couteau .	1>2	unknown	background	frame
Exobiologie	L ' exobiologie <*> est une science interdisciplinaire	1>2	unknown	elaboration	elaboration
L ' exobiologie <*> est une science interdisciplinaire	( aussi appelée astrobiologie par les anglo-saxons )	1>2	unknown	e-elaboration	elaboration
L ' exobiologie <*> est une science interdisciplinaire	qui a pour objet l ' étude des facteurs et processus ,	1>2	unknown	elaboration	elaboration
qui a pour objet l ' étude des facteurs et processus ,	notamment géochimiques et biochimiques ,	1>2	unknown	e-elaboration	elaboration
qui a pour objet l ' étude des facteurs et processus ,	pouvant mener à l ' apparition de la vie , d ' une maniére générale , et à son évolution .	1>2	unknown	continuation	conjunction
pouvant mener à l ' apparition de la vie , d ' une maniére générale , et à son évolution .	Ceci s ' applique aussi bien à l ' émergence de la vie sur terre ,	1>2	unknown	continuation	conjunction
Ceci s ' applique aussi bien à l ' émergence de la vie sur terre ,	qu ' à la possibilité de vie ailleurs dans le système solaire ,	1>2	unknown	parallel	conjunction
qu ' à la possibilité de vie ailleurs dans le système solaire ,	voire sur d ' éventuelles planètes extrasolaires ou autre .	1>2	unknown	elaboration	elaboration
Ceci s ' applique aussi bien à l ' émergence de la vie sur terre ,	il y a 3 à 4 milliards d ' années ,	1>2	unknown	temploc	temporal
Ceci s ' applique aussi bien à l ' émergence de la vie sur terre ,	Elle s ' attache à rechercher d ' éventuels processus présidant à l ' évolution de la matière organique simple <*> vers des structures plus complexes <*> autant que d ' éventuelles traces ou possibilité de vie sur d ' autres astres	1>2	unknown	continuation	conjunction
Elle s ' attache à rechercher d ' éventuels processus présidant à l ' évolution de la matière organique simple <*> vers des structures plus complexes <*> autant que d ' éventuelles traces ou possibilité de vie sur d ' autres astres	( biomolécules : chaînes peptidiques , nucléiques ou lipidiques )	1>2	unknown	e-elaboration	elaboration
Elle s ' attache à rechercher d ' éventuels processus présidant à l ' évolution de la matière organique simple <*> vers des structures plus complexes <*> autant que d ' éventuelles traces ou possibilité de vie sur d ' autres astres	( premières cellules , premiers systèmes génétiques ... )	1>2	unknown	e-elaboration	elaboration
Elle s ' attache à rechercher d ' éventuels processus présidant à l ' évolution de la matière organique simple <*> vers des structures plus complexes <*> autant que d ' éventuelles traces ou possibilité de vie sur d ' autres astres	connaissant des environnements radicalement différents du nôtre .	1>2	unknown	e-elaboration	elaboration
Elle s ' attache à rechercher d ' éventuels processus présidant à l ' évolution de la matière organique simple <*> vers des structures plus complexes <*> autant que d ' éventuelles traces ou possibilité de vie sur d ' autres astres	Une profonde interaction entre des domaines aussi divers que la physique , la chimie organique et inorganique , la biochimie , la biologie cellulaire , la climatologie , la géochimie , la planétologie et la modélisation informatique <*> est donc indispensable	1>2	unknown	result	causal
Une profonde interaction entre des domaines aussi divers que la physique , la chimie organique et inorganique , la biochimie , la biologie cellulaire , la climatologie , la géochimie , la planétologie et la modélisation informatique <*> est donc indispensable	( pour ne citer que ceux -là )	1>2	unknown	comment	comment
Une profonde interaction entre des domaines aussi divers que la physique , la chimie organique et inorganique , la biochimie , la biologie cellulaire , la climatologie , la géochimie , la planétologie et la modélisation informatique <*> est donc indispensable	pour tenter d ' appréhender les processus en oeuvre dans leur ensemble .	1>2	unknown	goal	purpose
Une profonde interaction entre des domaines aussi divers que la physique , la chimie organique et inorganique , la biochimie , la biologie cellulaire , la climatologie , la géochimie , la planétologie et la modélisation informatique <*> est donc indispensable	Par extension , l ' exobiologie concerne également la recherche de vie extraterrestre sous quelque forme que ce soit ,	1>2	unknown	continuation	conjunction
Par extension , l ' exobiologie concerne également la recherche de vie extraterrestre sous quelque forme que ce soit ,	s ' il y a lieu ,	1>2	unknown	elaboration	elaboration
y compris intelligente	s ' il y a lieu ,	1<2	unknown	conditional	condition
s ' il y a lieu ,	mais ce domaine reste très marginal ,	1>2	unknown	contrast	contrast
mais ce domaine reste très marginal ,	en attendant d ' éventuelles avancées significatives .	1>2	unknown	temploc	temporal
y compris intelligente	( programme SETI )	1>2	unknown	e-elaboration	elaboration
Une pluie d' étoiles	Non !	1>2	unknown	elaboration	elaboration
Non !	Il ne s' agit pas d' un phénomène météorologique accompagnant le solstice d' été .	1>2	unknown	elaboration	elaboration
Une pluie d' étoiles	Non !	1>2	unknown	comment	comment
Plus simplement ,	les hasards du calendrier du Comité départemental d' action touristique a fait coïncider la promotion de l' Office de tourisme avec le nouveau classement de l' hôtel - restaurant Le Relais à Arc-et-Senans .	1>2	unknown	elaboration	elaboration
Non !	Plus simplement ,	1>2	unknown	contrast	contrast
Plus simplement ,	Le double événement était fêté comme il se doit et conjointement par les deux établissements ,	1>2	unknown	background	frame
Le double événement était fêté comme il se doit et conjointement par les deux établissements ,	mercredi 23 juin ,	1>2	unknown	e-elaboration	elaboration
mercredi 23 juin ,	à l' occasion de l' assemblée générale décentralisée des Offices de tourisme et Syndicats d' initiative du Doubs	1>2	unknown	continuation	conjunction
à l' occasion de l' assemblée générale décentralisée des Offices de tourisme et Syndicats d' initiative du Doubs	qui se tenait le même jour ,	1>2	unknown	e-elaboration	elaboration
qui se tenait le même jour ,	sous la présidence d' Edmond Maire ,	1>2	unknown	continuation	conjunction
sous la présidence d' Edmond Maire ,	à la Saline Royale .	1>2	unknown	continuation	conjunction
Plus simplement ,	Deux étoiles pour l' hôtel Le Relais ,	1>2	unknown	elaboration	elaboration
Deux étoiles pour l' hôtel Le Relais ,	situé sur la place de l' Eglise ;	1>2	unknown	e-elaboration	elaboration
Deux étoiles pour l' hôtel Le Relais ,	c' est le premier établissement en France qui reçoit cette promotion selon la toute nouvelle loi du 16 décembre 1998 sur les Offices de tourisme .	1>2	unknown	parallel	conjunction
Deux étoiles pour l' hôtel Le Relais ,	une étoile pour le restaurant du même nom ,	1>2	unknown	continuation	conjunction
Plus simplement ,	Deux étoiles aussi , c' est le nouveau classement de l' Office de tourisme d' Arc - et - Senans	1>2	unknown	continuation	conjunction
une étoile pour le restaurant du même nom ,	bien connu des habitants et des touristes .	1>2	unknown	e-elaboration	elaboration
Deux étoiles pour l' hôtel Le Relais ,	Une juste récompense pour les efforts de qualité entrepris par Jeanine et Willy Schaer ,	1>2	unknown	flashback	temporal
Une juste récompense pour les efforts de qualité entrepris par Jeanine et Willy Schaer ,	jeune couple d' hôteliers originaires de Haute - Saône	1>2	unknown	e-elaboration	elaboration
jeune couple d' hôteliers originaires de Haute - Saône	et installés à Arc-et-Senans depuis maintenant treize ans .	1>2	unknown	continuation	conjunction
Deux étoiles aussi , c' est le nouveau classement de l' Office de tourisme d' Arc - et - Senans	qui prend ainsi sa place dans la cour des grands , juste derrière les offices de Besançon et Montbéliard .	1>2	unknown	explanation	explanation
Deux étoiles aussi , c' est le nouveau classement de l' Office de tourisme d' Arc - et - Senans	Sur des critères très stricts de compétence et d' accueil ,	1>2	unknown	comment	comment
Sur des critères très stricts de compétence et d' accueil ,	c' est le premier établissement en France qui reçoit cette promotion selon la toute nouvelle loi du 16 décembre 1998 sur les Offices de tourisme .	1>2	unknown	continuation	conjunction
Premier tour des « Petits Tigres » .	La section judo de l ' OFP a organisé ce week-end le premier tour de la compétition <*> , dans la salle du COSEC .	1>2	unknown	elaboration	elaboration
La section judo de l ' OFP a organisé ce week-end le premier tour de la compétition <*> , dans la salle du COSEC .	appelée « les Petits Tigres »	1>2	unknown	e-elaboration	elaboration
La section judo de l ' OFP a organisé ce week-end le premier tour de la compétition <*> , dans la salle du COSEC .	Ce premier tour regroupait tous les petits judokas du secteur de Pompey	1>2	unknown	e-elaboration	elaboration
Ce premier tour regroupait tous les petits judokas du secteur de Pompey	nés' en 1994 - 95 - 96 et 97	1>2	unknown	e-elaboration	elaboration
appelée « les Petits Tigres »	Grosse journée pour les nombreux bénévoles de la section	1>2	unknown	comment	comment
Grosse journée pour les nombreux bénévoles de la section	puisque , finalement , 210 petits combattants ont répondu présents !	1>2	unknown	explanation	explanation
La section judo de l ' OFP a organisé ce week-end le premier tour de la compétition <*> , dans la salle du COSEC .	Cette animation , <*> est destinée à montrer une première approche de la compétition à tous ces petits sportifs .	1>2	unknown	background	frame
Cette animation , <*> est destinée à montrer une première approche de la compétition à tous ces petits sportifs .	qui comporte trois tours ,	1>2	unknown	e-elaboration	elaboration
qui comporte trois tours ,	dont le prochain aura lieu à Faulx	1>2	unknown	e-elaboration	elaboration
dont le prochain aura lieu à Faulx	et le troisième le 1er mai , à Nomeny ,	1>2	unknown	continuation	conjunction
dont le prochain aura lieu à Faulx	( date à définir )	1>2	unknown	e-elaboration	elaboration
La section judo de l ' OFP a organisé ce week-end le premier tour de la compétition <*> , dans la salle du COSEC .	Après un échauffement collectif	1>2	unknown	elaboration	elaboration
Après un échauffement collectif	les responsables des quatorze clubs présents <*> ont encouragé	1>2	unknown	narration	temporal
les responsables des quatorze clubs présents <*> ont encouragé	et conseillé leurs petits judokas .	1>2	unknown	continuation	conjunction
les responsables des quatorze clubs présents <*> ont encouragé	Tout le monde a essayé de faire de son mieux	1>2	unknown	continuation	conjunction
Après un échauffement collectif	dirigé par Frédéric Pierlot de l ' OFP ,	1>2	unknown	e-elaboration	elaboration
les responsables des quatorze clubs présents <*> ont encouragé	Belleville , Brin-sur-Seille , Champenoux , Champigneulles , Dieulouard , Faulx , Jeandelaincourt , Leyr , Marbache , Nomeny , Thiaucourt , 3 Vallées , Bouxières-aux-Dames et l ' OFP ,	1>2	unknown	e-elaboration	elaboration
Tout le monde a essayé de faire de son mieux	dans l ' espoir de marquer un maximum de points	1>2	unknown	elaboration	elaboration
dans l ' espoir de marquer un maximum de points	afin qu ' à l' issue des trois jours , chacun puisse remporter soit l ' écusson Tigre d ' or , d ' argent ou de bronze	1>2	unknown	goal	purpose
afin qu ' à l' issue des trois jours , chacun puisse remporter soit l ' écusson Tigre d ' or , d ' argent ou de bronze	fourni par la Fédération française de judo , via le comité départemental .	1>2	unknown	e-elaboration	elaboration
Tout le monde a essayé de faire de son mieux	Les nombreux parents présents autour du tatami n ' ont pas manqué d ' encourager leurs enfants	1>2	unknown	continuation	conjunction
Les nombreux parents présents autour du tatami n ' ont pas manqué d ' encourager leurs enfants	ou de parfois sécher quelques larmes ,	1>2	unknown	alternation	alternation
ou de parfois sécher quelques larmes ,	symbole de défaite !	1>2	unknown	e-elaboration	elaboration
ou de parfois sécher quelques larmes ,	Mais que ces derniers se rassurent ,	1>2	unknown	comment	comment
Mais que ces derniers se rassurent ,	il y aura encore deux autres tours	1>2	unknown	explanation	explanation
il y aura encore deux autres tours	pour se rattraper .	1>2	unknown	elaboration	elaboration
Un acte malveillant ?	C.L.	1<2	unknown	attribution	attribution
Un acte malveillant ?	Les services d' EDF - GDF ont pu rétablir l' électricité dans l' immeuble peu avant 21 h.	1>2	unknown	background	frame
Un acte malveillant ?	Les policiers ont ouvert une enquête	1>2	unknown	elaboration	elaboration
Les services d' EDF - GDF ont pu rétablir l' électricité dans l' immeuble peu avant 21 h.	Pour le plus grand soulagement des locataires	1>2	unknown	result	causal
Les services d' EDF - GDF ont pu rétablir l' électricité dans l' immeuble peu avant 21 h.	Sur place vers 19 h 30 ,	1>2	unknown	flashback	temporal
Sur place vers 19 h 30 ,	Par téléphone , il contactait divers hôtels du secteur pouvant accueillir les éventuels sinistrés .	1>2	unknown	narration	temporal
Par téléphone , il contactait divers hôtels du secteur pouvant accueillir les éventuels sinistrés .	La température affichant - 6 °C ,	1>2	unknown	narration	temporal
La température affichant - 6 °C ,	confiait le premier magistrat .	1>2	unknown	narration	temporal
« Si cela continue ,	confiait le premier magistrat .	1<2	unknown	attribution	attribution
confiait le premier magistrat .	tous sont rentrés chez eux	1>2	unknown	narration	temporal
afin de déterminer les causes exactes de cet incendie .	Et l' acte malveillant figure parmi les hypothèses .	1>2	unknown	elaboration	elaboration
Et l' acte malveillant figure parmi les hypothèses .	commentait le commissaire central .	1>2	unknown	elaboration	elaboration
« Si cet incendie est d' origine criminelle ,	commentait le commissaire central .	1<2	unknown	attribution	attribution
« Si cet incendie est d' origine criminelle ,	Le premier magistrat de la commune n' écartait d' ailleurs pas cette thèse	1>2	unknown	comment	comment
Le premier magistrat de la commune n' écartait d' ailleurs pas cette thèse	expliquant qu' un incendie comme celui-ci à une heure plus tardive aurait pu avoir des conséquences beaucoup plus graves .	1>2	unknown	elaboration	elaboration
Le premier magistrat de la commune n' écartait d' ailleurs pas cette thèse	« Pompiers et policiers effectueront des rondes toute la nuit .	1>2	unknown	result	causal
« Pompiers et policiers effectueront des rondes toute la nuit .	Pour éviter une reprise du feu	1>2	unknown	goal	purpose
« Pompiers et policiers effectueront des rondes toute la nuit .	constatait Martial Bourquin .	1<2	unknown	attribution	attribution
Pour le plus grand soulagement des locataires	qui ont pu regagner leurs logements .	1>2	unknown	continuation	conjunction
Sur place vers 19 h 30 ,	la situation critique poussait le maire Martial Bourquin à envisager une solution de relogement .	1>2	unknown	frame	frame
La température affichant - 6 °C ,	il emmenait les gamins se réchauffer dans les camions des pompiers .	1>2	unknown	result	causal
« Si cela continue ,	je vais ouvrir une salle municipale »	1>2	unknown	conditional	condition
Heureusement ,	tous sont rentrés chez eux	1<2	unknown	comment	comment
tous sont rentrés chez eux	après une belle frayeur .	1>2	unknown	flashback	temporal
Les policiers ont ouvert une enquête	afin de déterminer les causes exactes de cet incendie .	1>2	unknown	goal	purpose
Les policiers ont ouvert une enquête	La poursuite des investigations policières permettra d' apporter une réponse quant à l' origine de ce sinistre	1>2	unknown	narration	temporal
La poursuite des investigations policières permettra d' apporter une réponse quant à l' origine de ce sinistre	qui a perturbé la tranquillité de dizaines de familles de l' immeuble .	1>2	unknown	flashback	temporal
« Si cet incendie est d' origine criminelle ,	il pourrait s' expliquer par la présence des CRS sur le quartier dans l'après-midi .	1>2	unknown	conditional	condition
il pourrait s' expliquer par la présence des CRS sur le quartier dans l'après-midi .	Une sorte de réaction épidermique par rapport à leur présence »	1>2	unknown	explanation*	explanation
Pour éviter une reprise du feu	mais aussi pour prévenir des actes malveillants »	1>2	unknown	parallel	conjunction
Règne	Le règne de Khéops , en égyptien Khoufou , <*> est assez mal connu .	1>2	unknown	elaboration	elaboration
Le règne de Khéops , en égyptien Khoufou , <*> est assez mal connu .	Il est le fils du roi Snéfrou et de la reine Hétep - Hérès Ire ,	1>2	unknown	e-elaboration	elaboration
Sa réputation nous vient surtout par ses réalisations architecturales ,	entre autre pour avoir fait construire la grande pyramide de Gizeh ,	1>2	unknown	elaboration	elaboration
entre autre pour avoir fait construire la grande pyramide de Gizeh ,	dont la construction prit vingt années ,	1>2	unknown	e-elaboration	elaboration
Comme le rapportent Hérodote <*> et les contes du papyrus Westcar	à l' inverse de son père ,	1>2	unknown	attribution	attribution
à l' inverse de son père ,	Khéops était considéré comme un pharaon cruel et injuste envers son peuple .	1>2	unknown	contrast	contrast
Khéops était considéré comme un pharaon cruel et injuste envers son peuple .	Cette réputation provient sans doute du fait que l' on imaginait mal un tel édifice être construit autrement que par des esclaves , dans la sueur et la souffrance .	1>2	unknown	comment	comment
Or , de récentes découvertes , <*> ont révélé une ville des artisans et ouvriers à Gizeh .	Il apparaît que ceux-ci étaient bien nourris , soignés	1>2	unknown	elaboration	elaboration
Il apparaît que ceux-ci étaient bien nourris , soignés	et le cliché des esclaves menés au fouet est battu en brèche par les découvertes faites sur le terrain et dans les tombes .	1>2	unknown	continuation	conjunction
et le cliché des esclaves menés au fouet est battu en brèche par les découvertes faites sur le terrain et dans les tombes .	L' hypothèse a été émise que le projet des pyramides aurait pu constituer un projet fédérateur et un moyen politique et spirituel de réaliser l' unité des Deux Terres .	1>2	unknown	continuation	conjunction
Or , de récentes découvertes , <*> ont révélé une ville des artisans et ouvriers à Gizeh .	À ces artisans et ouvriers spécialisés venaient se joindre une main-d'oeuvre venue des villages de toute l' Égypte , sans doute de façon non permanente ,	1>2	unknown	continuation	conjunction
Khéops aménagea aussi une sépulture pour sa mère Hétep - Hérès Ire	Khoufou construisit également des temples ,	1>2	unknown	continuation	conjunction
Khoufou construisit également des temples ,	en particulier il entama la construction du temple d' Hathor à Dendérah	1>2	unknown	elaboration	elaboration
C' est sous ce règne fastueux pour l' architecture et la royauté que les nécropoles se développent de manière significative autour du complexe funéraire royal .	Cette tendance déjà amorcée sous les règnes précédents et notamment celui de son père Snéfrou n' avait jamais pris une telle ampleur	1>2	unknown	elaboration	elaboration
Cette tendance déjà amorcée sous les règnes précédents et notamment celui de son père Snéfrou n' avait jamais pris une telle ampleur	ce qui démontrerait qu'[à l' époque de Khoufou la constitution de l' état est achevée	1>2	unknown	explanation	explanation
ce qui démontrerait qu'[à l' époque de Khoufou la constitution de l' état est achevée	et touche presque déjà à son apogée .	1>2	unknown	continuation	conjunction
Cette tendance déjà amorcée sous les règnes précédents et notamment celui de son père Snéfrou n' avait jamais pris une telle ampleur	Le privilège de pouvoir se faire inhumer aux côtés de son maître représenta alors la meilleure manière d' afficher sa réussite	1>2	unknown	continuation	conjunction
Le privilège de pouvoir se faire inhumer aux côtés de son maître représenta alors la meilleure manière d' afficher sa réussite	Le roi est au centre de tout	1>2	unknown	elaboration	elaboration
et domine de son écrasant monument une vaste nécropole	Plus sa sépulture est en vue de la pyramide royale	1>2	unknown	continuation	conjunction
Plus sa sépulture est en vue de la pyramide royale	De nombreux mastaba livrèrent les statues et les fausses portes de ces courtisans	1>2	unknown	continuation	conjunction
Le règne de Khéops , en égyptien Khoufou , <*> est assez mal connu .	abréviation de Khnoum - koue - foui	1>2	unknown	e-elaboration	elaboration
Il est le fils du roi Snéfrou et de la reine Hétep - Hérès Ire ,	et est considéré par certains comme l' un des plus grands de l' histoire de l' Égypte antique .	1>2	unknown	continuation	conjunction
et est considéré par certains comme l' un des plus grands de l' histoire de l' Égypte antique .	Sa réputation nous vient surtout par ses réalisations architecturales ,	1>2	unknown	elaboration	elaboration
dont la construction prit vingt années ,	nécessitant 20 000 ouvriers ,	1>2	unknown	continuation	conjunction
nécessitant 20 000 ouvriers ,	et considérée de nos jours comme la perfection en terme de technique de construction et d' architecture des pyramides égyptiennes .	1>2	unknown	continuation	conjunction
entre autre pour avoir fait construire la grande pyramide de Gizeh ,	Son complexe funéraire comprend également les pyramides des reines Méritatès Ire <*> et Hénoutsen , les tombes de ses fils et un mastaba de sa fille Néfertiabet ;	1>2	unknown	continuation	conjunction
Son complexe funéraire comprend également les pyramides des reines Méritatès Ire <*> et Hénoutsen , les tombes de ses fils et un mastaba de sa fille Néfertiabet ;	( ou Méritit )	1>2	unknown	e-elaboration	elaboration
( ou Méritit )	Khéops aménagea aussi une sépulture pour sa mère Hétep - Hérès Ire	1>2	unknown	continuation	conjunction
Khéops aménagea aussi une sépulture pour sa mère Hétep - Hérès Ire	après que sa tombe originelle eut été pillée .	1>2	unknown	flashback	temporal
Khéops aménagea aussi une sépulture pour sa mère Hétep - Hérès Ire	Comme le rapportent Hérodote <*> et les contes du papyrus Westcar	1>2	unknown	comment	comment
Comme le rapportent Hérodote <*> et les contes du papyrus Westcar	( qui a visité l' Égypte 22 siècles plus tard )	1>2	unknown	e-elaboration	elaboration
( qui a visité l' Égypte 22 siècles plus tard )	( Nouvel Empire ) ,	1>2	unknown	e-elaboration	elaboration
à l' inverse de son père ,	le pharaon Snéfrou ,	1>2	unknown	e-elaboration	elaboration
Cette réputation provient sans doute du fait que l' on imaginait mal un tel édifice être construit autrement que par des esclaves , dans la sueur et la souffrance .	Or , de récentes découvertes , <*> ont révélé une ville des artisans et ouvriers à Gizeh .	1>2	unknown	contrast	contrast
Or , de récentes découvertes , <*> ont révélé une ville des artisans et ouvriers à Gizeh .	suite aux fouilles menées par Mark Lehener , sous l' autorité de Zahi Hawass ,	1>2	unknown	explanation	explanation
suite aux fouilles menées par Mark Lehener , sous l' autorité de Zahi Hawass ,	président du Conseil suprême des Antiquités égyptiennes ,	1>2	unknown	e-elaboration	elaboration
À ces artisans et ouvriers spécialisés venaient se joindre une main-d'oeuvre venue des villages de toute l' Égypte , sans doute de façon non permanente ,	et les villages contribuaient également à ce grand projet religieux	1>2	unknown	continuation	conjunction
et les villages contribuaient également à ce grand projet religieux	en envoyant des vivres .	1>2	unknown	elaboration	elaboration
en particulier il entama la construction du temple d' Hathor à Dendérah	et on a retrouvé dans les fondations du temple de Bastet à Bubastis des éléments d' un monument à son nom .	1>2	unknown	continuation	conjunction
Sa réputation nous vient surtout par ses réalisations architecturales ,	C' est sous ce règne fastueux pour l' architecture et la royauté que les nécropoles se développent de manière significative autour du complexe funéraire royal .	1>2	unknown	continuation	conjunction
Le privilège de pouvoir se faire inhumer aux côtés de son maître représenta alors la meilleure manière d' afficher sa réussite	dans ce qu' était la société égyptienne d' alors .	1>2	unknown	temploc	temporal
Le roi est au centre de tout	et domine de son écrasant monument une vaste nécropole	1>2	unknown	continuation	conjunction
et domine de son écrasant monument une vaste nécropole	qui est conçue à l' image de la cour .	1>2	unknown	e-elaboration	elaboration
Plus sa sépulture est en vue de la pyramide royale	plus le rang est élevé .	1>2	unknown	parallel	conjunction
De nombreux mastaba livrèrent les statues et les fausses portes de ces courtisans	qui ainsi dans leur mort souhaitaient poursuivre leur service au plus proche de leur souverain .	1>2	unknown	e-elaboration	elaboration
Chouette hulotte --	Description	1>2	unknown	elaboration	elaboration
Description	La hulotte est un rapace nocturne	1>2	unknown	elaboration	elaboration
La hulotte est un rapace nocturne	La hulotte mesure une quarantaine de centimètres .	1>2	unknown	continuation	conjunction
La hulotte est un rapace nocturne	mais elle peut vivre le jour .	1>2	unknown	contrast	contrast
La hulotte mesure une quarantaine de centimètres .	Sa silhouette est trapue ,	1>2	unknown	continuation	conjunction
Sa silhouette est trapue ,	même lorsqu ' elle vole .	1>2	unknown	elaboration	elaboration
Sa silhouette est trapue ,	Sa tête est grosse avec des yeux foncés .	1>2	unknown	continuation	conjunction
Sa tête est grosse avec des yeux foncés .	Son plumage est gris ou brun/ roux ,	1>2	unknown	continuation	conjunction
Son plumage est gris ou brun/ roux ,	le poitrail est plus clair et strié de rayures foncées .	1>2	unknown	contrast	contrast
Son plumage est gris ou brun/ roux ,	le poitrail est plus clair et strié de rayures foncées .	1>2	unknown	continuation	conjunction
le poitrail est plus clair et strié de rayures foncées .	Quelques taches blanches sur les ailes et les épaules éclaircissent un peu l ' ensemble .	1>2	unknown	continuation	conjunction
Quelques taches blanches sur les ailes et les épaules éclaircissent un peu l ' ensemble .	Son cou très souple ,	1>2	unknown	continuation	conjunction
Son cou très souple ,	Grâce à ses serres puissantes et acérées ,	1>2	unknown	continuation	conjunction
Son cou très souple ,	elle peut complètement tourner la tête vers l' arrière ,	1>2	unknown	result	causal
elle peut complètement tourner la tête vers l' arrière ,	sans bouger le corps .	1>2	unknown	elaboration	elaboration
Grâce à ses serres puissantes et acérées ,	la chouette saisit ses proies en plein vol .	1>2	unknown	result	causal
la chouette saisit ses proies en plein vol .	Une fois capturées ,	1>2	unknown	elaboration	elaboration
Une fois capturées ,	elles n' ont aucune chance de lui échapper .	1>2	unknown	result	causal
Grâce à ses serres puissantes et acérées ,	Son plumage lui permet de passer incognito dans les branchages et de guetter ses proies en toute tranquillité .	1>2	unknown	continuation	conjunction
Son plumage lui permet de passer incognito dans les branchages et de guetter ses proies en toute tranquillité .	Quand elle a jeté son dévolu sur un rongeur bien dodu ,	1>2	unknown	elaboration	elaboration
Quand elle a jeté son dévolu sur un rongeur bien dodu ,	elle déploie ses grandes ailes de presque un mètre d' envergure	1>2	unknown	result	causal
elle déploie ses grandes ailes de presque un mètre d' envergure	et lui fonce dessus !	1>2	unknown	continuation	conjunction
elle déploie ses grandes ailes de presque un mètre d' envergure	et lui fonce dessus !	1>2	unknown	narration	temporal
Son plumage lui permet de passer incognito dans les branchages et de guetter ses proies en toute tranquillité .	La nuit ,	1>2	unknown	continuation	conjunction
La nuit ,	la chouette hulotte perçoit le moindre bruissement aux alentours .	1>2	unknown	frame	frame
grâce à son ouïe très développée ,	la chouette hulotte perçoit le moindre bruissement aux alentours .	1<2	unknown	explanation	explanation
La nuit ,	La chouette hulotte gobe tout rond ses proies .	1>2	unknown	continuation	conjunction
La chouette hulotte gobe tout rond ses proies .	Comme elle ne peut pas les digérer entièrement ,	1>2	unknown	elaboration	elaboration
Comme elle ne peut pas les digérer entièrement ,	elle recrache leurs os et leurs poils ,	1>2	unknown	result	causal
elle recrache leurs os et leurs poils ,	sous la forme de boules !	1>2	unknown	elaboration	elaboration
sous la forme de boules !	Ce sont les pelotes de réjection .	1>2	unknown	e-elaboration	elaboration
Franco Sbarro	Francesco Zefferino Sbarro , <*> est né le 27 février 1939 , dans les Pouilles	1>2	unknown	elaboration	elaboration
Francesco Zefferino Sbarro , <*> est né le 27 février 1939 , dans les Pouilles	plus connu sous le nom de Franco Sbarro ,	1>2	unknown	e-elaboration	elaboration
Francesco Zefferino Sbarro , <*> est né le 27 février 1939 , dans les Pouilles	( Sud de l' Italie ) .	1>2	unknown	e-elaboration	elaboration
Francesco Zefferino Sbarro , <*> est né le 27 février 1939 , dans les Pouilles	le jeune italien va très vite s' intéresser à tout ce qui touche à la mécanique .	1>2	unknown	narration	temporal
Fils de fermier ,	le jeune italien va très vite s' intéresser à tout ce qui touche à la mécanique .	1<2	unknown	e-elaboration	elaboration
le jeune italien va très vite s' intéresser à tout ce qui touche à la mécanique .	Notamment les vélomoteurs et scooters de ses connaissances .	1>2	unknown	elaboration	elaboration
le jeune italien va très vite s' intéresser à tout ce qui touche à la mécanique .	Après ses études à Lecce ,	1>2	unknown	narration	temporal
Après ses études à Lecce ,	Franco Sbarro s' installe en novembre 1957 à Neuchâtel	1>2	unknown	narration	temporal
Franco Sbarro s' installe en novembre 1957 à Neuchâtel	( Suisse )	1>2	unknown	e-elaboration	elaboration
Franco Sbarro s' installe en novembre 1957 à Neuchâtel	où il travaille comme mécanicien .	1>2	unknown	continuation	conjunction
où il travaille comme mécanicien .	Deux ans plus tard ,	1>2	unknown	narration	temporal
Deux ans plus tard ,	il achète un petit garage	1>2	unknown	frame	frame
il achète un petit garage	et se met à son compte .	1>2	unknown	continuation	conjunction
et se met à son compte .	Il travaille notamment en relation avec Borgward ,	1>2	unknown	elaboration	elaboration
Il travaille notamment en relation avec Borgward ,	petit constructeur allemand aujourd'hui disparu .	1>2	unknown	e-elaboration	elaboration
Deux ans plus tard ,	Sa rencontre avec Georges Filipinetti le conduira au poste de chef mécanicien de la célèbre Scuderia Filipinetti .	1>2	unknown	narration	temporal
Sa rencontre avec Georges Filipinetti le conduira au poste de chef mécanicien de la célèbre Scuderia Filipinetti .	Le 25 mars 1968 marque un tournant dans la vie de Sbarro .	1>2	unknown	narration	temporal
Le 25 mars 1968 marque un tournant dans la vie de Sbarro .	Sbarro a construit par la suite de nombreuses répliques	1>2	unknown	narration	temporal
Sbarro a construit par la suite de nombreuses répliques	Franco Sbarro fonde l' Espace Sbarro ,	1>2	unknown	narration	temporal
Sbarro a construit par la suite de nombreuses répliques	non content de dessiner	1>2	unknown	continuation	conjunction
Sbarro a construit par la suite de nombreuses répliques	non content de dessiner	1>2	unknown	parallel	conjunction
Sa rencontre avec Georges Filipinetti le conduira au poste de chef mécanicien de la célèbre Scuderia Filipinetti .	Non comptant de mettre au point	1>2	unknown	elaboration	elaboration
Non comptant de mettre au point	et d' entretenir les voitures de course de l' écurie ,	1>2	unknown	continuation	conjunction
et d' entretenir les voitures de course de l' écurie ,	il peut suivre la restauration des AC Cobra , Ferrari P3 et Ford GT40 .	1>2	unknown	continuation	conjunction
il peut suivre la restauration des AC Cobra , Ferrari P3 et Ford GT40 .	Sbarro construit à cette époque sa première voiture : <*> à partir des plans d' une VW Karmann Ghia à moteur 1600 cm3 .	1>2	unknown	continuation	conjunction
Sbarro construit à cette époque sa première voiture : <*> à partir des plans d' une VW Karmann Ghia à moteur 1600 cm3 .	le coupé Filipinetti ,	1>2	unknown	e-elaboration	elaboration
Le 25 mars 1968 marque un tournant dans la vie de Sbarro .	Quittant définitivement l' écurie Filipinetti ,	1>2	unknown	explanation	explanation
Quittant définitivement l' écurie Filipinetti ,	il créé l' ACA <*> dans une ancienne usine de cigarettes .	1>2	unknown	narration	temporal
il créé l' ACA <*> dans une ancienne usine de cigarettes .	- Atelier de Construction Automobile ,	1>2	unknown	e-elaboration	elaboration
il créé l' ACA <*> dans une ancienne usine de cigarettes .	Sa première création est la Dominique III ,	1>2	unknown	result	causal
Sa première création est la Dominique III ,	une petite sportive munie d' un énorme aileron arrière !	1>2	unknown	e-elaboration	elaboration
Sa première création est la Dominique III ,	Ce modèle unique vendu ,	1>2	unknown	narration	temporal
Ce modèle unique vendu ,	"Sbarro s' attaque à la reconversion des Ford GT40 de compétition en modèle "" routiers "" plus civilisés ."	1>2	unknown	narration	temporal
Sbarro a construit par la suite de nombreuses répliques	qui le rendirent célèbre dans le milieu automobile .	1>2	unknown	result	causal
Sbarro a construit par la suite de nombreuses répliques	Entre autres répliques , on notera la BMW 328 , la Lola T70 , la Ferrari P4 ou même la Bugatti Royale !	1>2	unknown	elaboration	elaboration
Sbarro a construit par la suite de nombreuses répliques	Rien n' arrête Sbarro .	1>2	unknown	comment	comment
Sbarro a construit par la suite de nombreuses répliques	La qualité de son travail artisanal sera confirmé par les nombreux modèles ,	1>2	unknown	continuation	conjunction
La qualité de son travail artisanal sera confirmé par les nombreux modèles ,	uniques ou fabriqués en petites série ,	1>2	unknown	e-elaboration	elaboration
La qualité de son travail artisanal sera confirmé par les nombreux modèles ,	qu' il mettra au point jusqu' en 1992 .	1>2	unknown	e-elaboration	elaboration
Le 25 mars 1968 marque un tournant dans la vie de Sbarro .	Franco Sbarro fonde l' Espace Sbarro ,	1>2	unknown	narration	temporal
Le 25 mars 1968 marque un tournant dans la vie de Sbarro .	non content de dessiner	1>2	unknown	continuation	conjunction
Le 25 mars 1968 marque un tournant dans la vie de Sbarro .	non content de dessiner	1>2	unknown	parallel	conjunction
Sbarro , <*> est aussi un génial inventeur	non content de dessiner	1<2	unknown	contrast	contrast
Sbarro , <*> est aussi un génial inventeur	non content de dessiner	1<2	unknown	explanation*	explanation
non content de dessiner	et construire de superbes voitures ,	1>2	unknown	continuation	conjunction
Sbarro , <*> est aussi un génial inventeur	qui présente en 1989 un nouveau type de roue <*> et plus tard un nouveau concept de châssis ,	1>2	unknown	elaboration	elaboration
qui présente en 1989 un nouveau type de roue <*> et plus tard un nouveau concept de châssis ,	( orbitale )	1>2	unknown	e-elaboration	elaboration
qui présente en 1989 un nouveau type de roue <*> et plus tard un nouveau concept de châssis ,	le dual frame .	1>2	unknown	e-elaboration	elaboration
non content de dessiner	Ces idées et ses concepts sont même utilisés depuis peu dans l' aviation par une petite société suisse fabriquant des hélicoptères .	1>2	unknown	result	causal
N' ayant plus rien à prouver	Franco Sbarro fonde l' Espace Sbarro ,	1<2	unknown	explanation	explanation
N' ayant plus rien à prouver	et voulant faire profiter de son savoir ,	1>2	unknown	continuation	conjunction
Franco Sbarro fonde l' Espace Sbarro ,	une école particulière	1>2	unknown	e-elaboration	elaboration
une école particulière	"où les élèves , en plus de travaux de "" bureau "" <*> doivent obligatoirement mettre les mains à la pâte pour la construction , de A à Z , des modèles"	1>2	unknown	elaboration	elaboration
"où les élèves , en plus de travaux de "" bureau "" <*> doivent obligatoirement mettre les mains à la pâte pour la construction , de A à Z , des modèles"	( études , conception , design ) ,	1>2	unknown	e-elaboration	elaboration
"où les élèves , en plus de travaux de "" bureau "" <*> doivent obligatoirement mettre les mains à la pâte pour la construction , de A à Z , des modèles"	qu' ils doivent créer selon un cahier des charges précis ,	1>2	unknown	e-elaboration	elaboration
qu' ils doivent créer selon un cahier des charges précis ,	parfois imposé par un constructeur comme Seat en 2001 .	1>2	unknown	e-elaboration	elaboration
Franco Sbarro fonde l' Espace Sbarro ,	Une deuxième école ouvrira à Casablanca <*> en 1994 ,	1>2	unknown	narration	temporal
Une deuxième école ouvrira à Casablanca <*> en 1994 ,	( Maroc )	1>2	unknown	e-elaboration	elaboration
Une deuxième école ouvrira à Casablanca <*> en 1994 ,	puis en France à Pontarlier	1>2	unknown	narration	temporal
puis en France à Pontarlier	( Centre Espera ) .	1>2	unknown	e-elaboration	elaboration
Franco Sbarro fonde l' Espace Sbarro ,	Le cycle d' étude est d' un an	1>2	unknown	elaboration	elaboration
Le cycle d' étude est d' un an	et les travaux sont présentés chaque année au salon de Genève en mars .	1>2	unknown	continuation	conjunction
Franco Sbarro fonde l' Espace Sbarro ,	Au mois de juin 2007 ,	1>2	unknown	narration	temporal
Au mois de juin 2007 ,	la société Espera Sbarro quittera définitivement Pontarlier ,	1>2	unknown	frame	frame
la société Espera Sbarro quittera définitivement Pontarlier ,	ville dans laquelle elle est installée depuis 1994 .	1>2	unknown	e-elaboration	elaboration
la société Espera Sbarro quittera définitivement Pontarlier ,	Franco Sbarro n' a cependant pas renoncé à son école	1>2	unknown	contrast	contrast
Franco Sbarro n' a cependant pas renoncé à son école	et ouvrira un nouveau centre , à Montbéliard , en lien avec le pôle de compétitivité Véhicule du futur .	1>2	unknown	explanation*	explanation
Franco Sbarro n' a cependant pas renoncé à son école	et ouvrira un nouveau centre , à Montbéliard , en lien avec le pôle de compétitivité Véhicule du futur .	1>2	unknown	narration	temporal
et ouvrira un nouveau centre , à Montbéliard , en lien avec le pôle de compétitivité Véhicule du futur .	Montbéliard présente l' avantage de rassembler plusieurs acteurs automobiles dans ce pôle et d' être près de Grandson	1>2	unknown	explanation	explanation
Montbéliard présente l' avantage de rassembler plusieurs acteurs automobiles dans ce pôle et d' être près de Grandson	où vit Sbarro .	1>2	unknown	e-elaboration	elaboration
La batterie sans harmonie	La musique n' adoucit pas toujours les mœurs .	1>2	unknown	elaboration	elaboration
La musique n' adoucit pas toujours les mœurs .	Exemple à l' Harmonie municipale de Montbéliard ,	1>2	unknown	elaboration	elaboration
Exemple à l' Harmonie municipale de Montbéliard ,	qui a vu soudainement ses rangs s' éclaircir .	1>2	unknown	explanation*	explanation
Exemple à l' Harmonie municipale de Montbéliard ,	qui a vu soudainement ses rangs s' éclaircir .	1>2	unknown	elaboration	elaboration
Exemple à l' Harmonie municipale de Montbéliard ,	Plus précisément , c' est la batterie <*> qui connaît des problèmes .	1>2	unknown	elaboration	elaboration
Plus précisément , c' est la batterie <*> qui connaît des problèmes .	-une des deux composantes de l' Harmonie-	1>2	unknown	e-elaboration	elaboration
Plus précisément , c' est la batterie <*> qui connaît des problèmes .	En mars dernier ,	1>2	unknown	elaboration	elaboration
En mars dernier ,	son chef , <*> démissionnait .	1>2	unknown	frame	frame
son chef , <*> démissionnait .	Gérard Pizzetti ,	1<2	unknown	e-elaboration	elaboration
son chef , <*> démissionnait .	en désaccord avec le fonctionnement de l' association ,	1>2	unknown	explanation	explanation
En mars dernier ,	Dans la foulée ,	1>2	unknown	narration	temporal
Dans la foulée ,	seize membres de la batterie <*> rendaient également leur tablier .	1>2	unknown	frame	frame
seize membres de la batterie <*> rendaient également leur tablier .	-c' est du moins le nombre qu' ils avancent-	1>2	unknown	comment	comment
seize membres de la batterie <*> rendaient également leur tablier .	Pour soutenir « le chef » ,	1>2	unknown	goal	purpose
Pour soutenir « le chef » ,	comme l' explique un des démissionnaires .	1>2	unknown	comment	comment
En mars dernier ,	Le fond du problème :	1>2	unknown	explanation	explanation
Le fond du problème :	l' opposition avec le président de l' Harmonie ,	1>2	unknown	elaboration	elaboration
l' opposition avec le président de l' Harmonie ,	accusé de « prendre seul les décisions » .	1>2	unknown	explanation	explanation
Plus précisément , c' est la batterie <*> qui connaît des problèmes .	Au delà de cette querelle , l' affaire est triste .	1>2	unknown	continuation	conjunction
Au delà de cette querelle , l' affaire est triste .	Triste pour les musiciens	1>2	unknown	elaboration	elaboration
Triste pour les musiciens	qui , <*> faisaient partie de la batterie depuis au moins trente ans .	1>2	unknown	explanation	explanation
qui , <*> faisaient partie de la batterie depuis au moins trente ans .	en majorité ,	1>2	unknown	background	frame
Triste pour les musiciens	Mais désolante aussi pour la ville .	1>2	unknown	continuation	conjunction
Triste pour les musiciens	Mais désolante aussi pour la ville .	1>2	unknown	parallel	conjunction
Mais désolante aussi pour la ville .	Selon les démissionnaires ,	1>2	unknown	explanation	explanation
Selon les démissionnaires ,	il ne reste plus aujourd'hui que trois clairons et un tambour au sein de la batterie .	1>2	unknown	frame	frame
Selon les démissionnaires ,	il ne reste plus aujourd'hui que trois clairons et un tambour au sein de la batterie .	1>2	unknown	attribution	attribution
Selon les démissionnaires ,	Certes , l' harmonie <*> est , elle , encore au grand complet .	1>2	unknown	contrast	contrast
Selon les démissionnaires ,	Il n' empêche que dorénavant les défilés montbéliardais auront un petit air tristounet .	1>2	unknown	contrast	contrast
Certes , l' harmonie <*> est , elle , encore au grand complet .	-deuxième composante de l' Harmonie municipale-	1>2	unknown	e-elaboration	elaboration
Inspecteur Bayard	L' Inspecteur Bayard est le héros éponyme d' une bande - dessinée de Jean - Louis Fonteneau et Olivier Schwartz ,	1>2	unknown	elaboration	elaboration
La série se compose tantôt de petites enquêtes de quelques pages , tantôt d' une enquête d' un album entier .	Dans les deux cas ,	1>2	unknown	elaboration	elaboration
Son ennemi le plus récurrent est Malmor ,	génie du mal menant une organisation armée	1>2	unknown	e-elaboration	elaboration
Son ennemi le plus récurrent est Malmor ,	Dans les pages - jeux d' Astrapi ,	1>2	unknown	continuation	conjunction
L' Inspecteur Bayard est le héros éponyme d' une bande - dessinée de Jean - Louis Fonteneau et Olivier Schwartz ,	publiée dans la revue Astrapi .	1>2	unknown	e-elaboration	elaboration
L' Inspecteur Bayard est le héros éponyme d' une bande - dessinée de Jean - Louis Fonteneau et Olivier Schwartz ,	La série se compose tantôt de petites enquêtes de quelques pages , tantôt d' une enquête d' un album entier .	1>2	unknown	e-elaboration	elaboration
Dans les deux cas ,	le lecteur doit chercher des indices dans les pages	1>2	unknown	frame	frame
le lecteur doit chercher des indices dans les pages	pour découvrir l' identité du coupable ou la vérité d' une affaire .	1>2	unknown	goal	purpose
L' Inspecteur Bayard est le héros éponyme d' une bande - dessinée de Jean - Louis Fonteneau et Olivier Schwartz ,	Bayard est un grand homme blond , avec une mèche ondulée comme coiffure .	1>2	unknown	continuation	conjunction
Il porte un polo bleu et rouge et des gants blancs .	Il conduit une voiture de sport rouge	1>2	unknown	continuation	conjunction
Bayard est un grand homme blond , avec une mèche ondulée comme coiffure .	Il porte un polo bleu et rouge et des gants blancs .	1>2	unknown	continuation	conjunction
Il conduit une voiture de sport rouge	qu' il appelle Bayardmobile .	1>2	unknown	e-elaboration	elaboration
Son nom vient probablement de celui de la maison d' édition Bayard Presse ou plus directement du chevalier Bayard	( par analogie à son héroïsme ) .	1>2	unknown	background	frame
Il conduit une voiture de sport rouge	Son nom vient probablement de celui de la maison d' édition Bayard Presse ou plus directement du chevalier Bayard	1>2	unknown	continuation	conjunction
Son nom vient probablement de celui de la maison d' édition Bayard Presse ou plus directement du chevalier Bayard	Parmi ses amis sont Lili <*> Sam <*> et le Yorg	1>2	unknown	continuation	conjunction
Parmi ses amis sont Lili <*> Sam <*> et le Yorg	( petite fille espiègle ayant plusieurs animaux de compagnies ) ,	1>2	unknown	e-elaboration	elaboration
Parmi ses amis sont Lili <*> Sam <*> et le Yorg	( petit homme rond peu fûté )	1>2	unknown	e-elaboration	elaboration
Parmi ses amis sont Lili <*> Sam <*> et le Yorg	( un robot massif au grand coeur ,	1>2	unknown	e-elaboration	elaboration
( un robot massif au grand coeur ,	qui était d' abord un ennemi ) .	1>2	unknown	flashback	temporal
Parmi ses amis sont Lili <*> Sam <*> et le Yorg	Son ennemi le plus récurrent est Malmor ,	1>2	unknown	continuation	conjunction
génie du mal menant une organisation armée	pour dominer le monde	1>2	unknown	goal	purpose
génie du mal menant une organisation armée	( le Yorg était un de ses sbires ) .	1>2	unknown	background	frame
Dans les pages - jeux d' Astrapi ,	Bayard affronte aussi un génie du mal du même genre s' appelant Monsieur K.	1>2	unknown	frame	frame
De Mariana à Aleria	Au départ de Mariana différentes hypothèses sont à relever :	1>2	unknown	elaboration	elaboration
Les fouilles de la nécropole d’ I Ponti entreprises par G. Moracchini - Mazel , <*> se sont révélées intéressantes .	située à l’ est du site archéologique de Mariana ,	1>2	unknown	e-elaboration	elaboration
située à l’ est du site archéologique de Mariana ,	en rive gauche du Golu ,	1>2	unknown	e-elaboration	elaboration
Au départ de Mariana différentes hypothèses sont à relever :	Les fouilles de la nécropole d’ I Ponti entreprises par G. Moracchini - Mazel , <*> se sont révélées intéressantes .	1>2	unknown	elaboration	elaboration
Les fouilles de la nécropole d’ I Ponti entreprises par G. Moracchini - Mazel , <*> se sont révélées intéressantes .	L’ archéologue a découvert dans une tranchée d’ environ 2,50 mètres à 3 mètres de profondeur l’ existence d’ une voie empierrée de galets sur 0,30 mètres .	1>2	unknown	explanation	explanation
L’ archéologue a découvert dans une tranchée d’ environ 2,50 mètres à 3 mètres de profondeur l’ existence d’ une voie empierrée de galets sur 0,30 mètres .	“ C’ est une voie qui venait du nord	1>2	unknown	e-elaboration	elaboration
“ C’ est une voie qui venait du nord	et franchissait le Golu en direction du sud ” .	1>2	unknown	continuation	conjunction
et franchissait le Golu en direction du sud ” .	Cet empierrement en galets peut être considéré comme le départ d’ une voie .	1>2	unknown	continuation	conjunction
L’ archéologue a découvert dans une tranchée d’ environ 2,50 mètres à 3 mètres de profondeur l’ existence d’ une voie empierrée de galets sur 0,30 mètres .	Ainsi , <*> on peut donner tout son sens au lieu dit “ I Ponti ”	1>2	unknown	result	causal
Les fouilles de la nécropole d’ I Ponti entreprises par G. Moracchini - Mazel , <*> se sont révélées intéressantes .	située à l’ est du site archéologique de Mariana ,	1>2	unknown	elaboration	elaboration
Les fouilles de la nécropole d’ I Ponti entreprises par G. Moracchini - Mazel , <*> se sont révélées intéressantes .	Mais il existe la possibilité d’ un autre départ de Mariana .	1>2	unknown	contrast	contrast
grâce à l’ archéologie	et y voir le départ d’ un itinéraire en direction du sud .	1>2	unknown	continuation	conjunction
Ainsi , <*> on peut donner tout son sens au lieu dit “ I Ponti ”	grâce à l’ archéologie	1>2	unknown	result	causal
Mais il existe la possibilité d’ un autre départ de Mariana .	D’ après Geneviève Moracchini Mazel	1>2	unknown	elaboration	elaboration
D’ après Geneviève Moracchini Mazel	on constate l’ existence d’ une seconde voie antique au sud de l’ église de la Canonica en gardant toujours un axe nord-sud ,	1>2	unknown	frame	frame
D’ après Geneviève Moracchini Mazel	on constate l’ existence d’ une seconde voie antique au sud de l’ église de la Canonica en gardant toujours un axe nord-sud ,	1>2	unknown	attribution	attribution
D’ après Geneviève Moracchini Mazel	et d’ après une étude cadastrale précise ,	1>2	unknown	continuation	conjunction
on constate l’ existence d’ une seconde voie antique au sud de l’ église de la Canonica en gardant toujours un axe nord-sud ,	cette dernière est parallèle à l’ hypothétique voie partant du lieu dit I Ponti .	1>2	unknown	e-elaboration	elaboration
D’ après Geneviève Moracchini Mazel	Selon une tradition orale ,	1>2	unknown	background	frame
Selon une tradition orale ,	on pouvait traverser le Golu à l’ endroit même	1>2	unknown	frame	frame
Selon une tradition orale ,	il y a encore une cinquantaine d’ années environ ,	1>2	unknown	attribution	attribution
il y a encore une cinquantaine d’ années environ ,	on pouvait traverser le Golu à l’ endroit même	1<2	unknown	background	frame
on pouvait traverser le Golu à l’ endroit même	où , cette possible voie franchissait le fleuve .	1>2	unknown	e-elaboration	elaboration
D’ après les habitants	il y aurait eu un gué au sud de la Canonica	1>2	unknown	frame	frame
D’ après les habitants	il y aurait eu un gué au sud de la Canonica	1>2	unknown	attribution	attribution
Selon une tradition orale ,	D’ après les habitants	1>2	unknown	continuation	conjunction
D’ après les habitants	et pour eux	1>2	unknown	continuation	conjunction
et pour eux	cela expliquerait l’ absence de vestiges de ponts .	1>2	unknown	frame	frame
et pour eux	cela expliquerait l’ absence de vestiges de ponts .	1>2	unknown	attribution	attribution
et pour eux	D’ après R. Chevallier ,	1>2	unknown	background	frame
D’ après R. Chevallier ,	pour les villes importantes , on observe souvent le phénomène de patte d’ oie aux portes	1>2	unknown	frame	frame
D’ après R. Chevallier ,	pour les villes importantes , on observe souvent le phénomène de patte d’ oie aux portes	1>2	unknown	attribution	attribution
pour les villes importantes , on observe souvent le phénomène de patte d’ oie aux portes	( ou aux ponts )	1>2	unknown	elaboration	elaboration
pour les villes importantes , on observe souvent le phénomène de patte d’ oie aux portes	c’ est à dire des voies disposées deux par deux en lignes parallèles à l’ approche des villes ;	1>2	unknown	elaboration	elaboration
c’ est à dire des voies disposées deux par deux en lignes parallèles à l’ approche des villes ;	cela permet souvent de distinguer des phases successives d’ extension .	1>2	unknown	continuation	conjunction
cela permet souvent de distinguer des phases successives d’ extension .	Une patte d’ oie suppose un écran antérieur ou contemporain :	1>2	unknown	continuation	conjunction
Une patte d’ oie suppose un écran antérieur ou contemporain :	elle est donc postérieure aux remparts de la ville .	1>2	unknown	result	causal
cette dernière est parallèle à l’ hypothétique voie partant du lieu dit I Ponti .	M. Roblin a signalé	1>2	unknown	continuation	conjunction
M. Roblin a signalé	que des voies antiques pouvaient atteindre indépendamment les unes des autres le centre de la cité ,	1>2	unknown	attribution	attribution
que des voies antiques pouvaient atteindre indépendamment les unes des autres le centre de la cité ,	obligées parfois à un léger parallélisme en fin de parcours .	1>2	unknown	e-elaboration	elaboration
M. Roblin a signalé	Ce phénomène semble se confirmer à Mariana ,	1>2	unknown	continuation	conjunction
Ce phénomène semble se confirmer à Mariana ,	où on peut observer deux voies parallèles à la sortie sud de la ville .	1>2	unknown	explanation	explanation
Au départ de Mariana différentes hypothèses sont à relever :	Le départ de Mariana est maintenant connu ;	1>2	unknown	result	causal
Le départ de Mariana est maintenant connu ;	la voie continue ensuite en direction du sud .	1>2	unknown	continuation	conjunction
la voie continue ensuite en direction du sud .	Elle passe par plusieurs communes	1>2	unknown	elaboration	elaboration
Elle passe par plusieurs communes	et , franchit le Golu , le Fium’ altu , la rivière d’ Alesani , la Bravone jusqu’ au Tavignanu .	1>2	unknown	continuation	conjunction
la voie continue ensuite en direction du sud .	La distance proposée par l’ Itinéraire entre Mariana et Aleria correspond à peu près à la distance actuelle .	1>2	unknown	continuation	conjunction
La distance proposée par l’ Itinéraire entre Mariana et Aleria correspond à peu près à la distance actuelle .	Seule différence ,	1>2	unknown	contrast	contrast
La distance proposée par l’ Itinéraire entre Mariana et Aleria correspond à peu près à la distance actuelle .	Seule différence ,	1>2	unknown	background	frame
Seule différence ,	la route actuelle ne passe pas par Mariana ,	1>2	unknown	elaboration	elaboration
la route actuelle ne passe pas par Mariana ,	mais à 6 Km à l’ ouest de la cité .	1>2	unknown	contrast	contrast
mais à 6 Km à l’ ouest de la cité .	Plus précisément , de Mariana au Fium’ altu on peut considérer une voie relativement droite ,	1>2	unknown	elaboration	elaboration
Plus précisément , de Mariana au Fium’ altu on peut considérer une voie relativement droite ,	ce que confirme l’ étude de la carte I.G.N de Vescovatu au 1/25000ème .	1>2	unknown	explanation	explanation
Plus précisément , de Mariana au Fium’ altu on peut considérer une voie relativement droite ,	Cette voie passe par le lieu dit “ Migliarine ”	1>2	unknown	elaboration	elaboration
Cette voie passe par le lieu dit “ Migliarine ”	sur la commune de Castellare-di-Casinca ;	1>2	unknown	elaboration	elaboration
sur la commune de Castellare-di-Casinca ;	ce toponyme signifie , <*> une halte ou un relais .	1>2	unknown	comment	comment
ce toponyme signifie , <*> une halte ou un relais .	nous l’ avons vu précédemment ,	1>2	unknown	background	frame
La distance proposée par l’ Itinéraire entre Mariana et Aleria correspond à peu près à la distance actuelle .	Vu le tronçon rectiligne de la route actuelle	1>2	unknown	continuation	conjunction
Vu le tronçon rectiligne de la route actuelle	pour atteindre Aleria ,	1>2	unknown	goal	purpose
Vu le tronçon rectiligne de la route actuelle	on peut considérer la voie antique comme étant parallèle au tracé de la route moderne ;	1>2	unknown	result	causal
on peut considérer la voie antique comme étant parallèle au tracé de la route moderne ;	il y a pu avoir un mouvement de translation latérale ,	1>2	unknown	continuation	conjunction
il y a pu avoir un mouvement de translation latérale ,	ce phénomène arrive encore de nos jours ,	1>2	unknown	comment	comment
ce phénomène arrive encore de nos jours ,	où il arrive que l’ on construise une nouvelle route parallèle à la première ;	1>2	unknown	elaboration	elaboration
il y a pu avoir un mouvement de translation latérale ,	mais on peut penser également	1>2	unknown	contrast	contrast
mais on peut penser également	que les deux tracés n’ en font qu’ un .	1>2	unknown	attribution	attribution
De Mariana à Aleria	L’ examen des photographies aériennes semblent confirmer	1>2	unknown	elaboration	elaboration
L’ examen des photographies aériennes semblent confirmer	qu’ il existait certainement dans l’ antiquité un Itinéraire direct entre Mariana et Aleria .	1>2	unknown	elaboration	elaboration
qu’ il existait certainement dans l’ antiquité un Itinéraire direct entre Mariana et Aleria .	“ La route moderne <*> est probablement un tracé traditionnel ,	1>2	unknown	comment	comment
“ La route moderne <*> est probablement un tracé traditionnel ,	( entre Mariana et Aleria ) ,	1>2	unknown	e-elaboration	elaboration
( entre Mariana et Aleria ) ,	au bas des collines ,	1>2	unknown	continuation	conjunction
“ La route moderne <*> est probablement un tracé traditionnel ,	car elle suit tout naturellement la limite du terrain ferme et du terrain alluvial	1>2	unknown	explanation	explanation
car elle suit tout naturellement la limite du terrain ferme et du terrain alluvial	et l’ Itinéraire a pu choisir ce parcours :	1>2	unknown	continuation	conjunction
“ La route moderne <*> est probablement un tracé traditionnel ,	aussi son indication est-elle vraisemblable ,	1>2	unknown	continuation	conjunction
“ La route moderne <*> est probablement un tracé traditionnel ,	aussi son indication est-elle vraisemblable ,	1>2	unknown	parallel	conjunction
aussi son indication est-elle vraisemblable ,	et il faut la retenir provisoirement	1>2	unknown	result	causal
et il faut la retenir provisoirement	sans l’ entourer de trop de conjectures dans l’ attente de vérifications plus précises et de rapprochement probants ” .	1>2	unknown	contrast	contrast
Gutenberg	Cette exposition nous apprend	1>2	unknown	elaboration	elaboration
Cette exposition nous apprend	A peu près au même moment que Gutenberg inventait l' imprimerie ,	1>2	unknown	narration	temporal
Cette exposition nous apprend	A peu près au même moment que Gutenberg inventait l' imprimerie ,	1>2	unknown	continuation	conjunction
A peu près au même moment que Gutenberg inventait l' imprimerie ,	Ensuite ,	1>2	unknown	continuation	conjunction
A peu près au même moment que Gutenberg inventait l' imprimerie ,	Ensuite ,	1>2	unknown	narration	temporal
Ensuite ,	En 1953 ,	1>2	unknown	continuation	conjunction
Ensuite ,	En 1953 ,	1>2	unknown	narration	temporal
En 1953 ,	puis Jean Baudesson , <*> installa à Marnaval <*> une forge	1>2	unknown	continuation	conjunction
En 1953 ,	puis Jean Baudesson , <*> installa à Marnaval <*> une forge	1>2	unknown	narration	temporal
puis Jean Baudesson , <*> installa à Marnaval <*> une forge	Tout au long des années ,	1>2	unknown	continuation	conjunction
puis Jean Baudesson , <*> installa à Marnaval <*> une forge	Tout au long des années ,	1>2	unknown	narration	temporal
Cette exposition nous apprend	dès le XIIe siècle , à Dammarie-sur-Saulx , entre autres sites ,	1>2	unknown	elaboration	elaboration
que <*> une industrie métallurgique existait .	dès le XIIe siècle , à Dammarie-sur-Saulx , entre autres sites ,	1<2	unknown	frame	frame
A peu près au même moment que Gutenberg inventait l' imprimerie ,	Gillet Bonnemire créait en 1450 la première forge à Saint - Dizier , à l' actuel emplacement du CHS .	1>2	unknown	parallel	conjunction
Ensuite ,	fut installée une autre forge à la Vacquerie , à l' emplacement aujourd'hui de Cora .	1>2	unknown	frame	frame
En 1953 ,	les hauts fourneaux et fonderies de Cousances virent le jour ,	1>2	unknown	frame	frame
puis Jean Baudesson , <*> installa à Marnaval <*> une forge	qui connut son apogée au XIXe siècle .	1>2	unknown	e-elaboration	elaboration
puis Jean Baudesson , <*> installa à Marnaval <*> une forge	maire échevin de Saint - Dizier ,	1>2	unknown	e-elaboration	elaboration
puis Jean Baudesson , <*> installa à Marnaval <*> une forge	autorisé par lettres patentes d' Henri IV ,	1>2	unknown	background	frame
autorisé par lettres patentes d' Henri IV ,	- qui signifiait val ou vallée de la Marne ou bien en aval de la Marne - ,	1>2	unknown	e-elaboration	elaboration
Tout au long des années ,	de nouveaux sites furent créés , notamment à Haironville , puis plus tard à Ancerville .	1>2	unknown	frame	frame
Le président Simon :	La première exposition avicole de Belfort date de 1922 .	1>2	unknown	frame	frame
Le président Simon :	Photos Jacques FISSIER	1>2	unknown	background	frame
La première exposition avicole de Belfort date de 1922 .	Pour être précis ,	1>2	unknown	elaboration	elaboration
avec la présidence de Claude Simon .	Voici un homme totalement dévoué à la cause de toutes ces petites bêtes ,	1>2	unknown	e-elaboration	elaboration
même quand certains d' entre eux n' ont même plus de poulailler .	C' est le cas de ce brave Joseph Bari ,	1>2	unknown	e-elaboration	elaboration
C' est le cas de ce brave Joseph Bari ,	A l' époque ,	1>2	unknown	background	frame
C' est le cas de ce brave Joseph Bari ,	toujours présent au comité ,	1>2	unknown	e-elaboration	elaboration
A l' époque ,	Joseph Bari n' a plus rien chez lui , que des souvenirs .	1>2	unknown	narration	temporal
Joseph Bari n' a plus rien chez lui , que des souvenirs .	Heureusement , comme les autres amis de Claude Simon , il adore consacrer son temps à cette très belle exposition avicole	1>2	unknown	narration	temporal
qui résonne de mille chants de coqs heureux .	Il faut aller écouter	1>2	unknown	result	causal
Il faut aller écouter	Vivifiant en diable !	1>2	unknown	comment	comment
Le président Simon :	rien ne lui échappe !	1>2	unknown	comment	comment
La première exposition avicole de Belfort date de 1922 .	Cela fait donc plus de trois-quarts de siècle que la digne société du même nom encourage , dans la région , les éleveurs amateurs .	1>2	unknown	result	causal
Cela fait donc plus de trois-quarts de siècle que la digne société du même nom encourage , dans la région , les éleveurs amateurs .	On peut donc estimer de façon astronomique le nombre de poules , de canards et de lapins , puis logiquement de casseroles ,	1>2	unknown	result	causal
On peut donc estimer de façon astronomique le nombre de poules , de canards et de lapins , puis logiquement de casseroles ,	qui auront profité de cet engouement général !	1>2	unknown	e-elaboration	elaboration
Pour être précis ,	c' est autour de 1950 que la société d' aviculture de Belfort a vraiment pris sa réelle importance ,	1>2	unknown	frame	frame
c' est autour de 1950 que la société d' aviculture de Belfort a vraiment pris sa réelle importance ,	avec la présidence de Claude Simon .	1>2	unknown	elaboration	elaboration
Voici un homme totalement dévoué à la cause de toutes ces petites bêtes ,	et qui a su rassembler des bénévoles aussi passionnés que lui ,	1>2	unknown	continuation	conjunction
et qui a su rassembler des bénévoles aussi passionnés que lui ,	même quand certains d' entre eux n' ont même plus de poulailler .	1>2	unknown	elaboration	elaboration
toujours présent au comité ,	vedette de la colombophilie jusqu' en 1962 ,	1>2	unknown	continuation	conjunction
vedette de la colombophilie jusqu' en 1962 ,	époque à laquelle il fut obligé de quitter son pigeonnier de Châtenois-les-Forges	1>2	unknown	e-elaboration	elaboration
époque à laquelle il fut obligé de quitter son pigeonnier de Châtenois-les-Forges	pour aller habiter un espace réduit à Grand - Charmont .	1>2	unknown	goal	purpose
A l' époque ,	ce cher « Jo » élevait jusqu' à 120 pigeons voyageurs ,	1>2	unknown	frame	frame
ce cher « Jo » élevait jusqu' à 120 pigeons voyageurs ,	et les spécialistes n' ont pas oublié que l' un de ses champions fut de loin le meilleur sur 500 kilomètres	1>2	unknown	continuation	conjunction
et les spécialistes n' ont pas oublié que l' un de ses champions fut de loin le meilleur sur 500 kilomètres	lors d' un retour d' Evreux et de Bayeux !	1>2	unknown	temploc	temporal
Heureusement , comme les autres amis de Claude Simon , il adore consacrer son temps à cette très belle exposition avicole	qui résonne de mille chants de coqs heureux .	1>2	unknown	e-elaboration	elaboration
Il faut aller écouter	et voir tout ça .	1>2	unknown	continuation	conjunction
Les enfants et les pêcheurs	Ce sont finalement les élèves de la classe de CM2 de Jacky Hedin qui sont venus mettre la main au sac poubelle , dans la bonne humeur ,	1>2	unknown	elaboration	elaboration
Ce sont finalement les élèves de la classe de CM2 de Jacky Hedin qui sont venus mettre la main au sac poubelle , dans la bonne humeur ,	La journée de nettoyage de l' environnement <*> n' a pas connu , à Fains-Véel , le succès	1>2	unknown	comment	comment
Ce sont finalement les élèves de la classe de CM2 de Jacky Hedin qui sont venus mettre la main au sac poubelle , dans la bonne humeur ,	laissant au passage le soin à leurs aînés d' en tirer une morale .	1>2	unknown	elaboration	elaboration
Ce sont finalement les élèves de la classe de CM2 de Jacky Hedin qui sont venus mettre la main au sac poubelle , dans la bonne humeur ,	comme s' ils étaient là pour participer à un jeu de plein - air ,	1>2	unknown	background	frame
Ce sont finalement les élèves de la classe de CM2 de Jacky Hedin qui sont venus mettre la main au sac poubelle , dans la bonne humeur ,	Une seconde opération se déroulait en parallèle sur le territoire de la commune , avec un groupe d' une dizaine de chevaliers de la gaule « La Barisienne » ,	1>2	unknown	parallel	conjunction
Une seconde opération se déroulait en parallèle sur le territoire de la commune , avec un groupe d' une dizaine de chevaliers de la gaule « La Barisienne » ,	des pêcheurs à la ligne venus	1>2	unknown	e-elaboration	elaboration
des pêcheurs à la ligne venus	nettoyer les rives	1>2	unknown	goal	purpose
et curer le petit ruisseau	qui serpente sous les « Sources » avant de se jeter dans l' Ornain .	1>2	unknown	e-elaboration	elaboration
nettoyer les rives	Une opération destinée aussi à faciliter la remontée et la fraye des truites vers la rivière .	1>2	unknown	parallel	conjunction
La journée de nettoyage de l' environnement <*> n' a pas connu , à Fains-Véel , le succès	Peut-être a -t -elle eu le tort , la veille , de faire installer des poubelles fixes ,	1>2	unknown	explanation	explanation
La journée de nettoyage de l' environnement <*> n' a pas connu , à Fains-Véel , le succès	que la municipalité était en droit d' attendre .	1>2	unknown	background	frame
nettoyer les rives	et curer le petit ruisseau	1>2	unknown	continuation	conjunction
La journée de nettoyage de l' environnement <*> n' a pas connu , à Fains-Véel , le succès	placée sous la bannière du « Printemps de l' environnement »	1>2	unknown	e-elaboration	elaboration
Peut-être a -t -elle eu le tort , la veille , de faire installer des poubelles fixes ,	synonymes , à priori , de propreté ,	1>2	unknown	e-elaboration	elaboration
Peut-être a -t -elle eu le tort , la veille , de faire installer des poubelles fixes ,	ce qui a eu probablement pour effet d' inciter les gens à rester à domicile .	1>2	unknown	result	causal
L’ art en Europe .	l' Art de l' Égypte antique , <*> est l' une des principales sources de l' art en Europe .	1>2	unknown	elaboration	elaboration
Bien que celle-ci soit géographiquement située en Afrique ,	l' Art de l' Égypte antique , <*> est l' une des principales sources de l' art en Europe .	1<2	unknown	background	frame
Bien que celle-ci soit géographiquement située en Afrique ,	l' Art de l' Égypte antique , <*> est l' une des principales sources de l' art en Europe .	1<2	unknown	contrast	contrast
l' Art de l' Égypte antique , <*> est l' une des principales sources de l' art en Europe .	né il y a environ cinq mille ans ,	1>2	unknown	e-elaboration	elaboration
l' Art de l' Égypte antique , <*> est l' une des principales sources de l' art en Europe .	Il combine des règles strictes de régularité géométrique et une observation aiguë de la nature .	1>2	unknown	e-elaboration	elaboration
Il combine des règles strictes de régularité géométrique et une observation aiguë de la nature .	Ses oeuvres n' étaient pas destinées à être admirées par les vivants .	1>2	unknown	flashback	temporal
Ses oeuvres n' étaient pas destinées à être admirées par les vivants .	On les plaçait dans les tombes des rois ,	1>2	unknown	continuation	conjunction
On les plaçait dans les tombes des rois ,	puis progressivement dans celles de personnages de moindre importance sociale ,	1>2	unknown	narration	temporal
On les plaçait dans les tombes des rois ,	afin d' aider l' âme des défunts à rester vivante .	1>2	unknown	goal	purpose
l' Art de l' Égypte antique , <*> est l' une des principales sources de l' art en Europe .	Mais l' art européen doit aussi beaucoup à l' Art de la Grèce antique .	1>2	unknown	contrast	contrast
Mais l' art européen doit aussi beaucoup à l' Art de la Grèce antique .	Dans ses premiers temps ,	1>2	unknown	e-elaboration	elaboration
Dans ses premiers temps ,	aux alentours du xe siècle av. J. -C. ,	1>2	unknown	e-elaboration	elaboration
Dans ses premiers temps ,	il est extrêmement sobre et géométrique .	1>2	unknown	frame	frame
Dans ses premiers temps ,	Par la suite , il s' inspire consérablement des règles établies par l' art égyptien ,	1>2	unknown	narration	temporal
Par la suite , il s' inspire consérablement des règles établies par l' art égyptien ,	notamment en peinture et en sculpture .	1>2	unknown	elaboration	elaboration
Par la suite , il s' inspire consérablement des règles établies par l' art égyptien ,	Aux alentours du vie siècle av. J. -C. se produisit une véritable révolution artistique :	1>2	unknown	narration	temporal
Aux alentours du vie siècle av. J. -C. se produisit une véritable révolution artistique :	Les artistes commencent à s' affranchir des règles de l' art égyptien ,	1>2	unknown	elaboration	elaboration
Les artistes commencent à s' affranchir des règles de l' art égyptien ,	qui imposaient de représenter chaque partie d' un ensemble <*> sous son angle le plus reconnaissable ,	1>2	unknown	e-elaboration	elaboration
qui imposaient de représenter chaque partie d' un ensemble <*> sous son angle le plus reconnaissable ,	( d' un corps humain par exemple )	1>2	unknown	elaboration	elaboration
qui imposaient de représenter chaque partie d' un ensemble <*> sous son angle le plus reconnaissable ,	au prix parfois de positions peu vraisemblables de l' ensemble .	1>2	unknown	result	causal
Les artistes commencent à s' affranchir des règles de l' art égyptien ,	S' affranchissant de ces règles ,	1>2	unknown	continuation	conjunction
S' affranchissant de ces règles ,	ils se permettent de représenter un pied de face ou de cacher un bras sur un personnage représenté de profil :	1>2	unknown	background	frame
ils se permettent de représenter un pied de face ou de cacher un bras sur un personnage représenté de profil :	leurs peintures et leurs sculptures deviennent ainsi moins stéréotypées ,	1>2	unknown	result	causal
leurs peintures et leurs sculptures deviennent ainsi moins stéréotypées ,	plus naturelles .	1>2	unknown	continuation	conjunction
Aux alentours du vie siècle av. J. -C. se produisit une véritable révolution artistique :	Vers la fin du vie siècle av. J. -C. ,	1>2	unknown	narration	temporal
Vers la fin du vie siècle av. J. -C. ,	les artistes grecs sont toujours de simples artisans ,	1>2	unknown	frame	frame
les artistes grecs sont toujours de simples artisans ,	mais un public de plus en plus nombreux s' intéresse à leurs oeuvres .	1>2	unknown	contrast	contrast
mais un public de plus en plus nombreux s' intéresse à leurs oeuvres .	On compare les mérites des différentes écoles d' art , des maîtres des différentes cités .	1>2	unknown	elaboration	elaboration
On compare les mérites des différentes écoles d' art , des maîtres des différentes cités .	Certains d' entre eux , <*> deviennent extrêmement célèbres .	1>2	unknown	result	causal
Certains d' entre eux , <*> deviennent extrêmement célèbres .	comme Praxitèle	1>2	unknown	e-elaboration	elaboration
Vers la fin du vie siècle av. J. -C. ,	Un peu plus tard survient une autre évolution :	1>2	unknown	narration	temporal
Un peu plus tard survient une autre évolution :	on commence alors à leur faire exprimer des sentiments	1>2	unknown	elaboration	elaboration
alors que jusqu' ici les artistes s' efforçaient d' éviter de donner à leurs visages une expression trop précise ,	on commence alors à leur faire exprimer des sentiments	1<2	unknown	background	frame
on commence alors à leur faire exprimer des sentiments	et le règne d' Alexandre le Grand voit l' apparition d' un art du portrait	1>2	unknown	continuation	conjunction
et le règne d' Alexandre le Grand voit l' apparition d' un art du portrait	que l' Art de la Rome antique reprendra	1>2	unknown	narration	temporal
que l' Art de la Rome antique reprendra	et développera plus encore .	1>2	unknown	continuation	conjunction
Dans ses premiers temps ,	L' art médiéval couvre un ensemble large de temps et de lieux ,	1>2	unknown	continuation	conjunction
L' art médiéval couvre un ensemble large de temps et de lieux ,	sur plus de mille ans d' histoire de l' art en Europe , au Moyen - Orient et en Afrique du Nord .	1>2	unknown	elaboration	elaboration
sur plus de mille ans d' histoire de l' art en Europe , au Moyen - Orient et en Afrique du Nord .	Cela inclut de nombreux mouvements de l' art et périodes , art régional ou national , genres , renaissances , métiers d' artistes , et les artistes eux-mêmes .	1>2	unknown	elaboration	elaboration
Cela inclut de nombreux mouvements de l' art et périodes , art régional ou national , genres , renaissances , métiers d' artistes , et les artistes eux-mêmes .	Les historiens de l' Art classifient l' art médiéval en périodes et mouvements principaux ,	1>2	unknown	continuation	conjunction
Les historiens de l' Art classifient l' art médiéval en périodes et mouvements principaux ,	les relations entre ces périodes sont parfois plus subtiles .	1>2	unknown	continuation	conjunction
les relations entre ces périodes sont parfois plus subtiles .	Ceux-ci sont l' Art celtique , l' Art paléochrétien , l' Art des migrations , l' Art préroman et l' Art roman , l' Art gothique , l' Art byzantin et l' Art islamique .	1>2	unknown	e-elaboration	elaboration
Ceux-ci sont l' Art celtique , l' Art paléochrétien , l' Art des migrations , l' Art préroman et l' Art roman , l' Art gothique , l' Art byzantin et l' Art islamique .	En plus de cela , chaque « nation » ou culture au Moyen Âge avait son propre style artistique	1>2	unknown	continuation	conjunction
En plus de cela , chaque « nation » ou culture au Moyen Âge avait son propre style artistique	et ceux-ci ont une existence individuelle ,	1>2	unknown	continuation	conjunction
et ceux-ci ont une existence individuelle ,	comme l' Art anglo-saxon ou l' Art viking .	1>2	unknown	e-elaboration	elaboration
L' art médiéval couvre un ensemble large de temps et de lieux ,	L' art médiéval comporte de nombreuses techniques ,	1>2	unknown	continuation	conjunction
L' art médiéval comporte de nombreuses techniques ,	comme la mosaïque et la sculpture .	1>2	unknown	elaboration	elaboration
L' art médiéval comporte de nombreuses techniques ,	L' immense majorité de l' art <*> relève du domaine du religieux	1>2	unknown	continuation	conjunction
L' immense majorité de l' art <*> relève du domaine du religieux	qui nous est parvenu de cette période	1>2	unknown	e-elaboration	elaboration
L' immense majorité de l' art <*> relève du domaine du religieux	et renvoie à un cadre qui incorpore à la fois une pensée théologique ou cosmogonique et des fonctions proprement liturgiques .	1>2	unknown	continuation	conjunction
et renvoie à un cadre qui incorpore à la fois une pensée théologique ou cosmogonique et des fonctions proprement liturgiques .	À cet aspect strictement religieux ,	1>2	unknown	elaboration	elaboration
À cet aspect strictement religieux ,	il convient encore d' ajouter une dimension sociale ou civique .	1>2	unknown	frame	frame
il convient encore d' ajouter une dimension sociale ou civique .	Ainsi , une oeuvre pourra être étudiée et comprise sous ces différents aspects :	1>2	unknown	result	causal
Ainsi , une oeuvre pourra être étudiée et comprise sous ces différents aspects :	un contenu proprement théologique	1>2	unknown	elaboration	elaboration
un contenu proprement théologique	qui s' exprimera souvent par des choix iconologiques de la part du ou des créateurs ;	1>2	unknown	elaboration	elaboration
un contenu proprement théologique	une fonction liturgique ou cérémonielle concrète	1>2	unknown	continuation	conjunction
une fonction liturgique ou cérémonielle concrète	qui sera une contrainte matérielle de l' oeuvre ,	1>2	unknown	elaboration	elaboration
qui sera une contrainte matérielle de l' oeuvre ,	définissant parfois sa forme , sa structure ou ses dimensions ;	1>2	unknown	result	causal
une fonction liturgique ou cérémonielle concrète	une fonction publique d' exaltation du commanditaire , du donateur ou du récipiendaire .	1>2	unknown	continuation	conjunction
Décès de Guy Hosneld	M. Hosneld avait 44 ans .	1>2	unknown	e-elaboration	elaboration
Décès de Guy Hosneld	suite à une longue et douloureuse maladie ,	1>2	unknown	elaboration	elaboration
Nous apprenons avec beaucoup de tristesse , le décès de Guy Hosneld , <*> à l' âge de 44 ans .	suite à une longue et douloureuse maladie ,	1<2	unknown	flashback	temporal
Nous apprenons avec beaucoup de tristesse , le décès de Guy Hosneld , <*> à l' âge de 44 ans .	suite à une longue et douloureuse maladie ,	1<2	unknown	explanation	explanation
Nous apprenons avec beaucoup de tristesse , le décès de Guy Hosneld , <*> à l' âge de 44 ans .	Né à Abainville le 11 février 1955 ,	1>2	unknown	e-elaboration	elaboration
Né à Abainville le 11 février 1955 ,	Guy était arrivé tout jeune avec sa famille à Void-Vacon .	1>2	unknown	narration	temporal
Guy était arrivé tout jeune avec sa famille à Void-Vacon .	Il avait épousé Denise Pierrejean le 26 octobre 1974	1>2	unknown	narration	temporal
Il avait épousé Denise Pierrejean le 26 octobre 1974	et de leur union , sont nés une fille et deux garçons ,	1>2	unknown	narration	temporal
et de leur union , sont nés une fille et deux garçons ,	âgés respectivement de 24 , 23 et 14 ans .	1>2	unknown	e-elaboration	elaboration
et de leur union , sont nés une fille et deux garçons ,	Guy a consacré toute sa vie professionnelle à la laiterie Besnier à Sorcy - Saint - Martin , au poste de chef magasinier	1>2	unknown	continuation	conjunction
Guy a consacré toute sa vie professionnelle à la laiterie Besnier à Sorcy - Saint - Martin , au poste de chef magasinier	où il comptait de nombreux amis .	1>2	unknown	elaboration	elaboration
Guy a consacré toute sa vie professionnelle à la laiterie Besnier à Sorcy - Saint - Martin , au poste de chef magasinier	Guy Hosneld était une personne très connue dans la commune et aux alentours ,	1>2	unknown	continuation	conjunction
Guy Hosneld était une personne très connue dans la commune et aux alentours ,	pour son grand dévouement aux autres et sa participation à la vie associative du village ;	1>2	unknown	explanation	explanation
pour son grand dévouement aux autres et sa participation à la vie associative du village ;	il a assuré la présidence de la société de pêche « La Gaule vidusienne » durant une dizaine d' années .	1>2	unknown	continuation	conjunction
il a assuré la présidence de la société de pêche « La Gaule vidusienne » durant une dizaine d' années .	A l' âge de 12 ans ,	1>2	unknown	flashback	temporal
A l' âge de 12 ans ,	il était entré au LAS handball	1>2	unknown	frame	frame
il était entré au LAS handball	où il pratiqua durant près de vingt-cinq ans .	1>2	unknown	narration	temporal
il a assuré la présidence de la société de pêche « La Gaule vidusienne » durant une dizaine d' années .	Sapeur-pompier volontaire ,	1>2	unknown	continuation	conjunction
Sapeur-pompier volontaire ,	il avait pris la responsabilité de la formation des premiers cadets sapeurs-pompiers de Meuse .	1>2	unknown	elaboration	elaboration
Sapeur-pompier volontaire ,	Guy affectionnait beaucoup le jardinage ,	1>2	unknown	continuation	conjunction
Guy affectionnait beaucoup le jardinage ,	loisir partagé avec Denise ,	1>2	unknown	background	frame
loisir partagé avec Denise ,	son épouse ,	1>2	unknown	e-elaboration	elaboration
son épouse ,	qu' il a eu la douleur de perdre il y a quinze jours .	1>2	unknown	continuation	conjunction
Guy affectionnait beaucoup le jardinage ,	Il laisse à sa famille et amis , le souvenir d' un homme dévoué , généreux , jovial , toujours prêt à rendre service .	1>2	unknown	continuation	conjunction
Décès de Guy Hosneld	Les obsèques seront célébrées demain , à 15 h , en l' église Notre - Dame de Void-Vacon .	1>2	unknown	elaboration	elaboration
Décès de Guy Hosneld	Nos condoléances à ses enfants .	1>2	unknown	comment	comment
L' agenda sportif	Football	1>2	unknown	elaboration	elaboration
Football	Une seule rencontre est au programme des licenciés du FC aujourd'hui .	1>2	unknown	elaboration	elaboration
Une seule rencontre est au programme des licenciés du FC aujourd'hui .	L' équipe B , chez les seniors , évoluera à partir de 15 h , sur la pelouse du terrain d' honneur , face à la formation de Laneuville .	1>2	unknown	elaboration	elaboration
L' équipe B , chez les seniors , évoluera à partir de 15 h , sur la pelouse du terrain d' honneur , face à la formation de Laneuville .	Une journée du championnat de promotion de première division départementale .	1>2	unknown	continuation	conjunction
Cyclisme	Les cyclistes et vététistes peuvent se réunir ce matin , à 9 h , place Jacques - Bailleurs ,	1>2	unknown	elaboration	elaboration
Les cyclistes et vététistes peuvent se réunir ce matin , à 9 h , place Jacques - Bailleurs ,	à l' occasion d' une sortie d' entraînement .	1>2	unknown	elaboration	elaboration
Les cyclistes et vététistes peuvent se réunir ce matin , à 9 h , place Jacques - Bailleurs ,	Cet entraînement sera renouvelé demain , aux mêmes horaires .	1>2	unknown	narration	temporal
Football	Cyclisme	1>2	unknown	continuation	conjunction
Cyclisme	Billard	1>2	unknown	continuation	conjunction
Billard	Les membres du club auront l' occasion de s' entraîner cet après-midi , dès 14 h , salle Jean - Mathieu .	1>2	unknown	elaboration	elaboration
Billard	Tir	1>2	unknown	continuation	conjunction
Tir	Les tireurs de la Vaux - Racine ont rendez-vous à partir de 9 h , sur les pas de tir ,	1>2	unknown	elaboration	elaboration
Les tireurs de la Vaux - Racine ont rendez-vous à partir de 9 h , sur les pas de tir ,	à l' occasion d' une séance d' entraînement .	1>2	unknown	elaboration	elaboration
Tir	Aviron	1>2	unknown	continuation	conjunction
Aviron	Une sortie nautique d' entraînement est organisée aujourd'hui , à partir de 9 h , pour les rameurs du club .	1>2	unknown	elaboration	elaboration
Une sortie nautique d' entraînement est organisée aujourd'hui , à partir de 9 h , pour les rameurs du club .	Rendez-vous au local du club .	1>2	unknown	continuation	conjunction
La psychothérapie est une pratique	visant à donner du sens ,	1>2	unknown	goal	purpose
La psychothérapie est une pratique	L' aspect central de cette pratique relève de la relation entre le psychothérapeute et le patient	1>2	unknown	elaboration	elaboration
visant à donner du sens ,	à soigner	1>2	unknown	continuation	conjunction
à soigner	et éventuellement à résoudre les problèmes découlant d' une souffrance psychique rencontrée par des individus et pouvant se manifester par des symptômes comme la dépression , l' anxiété ou éventuellement par des conduites	1>2	unknown	continuation	conjunction
et éventuellement à résoudre les problèmes découlant d' une souffrance psychique rencontrée par des individus et pouvant se manifester par des symptômes comme la dépression , l' anxiété ou éventuellement par des conduites	( alimentaires TCA , conduites à risques , etc. ) .	1>2	unknown	e-elaboration	elaboration
L' aspect central de cette pratique relève de la relation entre le psychothérapeute et le patient	que les psychanalystes appellent transfert .	1>2	unknown	e-elaboration	elaboration
L' aspect central de cette pratique relève de la relation entre le psychothérapeute et le patient	Les écoles sont nombreuses	1>2	unknown	elaboration	elaboration
Les écoles sont nombreuses	et correspondent à des références et à des pratiques très différentes voire contradictoires .	1>2	unknown	continuation	conjunction
Les écoles sont nombreuses	En médecine ,	1>2	unknown	elaboration	elaboration
En médecine ,	la psychothérapie est rattachée à la psychiatrie ,	1>2	unknown	frame	frame
En médecine ,	en psychologie ,	1>2	unknown	continuation	conjunction
En médecine ,	en psychologie ,	1>2	unknown	parallel	conjunction
et <*> elle relève d' une formation post-graduée .	en psychologie ,	1<2	unknown	frame	frame
en psychologie ,	Selon les pays ,	1>2	unknown	continuation	conjunction
Selon les pays ,	le titre de psychothérapeute est	1>2	unknown	frame	frame
le titre de psychothérapeute est	ou n' est pas protégé et dans ce cas ,	1>2	unknown	alternation	alternation
ou n' est pas protégé et dans ce cas ,	quiconque peut se prétendre psychothérapeute .	1>2	unknown	result	causal
Les écoles sont nombreuses	Plusieurs écoles ont été qualifiées de sectes par la Mission interministérielle de lutte contre les sectes .	1>2	unknown	continuation	conjunction
Plusieurs écoles ont été qualifiées de sectes par la Mission interministérielle de lutte contre les sectes .	La psychothérapie n' est pas à confondre avec le « counseling » ou le « coaching » très en vogue dans les pays anglo-saxons	1>2	unknown	elaboration	elaboration
La psychothérapie n' est pas à confondre avec le « counseling » ou le « coaching » très en vogue dans les pays anglo-saxons	et qui ne présuppose ni formation universitaire ni formation à la psychopathologie .	1>2	unknown	e-elaboration	elaboration
Plusieurs écoles ont été qualifiées de sectes par la Mission interministérielle de lutte contre les sectes .	que si elles sont pratiquées par des psychiatres ,	1>2	unknown	continuation	conjunction
que si elles sont pratiquées par des psychiatres ,	En Suisse	1>2	unknown	contrast	contrast
Les psychothérapies ne sont remboursées par la sécurité sociale ou les assurances maladies	que si elles sont pratiquées par des psychiatres ,	1<2	unknown	conditional	condition
que si elles sont pratiquées par des psychiatres ,	ou qu' elles sont effectuées dans un Centre Médico - Psychologique .	1>2	unknown	alternation	alternation
En Suisse	il existe une variante ,	1>2	unknown	frame	frame
il existe une variante ,	un psychologue peut effectuer une psychothérapie « déléguée » par un psychiatre ,	1>2	unknown	elaboration	elaboration
un psychologue peut effectuer une psychothérapie « déléguée » par un psychiatre ,	elle est alors aussi remboursée .	1>2	unknown	result	causal
Création d' un atelier « Arts plastiques » .	Ils étaient nombreux les Brasiliens présents lors de la séance découverte « arts plastiques »	1>2	unknown	elaboration	elaboration
L' enquête <*> avait mis en évidence l' intérêt des adultes pour ces activités artistiques .	Il n' en fallait pas plus pour que la commission culture propose cette animation	1>2	unknown	result	causal
Ils étaient nombreux les Brasiliens présents lors de la séance découverte « arts plastiques »	Pour ce premier rendez-vous ,	1>2	unknown	elaboration	elaboration
Pour ce premier rendez-vous ,	l' animateur a pu faire partager sa passion	1>2	unknown	frame	frame
Pour ce premier rendez-vous ,	Ce sont déjà plus de trente personnes qui se sont inscrites pour la prochaine séance ,	1>2	unknown	narration	temporal
l' animateur a pu faire partager sa passion	En effet , parmi les adhérents à cette activité , plusieurs manient déjà avec brio différentes techniques artistiques ,	1>2	unknown	elaboration	elaboration
Ce sont déjà plus de trente personnes qui se sont inscrites pour la prochaine séance ,	avec pour objectif de former deux groupes	1>2	unknown	e-elaboration	elaboration
Ils étaient nombreux les Brasiliens présents lors de la séance découverte « arts plastiques »	L' enquête <*> avait mis en évidence l' intérêt des adultes pour ces activités artistiques .	1>2	unknown	background	frame
Ils étaient nombreux les Brasiliens présents lors de la séance découverte « arts plastiques »	pour venir écouter Sylvain Breda présenter son panel de compétences .	1>2	unknown	goal	purpose
L' enquête <*> avait mis en évidence l' intérêt des adultes pour ces activités artistiques .	réalisée par le conseil municipal des jeunes	1>2	unknown	e-elaboration	elaboration
Il n' en fallait pas plus pour que la commission culture propose cette animation	qui se déroulera dans un premier temps au foyer communal ,	1>2	unknown	e-elaboration	elaboration
qui se déroulera dans un premier temps au foyer communal ,	en attendant la fin des travaux de la salle d ' animation et de loisirs .	1>2	unknown	background	frame
qui se déroulera dans un premier temps au foyer communal ,	en attendant la fin des travaux de la salle d ' animation et de loisirs .	1>2	unknown	parallel	conjunction
l' animateur a pu faire partager sa passion	souligne Dominique Richard ,	1>2	unknown	comment	comment
l' animateur a pu faire partager sa passion	et présenter quelques « oeuvres »	1>2	unknown	parallel	conjunction
et présenter quelques « oeuvres »	pour mettre en bouche les participants .	1>2	unknown	goal	purpose
pour mettre en bouche les participants .	Quelques toiles , de l' acrylique , de l' huile , de l' encre de chine , mais aussi de la sculpture et bien d' autres techniques .	1>2	unknown	e-elaboration	elaboration
« Ce ne sera pas un cours magistral , mais plutôt un partage de connaissances » ,	souligne Dominique Richard ,	1<2	unknown	attribution	attribution
souligne Dominique Richard ,	responsable des animations dans le village .	1>2	unknown	e-elaboration	elaboration
En effet , parmi les adhérents à cette activité , plusieurs manient déjà avec brio différentes techniques artistiques ,	qu' ils pourront faire partager à l' ensemble du groupe .	1>2	unknown	continuation	conjunction
avec pour objectif de former deux groupes	qui se retrouveront les mercredis ou les vendredis .	1>2	unknown	e-elaboration	elaboration
Une nouvelle école pour la commune	Au cours de la cérémonie d' inauguration .	1>2	unknown	elaboration	elaboration
Au cours de la cérémonie d' inauguration .	La nouvelle école maternelle a été inaugurée en présence du sous-préfet , du président du conseil général ,	1>2	unknown	elaboration	elaboration
La nouvelle école maternelle a été inaugurée en présence du sous-préfet , du président du conseil général ,	Après avoir coupé le ruban	1>2	unknown	narration	temporal
le maire et la directrice ont conduit la visite commentée des locaux .	Dans son intervention ,	1>2	unknown	narration	temporal
le maire et la directrice ont conduit la visite commentée des locaux .	Dans son intervention ,	1>2	unknown	continuation	conjunction
Dans son intervention ,	M. Soyer a adressé ses remerciements aux collectivités participantes , et en particulier à l' inspecteur d' académie ,	1>2	unknown	narration	temporal
Dans son intervention ,	M. Soyer a adressé ses remerciements aux collectivités participantes , et en particulier à l' inspecteur d' académie ,	1>2	unknown	continuation	conjunction
M. Soyer a fait l' historique de l' école maternelle ,	Elle occupait depuis cette date , un bâtiment préfabriqué dans le parc Verneau .	1>2	unknown	elaboration	elaboration
Elle occupait depuis cette date , un bâtiment préfabriqué dans le parc Verneau .	En 1996 ,	1>2	unknown	continuation	conjunction
En 1996 ,	Une réflexion commune est menée avec les enseignants et les délégués de parents d' élèves , sous la conduite du CAUE .	1>2	unknown	continuation	conjunction
En 1996 ,	Une réflexion commune est menée avec les enseignants et les délégués de parents d' élèves , sous la conduite du CAUE .	1>2	unknown	narration	temporal
Une réflexion commune est menée avec les enseignants et les délégués de parents d' élèves , sous la conduite du CAUE .	Après une année d' études ,	1>2	unknown	continuation	conjunction
Une réflexion commune est menée avec les enseignants et les délégués de parents d' élèves , sous la conduite du CAUE .	Après une année d' études ,	1>2	unknown	narration	temporal
Après une année d' études ,	Le coût des bâtiments s' élève à 2.700.000 F ,	1>2	unknown	continuation	conjunction
Le coût des bâtiments s' élève à 2.700.000 F ,	Le mobilier est subventionné à 50 % par le conseil général .	1>2	unknown	continuation	conjunction
M. Soyer a adressé ses remerciements aux collectivités participantes , et en particulier à l' inspecteur d' académie ,	pour la création , en 1998 , d' une cinquième classe	1>2	unknown	elaboration	elaboration
il apprécie l' énergie dépensée pour une telle réalisation .	Il pense	1>2	unknown	elaboration	elaboration
La nouvelle école maternelle a été inaugurée en présence du sous-préfet , du président du conseil général ,	accompagné de MM . Farinet et Verneau , des maires et représentants de la communauté de communes , de l' inspecteur d' académie et de l' inspectrice de l' Education nationale de la circonscription .	1>2	unknown	parallel	conjunction
Après avoir coupé le ruban	qui en marque symboliquement l' entrée ,	1>2	unknown	e-elaboration	elaboration
Après avoir coupé le ruban	le maire et la directrice ont conduit la visite commentée des locaux .	1>2	unknown	narration	temporal
Après avoir coupé le ruban	le maire et la directrice ont conduit la visite commentée des locaux .	1>2	unknown	continuation	conjunction
Dans son intervention ,	M. Soyer a fait l' historique de l' école maternelle ,	1>2	unknown	frame	frame
M. Soyer a fait l' historique de l' école maternelle ,	qui existe à Vignot depuis 1972 .	1>2	unknown	e-elaboration	elaboration
En 1996 ,	la municipalité étudie la possibilité d' une construction neuve .	1>2	unknown	frame	frame
Après une année d' études ,	la conduite des travaux est menée par le cabinet Cadel et son associé , <*> sous le contrôle de l' Equipement , en neuf mois .	1>2	unknown	frame	frame
la conduite des travaux est menée par le cabinet Cadel et son associé , <*> sous le contrôle de l' Equipement , en neuf mois .	M. Bruand ,	1>2	unknown	e-elaboration	elaboration
Le coût des bâtiments s' élève à 2.700.000 F ,	dont 40 % de subvention de l' Etat ; 20 % d' auto - financement et 40 % d' emprunt .	1>2	unknown	e-elaboration	elaboration
pour la création , en 1998 , d' une cinquième classe	et la nomination de deux aides - éducateurs	1>2	unknown	continuation	conjunction
et la nomination de deux aides - éducateurs	et la mise à disposition à la rentrée 1999 d' un titulaire mobile .	1>2	unknown	continuation	conjunction
M. Soyer a adressé ses remerciements aux collectivités participantes , et en particulier à l' inspecteur d' académie ,	M. Dumez , <*> a parlé	1>2	unknown	continuation	conjunction
M. Soyer a adressé ses remerciements aux collectivités participantes , et en particulier à l' inspecteur d' académie ,	M. Dumez , <*> a parlé	1>2	unknown	narration	temporal
M. Dumez , <*> a parlé	président du conseil général ,	1>2	unknown	e-elaboration	elaboration
M. Dumez , <*> a parlé	d' une « réalisation apte à l' épanouissement des petits » ,	1>2	unknown	attribution	attribution
M. Dumez , <*> a parlé	non sans rappeler le rôle primordial de l' éducation familiale .	1>2	unknown	continuation	conjunction
M. Dumez , <*> a parlé	non sans rappeler le rôle primordial de l' éducation familiale .	1>2	unknown	narration	temporal
non sans rappeler le rôle primordial de l' éducation familiale .	L' inspecteur d' académie a remercié la municipalité	1>2	unknown	continuation	conjunction
non sans rappeler le rôle primordial de l' éducation familiale .	L' inspecteur d' académie a remercié la municipalité	1>2	unknown	narration	temporal
L' inspecteur d' académie a remercié la municipalité	d' avoir mené à bien son projet	1>2	unknown	explanation	explanation
d' avoir mené à bien son projet	en ayant associé les différentes parties intéressées : <*> pour la conception des locaux et la qualité des matériaux utilisés .	1>2	unknown	elaboration	elaboration
en ayant associé les différentes parties intéressées : <*> pour la conception des locaux et la qualité des matériaux utilisés .	enseignants , parents ,	1>2	unknown	e-elaboration	elaboration
L' inspecteur d' académie a remercié la municipalité	Quant au sous-préfet ,	1>2	unknown	continuation	conjunction
L' inspecteur d' académie a remercié la municipalité	Quant au sous-préfet ,	1>2	unknown	narration	temporal
Quant au sous-préfet ,	il apprécie l' énergie dépensée pour une telle réalisation .	1>2	unknown	frame	frame
Il pense	que l' espace , les couleurs , le silence d' un tel lieu ne peuvent qu' être un élément d' harmonie dans la vie de la commune ,	1>2	unknown	elaboration	elaboration
que l' espace , les couleurs , le silence d' un tel lieu ne peuvent qu' être un élément d' harmonie dans la vie de la commune ,	et espère	1>2	unknown	continuation	conjunction
et espère	que d' autres projets seront réalisés dans cet esprit .	1>2	unknown	elaboration	elaboration
Jean Paulhan	Jean Paulhan , <*> est un écrivain , un critique et un éditeur français , directeur de la Nouvelle Revue française de 1925 à 1940 et de 1946 à 1968 .	1>2	unknown	elaboration	elaboration
Jean Paulhan , <*> est un écrivain , un critique et un éditeur français , directeur de la Nouvelle Revue française de 1925 à 1940 et de 1946 à 1968 .	né à Nîmes le 2 décembre 1884 et mort à Paris le 9 octobre 1968 ,	1>2	unknown	elaboration	elaboration
Jean Paulhan , <*> est un écrivain , un critique et un éditeur français , directeur de la Nouvelle Revue française de 1925 à 1940 et de 1946 à 1968 .	né à Nîmes le 2 décembre 1884 et mort à Paris le 9 octobre 1968 ,	1>2	unknown	e-elaboration	elaboration
Jean Paulhan , <*> est un écrivain , un critique et un éditeur français , directeur de la Nouvelle Revue française de 1925 à 1940 et de 1946 à 1968 .	Biographie	1>2	unknown	elaboration	elaboration
Jean Paulhan , <*> est un écrivain , un critique et un éditeur français , directeur de la Nouvelle Revue française de 1925 à 1940 et de 1946 à 1968 .	Jean Paulhan était Grand officier de la Légion d' honneur , Croix de guerre 1914 - 1918 , Médaille de la Résistance .	1>2	unknown	background	frame
Biographie	Professeur de littérature et accessoirement de gymnastique au lycée de Tananarive pendant trois ans ( 1907 - 1910 ) ,	1>2	unknown	elaboration	elaboration
Professeur de littérature et accessoirement de gymnastique au lycée de Tananarive pendant trois ans ( 1907 - 1910 ) ,	Jean Paulhan enseigne la langue malgache à l' école des langues orientales à son retour .	1>2	unknown	narration	temporal
Jean Paulhan enseigne la langue malgache à l' école des langues orientales à son retour .	Pendant la grande guerre ,	1>2	unknown	narration	temporal
Pendant la grande guerre ,	il est sergent au 9e Zouaves	1>2	unknown	frame	frame
il est sergent au 9e Zouaves	( il est blessé en décembre 1914 ) .	1>2	unknown	elaboration	elaboration
Pendant la grande guerre ,	Après la guerre ,	1>2	unknown	narration	temporal
Après la guerre ,	il participe à la revue surréaliste Littérature	1>2	unknown	frame	frame
il participe à la revue surréaliste Littérature	puis , en 1920 , devient secrétaire de la Nouvelle Revue française	1>2	unknown	narration	temporal
puis , en 1920 , devient secrétaire de la Nouvelle Revue française	dont il devient rédacteur en chef cinq ans plus tard ,	1>2	unknown	narration	temporal
dont il devient rédacteur en chef cinq ans plus tard ,	à la mort de Jacques Rivière	1>2	unknown	background	frame
dont il devient rédacteur en chef cinq ans plus tard ,	et , en 1936 , gérant .	1>2	unknown	narration	temporal
Pendant la Seconde Guerre mondiale ,	il entre dans la clandestinité	1>2	unknown	frame	frame
Après la guerre ,	Pendant la Seconde Guerre mondiale ,	1>2	unknown	narration	temporal
il entre dans la clandestinité	et fonde , avec Jacques Decour , les Lettres françaises .	1>2	unknown	continuation	conjunction
et fonde , avec Jacques Decour , les Lettres françaises .	Il soutient les Éditions de Minuit .	1>2	unknown	continuation	conjunction
Pendant la Seconde Guerre mondiale ,	Son rôle affirmé pendant la guerre l' autorise à prendre la défense du talent des écrivains collaborateurs ,	1>2	unknown	narration	temporal
Son rôle affirmé pendant la guerre l' autorise à prendre la défense du talent des écrivains collaborateurs ,	il s' en prend aux vertueux résistants littéraires de l' après - guerre	1>2	unknown	result	causal
il s' en prend aux vertueux résistants littéraires de l' après - guerre	( Notamment dans sa Lettre aux Directeurs de la Résistance )	1>2	unknown	elaboration	elaboration
( Notamment dans sa Lettre aux Directeurs de la Résistance )	et ose publier Louis - Ferdinand Céline .	1>2	unknown	continuation	conjunction
et ose publier Louis - Ferdinand Céline .	Il reprend la direction de la Nouvelle Nouvelle Revue Française	1>2	unknown	narration	temporal
Il reprend la direction de la Nouvelle Nouvelle Revue Française	lorsque celle-ci est autorisée à reparaître en 1953 .	1>2	unknown	background	frame
il s' en prend aux vertueux résistants littéraires de l' après - guerre	Il entre à l' Académie française le 24 janvier 1963 au fauteuil numéro 6	1>2	unknown	narration	temporal
Il entre à l' Académie française le 24 janvier 1963 au fauteuil numéro 6	où il succède à Pierre Benoit	1>2	unknown	background	frame
où il succède à Pierre Benoit	et précède Eugène Ionesco .	1>2	unknown	continuation	conjunction
Jean Paulhan , <*> est un écrivain , un critique et un éditeur français , directeur de la Nouvelle Revue française de 1925 à 1940 et de 1946 à 1968 .	Son oeuvre , <*> comporte des récits et des écrits sur l' art	1>2	unknown	elaboration	elaboration
Son oeuvre , <*> comporte des récits et des écrits sur l' art	en tant qu' écrivain ,	1>2	unknown	elaboration	elaboration
Son oeuvre , <*> comporte des récits et des écrits sur l' art	( notamment sur le Cubisme et l' Art informel )	1>2	unknown	elaboration	elaboration
Son oeuvre , <*> comporte des récits et des écrits sur l' art	mais c' est surtout pour ses essais sur le langage et la littérature qu' il est célèbre ,	1>2	unknown	contrast	contrast
mais c' est surtout pour ses essais sur le langage et la littérature qu' il est célèbre ,	notamment Les Fleurs de Tarbes ou la Terreur dans les lettres , À demain la poésie , Petite Préface à toute critique .	1>2	unknown	elaboration	elaboration
Son oeuvre , <*> comporte des récits et des écrits sur l' art	Sa correspondance , <*> est toujours en cours de parution .	1>2	unknown	continuation	conjunction
Sa correspondance , <*> est toujours en cours de parution .	abondante ,	1>2	unknown	e-elaboration	elaboration
Son oeuvre , <*> comporte des récits et des écrits sur l' art	Les archives de Jean Paulhan sont déposées à l' Institut mémoires de l' édition contemporaine	1>2	unknown	background	frame
Les archives de Jean Paulhan sont déposées à l' Institut mémoires de l' édition contemporaine	( IMEC ) .	1>2	unknown	e-elaboration	elaboration
Que la lumière soit !	« Verdun , ville de lumière ! »	1>2	unknown	elaboration	elaboration
« Verdun , ville de lumière ! »	parue dans la revue n° 33 « Verdun la vie »	1>2	unknown	e-elaboration	elaboration
parue dans la revue n° 33 « Verdun la vie »	et envoyée à tous les Verdunois ,	1>2	unknown	continuation	conjunction
« Verdun , ville de lumière ! »	Expression <*> ne correspond pas à la réalité ,	1>2	unknown	contrast	contrast
Expression <*> ne correspond pas à la réalité ,	ce que soulignent M. Christian Langlois et M. Patrice Lanini ,	1<2	unknown	attribution	attribution
ce que soulignent M. Christian Langlois et M. Patrice Lanini ,	délégués syndicaux CGT des Rapides de la Meuse .	1>2	unknown	e-elaboration	elaboration
ce que soulignent M. Christian Langlois et M. Patrice Lanini ,	La gare routière attend toujours ses illuminations , pas des guirlandes , mais des lampadaires	1>2	unknown	explanation	explanation
La gare routière attend toujours ses illuminations , pas des guirlandes , mais des lampadaires	pour que scolaires , usagés et conducteurs se sentent en sécurité .	1>2	unknown	goal	purpose
ce que soulignent M. Christian Langlois et M. Patrice Lanini ,	Ces délégués remercient le maire	1>2	unknown	continuation	conjunction
Ces délégués remercient le maire	pour avoir pris ses responsabilités	1>2	unknown	explanation	explanation
pour avoir pris ses responsabilités	en aménageant le parking de la Tour du Champ .	1>2	unknown	elaboration	elaboration
en aménageant le parking de la Tour du Champ .	Hélas ce n' est pas satisfaisant .	1>2	unknown	contrast	contrast
Hélas ce n' est pas satisfaisant .	A ce jour ,	1>2	unknown	explanation	explanation
A ce jour ,	ils attendent que leur directeur en fasse tout autant .	1>2	unknown	frame	frame
« Verdun , ville de lumière ! »	M. le maire et M. le directeur des Rapides , il vous est demandé de régler le problème au plus vite .	1>2	unknown	result	causal
M. le maire et M. le directeur des Rapides , il vous est demandé de régler le problème au plus vite .	A titre de rappel : nos chers bambins sont toujours dans le noir , sans salle d' attente chauffée , sans toilettes et sans lumière .	1>2	unknown	explanation	explanation
A titre de rappel : nos chers bambins sont toujours dans le noir , sans salle d' attente chauffée , sans toilettes et sans lumière .	Les parents ne semblent pas connaître les dangers que côtoient leurs enfants	1>2	unknown	continuation	conjunction
Les parents ne semblent pas connaître les dangers que côtoient leurs enfants	en attendant leur bus .	1>2	unknown	background	frame
« Verdun , ville de lumière ! »	Affaire à suivre !	1>2	unknown	comment	comment
Redoux .	Depuis quarante-huit heures ,	1>2	unknown	elaboration	elaboration
Depuis quarante-huit heures ,	le redoux a fait son apparition .	1>2	unknown	frame	frame
le redoux a fait son apparition .	Sur l' agglomération et les collines environnantes ,	1>2	unknown	result	causal
Sur l' agglomération et les collines environnantes ,	la neige a complétement disparu	1>2	unknown	frame	frame
la neige a complétement disparu	avec pour conséquence immédiate une remontée de la Meuse et des canaux .	1>2	unknown	continuation	conjunction
Sur l' agglomération et les collines environnantes ,	Mais dans le secteur du Pré L' Evêque et les prés avoisinants ,	1>2	unknown	contrast	contrast
Mais dans le secteur du Pré L' Evêque et les prés avoisinants ,	la glace est encore bien présente	1>2	unknown	frame	frame
la glace est encore bien présente	et risque d' être encore là pendant plusieurs jours .	1>2	unknown	continuation	conjunction
et risque d' être encore là pendant plusieurs jours .	Avec les dangers qu' elle peut receler ,	1>2	unknown	e-elaboration	elaboration
Avec les dangers qu' elle peut receler ,	et dont nous n' avons pas conscience .	1>2	unknown	continuation	conjunction
et risque d' être encore là pendant plusieurs jours .	Avec les dangers qu' elle peut receler ,	1>2	unknown	continuation	conjunction
et dont nous n' avons pas conscience .	Dimanche en milieu d' après - midi ,	1>2	unknown	background	frame
Dimanche en milieu d' après - midi ,	quelques enfants s' adonnaient à des glissades	1>2	unknown	frame	frame
quelques enfants s' adonnaient à des glissades	alors que l' eau , <*> recouvrait encore tout le secteur .	1>2	unknown	background	frame
alors que l' eau , <*> recouvrait encore tout le secteur .	cachée ,	1>2	unknown	e-elaboration	elaboration
Apollonies .	C' est l' effervescence parmi les bénévoles préparant en coulisses le festival Apollonies	1>2	unknown	elaboration	elaboration
C' est l' effervescence parmi les bénévoles préparant en coulisses le festival Apollonies	qui se déroulera du 23 au 26 avril prochain .	1>2	unknown	e-elaboration	elaboration
qui se déroulera du 23 au 26 avril prochain .	Montée par le collège Saint - Jean ,	1>2	unknown	continuation	conjunction
Montée par le collège Saint - Jean ,	cette grande première va draîner dans la cité de la Paix près de 700 jeunes	1>2	unknown	continuation	conjunction
cette grande première va draîner dans la cité de la Paix près de 700 jeunes	venus des quatre coins de France , mais aussi du Canada , de Belgique et de Suisse .	1>2	unknown	e-elaboration	elaboration
cette grande première va draîner dans la cité de la Paix près de 700 jeunes	Une entreprise dont on reparlera	1>2	unknown	continuation	conjunction
Une entreprise dont on reparlera	et qui nécessite un budget important .	1>2	unknown	continuation	conjunction
et qui nécessite un budget important .	Mais quel apport pour la cité !	1>2	unknown	contrast	contrast
Une manoeuvre menée avec maestria .	Une heure et vingt minutes , c' est le temps qu' il aura fallu à Thierry Guerry ,	1>2	unknown	elaboration	elaboration
Une manoeuvre menée avec maestria .	Parti de Cholet	1>2	unknown	flashback	temporal
Toi mon toit	Une manoeuvre menée avec maestria .	1>2	unknown	elaboration	elaboration
Une heure et vingt minutes , c' est le temps qu' il aura fallu à Thierry Guerry ,	chauffeur - routier chez Caillaud ,	1>2	unknown	e-elaboration	elaboration
chauffeur - routier chez Caillaud ,	l' entreprise en charpente chargée de la pose de la toiture des cours de tennis couverts ,	1>2	unknown	e-elaboration	elaboration
Une heure et vingt minutes , c' est le temps qu' il aura fallu à Thierry Guerry ,	pour pénétrer dans l' enceinte du complexe sportif de la commune , avec son semi-remorque ,	1>2	unknown	elaboration	elaboration
pour pénétrer dans l' enceinte du complexe sportif de la commune , avec son semi-remorque ,	sur lequel étaient chargées quatorze tonnes d' éléments en bois de trente mètres de long ,	1>2	unknown	e-elaboration	elaboration
sur lequel étaient chargées quatorze tonnes d' éléments en bois de trente mètres de long ,	destinés à la couverture du bâtiment en construction sur le stade .	1>2	unknown	e-elaboration	elaboration
pour pénétrer dans l' enceinte du complexe sportif de la commune , avec son semi-remorque ,	C' est au centimètre près que la cabine du véhicule a pu passer entre les deux poteaux du portail principal ,	1>2	unknown	elaboration	elaboration
C' est au centimètre près que la cabine du véhicule a pu passer entre les deux poteaux du portail principal ,	dont un « chapeau » sur l' un a du être enlevé	1>2	unknown	e-elaboration	elaboration
dont un « chapeau » sur l' un a du être enlevé	pour faciliter la manoeuvre spectaculaire ,	1>2	unknown	explanation	explanation
pour faciliter la manoeuvre spectaculaire ,	dirigée par le pilote du convoi exceptionnel .	1>2	unknown	e-elaboration	elaboration
Parti de Cholet	( Maine et Loire )	1>2	unknown	e-elaboration	elaboration
Parti de Cholet	le chauffeur n' aura mis finalement qu' une journée et demi , avec des pointes de vitesse à 70 km / h	1>2	unknown	continuation	conjunction
Parti de Cholet	le chauffeur n' aura mis finalement qu' une journée et demi , avec des pointes de vitesse à 70 km / h	1>2	unknown	narration	temporal
le chauffeur n' aura mis finalement qu' une journée et demi , avec des pointes de vitesse à 70 km / h	( moins la nuit de repos )	1>2	unknown	e-elaboration	elaboration
le chauffeur n' aura mis finalement qu' une journée et demi , avec des pointes de vitesse à 70 km / h	pour couvrir une distance de 600 km .	1>2	unknown	narration	temporal
Espoir	La remise du lavoir abrite depuis quelques jours une exposition	1>2	unknown	elaboration	elaboration
La remise du lavoir abrite depuis quelques jours une exposition	qui a été inaugurée par Roger Thiriot , <*> en présence de nombreux élus du canton .	1>2	unknown	background	frame
La remise du lavoir abrite depuis quelques jours une exposition	L' association a changé les décors	1>2	unknown	elaboration	elaboration
et avec l' aide de plusieurs bénévoles , établi différents tableaux sur le thème de « Cinq siècles d' activité économique de la région d' Ancerville » .	Pourquoi ce thème ?	1>2	unknown	elaboration	elaboration
qui a été inaugurée par Roger Thiriot , <*> en présence de nombreux élus du canton .	président de l' Association d' insertion des pays de la Saulx et du Perthois ,	1>2	unknown	e-elaboration	elaboration
L' association a changé les décors	et avec l' aide de plusieurs bénévoles , établi différents tableaux sur le thème de « Cinq siècles d' activité économique de la région d' Ancerville » .	1>2	unknown	parallel	conjunction
L' association a changé les décors	et avec l' aide de plusieurs bénévoles , établi différents tableaux sur le thème de « Cinq siècles d' activité économique de la région d' Ancerville » .	1>2	unknown	continuation	conjunction
Pourquoi ce thème ?	a précisé Roger Thiriot ,	1>2	unknown	explanation	explanation
« Tout simplement » , <*> « parce que l' histoire du travail industriel est , ici , une longue et vieille histoire .	a précisé Roger Thiriot ,	1<2	unknown	attribution	attribution
« Tout simplement » , <*> « parce que l' histoire du travail industriel est , ici , une longue et vieille histoire .	La présence d' une abondante forêt , <*> a incité les hommes à créer » .	1>2	unknown	continuation	conjunction
La présence d' une abondante forêt , <*> a incité les hommes à créer » .	fournissant l' indispensable combustible ,	1>2	unknown	elaboration	elaboration
fournissant l' indispensable combustible ,	liée à l' existence du minerai de fer exploitable à ciel ouvert ,	1>2	unknown	continuation	conjunction
Pourquoi ce thème ?	C' est donc toute la vie industrielle du bassin de Saint - Dizier , sans oublier les papeteries de Jeand' Heurs , les carrières de Savonnières , que les visiteurs du lavoir pourront découvrir .	1>2	unknown	result	causal
C' est donc toute la vie industrielle du bassin de Saint - Dizier , sans oublier les papeteries de Jeand' Heurs , les carrières de Savonnières , que les visiteurs du lavoir pourront découvrir .	Un voyage étonnant	1>2	unknown	elaboration	elaboration
C' est donc toute la vie industrielle du bassin de Saint - Dizier , sans oublier les papeteries de Jeand' Heurs , les carrières de Savonnières , que les visiteurs du lavoir pourront découvrir .	Un voyage étonnant	1>2	unknown	comment	comment
C' est donc toute la vie industrielle du bassin de Saint - Dizier , sans oublier les papeteries de Jeand' Heurs , les carrières de Savonnières , que les visiteurs du lavoir pourront découvrir .	Cette exposition , <*> « n' a d' autre ambition que d' apporter un modeste témoignage sur le passé du tissu économique de la région .	1>2	unknown	comment	comment
Cette exposition , <*> « n' a d' autre ambition que d' apporter un modeste témoignage sur le passé du tissu économique de la région .	comme devait conclure Roger Thiriot ,	1<2	unknown	attribution	attribution
Un voyage étonnant	où photos , réalisations , vieux outils , documents anciens , permettront de mesurer	1>2	unknown	elaboration	elaboration
où photos , réalisations , vieux outils , documents anciens , permettront de mesurer	combien ce petit bout de terre de France , <*> fut une terre de labeur ,	1>2	unknown	elaboration	elaboration
combien ce petit bout de terre de France , <*> fut une terre de labeur ,	situé aux Marches de l' Est ,	1>2	unknown	e-elaboration	elaboration
situé aux Marches de l' Est ,	lieu de passage de prédilection des invasions ,	1>2	unknown	continuation	conjunction
combien ce petit bout de terre de France , <*> fut une terre de labeur ,	et combien le travail de ses habitants , <*> doit être reconnu et mis en valeur .	1>2	unknown	continuation	conjunction
et combien le travail de ses habitants , <*> doit être reconnu et mis en valeur .	durs à la tâche ,	1>2	unknown	e-elaboration	elaboration
Cette exposition , <*> « n' a d' autre ambition que d' apporter un modeste témoignage sur le passé du tissu économique de la région .	Elle se veut aussi message d' espoir en l' avenir » .	1>2	unknown	continuation	conjunction
La remise du lavoir abrite depuis quelques jours une exposition	Ouverture tous les jours sauf le lundi de 14 h 30 à 18 h.	1>2	unknown	elaboration	elaboration
Suzanne Sequin n' est plus .	Suzanne Sequin s' est éteinte samedi au centre hospitalier de Bar-le-Duc ,	1>2	unknown	elaboration	elaboration
Atteinte depuis peu d' une grave maladie ,	Suzanne Sequin s' est éteinte samedi au centre hospitalier de Bar-le-Duc ,	1<2	unknown	background	frame
Suzanne Sequin s' est éteinte samedi au centre hospitalier de Bar-le-Duc ,	où elle avait été admise il y a un mois .	1>2	unknown	flashback	temporal
Suzanne Sequin s' est éteinte samedi au centre hospitalier de Bar-le-Duc ,	Elle allait avoir aujourd'hui 79 ans .	1>2	unknown	e-elaboration	elaboration
Suzanne Sequin s' est éteinte samedi au centre hospitalier de Bar-le-Duc ,	Suzanne Collin était née à Brauvilliers dans la Meuse ,	1>2	unknown	flashback	temporal
Suzanne Collin était née à Brauvilliers dans la Meuse ,	le 21 janvier 1924 ,	1>2	unknown	temploc	temporal
Suzanne Collin était née à Brauvilliers dans la Meuse ,	issue d' une famille de cinq enfants .	1>2	unknown	e-elaboration	elaboration
Suzanne Collin était née à Brauvilliers dans la Meuse ,	Dès sa sortie de l' école primaire ,	1>2	unknown	continuation	conjunction
Suzanne Collin était née à Brauvilliers dans la Meuse ,	Dès sa sortie de l' école primaire ,	1>2	unknown	narration	temporal
Dès sa sortie de l' école primaire ,	elle montait à Metz et entrait en apprentissage dans une école de couture ,	1>2	unknown	frame	frame
Dès sa sortie de l' école primaire ,	puis revint en Meuse après la Seconde Guerre mondiale .	1>2	unknown	narration	temporal
Dès sa sortie de l' école primaire ,	puis revint en Meuse après la Seconde Guerre mondiale .	1>2	unknown	continuation	conjunction
puis revint en Meuse après la Seconde Guerre mondiale .	Elle fit alors la connaissance de son futur mari ,	1>2	unknown	narration	temporal
puis revint en Meuse après la Seconde Guerre mondiale .	Elle fit alors la connaissance de son futur mari ,	1>2	unknown	continuation	conjunction
Elle fit alors la connaissance de son futur mari ,	plombier-zingueur à Bar-le-Duc .	1>2	unknown	e-elaboration	elaboration
Elle fit alors la connaissance de son futur mari ,	Elle travailla quelque temps dans une droguerie barisienne ,	1>2	unknown	narration	temporal
Elle fit alors la connaissance de son futur mari ,	Elle travailla quelque temps dans une droguerie barisienne ,	1>2	unknown	continuation	conjunction
Elle travailla quelque temps dans une droguerie barisienne ,	puis épousa Gaston Sequinble 15 juin 1946	1>2	unknown	narration	temporal
Elle travailla quelque temps dans une droguerie barisienne ,	puis épousa Gaston Sequinble 15 juin 1946	1>2	unknown	continuation	conjunction
puis épousa Gaston Sequinble 15 juin 1946	Elle lui donna sept enfants	1>2	unknown	narration	temporal
puis épousa Gaston Sequinble 15 juin 1946	Elle lui donna sept enfants	1>2	unknown	continuation	conjunction
Elle lui donna sept enfants	avant que le cercle familial ne s' agrandisse de quinze petits-enfants et de quatorze arrière- petits-enfants .	1>2	unknown	narration	temporal
Elle lui donna sept enfants	avant que le cercle familial ne s' agrandisse de quinze petits-enfants et de quatorze arrière- petits-enfants .	1>2	unknown	continuation	conjunction
avant que le cercle familial ne s' agrandisse de quinze petits-enfants et de quatorze arrière- petits-enfants .	Elle fut très affectée par le décès de son mari en avril 1993 ,	1>2	unknown	continuation	conjunction
Elle fut très affectée par le décès de son mari en avril 1993 ,	une disparition qu' elle surmonta avec beaucoup de courage .	1>2	unknown	comment	comment
Elle fut très affectée par le décès de son mari en avril 1993 ,	Depuis , elle vivait seule dans son petit pavillon à Pilviteuil ,	1>2	unknown	narration	temporal
Elle fut très affectée par le décès de son mari en avril 1993 ,	Depuis , elle vivait seule dans son petit pavillon à Pilviteuil ,	1>2	unknown	continuation	conjunction
Depuis , elle vivait seule dans son petit pavillon à Pilviteuil ,	entourée de toute l' affection de sa famille .	1>2	unknown	elaboration	elaboration
entourée de toute l' affection de sa famille .	elle utilisait les transports en commun	1>2	unknown	continuation	conjunction
elle utilisait les transports en commun	Sinon , on pouvait la rencontrer bien souvent en forêt , <*> à la recherche des champignons ou au ramassage d' escargots	1>2	unknown	alternation	alternation
Quand elle ne vaquait pas à ses occupations ménagères ,	elle utilisait les transports en commun	1<2	unknown	background	frame
elle utilisait les transports en commun	et descendait seule faire ses courses en centre ville ,	1>2	unknown	continuation	conjunction
et descendait seule faire ses courses en centre ville ,	et prenait alors plaisir à faire un brin de causette avec ses copines de rencontre .	1>2	unknown	continuation	conjunction
Sinon , on pouvait la rencontrer bien souvent en forêt , <*> à la recherche des champignons ou au ramassage d' escargots	accompagnée de ses enfants ,	1>2	unknown	elaboration	elaboration
Sinon , on pouvait la rencontrer bien souvent en forêt , <*> à la recherche des champignons ou au ramassage d' escargots	qu' elle préparait elle-même ,	1>2	unknown	e-elaboration	elaboration
qu' elle préparait elle-même ,	pour des repas de famille .	1>2	unknown	goal	purpose
elle utilisait les transports en commun	A la maison ,	1>2	unknown	continuation	conjunction
A la maison ,	ses seuls plaisirs étaient de regarder les émissions de jeux à la télévision et de faire les mots mêlés ,	1>2	unknown	frame	frame
ses seuls plaisirs étaient de regarder les émissions de jeux à la télévision et de faire les mots mêlés ,	un exercice de mémoire qu' elle affectionnait .	1>2	unknown	e-elaboration	elaboration
Suzanne Sequin s' est éteinte samedi au centre hospitalier de Bar-le-Duc ,	Ses obsèques seront célébrées , ce matin , à 10 h 30 , en l' église Saint - Etienne de Bar-le-Duc .	1>2	unknown	result	causal
Suzanne Sequin n' est plus .	Nos condoléances .	1>2	unknown	comment	comment
René Léon Bourret	René Leon Bourret est un géologue et un zoologiste français ,	1>2	unknown	elaboration	elaboration
René Leon Bourret est un géologue et un zoologiste français ,	Il arrive dans l' Indochine française en 1900 dans les rangs de l' armée .	1>2	unknown	elaboration	elaboration
René Leon Bourret est un géologue et un zoologiste français ,	La plupart de ses spécimens et de ses types sont conservés par les muséums de Paris et de Toulouse .	1>2	unknown	background	frame
René Leon Bourret est un géologue et un zoologiste français ,	né le 28 janvier 1884 à Nérac , Lot-et-Garonne	1>2	unknown	elaboration	elaboration
Il commence à travailler pour le cadastre en 1907 .	Après la Première Guerre mondiale ,	1>2	unknown	narration	temporal
Après la Première Guerre mondiale ,	il travaille pour le service de recherche géologique et minière	1>2	unknown	frame	frame
Après la Première Guerre mondiale ,	Il commence à faire paraître des études géologiques dans les années 1920	1>2	unknown	narration	temporal
"Son livre sur "" Les Tortues de l' Indochine "" , <*> devient un ouvrage de référence encore réédité de nos jours ."	Outre une importante partie consacrée à la taxinomie ,	1>2	unknown	elaboration	elaboration
né le 28 janvier 1884 à Nérac , Lot-et-Garonne	et mort le 28 juillet 1957 à Toulouse .	1>2	unknown	narration	temporal
Il arrive dans l' Indochine française en 1900 dans les rangs de l' armée .	Il commence à travailler pour le cadastre en 1907 .	1>2	unknown	narration	temporal
il travaille pour le service de recherche géologique et minière	et obtient un doctorat de géologie à l' université de Toulouse .	1>2	unknown	parallel	conjunction
Il commence à faire paraître des études géologiques dans les années 1920	avant de se consacrer aux reptiles et aux amphibiens .	1>2	unknown	narration	temporal
En 1925 ,	il devient professeur à l' École supérieure des sciences de l' université indochinoise d' Hanoi .	1>2	unknown	frame	frame
avant de se consacrer aux reptiles et aux amphibiens .	En 1925 ,	1>2	unknown	narration	temporal
il devient professeur à l' École supérieure des sciences de l' université indochinoise d' Hanoi .	"Il fait paraître en 1934 "" Sur une petite collection de serpents du Tonkin "" ."	1>2	unknown	narration	temporal
À partir de cette année - là ,	"il commence la publication de sa série "" Notes herpétologiques sur l' Indochine française "" ."	1>2	unknown	frame	frame
"Il fait paraître en 1934 "" Sur une petite collection de serpents du Tonkin "" ."	À partir de cette année - là ,	1>2	unknown	narration	temporal
En 1936 - 1937 ,	il fait paraître une importante faune sur les serpents ,	1>2	unknown	frame	frame
À partir de cette année - là ,	En 1936 - 1937 ,	1>2	unknown	narration	temporal
il fait paraître une importante faune sur les serpents ,	""" Les Serpents de l' Indochine "" ."	1>2	unknown	e-elaboration	elaboration
En 1938 ,	"il signe un manuel d' information sur "" Les Serpents venimeux en Indochine "" ."	1>2	unknown	frame	frame
il fait paraître une importante faune sur les serpents ,	En 1938 ,	1>2	unknown	narration	temporal
En 1938 ,	"Son livre sur "" Les Tortues de l' Indochine "" , <*> devient un ouvrage de référence encore réédité de nos jours ."	1>2	unknown	narration	temporal
"Son livre sur "" Les Tortues de l' Indochine "" , <*> devient un ouvrage de référence encore réédité de nos jours ."	paru en 1941 ,	1>2	unknown	e-elaboration	elaboration
Outre une importante partie consacrée à la taxinomie ,	Bourret donne des indications sur la pêche et l' élevage des tortues de mer .	1>2	unknown	continuation	conjunction
Outre une importante partie consacrée à la taxinomie ,	Bourret donne des indications sur la pêche et l' élevage des tortues de mer .	1>2	unknown	contrast	contrast
Bourret donne des indications sur la pêche et l' élevage des tortues de mer .	Il s' intéresse aussi aux oiseaux et aux mammifères conservés dans les collections de l' Université indochinoise .	1>2	unknown	continuation	conjunction
"Son livre sur "" Les Tortues de l' Indochine "" , <*> devient un ouvrage de référence encore réédité de nos jours ."	Il reste à Hanoi durant l' occupation japonaise	1>2	unknown	narration	temporal
Il reste à Hanoi durant l' occupation japonaise	mais doit partir dans le sud du pays	1>2	unknown	narration	temporal
Il reste à Hanoi durant l' occupation japonaise	mais doit partir dans le sud du pays	1>2	unknown	contrast	contrast
mais doit partir dans le sud du pays	avec l' arrivée des troupes nationalistes .	1>2	unknown	explanation	explanation
mais doit partir dans le sud du pays	Il revient en France en mai 1947	1>2	unknown	narration	temporal
Il revient en France en mai 1947	et s' installe à Toulouse .	1>2	unknown	continuation	conjunction
et s' installe à Toulouse .	Il cesse alors tout travail scientifique	1>2	unknown	narration	temporal
Il cesse alors tout travail scientifique	et meurt dans une relative solitude .	1>2	unknown	narration	temporal
Un véhicule a effectué une spectaculaire sortie de route , hier vers 18 h 15 , sur l' A36 .	lorsqu'[après être passée à hauteur du 35e RI ,	1>2	unknown	elaboration	elaboration
La voiture circulait dans le sens Mulhouse - Montbéliard	lorsqu'[après être passée à hauteur du 35e RI ,	1<2	unknown	background	frame
lorsqu'[après être passée à hauteur du 35e RI ,	elle a quitté la chaussée sur sa droite .	1>2	unknown	narration	temporal
elle a quitté la chaussée sur sa droite .	Frôlant le début d' une glissière de sécurité ,	1>2	unknown	narration	temporal
Frôlant le début d' une glissière de sécurité ,	le véhicule a gravi le talus ,	1>2	unknown	narration	temporal
le véhicule a gravi le talus ,	basculé de l' autre côté ,	1>2	unknown	narration	temporal
basculé de l' autre côté ,	traversé un champ ,	1>2	unknown	narration	temporal
traversé un champ ,	est entré dans un secteur boisé ,	1>2	unknown	narration	temporal
est entré dans un secteur boisé ,	pour finalement plonger vers le centre Leclerc dans une zone à pic .	1>2	unknown	narration	temporal
pour finalement plonger vers le centre Leclerc dans une zone à pic .	l' automobile a fini par percuter un arbre assez résistant	1>2	unknown	narration	temporal
Fort heureusement pour les deux occupants ,	l' automobile a fini par percuter un arbre assez résistant	1<2	unknown	comment	comment
l' automobile a fini par percuter un arbre assez résistant	pour immobiliser le véhicule .	1>2	unknown	result	causal
pour immobiliser le véhicule .	Ce dernier est resté en équilibre instable , au-dessus d' un vide de plus de dix mètres .	1>2	unknown	e-elaboration	elaboration
Un véhicule a effectué une spectaculaire sortie de route , hier vers 18 h 15 , sur l' A36 .	En tout , il a parcouru une distance de près de 150 mètres pour un dénivelé de plusieurs dizaines de mètres .	1>2	unknown	elaboration	elaboration
En tout , il a parcouru une distance de près de 150 mètres pour un dénivelé de plusieurs dizaines de mètres .	à récupérer le conducteur et sa passagère ,	1>2	unknown	result	causal
après avoir crapahuté dans les broussailles ,	à récupérer le conducteur et sa passagère ,	1<2	unknown	flashback	temporal
à récupérer le conducteur et sa passagère ,	qui étaient conscients .	1>2	unknown	e-elaboration	elaboration
à récupérer le conducteur et sa passagère ,	ne semblaient pas blessés .	1>2	unknown	background	frame
choqués ,	ne semblaient pas blessés .	1<2	unknown	e-elaboration	elaboration
à récupérer le conducteur et sa passagère ,	Ils ont été transportés au centre hospitalier de Belfort	1>2	unknown	narration	temporal
Ils ont été transportés au centre hospitalier de Belfort	pour des examens de contrôle .	1>2	unknown	goal	purpose
Un malaise	Il semble qu' un malaise du conducteur , <*> soit à l' origine de cet accident peu classique .	1>2	unknown	elaboration	elaboration
Il semble qu' un malaise du conducteur , <*> soit à l' origine de cet accident peu classique .	Il est à noter que le couple a eu la chance	1>2	unknown	comment	comment
Il semble qu' un malaise du conducteur , <*> soit à l' origine de cet accident peu classique .	S' apercevant	1>2	unknown	background	frame
Il semble qu' un malaise du conducteur , <*> soit à l' origine de cet accident peu classique .	Hier en début de soirée ,	1>2	unknown	narration	temporal
Hier en début de soirée ,	Le véhicule a été enlevé un peu après 20 h.	1>2	unknown	narration	temporal
Hier en début de soirée ,	Le véhicule a été enlevé un peu après 20 h.	1>2	unknown	continuation	conjunction
S' apercevant	l' épouse , <*> a tenté de garder le véhicule en ligne droite	1>2	unknown	narration	temporal
Il est à noter que le couple a eu la chance	L' automobile , en effet , est invisible depuis la rue de Danjoutin située en contrebas	1>2	unknown	elaboration	elaboration
Il est à noter que le couple a eu la chance	L' automobile , en effet , est invisible depuis la rue de Danjoutin située en contrebas	1>2	unknown	explanation	explanation
Il semble qu' un malaise du conducteur , <*> soit à l' origine de cet accident peu classique .	qui pourrait être d' origine épileptique ,	1>2	unknown	e-elaboration	elaboration
S' apercevant	que son mari avait soudainement perdu connaissance ,	1>2	unknown	background	frame
l' épouse , <*> a tenté de garder le véhicule en ligne droite	passagère avant ,	1>2	unknown	e-elaboration	elaboration
l' épouse , <*> a tenté de garder le véhicule en ligne droite	en se saisissant du volant .	1>2	unknown	elaboration	elaboration
l' épouse , <*> a tenté de garder le véhicule en ligne droite	Malgré la distance parcourue ,	1>2	unknown	continuation	conjunction
l' épouse , <*> a tenté de garder le véhicule en ligne droite	Malgré la distance parcourue ,	1>2	unknown	narration	temporal
Malgré la distance parcourue ,	tout a été très rapide pour le couple originaire du Territoire de Belfort .	1>2	unknown	contrast	contrast
Hier en début de soirée ,	la route reliant Danjoutin à Belfort était en partie neutralisée par la police ,	1>2	unknown	frame	frame
la route reliant Danjoutin à Belfort était en partie neutralisée par la police ,	le temps qu' un dépanneur fasse tomber l' automobile ,	1>2	unknown	parallel	conjunction
le temps qu' un dépanneur fasse tomber l' automobile ,	perchée juste au dessus d' une fortification appartenant à l' ancienne ceinture de Belfort .	1>2	unknown	e-elaboration	elaboration
Il est à noter que le couple a eu la chance	que son accident soit vu par des témoins	1>2	unknown	elaboration	elaboration
que son accident soit vu par des témoins	qui ont alerté les secours .	1>2	unknown	e-elaboration	elaboration
L' automobile , en effet , est invisible depuis la rue de Danjoutin située en contrebas	et les traces indiquant la sortie de route sont discrètes au niveau de l' A36 .	1>2	unknown	continuation	conjunction
Amélioration de la sécurité	Le maire a invité les membres du conseil	1>2	unknown	elaboration	elaboration
Le maire a invité les membres du conseil	à élaborer le programme d' amélioration de la voirie communale et de la sécurité routière pour l' année 1999 .	1>2	unknown	goal	purpose
Le maire a invité les membres du conseil	Il a rappelé	1>2	unknown	narration	temporal
à élaborer le programme d' amélioration de la voirie communale et de la sécurité routière pour l' année 1999 .	Il a rappelé	1>2	unknown	explanation	explanation
Il a rappelé	que plusieurs automobilistes ont quitté la chaussée à l' intersection de la RD192 et du chemin rural de la Vaux des Fossés	1>2	unknown	attribution	attribution
En délibérant ,	l' assemblée a accepté la proposition du maire	1>2	unknown	frame	frame
Il a rappelé	En délibérant ,	1>2	unknown	narration	temporal
que plusieurs automobilistes ont quitté la chaussée à l' intersection de la RD192 et du chemin rural de la Vaux des Fossés	et qu' il convient de modifier le régime de priorité à cet endroit .	1>2	unknown	result	causal
et qu' il convient de modifier le régime de priorité à cet endroit .	La pose d' un panneau stop paraît être la formule la mieux adaptée	1>2	unknown	continuation	conjunction
La pose d' un panneau stop paraît être la formule la mieux adaptée	pour assurer la sécurité des usagers .	1>2	unknown	goal	purpose
l' assemblée a accepté la proposition du maire	et l' a chargé de faire établir par les services de la DDE un dossier de demande de subvention dans le cadre de la répartition des amendes de police 1999 .	1>2	unknown	parallel	conjunction
A Soleuvre :	L' Effort Basket de Mirecourt participait ce dimanche au tournoi international de Soleuvre au Luxembourg	1>2	unknown	elaboration	elaboration
L' Effort Basket de Mirecourt participait ce dimanche au tournoi international de Soleuvre au Luxembourg	D' abord , les Mirecurtiens rencontrèrent Utrecht	1>2	unknown	elaboration	elaboration
D' abord , les Mirecurtiens rencontrèrent Utrecht	Deuxième match , contre Sarrelouis	1>2	unknown	narration	temporal
Deuxième match , contre Sarrelouis	Là , les hommes de Franck Renard , <*> se montrèrent plus sûrs notamment à l' intérieur de la raquette	1>2	unknown	elaboration	elaboration
Là , les hommes de Franck Renard , <*> se montrèrent plus sûrs notamment à l' intérieur de la raquette	bien en jambes	1>2	unknown	e-elaboration	elaboration
Là , les hommes de Franck Renard , <*> se montrèrent plus sûrs notamment à l' intérieur de la raquette	et ils l' emportèrent par 45 - 36 .	1>2	unknown	continuation	conjunction
Là , les hommes de Franck Renard , <*> se montrèrent plus sûrs notamment à l' intérieur de la raquette	et ils l' emportèrent par 45 - 36 .	1>2	unknown	result	causal
Deuxième match , contre Sarrelouis	L'après-midi ,	1>2	unknown	narration	temporal
L'après-midi ,	rencontre entre Lorrains pour la 3e place contre les voisins de Joeuf ,	1>2	unknown	frame	frame
rencontre entre Lorrains pour la 3e place contre les voisins de Joeuf ,	mais la fatigue commençait à se faire sentir .	1>2	unknown	contrast	contrast
mais la fatigue commençait à se faire sentir .	Mirecourt perdit trop de ballons	1>2	unknown	result	causal
Mirecourt perdit trop de ballons	L' EBM s' inclina devant Joeuf par 70 - 61 .	1>2	unknown	result	causal
L'après-midi ,	La finale se joua entre Utrecht et Soleuvre .	1>2	unknown	narration	temporal
L' Effort Basket de Mirecourt participait ce dimanche au tournoi international de Soleuvre au Luxembourg	Le bilan de l' entraîneur à l' issue de ce tournoi de préparation était assez mitigé :	1>2	unknown	comment	comment
Le bilan de l' entraîneur à l' issue de ce tournoi de préparation était assez mitigé :	« On a montré de très bonnes choses durant la matinée	1>2	unknown	attribution	attribution
« On a montré de très bonnes choses durant la matinée	On continue à optimiser nos points forts	1>2	unknown	continuation	conjunction
A Soleuvre :	des hauts et des bas	1>2	unknown	continuation	conjunction
L' Effort Basket de Mirecourt participait ce dimanche au tournoi international de Soleuvre au Luxembourg	où étaient présentées des équipes de haut niveau telle Utrecht	1>2	unknown	e-elaboration	elaboration
L' Effort Basket de Mirecourt participait ce dimanche au tournoi international de Soleuvre au Luxembourg	où étaient présentées des équipes de haut niveau telle Utrecht	1>2	unknown	background	frame
où étaient présentées des équipes de haut niveau telle Utrecht	( N1 hollandaise ) .	1>2	unknown	e-elaboration	elaboration
D' abord , les Mirecurtiens rencontrèrent Utrecht	qu' ils accrochèrent longtemps	1>2	unknown	narration	temporal
qu' ils accrochèrent longtemps	pour finalement céder par 36 - 32 .	1>2	unknown	narration	temporal
Deuxième match , contre Sarrelouis	( N2 allemande ) .	1>2	unknown	e-elaboration	elaboration
Mirecourt perdit trop de ballons	et sur ces mini-rencontres cela ne pardonne pas .	1>2	unknown	continuation	conjunction
« On a montré de très bonnes choses durant la matinée	mais physiquement notre jeu s' est affaibli au fur et à mesure du tournoi .	1>2	unknown	contrast	contrast
On continue à optimiser nos points forts	et à travailler nos faiblesses . »	1>2	unknown	parallel	conjunction
Le scandale <*> a encore franchi un pas ,	qui frappe le cyclisme	1>2	unknown	e-elaboration	elaboration
Le scandale <*> a encore franchi un pas ,	avec l' exclusion de Marco Pantani du Giro .	1>2	unknown	elaboration	elaboration
avec l' exclusion de Marco Pantani du Giro .	Le « Pirate » , <*> a été mis aux fers par les examinateurs de l' UCI .	1>2	unknown	elaboration	elaboration
Avec un taux d' hématocrites de 52 % ,	Que penser de son survol du Tour de France 98	1>2	unknown	comment	comment
Le « Pirate » , <*> a été mis aux fers par les examinateurs de l' UCI .	porteur du maillot rose ,	1>2	unknown	e-elaboration	elaboration
Le « Pirate » , <*> a été mis aux fers par les examinateurs de l' UCI .	Avec un taux d' hématocrites de 52 % ,	1>2	unknown	continuation	conjunction
Avec un taux d' hématocrites de 52 % ,	Non seulement , ce taux supérieur à la moyenne discrédite la suprématie	1>2	unknown	elaboration	elaboration
Non seulement , ce taux supérieur à la moyenne discrédite la suprématie	Le médecin de l' équipe italienne a tenté d' expliquer	1>2	unknown	continuation	conjunction
quand il demandait	« de ne pas faire d' amalgames ,	1>2	unknown	attribution	attribution
Le médecin de l' équipe italienne a tenté d' expliquer	Mais malgré toute la sympathie qu' inspire Pantani ,	1>2	unknown	contrast	contrast
porteur du maillot rose ,	vainqueur de deux étapes coup sur coup ,	1>2	unknown	continuation	conjunction
Avec un taux d' hématocrites de 52 % ,	il ne pouvait être autorisé à triompher .	1>2	unknown	result	causal
il ne pouvait être autorisé à triompher .	C' est la première fois que le porteur du maillot de leader d' un grand tour national est ainsi « viré » à 48 h du terme de l' épreuve .	1>2	unknown	background	frame
il ne pouvait être autorisé à triompher .	C' est la première fois que le porteur du maillot de leader d' un grand tour national est ainsi « viré » à 48 h du terme de l' épreuve .	1>2	unknown	comment	comment
Non seulement , ce taux supérieur à la moyenne discrédite la suprématie	mais il sème le doute sur ses performances de l' an passé .	1>2	unknown	parallel	conjunction
Non seulement , ce taux supérieur à la moyenne discrédite la suprématie	dont il a fait preuve cette année dans ce Tour d' Italie ,	1>2	unknown	e-elaboration	elaboration
Non seulement , ce taux supérieur à la moyenne discrédite la suprématie	dont il a fait preuve cette année dans ce Tour d' Italie ,	1>2	unknown	flashback	temporal
Que penser de son survol du Tour de France 98	qui faisait suite à une victoire dans le Giro ?	1>2	unknown	e-elaboration	elaboration
Que penser de son survol du Tour de France 98	Comment interpréter ses propos en pleine affaire Festina	1>2	unknown	continuation	conjunction
Comment interpréter ses propos en pleine affaire Festina	quand il demandait	1>2	unknown	temploc	temporal
« de ne pas faire d' amalgames ,	de ne pas mettre tous les coureurs dans le même sac » ?	1>2	unknown	continuation	conjunction
Comment interpréter ses propos en pleine affaire Festina	Cette fois c' est lui , <*> qui se trouve au fond du sac .	1>2	unknown	continuation	conjunction
Cette fois c' est lui , <*> qui se trouve au fond du sac .	Marco Pantani ,	1>2	unknown	e-elaboration	elaboration
Le médecin de l' équipe italienne a tenté d' expliquer	que les étapes en altitude et les pertes en eau pouvaient être à l' origine de ce contrôle positif .	1>2	unknown	elaboration	elaboration
Mais malgré toute la sympathie qu' inspire Pantani ,	personne n' a voulu croire à cette version .	1>2	unknown	continuation	conjunction
Attentats du 11 septembre 2001 .	Les attentats du 11 septembre 2001 <*> sont une série d' attentats - suicides commis par le réseau terroriste Al-Qaida dans le nord-est des États - Unis le mardi 11 septembre 2001 .	1>2	unknown	elaboration	elaboration
Les attentats du 11 septembre 2001 <*> sont une série d' attentats - suicides commis par le réseau terroriste Al-Qaida dans le nord-est des États - Unis le mardi 11 septembre 2001 .	( abréviations : 11/9 , 11-Septembre et , en anglais , 9/11 )	1>2	unknown	e-elaboration	elaboration
Les attentats du 11 septembre 2001 <*> sont une série d' attentats - suicides commis par le réseau terroriste Al-Qaida dans le nord-est des États - Unis le mardi 11 septembre 2001 .	Quatre avions de ligne sont détournés ,	1>2	unknown	elaboration	elaboration
Quatre avions de ligne sont détournés ,	trois d' entre eux sont projetés contre des immeubles hautement symboliques :	1>2	unknown	elaboration	elaboration
trois d' entre eux sont projetés contre des immeubles hautement symboliques :	les tours jumelles du World Trade Center à Manhattan , <*> et le Pentagone ,	1>2	unknown	e-elaboration	elaboration
les tours jumelles du World Trade Center à Manhattan , <*> et le Pentagone ,	à New York ,	1>2	unknown	e-elaboration	elaboration
les tours jumelles du World Trade Center à Manhattan , <*> et le Pentagone ,	siège du département de la Défense des États - Unis ,	1>2	unknown	e-elaboration	elaboration
siège du département de la Défense des États - Unis ,	à Washington .	1>2	unknown	e-elaboration	elaboration
trois d' entre eux sont projetés contre des immeubles hautement symboliques :	Les tours se sont effondrées moins de deux heures plus tard	1>2	unknown	result	causal
trois d' entre eux sont projetés contre des immeubles hautement symboliques :	Les tours se sont effondrées moins de deux heures plus tard	1>2	unknown	narration	temporal
Les tours se sont effondrées moins de deux heures plus tard	entraînant l' immeuble du Marriott World Trade Center dans leur chute .	1>2	unknown	result	causal
Les tours se sont effondrées moins de deux heures plus tard	La tour 7 du WTC s' est effondrée dans l'après-midi	1>2	unknown	narration	temporal
La tour 7 du WTC s' est effondrée dans l'après-midi	en raison d' incendies et des dégâts occasionnés par la chute des Twin Towers .	1>2	unknown	explanation	explanation
trois d' entre eux sont projetés contre des immeubles hautement symboliques :	Le quatrième avion s' est écrasé en rase campagne à Shanksville ,	1>2	unknown	continuation	conjunction
Le quatrième avion s' est écrasé en rase campagne à Shanksville ,	en Pennsylvanie .	1>2	unknown	e-elaboration	elaboration
Quatre avions de ligne sont détournés ,	La Commission nationale sur les attaques terroristes contre les États - Unis a été créée en 2002	1>2	unknown	result	causal
La Commission nationale sur les attaques terroristes contre les États - Unis a été créée en 2002	pour expliquer comment ces attentats ont pu se produire	1>2	unknown	goal	purpose
pour expliquer comment ces attentats ont pu se produire	et pour éviter que cela ne se reproduise .	1>2	unknown	continuation	conjunction
La Commission nationale sur les attaques terroristes contre les États - Unis a été créée en 2002	Dans son rapport publié fin août 2004 ,	1>2	unknown	continuation	conjunction
La Commission nationale sur les attaques terroristes contre les États - Unis a été créée en 2002	Dans son rapport publié fin août 2004 ,	1>2	unknown	narration	temporal
Dans son rapport publié fin août 2004 ,	elle établit la responsabilité du réseau Al-Qaida ,	1>2	unknown	frame	frame
Dans son rapport publié fin août 2004 ,	elle établit la responsabilité du réseau Al-Qaida ,	1>2	unknown	attribution	attribution
elle établit la responsabilité du réseau Al-Qaida ,	en affirmant	1>2	unknown	elaboration	elaboration
en affirmant	que les dix-neuf pirates de l' air impliqués dans ces attentats-suicides en étaient membres	1>2	unknown	attribution	attribution
que les dix-neuf pirates de l' air impliqués dans ces attentats-suicides en étaient membres	et que le commanditaire en était Oussama Ben Laden .	1>2	unknown	continuation	conjunction
Ce dernier s' est félicité de ces attaques dans des vidéos diffusées en novembre et décembre 2001 .	Oussama Ben Laden avait été désigné comme responsable le plus probable par les autorités américaines dès le soir du 11 septembre .	1>2	unknown	flashback	temporal
et que le commanditaire en était Oussama Ben Laden .	Ce dernier s' est félicité de ces attaques dans des vidéos diffusées en novembre et décembre 2001 .	1>2	unknown	background	frame
Les attentats du 11 septembre 2001 <*> sont une série d' attentats - suicides commis par le réseau terroriste Al-Qaida dans le nord-est des États - Unis le mardi 11 septembre 2001 .	Ces attentats ont été vécus presque en temps réel par des centaines de millions de téléspectateurs à travers le monde ,	1>2	unknown	background	frame
Ces attentats ont été vécus presque en temps réel par des centaines de millions de téléspectateurs à travers le monde ,	les images de l' avion heurtant la deuxième tour du World Trade Center ayant été diffusées en direct ,	1>2	unknown	elaboration	elaboration
les images de l' avion heurtant la deuxième tour du World Trade Center ayant été diffusées en direct ,	ainsi que l' effondrement complet en quelques secondes des trois tours du WTC à Manhattan .	1>2	unknown	parallel	conjunction
les images de l' avion heurtant la deuxième tour du World Trade Center ayant été diffusées en direct ,	ainsi que l' effondrement complet en quelques secondes des trois tours du WTC à Manhattan .	1>2	unknown	continuation	conjunction
Ces attentats ont été vécus presque en temps réel par des centaines de millions de téléspectateurs à travers le monde ,	Le choc psychologique a été considérable au plan international .	1>2	unknown	result	causal
Le choc psychologique a été considérable au plan international .	Ces attentats ont généré des effets puissants et persistants ,	1>2	unknown	elaboration	elaboration
Ces attentats ont généré des effets puissants et persistants ,	notamment politiques et économiques .	1>2	unknown	elaboration	elaboration
Ces attentats ont généré des effets puissants et persistants ,	Le gouvernement américain a institué une législation sécuritaire	1>2	unknown	elaboration	elaboration
Le gouvernement américain a institué une législation sécuritaire	et , <*> s' est lancé dans une « guerre contre le terrorisme » .	1>2	unknown	continuation	conjunction
et , <*> s' est lancé dans une « guerre contre le terrorisme » .	en dénonçant un nouvel « Axe du Mal » ,	1>2	unknown	elaboration	elaboration
Les attentats du 11 septembre 2001 <*> sont une série d' attentats - suicides commis par le réseau terroriste Al-Qaida dans le nord-est des États - Unis le mardi 11 septembre 2001 .	Les victimes directes de ces événements ont été chiffrées à 2 973 morts et 24 disparus .	1>2	unknown	result	causal
Les victimes directes de ces événements ont été chiffrées à 2 973 morts et 24 disparus .	Plusieurs milliers de personnes blessées et des milliers d' autres , <*> sont atteintes de maladies engendrées par l' inhalation de poussières toxiques .	1>2	unknown	continuation	conjunction
Plusieurs milliers de personnes blessées et des milliers d' autres , <*> sont atteintes de maladies engendrées par l' inhalation de poussières toxiques .	notamment parmi les secouristes ,	1>2	unknown	e-elaboration	elaboration
Homo Sapiens	- Origines .	1>2	unknown	elaboration	elaboration
- Origines .	Les recherches en paléontologie humaine ou paléoanthropologie , ainsi que des études en génétique aboutissent à l' idée que la population originelle pour tous les humains se situait en Afrique ,	1>2	unknown	elaboration	elaboration
Les recherches en paléontologie humaine ou paléoanthropologie , ainsi que des études en génétique aboutissent à l' idée que la population originelle pour tous les humains se situait en Afrique ,	il y a très approximativement 200 000 ans .	1>2	unknown	temploc	temporal
Les recherches en paléontologie humaine ou paléoanthropologie , ainsi que des études en génétique aboutissent à l' idée que la population originelle pour tous les humains se situait en Afrique ,	La classification des ossements fossiles dans l' espèce Homo sapiens , est réalisée par le rapprochement des morphologies osseuses comme :	1>2	unknown	elaboration	elaboration
La classification des ossements fossiles dans l' espèce Homo sapiens , est réalisée par le rapprochement des morphologies osseuses comme :	* une face réduite	1>2	unknown	elaboration	elaboration
* une face réduite	( un angle facial entre 82 et 88 ° ) ;	1>2	unknown	continuation	conjunction
( un angle facial entre 82 et 88 ° ) ;	* l' absence de bourrelet sus-orbitaire ;	1>2	unknown	continuation	conjunction
* l' absence de bourrelet sus-orbitaire ;	* un menton saillant .	1>2	unknown	continuation	conjunction
La classification des ossements fossiles dans l' espèce Homo sapiens , est réalisée par le rapprochement des morphologies osseuses comme :	De plus ces caractères propres doivent être combinés à d' autres caractères	1>2	unknown	elaboration	elaboration
De plus ces caractères propres doivent être combinés à d' autres caractères	comme un volume cérébral important :	1>2	unknown	elaboration	elaboration
comme un volume cérébral important :	entre 1 400 et 1 600 cm3 .	1>2	unknown	e-elaboration	elaboration
De plus ces caractères propres doivent être combinés à d' autres caractères	Par exemple le « récent » fossile de l' homme de Flores n' a pu être attribué à Homo sapiens en raison d' un volume cérébral de seulement 400 cm3 .	1>2	unknown	contrast	contrast
La classification des ossements fossiles dans l' espèce Homo sapiens , est réalisée par le rapprochement des morphologies osseuses comme :	Leur datation et la délimitation de zones géographiques de répartition sont de précieux renseignements sur nos origines .	1>2	unknown	continuation	conjunction
Leur datation et la délimitation de zones géographiques de répartition sont de précieux renseignements sur nos origines .	Elles permettent de faire des déductions	1>2	unknown	elaboration	elaboration
Elles permettent de faire des déductions	ou d' affiner les hypothèses .	1>2	unknown	alternation	alternation
Leur datation et la délimitation de zones géographiques de répartition sont de précieux renseignements sur nos origines .	La précision de cette science est limitée	1>2	unknown	continuation	conjunction
La précision de cette science est limitée	car elle est dépendante des éléments osseux et matériels mis au jour au fur et à mesure des fouilles .	1>2	unknown	explanation	explanation
La précision de cette science est limitée	Ces découvertes ne permettent pas aujourd'hui à la paléontologie d' expliquer avec précision où , quand , et comment est né le premier représentant d' Homo sapiens .	1>2	unknown	continuation	conjunction
Ces découvertes ne permettent pas aujourd'hui à la paléontologie d' expliquer avec précision où , quand , et comment est né le premier représentant d' Homo sapiens .	On sait néanmoins ,	1>2	unknown	contrast	contrast
On sait néanmoins ,	qu' Homo sapiens trouve son origine dans l' arborescence évolutive des homininés se trouvant en Afrique .	1>2	unknown	elaboration	elaboration
On sait néanmoins ,	Alors que l' homme de Néanderthal a fait son apparition en Europe depuis 250 000 ans ,	1>2	unknown	elaboration	elaboration
Alors que l' homme de Néanderthal a fait son apparition en Europe depuis 250 000 ans ,	Homo sapiens n' aurait migré depuis l' Afrique vers l' Europe et l' Asie que vers la fin des grandes glaciations vers -40 000 ans .	1>2	unknown	alternation	alternation
On sait néanmoins ,	Tous deux ont été contemporains l' un de l' autre ,	1>2	unknown	narration	temporal
Tous deux ont été contemporains l' un de l' autre ,	mais les conditions de leur rencontre et les détails de leurs « relations » ne sont pas connus .	1>2	unknown	contrast	contrast
Tous deux ont été contemporains l' un de l' autre ,	L' homme de Néanderthal est une espèce éteinte	1>2	unknown	narration	temporal
L' homme de Néanderthal est une espèce éteinte	alors que Homo sapiens s' est maintenu ,	1>2	unknown	parallel	conjunction
alors que Homo sapiens s' est maintenu ,	a colonisé tous les continents terrestres , a commencé à s' implanter sur divers astres <*> du système solaire	1>2	unknown	narration	temporal
a colonisé tous les continents terrestres , a commencé à s' implanter sur divers astres <*> du système solaire	( la Lune , préparation de l' implantation sur la planète Mars )	1>2	unknown	e-elaboration	elaboration
a colonisé tous les continents terrestres , a commencé à s' implanter sur divers astres <*> du système solaire	et même à projeter des outils <*> au-delà de celui-ci .	1>2	unknown	narration	temporal
et même à projeter des outils <*> au-delà de celui-ci .	( sondes Voyagers et Pioneers )	1>2	unknown	e-elaboration	elaboration
Leur datation et la délimitation de zones géographiques de répartition sont de précieux renseignements sur nos origines .	C' est en Afrique que les plus vieux ossements ont été découverts .	1>2	unknown	continuation	conjunction
C' est en Afrique que les plus vieux ossements ont été découverts .	Aujourd'hui ,	1>2	unknown	elaboration	elaboration
Aujourd'hui ,	les paléontologues donnent à Homo sapiens un âge d' environ 200 000 ans	1>2	unknown	frame	frame
les paléontologues donnent à Homo sapiens un âge d' environ 200 000 ans	puisque les plus vieux ossements retrouvés sont deux crânes datés de -195 000 ans , et appelés Omo 1 et Omo 2 ;	1>2	unknown	explanation	explanation
puisque les plus vieux ossements retrouvés sont deux crânes datés de -195 000 ans , et appelés Omo 1 et Omo 2 ;	viennent ensuite ceux de l' homme d' Herto encore appelé Homo sapiens idaltu ,	1>2	unknown	narration	temporal
viennent ensuite ceux de l' homme d' Herto encore appelé Homo sapiens idaltu ,	datés d' environ -154 000 ans .	1>2	unknown	e-elaboration	elaboration
C' est en Afrique que les plus vieux ossements ont été découverts .	Ensuite viennent les ossements de Qafzeh et Skhul en Israël / Palestine datés respectivement de -97 000 et -80 000 ans .	1>2	unknown	continuation	conjunction
Ensuite viennent les ossements de Qafzeh et Skhul en Israël / Palestine datés respectivement de -97 000 et -80 000 ans .	Les plus célèbres sont ceux de l' homme de Cro-Magnon ,	1>2	unknown	continuation	conjunction
Les plus célèbres sont ceux de l' homme de Cro-Magnon ,	datés de -35 000 ans et découverts en France .	1>2	unknown	e-elaboration	elaboration
- Origines .	Jusqu' en 2003 ,	1>2	unknown	elaboration	elaboration
Jusqu' en 2003 ,	l' espèce Homo sapiens était subdivisée en deux sous-espèces ,	1>2	unknown	frame	frame
l' espèce Homo sapiens était subdivisée en deux sous-espèces ,	Homo sapiens sapiens et Homo sapiens neanderthalensis .	1>2	unknown	elaboration	elaboration
Jusqu' en 2003 ,	Les résultats d' analyses génétiques ont conduit la plupart des auteurs à considérer ce dernier taxon comme une espèce à part entière ,	1>2	unknown	continuation	conjunction
Les résultats d' analyses génétiques ont conduit la plupart des auteurs à considérer ce dernier taxon comme une espèce à part entière ,	nommée Homo neanderthalensis .	1>2	unknown	e-elaboration	elaboration
Les résultats d' analyses génétiques ont conduit la plupart des auteurs à considérer ce dernier taxon comme une espèce à part entière ,	L' homme moderne et ses ancêtres immédiats ne sont plus considérés comme des Homo sapiens sapiens	1>2	unknown	continuation	conjunction
L' homme moderne et ses ancêtres immédiats ne sont plus considérés comme des Homo sapiens sapiens	mais comme des Homo sapiens ,	1>2	unknown	elaboration	elaboration
mais comme des Homo sapiens ,	dont ils sont les seuls représentants .	1>2	unknown	e-elaboration	elaboration
mais comme des Homo sapiens ,	Les êtres humains actuels appartiennent à cette seule espèce ,	1>2	unknown	elaboration	elaboration
Les êtres humains actuels appartiennent à cette seule espèce ,	et sa subdivision en races est généralement considérée comme non pertinente , d' un point de vue biologique .	1>2	unknown	continuation	conjunction
et sa subdivision en races est généralement considérée comme non pertinente , d' un point de vue biologique .	Le 21 décembre 2005 la planète Terre a vu l' espèce humaine atteindre 6,5 milliards de représentants .	1>2	unknown	background	frame
Noam Chomsky .	Noam Chomsky , <*> est un linguiste et philosophe américain .	1>2	unknown	elaboration	elaboration
Noam Chomsky , <*> est un linguiste et philosophe américain .	il est connu dans le domaine scientifique	1>2	unknown	elaboration	elaboration
Noam Chomsky , <*> est un linguiste et philosophe américain .	né Avram Noam Chomsky le 7 décembre 1928 à Philadelphie en Pennsylvanie ,	1>2	unknown	e-elaboration	elaboration
Professeur émérite de linguistique au Massachusetts Institute of Technology	où il a enseigné toute sa carrière ,	1>2	unknown	elaboration	elaboration
Professeur émérite de linguistique au Massachusetts Institute of Technology	il est connu dans le domaine scientifique	1<2	unknown	background	frame
il est connu dans le domaine scientifique	Il est également devenu mondialement célèbre	1>2	unknown	parallel	conjunction
il est connu dans le domaine scientifique	comme le fondateur de la linguistique générative .	1>2	unknown	explanation	explanation
Il est également devenu mondialement célèbre	pour son engagement et ses écrits politiques dissidents ainsi que pour ses convictions anarchistes .	1>2	unknown	explanation	explanation
il est connu dans le domaine scientifique	Chomsky a commencé à développer sa théorie de la grammaire générative et transformationnelle dans les années 1950	1>2	unknown	elaboration	elaboration
Chomsky a commencé à développer sa théorie de la grammaire générative et transformationnelle dans les années 1950	en cherchant à dépasser aussi bien l' approche structuraliste , distributionnaliste que béhavioriste dans l' étude du langage naturel .	1>2	unknown	elaboration	elaboration
en cherchant à dépasser aussi bien l' approche structuraliste , distributionnaliste que béhavioriste dans l' étude du langage naturel .	Visant à rendre compte des structures innées de la « faculté de langage » ,	1>2	unknown	continuation	conjunction
Chomsky a commencé à développer sa théorie de la grammaire générative et transformationnelle dans les années 1950	cette théorie est souvent décrite comme la contribution la plus importante dans le domaine de la linguistique théorique du xxe siècle	1>2	unknown	comment	comment
cette théorie est souvent décrite comme la contribution la plus importante dans le domaine de la linguistique théorique du xxe siècle	et on a parfois parlé de « révolution chomskienne » .	1>2	unknown	continuation	conjunction
Chomsky a commencé à développer sa théorie de la grammaire générative et transformationnelle dans les années 1950	Chomsky a proposé au début des années 1980 une nouvelle version de sa théorie basée sur une approche modulaire .	1>2	unknown	narration	temporal
Pour répondre aux critiques développées dans les années 1970 envers son premier modèle ,	Chomsky a proposé au début des années 1980 une nouvelle version de sa théorie basée sur une approche modulaire .	1<2	unknown	goal	purpose
Chomsky a proposé au début des années 1980 une nouvelle version de sa théorie basée sur une approche modulaire .	Il a ensuite jeté les bases , au cours des années 1990 , de ce qu' il a appelé le « programme minimaliste » .	1>2	unknown	narration	temporal
Chomsky a commencé à développer sa théorie de la grammaire générative et transformationnelle dans les années 1950	Les recherches de Chomsky ont joué un rôle crucial dans ce que l' on appelle la « révolution cognitive » .	1>2	unknown	result	causal
Les recherches de Chomsky ont joué un rôle crucial dans ce que l' on appelle la « révolution cognitive » .	Sa critique du Verbal Behavior ( « Comportement verbal » ) de Skinner en 1959 , a remis en question l' approche comportementale de l' étude de l' esprit et du langage ,	1>2	unknown	elaboration	elaboration
Sa critique du Verbal Behavior ( « Comportement verbal » ) de Skinner en 1959 , a remis en question l' approche comportementale de l' étude de l' esprit et du langage ,	qui dominait dans les années 1950 .	1>2	unknown	background	frame
Sa critique du Verbal Behavior ( « Comportement verbal » ) de Skinner en 1959 , a remis en question l' approche comportementale de l' étude de l' esprit et du langage ,	Son approche naturaliste de l' étude du langage a également eu un grand impact en philosophie du langage et de l' esprit .	1>2	unknown	continuation	conjunction
Il a également établi la hiérarchie de Chomsky ,	moyen de classification des langages formels en fonction de leur pouvoir de génération .	1>2	unknown	e-elaboration	elaboration
Les recherches de Chomsky ont joué un rôle crucial dans ce que l' on appelle la « révolution cognitive » .	Il a également établi la hiérarchie de Chomsky ,	1>2	unknown	parallel	conjunction
Chomsky a commencé à développer sa théorie de la grammaire générative et transformationnelle dans les années 1950	En parallèle de sa carrière de scientifique ,	1>2	unknown	parallel	conjunction
En parallèle de sa carrière de scientifique ,	Noam Chomsky mène une intense activité politique et militante depuis le milieu des années 1960 et sa prise de position publique contre la Guerre du Viêt Nam .	1>2	unknown	frame	frame
Noam Chomsky mène une intense activité politique et militante depuis le milieu des années 1960 et sa prise de position publique contre la Guerre du Viêt Nam .	il a donné une multitude de conférences un peu partout dans le monde	1>2	unknown	elaboration	elaboration
Sympathisant de la mouvance anarcho-syndicaliste et membre du syndicat IWW ,	il a donné une multitude de conférences un peu partout dans le monde	1<2	unknown	background	frame
il a donné une multitude de conférences un peu partout dans le monde	et a publié de nombreux livres et articles dans lesquels il fait part de ses analyses historiques , sociales et politiques .	1>2	unknown	continuation	conjunction
et a publié de nombreux livres et articles dans lesquels il fait part de ses analyses historiques , sociales et politiques .	Ses critiques portent tout particulièrement sur la politique étrangère des États - Unis d' Amérique et le fonctionnement des mass médias .	1>2	unknown	continuation	conjunction
il est connu dans le domaine scientifique	En 1992 ,	1>2	unknown	elaboration	elaboration
En 1992 ,	d' après le Arts and Humanities Citation Index ,	1>2	unknown	frame	frame
d' après le Arts and Humanities Citation Index ,	Chomsky a été plus souvent cité qu' aucun autre universitaire vivant pendant la période 1980 - 92 ,	1>2	unknown	frame	frame
d' après le Arts and Humanities Citation Index ,	Chomsky a été plus souvent cité qu' aucun autre universitaire vivant pendant la période 1980 - 92 ,	1>2	unknown	attribution	attribution
Chomsky a été plus souvent cité qu' aucun autre universitaire vivant pendant la période 1980 - 92 ,	et occupe la huitième position dans la liste des auteurs cités .	1>2	unknown	continuation	conjunction
En 1992 ,	Il est considéré comme une figure intellectuelle majeure du monde contemporain , à la fois controversée et admirée .	1>2	unknown	continuation	conjunction
Il est considéré comme une figure intellectuelle majeure du monde contemporain , à la fois controversée et admirée .	Plusieurs livres et documentaires lui ont été consacrés .	1>2	unknown	continuation	conjunction
Temps historiques .	À l' intérieur des grandes fluctuations climatiques terrestres ,	1>2	unknown	e-elaboration	elaboration
À l' intérieur des grandes fluctuations climatiques terrestres ,	se trouvent des variations plus brèves et plus limitées en intensité .	1>2	unknown	frame	frame
se trouvent des variations plus brèves et plus limitées en intensité .	au cours du dernier millénaire ,	1>2	unknown	elaboration	elaboration
Ainsi , <*> est apparu une période chaude aux xe et xie siècles	au cours du dernier millénaire ,	1<2	unknown	frame	frame
Ainsi , <*> est apparu une période chaude aux xe et xie siècles	appelée « optimum climatique médiéval » :	1>2	unknown	e-elaboration	elaboration
appelée « optimum climatique médiéval » :	c' est l' époque où les navigateurs vikings découvrent et baptisent le Groenland	1>2	unknown	e-elaboration	elaboration
c' est l' époque où les navigateurs vikings découvrent et baptisent le Groenland	( littéralement « Pays vert » )	1>2	unknown	e-elaboration	elaboration
c' est l' époque où les navigateurs vikings découvrent et baptisent le Groenland	et fondent des colonies à l' extrême sud de l' île .	1>2	unknown	narration	temporal
Ainsi , <*> est apparu une période chaude aux xe et xie siècles	les céréales manquèrent dans la plus grande partie de la France ,	1>2	unknown	continuation	conjunction
dont le terrible hiver 1708 - 1709 .	Cette année là ,	1>2	unknown	e-elaboration	elaboration
Dans la région parisienne	le prix du pain atteignit , en juin 1709 , 35 sous les neuf livres	1>2	unknown	frame	frame
Du 10 au 21 janvier ,	la température sous-abri se maintint à Paris aux environs de -20 ° C ,	1>2	unknown	frame	frame
la température sous-abri se maintint à Paris aux environs de -20 ° C ,	avec des minima absolus de -23 ° C les 13 et 14 janvier ;	1>2	unknown	elaboration	elaboration
la température sous-abri se maintint à Paris aux environs de -20 ° C ,	le 11 ,	1>2	unknown	continuation	conjunction
le 11 ,	le thermomètre s' abaissa jusqu' à -16 ° C à Montpellier et -17 ° C à Marseille .	1>2	unknown	frame	frame
les céréales manquèrent dans la plus grande partie de la France ,	Selon les reconstitutions de températures réalisées par les climatologues ,	1>2	unknown	continuation	conjunction
Selon les reconstitutions de températures réalisées par les climatologues ,	Les mesures terrestres de température réalisées au cours du xxe siècle montrent une élévation de la température moyenne .	1>2	unknown	continuation	conjunction
Selon les reconstitutions de températures réalisées par les climatologues ,	la dernière décennie du xxe siècle et le début du xxie siècle constituent la période la plus chaude des deux derniers millénaires <*> .	1>2	unknown	attribution	attribution
la dernière décennie du xxe siècle et le début du xxie siècle constituent la période la plus chaude des deux derniers millénaires <*> .	( voir graphique )	1>2	unknown	explanation	explanation
Selon les reconstitutions de températures réalisées par les climatologues ,	la dernière décennie du xxe siècle et le début du xxie siècle constituent la période la plus chaude des deux derniers millénaires <*> .	1>2	unknown	frame	frame
la dernière décennie du xxe siècle et le début du xxie siècle constituent la période la plus chaude des deux derniers millénaires <*> .	Notre époque serait même un peu plus chaude	1>2	unknown	continuation	conjunction
Notre époque serait même un peu plus chaude	( de quelques dixièmes de degrés ) que ne le fut l' optimum climatique médiéval .	1>2	unknown	elaboration	elaboration
Les mesures terrestres de température réalisées au cours du xxe siècle montrent une élévation de la température moyenne .	Ce réchauffement se serait déroulé en deux phases ,	1>2	unknown	elaboration	elaboration
Ce réchauffement se serait déroulé en deux phases ,	la première de 1910 à 1945 ,	1>2	unknown	elaboration	elaboration
la première de 1910 à 1945 ,	la seconde de 1976 à aujourd'hui .	1>2	unknown	continuation	conjunction
Ce réchauffement se serait déroulé en deux phases ,	Ces deux phases sont séparées par une période de léger refroidissement .	1>2	unknown	continuation	conjunction
Ce réchauffement se serait déroulé en deux phases ,	Ces deux phases sont séparées par une période de léger refroidissement .	1>2	unknown	contrast	contrast
Ces deux phases sont séparées par une période de léger refroidissement .	Ce réchauffement planétaire semble de plus corrélé avec une forte augmentation dans l' atmosphère de la concentration de plusieurs gaz à effet de serre ,	1>2	unknown	continuation	conjunction
Ce réchauffement planétaire semble de plus corrélé avec une forte augmentation dans l' atmosphère de la concentration de plusieurs gaz à effet de serre ,	dont le dioxyde de carbone , le méthane et le protoxyde d' azote .	1>2	unknown	e-elaboration	elaboration
Les mesures terrestres de température réalisées au cours du xxe siècle montrent une élévation de la température moyenne .	L' élévation de la température moyenne du globe entre 1906 et 2005 est estimée à 0,74 ° C	1>2	unknown	elaboration	elaboration
L' élévation de la température moyenne du globe entre 1906 et 2005 est estimée à 0,74 ° C	( à plus ou moins 0,18 ° C près ) ,	1>2	unknown	e-elaboration	elaboration
L' élévation de la température moyenne du globe entre 1906 et 2005 est estimée à 0,74 ° C	dont une élévation de 0,65 ° C durant la seule période 1956 - 200612 .	1>2	unknown	elaboration	elaboration
L' élévation de la température moyenne du globe entre 1906 et 2005 est estimée à 0,74 ° C	La température moyenne planétaire de 2001 à 2007 est de 14,44 °C	1>2	unknown	continuation	conjunction
La température moyenne planétaire de 2001 à 2007 est de 14,44 °C	soit 0,21 °C de plus de 1991 à 2000 .	1>2	unknown	elaboration	elaboration
La température moyenne planétaire de 2001 à 2007 est de 14,44 °C	À ce rythme l' augmentation est de 2,5 °C en 100 ans .	1>2	unknown	result	causal
De nombreux arbres gelèrent jusqu' à l' aubier ,	Du 10 au 21 janvier ,	1>2	unknown	continuation	conjunction
que les historiens appellent le « petit âge glaciaire »	caractérisé par des hivers très rigoureux ,	1>2	unknown	e-elaboration	elaboration
se trouvent des variations plus brèves et plus limitées en intensité .	De même , l' époque des Temps Modernes <*> connut une période de refroidissement	1>2	unknown	elaboration	elaboration
Ainsi , <*> est apparu une période chaude aux xe et xie siècles	De même , l' époque des Temps Modernes <*> connut une période de refroidissement	1>2	unknown	parallel	conjunction
De même , l' époque des Temps Modernes <*> connut une période de refroidissement	que les historiens appellent le « petit âge glaciaire »	1>2	unknown	e-elaboration	elaboration
Cette année là ,	les céréales manquèrent dans la plus grande partie de la France ,	1>2	unknown	frame	frame
et seuls la Normandie , le Perche et les côtes de Bretagne ont pu produire assez de grain pour assurer les semences .	Dans la région parisienne	1>2	unknown	result	causal
les céréales manquèrent dans la plus grande partie de la France ,	et seuls la Normandie , le Perche et les côtes de Bretagne ont pu produire assez de grain pour assurer les semences .	1>2	unknown	continuation	conjunction
les céréales manquèrent dans la plus grande partie de la France ,	De nombreux arbres gelèrent jusqu' à l' aubier ,	1>2	unknown	continuation	conjunction
De nombreux arbres gelèrent jusqu' à l' aubier ,	et la vigne disparut de plusieurs régions de la France .	1>2	unknown	continuation	conjunction
caractérisé par des hivers très rigoureux ,	dont le terrible hiver 1708 - 1709 .	1>2	unknown	e-elaboration	elaboration
De même , l' époque des Temps Modernes <*> connut une période de refroidissement	( 1550 - 1850 )	1>2	unknown	e-elaboration	elaboration
le prix du pain atteignit , en juin 1709 , 35 sous les neuf livres	au lieu de 7 sous ordinairement .	1>2	unknown	contrast	contrast
Modèles climatiques .	La prévision par les scientifiques de l' évolution future du climat est possible	1>2	unknown	e-elaboration	elaboration
La prévision par les scientifiques de l' évolution future du climat est possible	par l' utilisation de modèles mathématiques traités informatiquement sur des superordinateurs .	1>2	unknown	explanation	explanation
par l' utilisation de modèles mathématiques traités informatiquement sur des superordinateurs .	Ces modèles , <*> reposent sur les lois générales de la thermodynamique	1>2	unknown	e-elaboration	elaboration
Ces modèles sont considérés comme valides par la communauté scientifique	En particulier , les simulations menées sur le climat du xxe siècle sans intégrer l' influence humaine ne rend pas compte du réchauffement climatique ,	1>2	unknown	continuation	conjunction
Ces modèles , <*> reposent sur les lois générales de la thermodynamique	dits de circulation générale ,	1>2	unknown	comment	comment
Ces modèles , <*> reposent sur les lois générales de la thermodynamique	Ces modèles sont considérés comme valides par la communauté scientifique	1>2	unknown	continuation	conjunction
En particulier , les simulations menées sur le climat du xxe siècle sans intégrer l' influence humaine ne rend pas compte du réchauffement climatique ,	tandis que celles incluant cette influence sont en accord avec les observations12 .	1>2	unknown	contrast	contrast
en comparant les changements climatiques observés avec les changements induits dans ces modèles par différentes causes ,	naturelles ou humaines .	1>2	unknown	e-elaboration	elaboration
Les modèles les plus récents simulent de façon satisfaisante les variations de température au cours du xxe siècle .	Les modèles informatiques simulant le climat sont alors utilisés par les scientifiques	1>2	unknown	result	causal
d' une part par les capacités de calcul des ordinateurs actuels ,	et le savoir de leurs concepteurs d' autre part ,	1>2	unknown	continuation	conjunction
Malgré ces limitations , le GIEC considère les modèles climatiques comme des outils pertinents	pour fournir des prévisions utiles du climat .	1>2	unknown	goal	purpose
De façon plus générale ,	Malgré ces limitations , le GIEC considère les modèles climatiques comme des outils pertinents	1>2	unknown	contrast	contrast
Ces modèles sont l' objet d' incertitudes de nature mathématique , informatique , physique , etc.	* La modélisation des nuages ;	1>2	unknown	elaboration	elaboration
De façon plus générale ,	ces modèles sont limités	1>2	unknown	frame	frame
Les trois principales sources d' incertitude mentionnées par les climatologues sont :	* La modélisation des nuages ;	1>2	unknown	elaboration	elaboration
pour prévoir l' évolution future du climat ,	mais aussi pour cerner les causes du réchauffement climatique actuel ,	1>2	unknown	continuation	conjunction
Les modèles informatiques simulant le climat sont alors utilisés par les scientifiques	pour prévoir l' évolution future du climat ,	1>2	unknown	goal	purpose
pour prévoir l' évolution future du climat ,	mais aussi pour cerner les causes du réchauffement climatique actuel ,	1>2	unknown	parallel	conjunction
Les plus récents prennent aussi en considération d' autres phénomènes ,	comme le cycle du carbone .	1>2	unknown	elaboration	elaboration
Ces modèles , <*> reposent sur les lois générales de la thermodynamique	dits de circulation générale ,	1>2	unknown	e-elaboration	elaboration
lorsqu' ils sont capables de simuler des variations connues du climat ,	comme les variations saisonnières , le phénomène El Niño , ou l' oscillation nord-atlantique .	1>2	unknown	elaboration	elaboration
Les modèles les plus récents simulent de façon satisfaisante les variations de température au cours du xxe siècle .	En particulier , les simulations menées sur le climat du xxe siècle sans intégrer l' influence humaine ne rend pas compte du réchauffement climatique ,	1>2	unknown	elaboration	elaboration
mais aussi pour cerner les causes du réchauffement climatique actuel ,	en comparant les changements climatiques observés avec les changements induits dans ces modèles par différentes causes ,	1>2	unknown	elaboration	elaboration
Ces modèles sont l' objet d' incertitudes de nature mathématique , informatique , physique , etc.	Les trois principales sources d' incertitude mentionnées par les climatologues sont :	1>2	unknown	elaboration	elaboration
De façon plus générale ,	L' importance des investissements budgétaires nécessaires sont aussi un aspect non négligeable de la recherche dans le domaine du réchauffement climatique .	1>2	unknown	continuation	conjunction
ces modèles sont limités	la climatologie et les phénomènes à modéliser étant d' une grande complexité .	1>2	unknown	explanation	explanation
* La simulation de phénomènes de petite échelle ,	comme les cellules orageuses , ou l' effet du relief sur la circulation atmosphérique ;	1>2	unknown	elaboration	elaboration
par l' utilisation de modèles mathématiques traités informatiquement sur des superordinateurs .	Les modèles les plus récents simulent de façon satisfaisante les variations de température au cours du xxe siècle .	1>2	unknown	elaboration	elaboration
Ces modèles sont considérés comme valides par la communauté scientifique	lorsqu' ils sont capables de simuler des variations connues du climat ,	1<2	unknown	conditional	condition
Ces modèles , <*> reposent sur les lois générales de la thermodynamique	et simulent les déplacements et les températures des masses atmosphériques et océaniques .	1>2	unknown	continuation	conjunction
et simulent les déplacements et les températures des masses atmosphériques et océaniques .	Les plus récents prennent aussi en considération d' autres phénomènes ,	1>2	unknown	continuation	conjunction
* La modélisation des nuages ;	* La simulation de phénomènes de petite échelle ,	1>2	unknown	continuation	conjunction
* La simulation de phénomènes de petite échelle ,	* La modélisation de l' interface entre les océans et l' atmosphère .	1>2	unknown	continuation	conjunction
ces modèles sont limités	d' une part par les capacités de calcul des ordinateurs actuels ,	1>2	unknown	e-elaboration	elaboration
par l' utilisation de modèles mathématiques traités informatiquement sur des superordinateurs .	Ces modèles sont l' objet d' incertitudes de nature mathématique , informatique , physique , etc.	1>2	unknown	elaboration	elaboration
Ces modèles sont l' objet d' incertitudes de nature mathématique , informatique , physique , etc.	De façon plus générale ,	1>2	unknown	contrast	contrast
La prévision par les scientifiques de l' évolution future du climat est possible	lorsqu' ils sont capables de simuler des variations connues du climat ,	1>2	unknown	elaboration	elaboration
L' UE ,	pionnière dans la lutte contre les émissions de CO .	1>2	unknown	e-elaboration	elaboration
L'Union européenne reste le 3e pollueur mondial après la Chine et les États - Unis ,	mais dispose d' atouts pour lutter contre le réchauffement .	1<2	unknown	background	frame
L'Union européenne reste le 3e pollueur mondial après la Chine et les États - Unis ,	mais dispose d' atouts pour lutter contre le réchauffement .	1<2	unknown	contrast	contrast
L' UE ,	mais dispose d' atouts pour lutter contre le réchauffement .	1>2	unknown	elaboration	elaboration
L' UE a lancé en 2005 le marché de permis européen	( 1er marché de permis contraignant au niveau mondial ) .	1>2	unknown	e-elaboration	elaboration
mais dispose d' atouts pour lutter contre le réchauffement .	La Directive sur le système européen d' échange de droits d' émission sera modifiée en 2008 ,	1>2	unknown	continuation	conjunction
La Directive sur le système européen d' échange de droits d' émission sera modifiée en 2008 ,	La proposition sur les limites d' émission des voitures <*> devrait être publiée au second semestre de 2007 .	1>2	unknown	continuation	conjunction
et publier <*> un « Livre vert » sur l' adaptation de l' UE au changement climatique ,	( prévu en 2007 )	1>2	unknown	elaboration	elaboration
La Directive sur le système européen d' échange de droits d' émission sera modifiée en 2008 ,	pour inclure notamment les émissions de l' aviation .	1>2	unknown	goal	purpose
mais dispose d' atouts pour lutter contre le réchauffement .	L' UE a lancé en 2005 le marché de permis européen	1>2	unknown	elaboration	elaboration
mais dispose d' atouts pour lutter contre le réchauffement .	La Directive sur le système européen d' échange de droits d' émission sera modifiée en 2008 ,	1>2	unknown	elaboration	elaboration
mais dispose d' atouts pour lutter contre le réchauffement .	La proposition sur les limites d' émission des voitures <*> devrait être publiée au second semestre de 2007 .	1>2	unknown	elaboration	elaboration
La proposition sur les limites d' émission des voitures <*> devrait être publiée au second semestre de 2007 .	La DG Recherche doit proposer en novembre un plan européen ,	1>2	unknown	continuation	conjunction
La DG Recherche doit proposer en novembre un plan européen ,	Des appels d' offre sur l' énergie et le climat devraient être publiés avant mi 2007 .	1>2	unknown	continuation	conjunction
Des appels d' offre sur l' énergie et le climat devraient être publiés avant mi 2007 .	Le 29 juin 2007 ,	1>2	unknown	continuation	conjunction
( 120 g de CO2 par km soit 12 kg de CO2 / 100 km147 ;	rappelons que chaque automobile parcourt en moyenne 15 000 km / an )	1>2	unknown	background	frame
La proposition sur les limites d' émission des voitures <*> devrait être publiée au second semestre de 2007 .	( 120 g de CO2 par km soit 12 kg de CO2 / 100 km147 ;	1>2	unknown	e-elaboration	elaboration
Le 29 juin 2007 ,	publié une Stratégie nationale d' adaptation au changement climatique	1>2	unknown	continuation	conjunction
Le 29 juin 2007 ,	la commission publie et met en consultation un Livre vert sur la question et sur les possibilités d' action de l' UECOM[(2007 ) 354 final)148 .	1>2	unknown	frame	frame
la commission publie et met en consultation un Livre vert sur la question et sur les possibilités d' action de l' UECOM[(2007 ) 354 final)148 .	Il prône à la fois l' adaptation et l' atténuation , l' amélioration des connaissances <*> l' élaboration de stratégies et d' échanges de bonnes pratiques entre pays , de nouveaux produits assurantiels <*> l' adaptation des marchés européens des assurances <*> et des fonds « catastrophes naturelles » ainsi que des politiques agriculture et pêche , avec le développement d' une solidarité interne à l' UE et avec les pays extérieurs touchés .	1>2	unknown	elaboration	elaboration
Il prône à la fois l' adaptation et l' atténuation , l' amélioration des connaissances <*> l' élaboration de stratégies et d' échanges de bonnes pratiques entre pays , de nouveaux produits assurantiels <*> l' adaptation des marchés européens des assurances <*> et des fonds « catastrophes naturelles » ainsi que des politiques agriculture et pêche , avec le développement d' une solidarité interne à l' UE et avec les pays extérieurs touchés .	( y compris sur les besoins et coûts d' adaptation -	1>2	unknown	e-elaboration	elaboration
publié une Stratégie nationale d' adaptation au changement climatique	en technologies solaires et d' un tiers du parc nucléaire mondial .	1>2	unknown	continuation	conjunction
( juillet 2007 )	publié une Stratégie nationale d' adaptation au changement climatique	1<2	unknown	elaboration	elaboration
( déjà 66 % de la puissance éolienne installée dans le monde en 2006 ,	essentiellement au Danemark	1>2	unknown	elaboration	elaboration
en technologies solaires et d' un tiers du parc nucléaire mondial .	L' UE encourage aussi tous les acteurs à préparer leur adaptation au changement climatique .	1>2	unknown	continuation	conjunction
pays le plus nucléarisé ,	reste cependant loin du record de 1961	1<2	unknown	e-elaboration	elaboration
reste cependant loin du record de 1961	.	1>2	unknown	e-elaboration	elaboration
( hydroélectrique )	.	1<2	unknown	e-elaboration	elaboration
Cela la rend moins dépendante des énergies fossiles que la Chine et les États - Unis .	reste cependant loin du record de 1961	1>2	unknown	contrast	contrast
essentiellement au Danemark	qui produit ainsi près de 40 % de sa puissance électrique )	1>2	unknown	e-elaboration	elaboration
publié une Stratégie nationale d' adaptation au changement climatique	et envisagerait une gouvernance adaptée ,	1>2	unknown	continuation	conjunction
Il prône à la fois l' adaptation et l' atténuation , l' amélioration des connaissances <*> l' élaboration de stratégies et d' échanges de bonnes pratiques entre pays , de nouveaux produits assurantiels <*> l' adaptation des marchés européens des assurances <*> et des fonds « catastrophes naturelles » ainsi que des politiques agriculture et pêche , avec le développement d' une solidarité interne à l' UE et avec les pays extérieurs touchés .	50 millions E sont réservés par la Commission pour 2007 - 2010	1>2	unknown	elaboration	elaboration
Il prône à la fois l' adaptation et l' atténuation , l' amélioration des connaissances <*> l' élaboration de stratégies et d' échanges de bonnes pratiques entre pays , de nouveaux produits assurantiels <*> l' adaptation des marchés européens des assurances <*> et des fonds « catastrophes naturelles » ainsi que des politiques agriculture et pêche , avec le développement d' une solidarité interne à l' UE et avec les pays extérieurs touchés .	( cf . directive « Solvabilité II » )	1>2	unknown	e-elaboration	elaboration
Il prône à la fois l' adaptation et l' atténuation , l' amélioration des connaissances <*> l' élaboration de stratégies et d' échanges de bonnes pratiques entre pays , de nouveaux produits assurantiels <*> l' adaptation des marchés européens des assurances <*> et des fonds « catastrophes naturelles » ainsi que des politiques agriculture et pêche , avec le développement d' une solidarité interne à l' UE et avec les pays extérieurs touchés .	Cf . 7e programme-cadre de recherche de l' UE	1>2	unknown	e-elaboration	elaboration
La DG Recherche doit proposer en novembre un plan européen ,	et des propositions de législation sur les piles à combustibles et les avions « propres » .	1>2	unknown	continuation	conjunction
L' UE a lancé en 2005 le marché de permis européen	La Commission européenne va en 2007 - 2008 activer son observatoire de l' énergie ,	1>2	unknown	continuation	conjunction
La Commission européenne va en 2007 - 2008 activer son observatoire de l' énergie ,	et publier <*> un « Livre vert » sur l' adaptation de l' UE au changement climatique ,	1>2	unknown	continuation	conjunction
Cf . 7e programme-cadre de recherche de l' UE	( 2007 - 2013 ) ,	1>2	unknown	e-elaboration	elaboration
Il prône à la fois l' adaptation et l' atténuation , l' amélioration des connaissances <*> l' élaboration de stratégies et d' échanges de bonnes pratiques entre pays , de nouveaux produits assurantiels <*> l' adaptation des marchés européens des assurances <*> et des fonds « catastrophes naturelles » ainsi que des politiques agriculture et pêche , avec le développement d' une solidarité interne à l' UE et avec les pays extérieurs touchés .	( « dérivés climatiques » ,	1>2	unknown	e-elaboration	elaboration
( « dérivés climatiques » ,	« obligations catastrophe » ,	1>2	unknown	continuation	conjunction
( déjà 66 % de la puissance éolienne installée dans le monde en 2006 ,	en technologies solaires et d' un tiers du parc nucléaire mondial .	1<2	unknown	elaboration	elaboration
( déjà 66 % de la puissance éolienne installée dans le monde en 2006 ,	devant les États - Unis <*> l' Inde <*> et le Japon <*> ,	1>2	unknown	elaboration	elaboration
devant les États - Unis <*> l' Inde <*> et le Japon <*> ,	( 16 % ) ,	1>2	unknown	e-elaboration	elaboration
devant les États - Unis <*> l' Inde <*> et le Japon <*> ,	( 8 % )	1>2	unknown	e-elaboration	elaboration
devant les États - Unis <*> l' Inde <*> et le Japon <*> ,	( 2 % )	1>2	unknown	e-elaboration	elaboration
en technologies solaires et d' un tiers du parc nucléaire mondial .	Cela la rend moins dépendante des énergies fossiles que la Chine et les États - Unis .	1>2	unknown	result	causal
et envisagerait une gouvernance adaptée ,	notamment dans le cadre du Grenelle de l' Environnement .	1>2	unknown	elaboration	elaboration
50 millions E sont réservés par la Commission pour 2007 - 2010	pour favoriser le dialogue et l' aide à des mesures d' atténuation et d' adaptation ciblées , dans les pays pauvres .	1>2	unknown	goal	purpose
La Commission européenne va en 2007 - 2008 activer son observatoire de l' énergie ,	restée embryonnaire ,	1>2	unknown	e-elaboration	elaboration
et publier <*> un « Livre vert » sur l' adaptation de l' UE au changement climatique ,	support de débat avant une prise de décision en 2008 .	1>2	unknown	e-elaboration	elaboration
mais dispose d' atouts pour lutter contre le réchauffement .	La DG Recherche doit proposer en novembre un plan européen ,	1>2	unknown	elaboration	elaboration
mais dispose d' atouts pour lutter contre le réchauffement .	Des appels d' offre sur l' énergie et le climat devraient être publiés avant mi 2007 .	1>2	unknown	elaboration	elaboration
mais dispose d' atouts pour lutter contre le réchauffement .	Le 29 juin 2007 ,	1>2	unknown	elaboration	elaboration
mais dispose d' atouts pour lutter contre le réchauffement .	publié une Stratégie nationale d' adaptation au changement climatique	1>2	unknown	elaboration	elaboration
mais dispose d' atouts pour lutter contre le réchauffement .	en technologies solaires et d' un tiers du parc nucléaire mondial .	1>2	unknown	elaboration	elaboration
mais dispose d' atouts pour lutter contre le réchauffement .	L' UE encourage aussi tous les acteurs à préparer leur adaptation au changement climatique .	1>2	unknown	elaboration	elaboration
Californie .	ainsi , la Californie se trouve à la première place pour la rentabilité énergétique par personne .	1>2	unknown	elaboration	elaboration
Alors que la population californienne représente 12 % de la population américaine ,	elle ne consomme que 7 % de l' électricité produite dans le pays ;	1>2	unknown	contrast	contrast
Californie .	Alors que la population californienne représente 12 % de la population américaine ,	1>2	unknown	background	frame
Alors que la population californienne représente 12 % de la population américaine ,	ainsi , la Californie se trouve à la première place pour la rentabilité énergétique par personne .	1>2	unknown	result	causal
ainsi , la Californie se trouve à la première place pour la rentabilité énergétique par personne .	L' État s' est engagé à limiter les émissions de gaz à effet de serre :	1>2	unknown	continuation	conjunction
L' État s' est engagé à limiter les émissions de gaz à effet de serre :	les objectifs annoncés sont une diminution de 11 % avant 2010 et de 87 % avant 2050 .	1>2	unknown	elaboration	elaboration
L' État s' est engagé à limiter les émissions de gaz à effet de serre :	Le 30 août 2006 ,	1>2	unknown	elaboration	elaboration
Le 30 août 2006 ,	le gouvernement et le Parlement de Californie signent un accord pour diminuer la production de gaz à effet de serre ,	1>2	unknown	frame	frame
le gouvernement et le Parlement de Californie signent un accord pour diminuer la production de gaz à effet de serre ,	mettant l' État en conformité avec le protocole de Kyoto158 .	1>2	unknown	result	causal
mettant l' État en conformité avec le protocole de Kyoto158 .	La décision AB32 <*> a été prise de réduire d' un quart les émissions de gaz à effet de serre d' ici 2020 .	1>2	unknown	elaboration	elaboration
La décision AB32 <*> a été prise de réduire d' un quart les émissions de gaz à effet de serre d' ici 2020 .	( Global Warming Solutions Act )	1>2	unknown	e-elaboration	elaboration
La décision AB32 <*> a été prise de réduire d' un quart les émissions de gaz à effet de serre d' ici 2020 .	Des sanctions financières seront prises contre les industries qui ne respectent pas cet engagement .	1>2	unknown	result	causal
Des sanctions financières seront prises contre les industries qui ne respectent pas cet engagement .	Un marché de permis d' émissions sera créé et contrôlé par l' Air Resources Board160 .	1>2	unknown	continuation	conjunction
L' État s' est engagé à limiter les émissions de gaz à effet de serre :	La Californie s' est aussi engagée à respecter des règles plus strictes sur la consommation et les pots d' échappement de véhicules neufs ;	1>2	unknown	continuation	conjunction
La Californie s' est aussi engagée à respecter des règles plus strictes sur la consommation et les pots d' échappement de véhicules neufs ;	cette politique est imitée par deux autres États de l' Ouest :	1>2	unknown	comment	comment
cette politique est imitée par deux autres États de l' Ouest :	Washington et Oregon161 .	1>2	unknown	e-elaboration	elaboration
La Californie s' est aussi engagée à respecter des règles plus strictes sur la consommation et les pots d' échappement de véhicules neufs ;	Le 20 septembre 2006 ,	1>2	unknown	elaboration	elaboration
Le 20 septembre 2006 ,	Bill Lockyer <*> lance des poursuites judiciaires contre trois constructeurs automobiles américains et trois japonais ,	1>2	unknown	frame	frame
Bill Lockyer <*> lance des poursuites judiciaires contre trois constructeurs automobiles américains et trois japonais ,	le ministre de la Justice de Californie ,	1>2	unknown	e-elaboration	elaboration
Bill Lockyer <*> lance des poursuites judiciaires contre trois constructeurs automobiles américains et trois japonais ,	et leur demande des dommages et intérêts pour la pollution qu' ils engendrent .	1>2	unknown	continuation	conjunction
Le 20 septembre 2006 ,	Selon lui ,	1>2	unknown	explanation	explanation
Selon lui ,	les véhicules automobiles représentent 30 % des émissions de dioxyde de carbone de l' État .	1>2	unknown	attribution	attribution
La Californie s' est aussi engagée à respecter des règles plus strictes sur la consommation et les pots d' échappement de véhicules neufs ;	En 2005 ,	1>2	unknown	continuation	conjunction
En 2005 ,	le gouverneur républicain Arnold Schwarzenegger proposait	1>2	unknown	frame	frame
le gouverneur républicain Arnold Schwarzenegger proposait	que le budget de l' État de Californie finance à hauteur de 6,5 millions de dollars la construction de stations pour les véhicules roulant à l' hydrogène .	1>2	unknown	attribution	attribution
En 2005 ,	Le code d' éducation de la Californie <*> insiste	1>2	unknown	continuation	conjunction
Le code d' éducation de la Californie <*> insiste	( chapitre IV , sections 8700 à 8784 )	1>2	unknown	e-elaboration	elaboration
Le code d' éducation de la Californie <*> insiste	pour que les élèves soient sensibilisés aux problèmes de l' environnement163 .	1>2	unknown	attribution	attribution
Le code d' éducation de la Californie <*> insiste	Énergies renouvelables en Californie .	1>2	unknown	continuation	conjunction
Énergies renouvelables en Californie .	Grâce à son bon ensoleillement ,	1>2	unknown	elaboration	elaboration
Grâce à son bon ensoleillement ,	la Californie développe l' énergie solaire :	1>2	unknown	result	causal
la Californie développe l' énergie solaire :	l' État abrite des collecteurs cylindro - paraboliques	1>2	unknown	result	causal
l' État abrite des collecteurs cylindro - paraboliques	dont la puissance atteint 80 MW ,	1>2	unknown	e-elaboration	elaboration
l' État abrite des collecteurs cylindro - paraboliques	la plus grande centrale à tour comme Solar one puis Solar 2 ne dépasse pas 10 MW .	1>2	unknown	continuation	conjunction
l' État abrite des collecteurs cylindro - paraboliques	la plus grande centrale à tour comme Solar one puis Solar 2 ne dépasse pas 10 MW .	1>2	unknown	contrast	contrast
Grâce à son bon ensoleillement ,	Un projet de loi oblige les promoteurs immobiliers à installer un système d' énergie solaire sur 15 % des nouvelles maisons construites en Californie à partir de 2006 .	1>2	unknown	continuation	conjunction
Un projet de loi oblige les promoteurs immobiliers à installer un système d' énergie solaire sur 15 % des nouvelles maisons construites en Californie à partir de 2006 .	Le projet de loi prévoit que ,	1>2	unknown	elaboration	elaboration
Le projet de loi prévoit que ,	d' ici 2010 ,	1>2	unknown	attribution	attribution
d' ici 2010 ,	55 % des maisons seront équipées en panneaux solaires .	1>2	unknown	frame	frame
Un projet de loi oblige les promoteurs immobiliers à installer un système d' énergie solaire sur 15 % des nouvelles maisons construites en Californie à partir de 2006 .	Le gouverneur Arnold Schwarzenegger avait fait campagne	1>2	unknown	flashback	temporal
Un projet de loi oblige les promoteurs immobiliers à installer un système d' énergie solaire sur 15 % des nouvelles maisons construites en Californie à partir de 2006 .	Le gouverneur Arnold Schwarzenegger avait fait campagne	1>2	unknown	explanation	explanation
Le gouverneur Arnold Schwarzenegger avait fait campagne	pour inciter à installer des systèmes solaires dans la moitié des maisons de l' État à partir de 2005 .	1>2	unknown	goal	purpose
Un projet de loi oblige les promoteurs immobiliers à installer un système d' énergie solaire sur 15 % des nouvelles maisons construites en Californie à partir de 2006 .	La centrale thermo-solaire Nevada Solar One est en construction depuis le 11 février 2006 à Boulder City .	1>2	unknown	continuation	conjunction
La centrale thermo-solaire Nevada Solar One est en construction depuis le 11 février 2006 à Boulder City .	À terme ,	1>2	unknown	goal	purpose
À terme ,	elle développera une puissance de 64 MW	1>2	unknown	frame	frame
elle développera une puissance de 64 MW	et sera la troisième du monde157 .	1>2	unknown	continuation	conjunction
À terme ,	Selon ses concepteurs ,	1>2	unknown	comment	comment
Selon ses concepteurs ,	la centrale devrait permettre d' éliminer un volume de pollution équivalent à la suppression d' un million de voitures en circulation sur le territoire des États - Unis .	1>2	unknown	attribution	attribution
Selon ses concepteurs ,	La Californie a adopté une loi qui contraint les grands groupes automobiles à vendre des véhicules respectant des normes strictes de rejets de CO2 .	1>2	unknown	background	frame
La centrale thermo-solaire Nevada Solar One est en construction depuis le 11 février 2006 à Boulder City .	La Californie est l' État où l' énergie éolienne est la plus développée avec une capacité de production de plus de 2040 MW installés en 2004 ,	1>2	unknown	continuation	conjunction
La Californie est l' État où l' énergie éolienne est la plus développée avec une capacité de production de plus de 2040 MW installés en 2004 ,	loin devant le Texas	1>2	unknown	contrast	contrast
loin devant le Texas	( 1293 MW ) .	1>2	unknown	explanation*	explanation
La Californie est l' État où l' énergie éolienne est la plus développée avec une capacité de production de plus de 2040 MW installés en 2004 ,	La principale région de production se trouve au nord de l' État , à l' est de San Francisco .	1>2	unknown	elaboration	elaboration
La Californie est l' État où l' énergie éolienne est la plus développée avec une capacité de production de plus de 2040 MW installés en 2004 ,	À 150 km au nord de San Francisco ,	1>2	unknown	continuation	conjunction
À 150 km au nord de San Francisco ,	19 centrales géothermiques <*> sont contrôlées par la société Calpine dans les comtés de Lake et de Sonoma .	1>2	unknown	frame	frame
19 centrales géothermiques <*> sont contrôlées par la société Calpine dans les comtés de Lake et de Sonoma .	( 350 puits )	1>2	unknown	e-elaboration	elaboration
19 centrales géothermiques <*> sont contrôlées par la société Calpine dans les comtés de Lake et de Sonoma .	Elles produisent environ 850 mégawatts ,	1>2	unknown	continuation	conjunction
Elles produisent environ 850 mégawatts ,	c'est-à-dire presqu' autant qu' une petite centrale nucléaire .	1>2	unknown	comment	comment
Un effort de R&D sur la militarisation de l’ espace .	On cite le chiffre de 1 milliard de dollars supplémentaire pour les programmes spatiaux ,	1>2	unknown	elaboration	elaboration
Un effort de R&D sur la militarisation de l’ espace .	En ce qui concerne les programmes spatiaux hors MD ,	1>2	unknown	comment	comment
En ce qui concerne les programmes spatiaux hors MD ,	il est difficile de faire le point des financements proposés à l’ heure actuelle ,	1>2	unknown	frame	frame
il est difficile de faire le point des financements proposés à l’ heure actuelle ,	car les lignes budgétaires restent éparpillées et le plus souvent non-identifiables dans le projet de budget de la Maison Blanche .	1>2	unknown	explanation	explanation
car les lignes budgétaires restent éparpillées et le plus souvent non-identifiables dans le projet de budget de la Maison Blanche .	Par exemple , les termes « special projects » ou « Technology development » , dans le budget de l’ Air Force , peuvent désigner un programme de brouillage des télécommunications .	1>2	unknown	elaboration	elaboration
En ce qui concerne les programmes spatiaux hors MD ,	Le regroupement des budgets prévu par le nouveau secrétaire à la défense apportera une amélioration de cet état de fait ,	1>2	unknown	continuation	conjunction
Le regroupement des budgets prévu par le nouveau secrétaire à la défense apportera une amélioration de cet état de fait ,	mais il n’ est pas sûr que les données seront déclassifiées .	1>2	unknown	contrast	contrast
En ce qui concerne les programmes spatiaux hors MD ,	Le regroupement des budgets prévu par le nouveau secrétaire à la défense apportera une amélioration de cet état de fait ,	1>2	unknown	narration	temporal
Le regroupement des budgets prévu par le nouveau secrétaire à la défense apportera une amélioration de cet état de fait ,	Les débats dans les Commissions des forces armées du Sénat et de la Chambre feront sans doute apparaître des précisions en cours d’ année .	1>2	unknown	continuation	conjunction
ce qui amènerait le montant total à 8 milliards de dollars .	Ce montant inclut l’ ensemble des programmes spatiaux non classifiés ,	1>2	unknown	continuation	conjunction
On cite le chiffre de 1 milliard de dollars supplémentaire pour les programmes spatiaux ,	demandé cette année par rapport au projet 2002 ,	1>2	unknown	continuation	conjunction
demandé cette année par rapport au projet 2002 ,	ce qui amènerait le montant total à 8 milliards de dollars .	1>2	unknown	result	causal
Ce montant inclut l’ ensemble des programmes spatiaux non classifiés ,	dont 920 millions pour l’ Advanced Extremely - High Frequency Satellite Communication System , et le système SBIRS , dans ses composantes High et Low .	1>2	unknown	elaboration	elaboration
Ce montant inclut l’ ensemble des programmes spatiaux non classifiés ,	Il inclut également les programmes plus innovants de R&D sur la militarisation de l’ espace , qui se développent selon deux axes :	1>2	unknown	continuation	conjunction
Il inclut également les programmes plus innovants de R&D sur la militarisation de l’ espace , qui se développent selon deux axes :	* Le programme Discoverer 2 de radar en orbite ( space - based radar ) , capable de repérer les cibles mobiles au sol était déjà entamé en 2001 .	1>2	unknown	elaboration	elaboration
Il inclut également les programmes plus innovants de R&D sur la militarisation de l’ espace , qui se développent selon deux axes :	Tous ces programmes sont assez anciens et semblent avoir évolué lentement	1>2	unknown	continuation	conjunction
* Le programme Discoverer 2 de radar en orbite ( space - based radar ) , capable de repérer les cibles mobiles au sol était déjà entamé en 2001 .	il est complémentaire du système SBIRS - Low ,	1>2	unknown	elaboration	elaboration
* Le programme Discoverer 2 de radar en orbite ( space - based radar ) , capable de repérer les cibles mobiles au sol était déjà entamé en 2001 .	* Les technologies de contrôle de l’ espace <*> désignent les capacités de brouillage des communications , les éblouisseurs laser <*> et autres moyens de nuire aux systèmes spatiaux ennemis ou de protéger les flottes spatiales américaines .	1>2	unknown	continuation	conjunction
* Les technologies de contrôle de l’ espace <*> désignent les capacités de brouillage des communications , les éblouisseurs laser <*> et autres moyens de nuire aux systèmes spatiaux ennemis ou de protéger les flottes spatiales américaines .	( space control )	1>2	unknown	e-elaboration	elaboration
* Les technologies de contrôle de l’ espace <*> désignent les capacités de brouillage des communications , les éblouisseurs laser <*> et autres moyens de nuire aux systèmes spatiaux ennemis ou de protéger les flottes spatiales américaines .	( laser dazzler )	1>2	unknown	e-elaboration	elaboration
Développé sous la responsabilité de l’ Air Force .	il est complémentaire du système SBIRS - Low ,	1<2	unknown	background	frame
il est complémentaire du système SBIRS - Low ,	car il fonctionne dans le radar et non dans l’ infra - rouge .	1>2	unknown	explanation	explanation
il est complémentaire du système SBIRS - Low ,	Pour 2003 ,	1>2	unknown	narration	temporal
Pour 2003 ,	Pour 2003 ,	1>2	unknown	continuation	conjunction
Pour 2003 ,	la phase de R&D se poursuit .	1>2	unknown	frame	frame
Pour 2003 ,	Dans une deuxième phase ,	1>2	unknown	background	frame
Dans une deuxième phase ,	la meilleure technologie devrait être sélectionnée et développée .	1>2	unknown	frame	frame
Pour 2003 ,	une requête de 91 millions est indiquée .	1>2	unknown	frame	frame
* Les technologies de contrôle de l’ espace <*> désignent les capacités de brouillage des communications , les éblouisseurs laser <*> et autres moyens de nuire aux systèmes spatiaux ennemis ou de protéger les flottes spatiales américaines .	La requête budgétaire pour 2003 est de 88 millions .	1>2	unknown	elaboration	elaboration
* Les technologies de contrôle de l’ espace <*> désignent les capacités de brouillage des communications , les éblouisseurs laser <*> et autres moyens de nuire aux systèmes spatiaux ennemis ou de protéger les flottes spatiales américaines .	Plusieurs programmes de recherche et développement sur des armes anti-satellite sont déjà en cours .	1>2	unknown	continuation	conjunction
L’ Air Force travaille sur un système de stationssol mobiles de brouillage des activités satellite	( Space Control Technology ) .	1>2	unknown	e-elaboration	elaboration
L’ armée de Terre développe un intercepteur de satellites basé au sol	( KEAsat pour Kinetic Energy Asat ) .	1>2	unknown	e-elaboration	elaboration
Plusieurs programmes de recherche et développement sur des armes anti-satellite sont déjà en cours .	L’ Air Force travaille sur un système de stationssol mobiles de brouillage des activités satellite	1>2	unknown	elaboration	elaboration
L’ Air Force travaille sur un système de stationssol mobiles de brouillage des activités satellite	L’ armée de Terre développe un intercepteur de satellites basé au sol	1>2	unknown	continuation	conjunction
Plusieurs programmes de recherche et développement sur des armes anti-satellite sont déjà en cours .	Un laser basé au sol , <*> été testé en 19976 .	1>2	unknown	continuation	conjunction
Un laser basé au sol , <*> été testé en 19976 .	nommé Miracl pour Mid - Infrared Advanced Chemical Laser ,	1>2	unknown	e-elaboration	elaboration
Tous ces programmes sont assez anciens et semblent avoir évolué lentement	à cause des réticences du Congrès à accepter le déploiement de systèmes spatiaux offensifs .	1>2	unknown	explanation	explanation
Tous ces programmes sont assez anciens et semblent avoir évolué lentement	Les programmes de R&D retenus pour l’ instant ne prévoient pas de systèmes offensifs déployables dans l’ espace .	1>2	unknown	narration	temporal
Les programmes de R&D retenus pour l’ instant ne prévoient pas de systèmes offensifs déployables dans l’ espace .	Dans le contexte de débat sur la militarisation de l’ espace auquel on assiste actuellement , cela aurait sans doute un poids politique trop lourd à assumer pour le gouvernement américain .	1>2	unknown	narration	temporal
Dans le contexte de débat sur la militarisation de l’ espace auquel on assiste actuellement , cela aurait sans doute un poids politique trop lourd à assumer pour le gouvernement américain .	Qui plus est , certaines des technologies développées sont sans doute suffisamment en amont	1>2	unknown	elaboration	elaboration
Qui plus est , certaines des technologies développées sont sans doute suffisamment en amont	pour pouvoir être déployées sur des plates-formes orbitales dans l’ avenir , le cas échéant .	1>2	unknown	explanation	explanation
