unit1_txt	unit2_txt	dir	rel_type	orig_label	label
Relativism ... and the Enlightenment : Response to MARKS et al.	' Relativism ' is a term that has outlived its usefulness in science studies , and now does more harm than good -- especially on the public relations front ,	1>2	unknown	preparation	organization
' Relativism ' is a term that has outlived its usefulness in science studies , and now does more harm than good -- especially on the public relations front ,	but even when we try to explain our research practices .	1<2	unknown	unconditional	condition
The term probably got used in the first place	because science studies people were trying to impress / attack philosophers ,	1>2	unknown	nonvolitional-result	causal
because science studies people were trying to impress / attack philosophers ,	and so they assumed the mantle of what they presumed the opposition to be .	1>2	unknown	nonvolitional-cause	causal
' Relativism ' is a term that has outlived its usefulness in science studies , and now does more harm than good -- especially on the public relations front ,	and so they assumed the mantle of what they presumed the opposition to be .	1<2	unknown	elaboration	elaboration
Unfortunately , when most people think of ' relativism ' ,	they still think of their introductory philosophy class	1>2	unknown	circumstance	temporal
they still think of their introductory philosophy class	However , this view does little to explain how science studies work , and in fact has led to an amazing amount of mischaracterization of what this field is about .	1>2	unknown	concession	concession
they still think of their introductory philosophy class	where the view is presented as ' it is so , if you say so ' .	1<2	unknown	elaboration	elaboration
' Relativism ' is a term that has outlived its usefulness in science studies , and now does more harm than good -- especially on the public relations front ,	However , this view does little to explain how science studies work , and in fact has led to an amazing amount of mischaracterization of what this field is about .	1<2	unknown	elaboration	elaboration
' Relativism ' is a term that has outlived its usefulness in science studies , and now does more harm than good -- especially on the public relations front ,	I agree with MARKS that what he calls ' methodological relativism ' is a perfectly sensible research stance :	1<2	unknown	list	conjunction
Do n't use truth to explain an event	because ' truth ' is determined after the event takes place .	1>2	unknown	antithesis	contrast
I agree with MARKS that what he calls ' methodological relativism ' is a perfectly sensible research stance :	because ' truth ' is determined after the event takes place .	1<2	unknown	elaboration	elaboration
because ' truth ' is determined after the event takes place .	( This is why David Bloor originally called truth - explanations ' teleological ' . )	1<2	unknown	background	frame
Sometimes this is put in terms of adopting the standpoint of the historical agents ,	but this can be a bit misleading	1>2	unknown	concession	concession
because ' truth ' is determined after the event takes place .	but this can be a bit misleading	1<2	unknown	elaboration	elaboration
but this can be a bit misleading	because science studies practitioners rarely take what the agents say at face value	1<2	unknown	volitional-cause	causal
because science studies practitioners rarely take what the agents say at face value	( e.g. scientists are often engaged in truth - talk ) .	1<2	unknown	elaboration	elaboration
In that respect , ' methodological relativism ' does n't imply ' subjectivism ' .	What ' adopting the standpoint of the agents ' seems to involve is a realization that the present can be made into a variety of futures , depending on what the agents do .	1>2	unknown	antithesis	contrast
but this can be a bit misleading	What ' adopting the standpoint of the agents ' seems to involve is a realization that the present can be made into a variety of futures , depending on what the agents do .	1<2	unknown	elaboration	elaboration
What ' adopting the standpoint of the agents ' seems to involve is a realization that the present can be made into a variety of futures , depending on what the agents do .	In philosophical terms , this is closer to a kind of ' antirealism ' than ' relativism '	1<2	unknown	elaboration	elaboration
In philosophical terms , this is closer to a kind of ' antirealism ' than ' relativism '	-- if people still care for such niceties .	1<2	unknown	condition	condition
What ' adopting the standpoint of the agents ' seems to involve is a realization that the present can be made into a variety of futures , depending on what the agents do .	As LYNCH suggested , ' constructivism ' is still a better name ,	1<2	unknown	elaboration	elaboration
As LYNCH suggested , ' constructivism ' is still a better name ,	at least it 's one that resonates better with the philosophical tradition .	1<2	unknown	elaboration	elaboration
at least it 's one that resonates better with the philosophical tradition .	( Note Bloor 's entry into this whole field via Wittgenstein 's ' constructivist ' philosophy of mathematics . )	1<2	unknown	elaboration	elaboration
Now MARKS also asks whether this ' methodological relativism ' can / should be pushed further -- especially in a political direction .	relativism is much more impressive in what it opposes than in what it supports .	1>2	unknown	solutionhood	query
Like any philosophical position when it gets politicized ,	relativism is much more impressive in what it opposes than in what it supports .	1>2	unknown	circumstance	temporal
relativism is much more impressive in what it opposes than in what it supports .	However , I 'm not too worried about the scenario that TURTON depicts about relativism leading to a Hobbesian state of nature in science .	1>2	unknown	concession	concession
Although a certain ' politics of relativism ' ( associated more with anthropology than sociology ) has been important in breaking the stranglehold of Western forms of ' universalism ' ,	left to its own devices relativist arguments have been used to uphold all sorts of provinicialisms and even racisms	1>2	unknown	concession	concession
relativism is much more impressive in what it opposes than in what it supports .	left to its own devices relativist arguments have been used to uphold all sorts of provinicialisms and even racisms	1<2	unknown	evidence	explanation
left to its own devices relativist arguments have been used to uphold all sorts of provinicialisms and even racisms	( Have a look sometime at the legal justifications given for Apartheid in South Africa :	1<2	unknown	evidence	explanation
( Have a look sometime at the legal justifications given for Apartheid in South Africa :	They are full of appeals to ' cultural autonomy ' that underwrite the creation of ' homelands ' , as well as to the historical uniqueness of South Africa which prevents it from being held accountable to ' Euorpean ' standards of justice ) .	1<2	unknown	elaboration	elaboration
left to its own devices relativist arguments have been used to uphold all sorts of provinicialisms and even racisms	Here LYNCH is right on the money in being suspicious about positive appeals to relativism ,	1<2	unknown	summary	organization
Here LYNCH is right on the money in being suspicious about positive appeals to relativism ,	especially when they come from people in power .	1<2	unknown	circumstance	temporal
I agree with MARKS that what he calls ' methodological relativism ' is a perfectly sensible research stance :	However , I 'm not too worried about the scenario that TURTON depicts about relativism leading to a Hobbesian state of nature in science .	1<2	unknown	list	conjunction
After all , if everybody 's motto became ' do only that which you think will serve your interest ' ,	then it would n't be long before you 'd be inventing Leviathans to monitor and regulate the conflicting parties .	1>2	unknown	condition	condition
However , I 'm not too worried about the scenario that TURTON depicts about relativism leading to a Hobbesian state of nature in science .	then it would n't be long before you 'd be inventing Leviathans to monitor and regulate the conflicting parties .	1<2	unknown	evidence	explanation
then it would n't be long before you 'd be inventing Leviathans to monitor and regulate the conflicting parties .	I take it that , in this respect , GUSTON has answered TURTON .	1<2	unknown	elaboration	elaboration
I take it that , in this respect , GUSTON has answered TURTON .	The only reason why there is n't more regulation of science is that people do n't believe that TURTON 's scenario is true .	1<2	unknown	elaboration	elaboration
But if relativism in his sense should prevail ,	you can be sure that the politicians and policymakers will soon be there to ' bring order ' .	1>2	unknown	condition	condition
The only reason why there is n't more regulation of science is that people do n't believe that TURTON 's scenario is true .	you can be sure that the politicians and policymakers will soon be there to ' bring order ' .	1<2	unknown	elaboration	elaboration
But having said all that , I have n't answered MARKS 's original question about the ' Enlightenment Project ' .	if I did n't still believe in the Project ,	1>2	unknown	solutionhood	query
I would n't be doing what I 'm doing	if I did n't still believe in the Project ,	1>2	unknown	antithesis	contrast
However , I 'm not too worried about the scenario that TURTON depicts about relativism leading to a Hobbesian state of nature in science .	if I did n't still believe in the Project ,	1<2	unknown	list	conjunction
if I did n't still believe in the Project ,	but it 's an uphill struggle .	1<2	unknown	concession	concession
If I may regress to unfashionable terminology ,	I can give a brief explanation .	1>2	unknown	condition	condition
I can give a brief explanation .	Postmodernists ( and I include science studies here ) describe the world much more accurately than the Habermasians , Popperians , and other Children of the Enlightenment .	1>2	unknown	preparation	organization
but it 's an uphill struggle .	Postmodernists ( and I include science studies here ) describe the world much more accurately than the Habermasians , Popperians , and other Children of the Enlightenment .	1<2	unknown	evidence	explanation
This is the central irony of our times ,	The people who promote Truth and Reason the most also have the most fictional views of how the world works ,	1>2	unknown	background	frame
This is the central irony of our times ,	it seems to me :	1<2	unknown	evaluation	comment
Postmodernists ( and I include science studies here ) describe the world much more accurately than the Habermasians , Popperians , and other Children of the Enlightenment .	The people who promote Truth and Reason the most also have the most fictional views of how the world works ,	1<2	unknown	elaboration	elaboration
The people who promote Truth and Reason the most also have the most fictional views of how the world works ,	while the people who are in the best position to correct those views do n't believe that ' correction ' is an intelligible notion !	1<2	unknown	contrast	contrast
I agree with David Hakken that there is a need to move beyond " shit shoveling . "	My point in using the retort , " So grab a shovel and join us ! " , was to suggest that the STS vision of " the way forward " might well be enhanced	1>2	unknown	concession	concession
My point in using the retort , " So grab a shovel and join us ! " , was to suggest that the STS vision of " the way forward " might well be enhanced	if more STSers would take a turn or two at the shit pile .	1<2	unknown	condition	condition
My point in using the retort , " So grab a shovel and join us ! " , was to suggest that the STS vision of " the way forward " might well be enhanced	This view is consistent , I think , with Hakken 's implied criticism of STSers who hesitate to " get their hands dirty . "	1<2	unknown	elaboration	elaboration
On Fri , 28 Oct 1994 , Dr. Joseph R. Herkert drew attention to my comment on constructing a dialogue with technoscience practitioners who share important elements of the STS perspective and are active in their own fields .	I would like to use Heckert 's intervention as an occasion to comment on the discourse which took place in the sci-tech - studies cyberspace	1>2	unknown	background	frame
On Fri , 28 Oct 1994 , Dr. Joseph R. Herkert drew attention to my comment on constructing a dialogue with technoscience practitioners who share important elements of the STS perspective and are active in their own fields .	I wondered about how can we help these individuals move beyond being what Hilary Rose has called " shit shovelers " ( exposing " bad practice " in their fields ) toward a more general discussion of the way forward ?	1<2	unknown	elaboration	elaboration
I wondered about how can we help these individuals move beyond being what Hilary Rose has called " shit shovelers " ( exposing " bad practice " in their fields ) toward a more general discussion of the way forward ?	Heckert responded by suggesting participation in section on the social implications of technology ( SSIT ) of the IEEE as one place where such a dialogue can take place .	1<2	unknown	sequence	temporal
He then went for the neat rhetorical phrase :	> > So grab a shovel and join us !	1>2	unknown	background	frame
Heckert responded by suggesting participation in section on the social implications of technology ( SSIT ) of the IEEE as one place where such a dialogue can take place .	> > So grab a shovel and join us !	1<2	unknown	sequence	temporal
I would like to use Heckert 's intervention as an occasion to comment on the discourse which took place in the sci-tech - studies cyberspace	Much of this discussion has been over what are the appropriate modalities for discussion between STSers and technoscientists ,	1>2	unknown	purpose	purpose
I would like to use Heckert 's intervention as an occasion to comment on the discourse which took place in the sci-tech - studies cyberspace	while I was off talking with technoscientists at the Participatory Design Conference .	1<2	unknown	circumstance	temporal
Much of this discussion has been over what are the appropriate modalities for discussion between STSers and technoscientists ,	In my case , I was arguing for a discourse with technoscientists to address a specific current conjunction , a backlash against STS by some natural scientists .	1>2	unknown	solutionhood	query
Much of this discussion has been over what are the appropriate modalities for discussion between STSers and technoscientists ,	and in outlining their various positions on this issues , participants have also been more indirectly than directly identifying their position on Bailer 's query --	1<2	unknown	elaboration	elaboration
and in outlining their various positions on this issues , participants have also been more indirectly than directly identifying their position on Bailer 's query --	why do we do this ?	1<2	unknown	elaboration	elaboration
and in outlining their various positions on this issues , participants have also been more indirectly than directly identifying their position on Bailer 's query --	What 's it for ?	1<2	unknown	elaboration	elaboration
In my case , I was arguing for a discourse with technoscientists to address a specific current conjunction , a backlash against STS by some natural scientists .	My idea was that the STS enterprise , whatever the motivations or preferred modalities of its participants , was vulnerable to this backlash as long as we failed to project commitment to discussion of how we would reconstruct scientific practice in light of our critique of its current forms .	1<2	unknown	elaboration	elaboration
My idea was that the STS enterprise , whatever the motivations or preferred modalities of its participants , was vulnerable to this backlash as long as we failed to project commitment to discussion of how we would reconstruct scientific practice in light of our critique of its current forms .	" Beyond shit shoveling " was my way of labeling an aspect of this discussion which I feel is necessary , one in which STSers find ways to engage technoscientists in a discussion over both specific technoscience practices but also the general nature of the technoscience enterprise .	1<2	unknown	elaboration	elaboration
While the comments on the net have been fascinating ,	I feel many of them have been abstracted from this specific conjunction ,	1>2	unknown	circumstance	temporal
I feel many of them have been abstracted from this specific conjunction ,	so I thought I 'd try one more time to state the issue as I see it :	1>2	unknown	motivation	explanation
In my case , I was arguing for a discourse with technoscientists to address a specific current conjunction , a backlash against STS by some natural scientists .	so I thought I 'd try one more time to state the issue as I see it :	1<2	unknown	elaboration	elaboration
so I thought I 'd try one more time to state the issue as I see it :	How do we respond to the backlash ,	1<2	unknown	elaboration	elaboration
How do we respond to the backlash ,	and should a substantial part of this response be a discourse with interested technoscientists over what a technoscience practice informed by STS critique would look like ?	1<2	unknown	elaboration	elaboration
How do we respond to the backlash ,	Further , are there ways that we should be moving corporately ( as groups ) to construct this specific discourse ?	1<2	unknown	elaboration	elaboration
Further , are there ways that we should be moving corporately ( as groups ) to construct this specific discourse ?	I am aware that this more activist posture may be uncomfortable both for some of my anthropological colleagues and for some technoscientists .	1<2	unknown	elaboration	elaboration
I am aware that this more activist posture may be uncomfortable both for some of my anthropological colleagues and for some technoscientists .	In the Participatory Design community , for example , there are technologists who are suspicious of the attempts of anthropologists to move beyond trying to understand information system development to becoming involved in the system development process itself ,	1<2	unknown	elaboration	elaboration
In the Participatory Design community , for example , there are technologists who are suspicious of the attempts of anthropologists to move beyond trying to understand information system development to becoming involved in the system development process itself ,	just as there are anthropologists who would feel compromised were they to become too heavily involved in practice .	1<2	unknown	elaboration	elaboration
I am aware that this more activist posture may be uncomfortable both for some of my anthropological colleagues and for some technoscientists .	At the same time , I have talked to systems developers who are angry about the anthropologists ' hesitation to " get their hands dirty " and take some responsibility for the character of the systems which get constructed .	1<2	unknown	contrast	contrast
In my case , I was arguing for a discourse with technoscientists to address a specific current conjunction , a backlash against STS by some natural scientists .	My argument is that the current conjunction should shift the ground of this discussion toward more intense engagement , both in practice and in theory .	1<2	unknown	summary	organization
My argument is that the current conjunction should shift the ground of this discussion toward more intense engagement , both in practice and in theory .	I really do mean something more than shit shoveling .	1<2	unknown	elaboration	elaboration
Authoritarians have a long history of throwing together groups of people who ca n't stand each other and then oppressing the whole fractious bunch , while appealing to the public [ especially the privileged ] about how the diverse groups all oppose public order .	This scenario is so frequently rehersed that it can be summarized tritely ,	1>2	unknown	background	frame
Authoritarians have a long history of throwing together groups of people who ca n't stand each other and then oppressing the whole fractious bunch , while appealing to the public [ especially the privileged ] about how the diverse groups all oppose public order .	The oppressors then gain considerable resources through the support of all those who , of course , prefer public order to disorder .	1<2	unknown	sequence	temporal
This scenario is so frequently rehersed that it can be summarized tritely ,	Most of us have been politely silent about this growing anti-sts backlash ,	1>2	unknown	background	frame
This scenario is so frequently rehersed that it can be summarized tritely ,	as I have just done .	1<2	unknown	evidence	explanation
I have been intrigued how our own little fractious bunch [ policy makers , policy critics , strong programmers , constructivists , methodological relativists , feminist epistemologists , rhetoricians , scientometricians , all - around judicious types , ET AL ] was going to deal with this current , increasingly disturbing anti-sts ' backlash ' in the US and UK .	Most of us have been politely silent about this growing anti-sts backlash ,	1>2	unknown	solutionhood	query
I have been intrigued how our own little fractious bunch [ policy makers , policy critics , strong programmers , constructivists , methodological relativists , feminist epistemologists , rhetoricians , scientometricians , all - around judicious types , ET AL ] was going to deal with this current , increasingly disturbing anti-sts ' backlash ' in the US and UK .	[ I have n't heard of it going on elsewhere . ]	1<2	unknown	background	frame
Most of us have been politely silent about this growing anti-sts backlash ,	I agree strongly with David Hakken that we need to be thinking together about diverse [ I repeat : diverse ] strategies to respond effectively to this strengthening backlash .	1>2	unknown	solutionhood	query
Most of us have been politely silent about this growing anti-sts backlash ,	in part because of the company we would need to keep [ see list above ] in order to act effectively .	1<2	unknown	nonvolitional-cause	causal
I just heard this morning from a colleague - not at all in science studies of any kind - that she had heard about a recent US national meeting of deans of sci/ eng where one speaker ' instructed ' the other deans in the pernicious work being done on sci/eng , perhaps on their own campuses .	The speaker apparently blamed all of this on - guess what - literary theory .	1>2	unknown	background	frame
The speaker apparently blamed all of this on - guess what - literary theory .	then you are an example of the effectiveness of the backlash stragegy of oppressing fractious groups , in my opinion .	1>2	unknown	background	frame
In case any of you are suddenly feeling relieved	then you are an example of the effectiveness of the backlash stragegy of oppressing fractious groups , in my opinion .	1>2	unknown	condition	condition
In case any of you are suddenly feeling relieved	- oh , I do n't do litcrit -	1<2	unknown	elaboration	elaboration
Most of us have been politely silent about this growing anti-sts backlash ,	then you are an example of the effectiveness of the backlash stragegy of oppressing fractious groups , in my opinion .	1<2	unknown	evidence	explanation
I agree strongly with David Hakken that we need to be thinking together about diverse [ I repeat : diverse ] strategies to respond effectively to this strengthening backlash .	David suggests " intense engagement " with the scientists and engineers whose practices we are studying .	1<2	unknown	means	mode
David suggests " intense engagement " with the scientists and engineers whose practices we are studying .	For those of us who are already so engaged , I agree , certainly , that we can increase our discussions with them about our work and the anti-sts crusades .	1<2	unknown	elaboration	elaboration
What else ?	this will be a tedious task .	1>2	unknown	solutionhood	query
Looking at the source materials I assume that most of us would agree that reacting to the backlash must involve exposing the - well , I 'll be polite - amazingly inventive readings of diverse people 's work , coupled with amazingly inventive ways of putting together ideas that most readers would regard as immiscible .	While certainly not difficult ,	1>2	unknown	background	frame
While certainly not difficult ,	this will be a tedious task .	1>2	unknown	concession	concession
I agree strongly with David Hakken that we need to be thinking together about diverse [ I repeat : diverse ] strategies to respond effectively to this strengthening backlash .	this will be a tedious task .	1<2	unknown	list	conjunction
The next problem :	how to give the critique the exposure of the backlash .	1>2	unknown	preparation	organization
how to give the critique the exposure of the backlash .	I suggest that this is already nearly insurmountable .	1>2	unknown	solutionhood	query
this will be a tedious task .	I suggest that this is already nearly insurmountable .	1<2	unknown	list	conjunction
What else ?	Indeed .	1>2	unknown	solutionhood	query
I suggest that this is already nearly insurmountable .	Indeed .	1<2	unknown	list	conjunction
Perhaps I appeared to suggest that relativists in general or McCloskey in particular were not worth reading .	That was not what I meant .	1>2	unknown	antithesis	contrast
That was not what I meant .	My point referred to what I perceived as the relative amount of critical leverage that you can find in two different STS approaches to economics .	1>2	unknown	antithesis	contrast
My point referred to what I perceived as the relative amount of critical leverage that you can find in two different STS approaches to economics .	My only point is that it is possible to discrimminate between different normative sensibilities within what gets labelled as postmodernism .	1>2	unknown	background	frame
This relates to the enlightenment stuff .	My only point is that it is possible to discrimminate between different normative sensibilities within what gets labelled as postmodernism .	1>2	unknown	preparation	organization
Christopher Norris distinguishes between people still committed to the enlightenment like Derrida and Habermas ( he considers them on the same side ! ) and those like Fish or Rorty who serve to limit rather than expand criticism .	This is too neat and voluntarist , no doubt .	1>2	unknown	antithesis	contrast
This is too neat and voluntarist , no doubt .	My only point is that it is possible to discrimminate between different normative sensibilities within what gets labelled as postmodernism .	1>2	unknown	concession	concession
This is too neat and voluntarist , no doubt .	And I 'm not sure what hangs on the concept of " enlightenment . "	1<2	unknown	elaboration	elaboration
Perhaps some shovelers should look at the latest superhyped recycling of the " blacks are mentally inferior " argument ( Time , Newseek , NYT , some tv shows all reported on this story , the authors ' names escape me ) .	Would self - proclaimed relativists avoid addressing the shoddiness of the argument ?	1>2	unknown	background	frame
Would self - proclaimed relativists avoid addressing the shoddiness of the argument ?	It seems to me the value of constructivism is it allows multiple sites of intervention in the debate ,	1>2	unknown	solutionhood	query
Would self - proclaimed relativists avoid addressing the shoddiness of the argument ?	On the other hand , would a too - narrow focus on the details of statistical inference and the like miss some crucial opportunities as well ?	1<2	unknown	elaboration	elaboration
It seems to me the value of constructivism is it allows multiple sites of intervention in the debate ,	e.g. historical context -- racist theories in science are nothing new nor can they _always_ just be fitted in the " poor methodology " category .	1<2	unknown	elaboration	elaboration
It seems to me the value of constructivism is it allows multiple sites of intervention in the debate ,	What is the relationship between one of the authors ' position at the American Enterprise Institute , their attacks on welfare and the shaping of research questions and strategies ?	1<2	unknown	elaboration	elaboration
It seems to me the value of constructivism is it allows multiple sites of intervention in the debate ,	How effective are the usual types of critiques ( e.g. Lewontin and company ) at actually affecting directions of research and the like	1<2	unknown	elaboration	elaboration
How effective are the usual types of critiques ( e.g. Lewontin and company ) at actually affecting directions of research and the like	and how does this relate to the division of labor in science and the problem - solving interest in certain types of questions	1<2	unknown	elaboration	elaboration
and how does this relate to the division of labor in science and the problem - solving interest in certain types of questions	( e.g. internal development of IQ testing since it presents new puzzles , despite critique of the assumptions from a variety of perspectives , analagous to Pickering 's _ Constructing Quarks_ perhaps ) .	1<2	unknown	elaboration	elaboration
It seems to me the value of constructivism is it allows multiple sites of intervention in the debate ,	How does this relate to the differential positions of women and minorities in science ?	1<2	unknown	elaboration	elaboration
It seems to me the value of constructivism is it allows multiple sites of intervention in the debate ,	to prevailing political moods ?	1<2	unknown	elaboration	elaboration
It seems to me the value of constructivism is it allows multiple sites of intervention in the debate ,	Why is the press so enthusiastic in presenting this	1<2	unknown	elaboration	elaboration
Why is the press so enthusiastic in presenting this	and what has been the response by scientist - critics and professional organizations ?	1<2	unknown	sequence	temporal
It seems to me the value of constructivism is it allows multiple sites of intervention in the debate ,	How does IQ testing and related technologies _already_ parcel people out on the basis of race and class ?	1<2	unknown	elaboration	elaboration
Constructivism clearly has much to offer here	but only if it can shovel the shit while simultaneously working on a more long - term sanitation system .	1>2	unknown	concession	concession
It seems to me the value of constructivism is it allows multiple sites of intervention in the debate ,	but only if it can shovel the shit while simultaneously working on a more long - term sanitation system .	1<2	unknown	summary	organization
Traweek 's observation concerning the silence around " the backlash " seems especially important given who has continually been singled out in the criticism to STS that I 've seen :	feminist scholars of science .	1>2	unknown	nonvolitional-cause	causal
feminist scholars of science .	My concerns about this singling out the feminsts by both conservative and liberal critics is multiple .	1>2	unknown	background	frame
feminist scholars of science .	As evidence consider the review of G&L [ Paul Gross and Norman Levitt ] in the most recent The Sciences .	1<2	unknown	evidence	explanation
In that piece G&L are roundly criticized ,	but the author ironically ends up supporting Gross 's picture of feminist science scholars , esp. Harding .	1>2	unknown	concession	concession
As evidence consider the review of G&L [ Paul Gross and Norman Levitt ] in the most recent The Sciences .	but the author ironically ends up supporting Gross 's picture of feminist science scholars , esp. Harding .	1<2	unknown	elaboration	elaboration
but the author ironically ends up supporting Gross 's picture of feminist science scholars , esp. Harding .	In the Michael Ruse 's words " The hatred [ of science by feminists ] is real and deep . " ( p. 40 )	1<2	unknown	evidence	explanation
My concerns about this singling out the feminsts by both conservative and liberal critics is multiple .	First , it repeats too much bad history , including the continued marginalization of what , imho , is some of the finest work on science and its relation to culture , from something vaguely defined as the mainstream of STS .	1<2	unknown	elaboration	elaboration
As has already been noted by several people in this list ,	feminist scholarship has not impacted the " mainstream " of STS ...	1>2	unknown	circumstance	temporal
First , it repeats too much bad history , including the continued marginalization of what , imho , is some of the finest work on science and its relation to culture , from something vaguely defined as the mainstream of STS .	feminist scholarship has not impacted the " mainstream " of STS ...	1<2	unknown	list	conjunction
( Actually I think it has ,	but I 've seen scant evidence of it on this list --	1>2	unknown	concession	concession
but I 've seen scant evidence of it on this list --	my own work and those of others in the anthropological and cultural studies arm of STS are thoroughly indebted to feminism :	1>2	unknown	antithesis	contrast
feminist scholarship has not impacted the " mainstream " of STS ...	my own work and those of others in the anthropological and cultural studies arm of STS are thoroughly indebted to feminism :	1<2	unknown	background	frame
my own work and those of others in the anthropological and cultural studies arm of STS are thoroughly indebted to feminism :	without Haraway , Traweek , Harding , Penley , Martin et alia I certainly would n't be doing what I 'm doing .	1<2	unknown	evidence	explanation
without Haraway , Traweek , Harding , Penley , Martin et alia I certainly would n't be doing what I 'm doing .	They are as , if not more , important to my research on science and tourism than the likes of Latour . )	1<2	unknown	evaluation	comment
feminist scholarship has not impacted the " mainstream " of STS ...	Given this seeming marginal status , we ( they ) are an easy target .	1<2	unknown	interpretation	comment
feminist scholarship has not impacted the " mainstream " of STS ...	Finally , it 's worth pointing out that the critique is founded on a perverse reading of the feminist critique of science , one that begins by assuming that critique is identical with blanket condemnation .	1<2	unknown	list	conjunction
Finally , it 's worth pointing out that the critique is founded on a perverse reading of the feminist critique of science , one that begins by assuming that critique is identical with blanket condemnation .	The fact that Haraway 's work is an attempt to interest and signal the importance of scientific work -- any careful reading of her would find that she values science -- is completely ignored .	1<2	unknown	evidence	explanation
Finally , it 's worth pointing out that the critique is founded on a perverse reading of the feminist critique of science , one that begins by assuming that critique is identical with blanket condemnation .	Harding 's comments about the necessity of science are likewise ignored :	1<2	unknown	evidence	explanation
Harding 's comments about the necessity of science are likewise ignored :	See pp. 101 - 2 of Whose Science , Whose Knowledge .	1<2	unknown	evidence	explanation
Yes the feminist critiques of science are harsh ,	but they are not out to " dismantle " science as " anti - feminist " critics have charged .	1>2	unknown	concession	concession
My concerns about this singling out the feminsts by both conservative and liberal critics is multiple .	but they are not out to " dismantle " science as " anti - feminist " critics have charged .	1<2	unknown	summary	organization
As the criticisms continue to target Harding in particular ,	I 'm reminded of a poem of Marge Piercy 's :	1>2	unknown	volitional-cause	causal
As the criticisms continue to target Harding in particular ,	and I too sense a silence on the part of " the mainstream " STS community ( which are not of a piece I am more than happy to acknowledge )	1<2	unknown	background	frame
I 'm reminded of a poem of Marge Piercy 's :	watch who they beat and who they eat , watch who they relieve themselves on , watch who they own , The rest is decoration . ( Circles on the Water , p. 80 )	1>2	unknown	background	frame
but they are not out to " dismantle " science as " anti - feminist " critics have charged .	watch who they beat and who they eat , watch who they relieve themselves on , watch who they own , The rest is decoration . ( Circles on the Water , p. 80 )	1<2	unknown	background	frame
I 've been lurking on this thread in the net without comment ,	and now seems a good time to make one .	1>2	unknown	circumstance	temporal
and now seems a good time to make one .	Recent mentions of special nastiness toward feminist critics of science ( such as my colleague Sandra Harding ) suggest something fairly obvious to me .	1>2	unknown	preparation	organization
Recent mentions of special nastiness toward feminist critics of science ( such as my colleague Sandra Harding ) suggest something fairly obvious to me .	The acronym STS is being used much too monolithically .	1>2	unknown	background	frame
The acronym STS is being used much too monolithically .	we need much more nuanced uses of the acronym STS .	1>2	unknown	motivation	explanation
The acronym STS is being used much too monolithically .	Already several years ago , Malcolm Ashmore noted a variety of approaches within the Sociology of Scientific Knowledge group	1<2	unknown	evidence	explanation
Already several years ago , Malcolm Ashmore noted a variety of approaches within the Sociology of Scientific Knowledge group	- so much so that it should not be called a " community . "	1<2	unknown	elaboration	elaboration
Already several years ago , Malcolm Ashmore noted a variety of approaches within the Sociology of Scientific Knowledge group	Then along came the Social Construction of Technology .	1<2	unknown	sequence	temporal
Then along came the Social Construction of Technology .	STSers in 4S are still more diverse .	1<2	unknown	sequence	temporal
STSers in 4S are still more diverse .	FULLER has identified " high " and " low church " STS groups .	1<2	unknown	sequence	temporal
FULLER has identified " high " and " low church " STS groups .	And there are various fellow travelers like myself -	1<2	unknown	sequence	temporal
And there are various fellow travelers like myself -	philosophers , historians , anthropologists , etc .	1<2	unknown	elaboration	elaboration
Already several years ago , Malcolm Ashmore noted a variety of approaches within the Sociology of Scientific Knowledge group	Furthermore , many of us - like TRAWEEK in her comment a couple of weeks ago - who try to work positively and constructively with various groups of scientists and engineers .	1<2	unknown	elaboration	elaboration
Furthermore , many of us - like TRAWEEK in her comment a couple of weeks ago - who try to work positively and constructively with various groups of scientists and engineers .	( That does n't , of course , automatically exempt us from criticisms by GROSS types . )	1<2	unknown	background	frame
In my opinion , if the thread is going to continue constructively ,	we need much more nuanced uses of the acronym STS .	1>2	unknown	condition	condition
It seems to me that many readers of ( or at least writers to ) this list are looking at the " backlash " as predictable defensivesess of what scientists see as their territory :	If that is our response ,	1>2	unknown	background	frame
Those STSers are after me and my work ,	so let 's go get 'em !	1>2	unknown	volitional-cause	causal
It seems to me that many readers of ( or at least writers to ) this list are looking at the " backlash " as predictable defensivesess of what scientists see as their territory :	so let 's go get 'em !	1<2	unknown	elaboration	elaboration
If that is our response ,	we may harm STS .	1>2	unknown	condition	condition
we may harm STS .	we may lose a lot , including academic departments , students , money , respect , and influence .	1>2	unknown	nonvolitional-cause	causal
we may harm STS .	Do not underestimate the sincerity , the passion , or the power of others	1<2	unknown	evidence	explanation
Do not underestimate the sincerity , the passion , or the power of others	just because you disagree with them .	1<2	unknown	antithesis	contrast
Do not underestimate the sincerity , the passion , or the power of others	And do not dismiss the whole package	1<2	unknown	list	conjunction
And do not dismiss the whole package	just because you have some special background and technical knowledge and can tell that parts of it are flawed .	1<2	unknown	antithesis	contrast
If we do n't develop some answers that are convincing ( to those who need to be convinced , which is not nesessarily to ourselves )	we may lose a lot , including academic departments , students , money , respect , and influence .	1>2	unknown	condition	condition
we may lose a lot , including academic departments , students , money , respect , and influence .	Which brings me back ( yes , still another time ) to the question ,	1>2	unknown	nonvolitional-cause	causal
Which brings me back ( yes , still another time ) to the question ,	What are we really trying to accomplish ?	1>2	unknown	background	frame
What are we really trying to accomplish ?	Is is possible , and even thinkable and discussable , that the critics may have some valid points ?	1>2	unknown	solutionhood	query
A couple of answers have said or implied that we all have our own quite different concerns	but that does n't get us anywhere .	1>2	unknown	concession	concession
A couple of answers have said or implied that we all have our own quite different concerns	so there ca n't be any common thread ,	1<2	unknown	nonvolitional-result	causal
but that does n't get us anywhere .	Surely STS as a whole should have more coherence than would be evident in the collection of individual interests .	1>2	unknown	antithesis	contrast
What are we really trying to accomplish ?	Surely STS as a whole should have more coherence than would be evident in the collection of individual interests .	1<2	unknown	elaboration	elaboration
Surely STS as a whole should have more coherence than would be evident in the collection of individual interests .	( Would anyone say that chemistry , for example , lacks underlying structures and goals because one chemist is interested in the combustion products of gasoline , and another in the arrangement in space of the atoms in some plastic , and still another in more efficient extraction of copper from ore ? )	1<2	unknown	evidence	explanation
Certainly , they have convinced a lot of people ,	and , whether they are right or wrong , our whining and moaning will not do much for us .	1>2	unknown	concession	concession
Is is possible , and even thinkable and discussable , that the critics may have some valid points ?	and , whether they are right or wrong , our whining and moaning will not do much for us .	1<2	unknown	evidence	explanation
and , whether they are right or wrong , our whining and moaning will not do much for us .	Nor can we go back to where we were some years ago , in quiet obscurity .	1<2	unknown	nonvolitional-result	causal
Nor can we go back to where we were some years ago , in quiet obscurity .	The cat ( i.e. , STS ) is out of the bag .	1<2	unknown	evidence	explanation
Because of the critics ,	a lot of people have become aware that we exist	1>2	unknown	volitional-cause	causal
a lot of people have become aware that we exist	and that maybe they should pay STS some attention , not necessarily favorable .	1>2	unknown	volitional-cause	causal
The cat ( i.e. , STS ) is out of the bag .	and that maybe they should pay STS some attention , not necessarily favorable .	1<2	unknown	elaboration	elaboration
Is is possible , and even thinkable and discussable , that the critics may have some valid points ?	Is " Cheers " the right signoff after a message like this ?	1<2	unknown	interpretation	comment
Bill Lynch writes :	> Although I suppose I am a " constructivist " in my theory of knowledge and > social theory , I am not a relativist , methodological or otherwise . I do n't > know why these are always linked . BUT , why would relativism count against > academic freedom ? Would n't the most obvious political implication be a > concern with expanded , more effective academic freedom as against allegedly > free but in fact coercive institutions ?	1>2	unknown	preparation	organization
> Although I suppose I am a " constructivist " in my theory of knowledge and > social theory , I am not a relativist , methodological or otherwise . I do n't > know why these are always linked . BUT , why would relativism count against > academic freedom ? Would n't the most obvious political implication be a > concern with expanded , more effective academic freedom as against allegedly > free but in fact coercive institutions ?	but in fact it need not be , and often is n't .	1>2	unknown	antithesis	contrast
This would seem to be the natural conclusion ,	but in fact it need not be , and often is n't .	1>2	unknown	concession	concession
Relativism ( both epistemological and moral ) is often taken as requiring tolerance of different views and values .	But it does n't .	1>2	unknown	concession	concession
but in fact it need not be , and often is n't .	But it does n't .	1<2	unknown	evidence	explanation
In fact , since tolerance itself is an absolute value ( not a relative one ) ,	a consistent relativist can not hold that even this value should be required of everyone -- even of him or herself -- nor that it follows from relativism	1>2	unknown	nonvolitional-cause	causal
But it does n't .	a consistent relativist can not hold that even this value should be required of everyone -- even of him or herself -- nor that it follows from relativism	1<2	unknown	evidence	explanation
a consistent relativist can not hold that even this value should be required of everyone -- even of him or herself -- nor that it follows from relativism	( it does n't ) .	1<2	unknown	elaboration	elaboration
A relativist culture and / or moral code would , by definition , recognize the existence and validity of other epistemologies or moral values .	But recognizing their existence in no way requires that other codes / epistemologies be _tolerated , upheld , or even respected_ .	1>2	unknown	antithesis	contrast
but in fact it need not be , and often is n't .	But recognizing their existence in no way requires that other codes / epistemologies be _tolerated , upheld , or even respected_ .	1<2	unknown	evidence	explanation
But recognizing their existence in no way requires that other codes / epistemologies be _tolerated , upheld , or even respected_ .	This is the case , for example , with some of the more extreme speech codes and other politically - correct policies introduced on university campuses in the last decade .	1<2	unknown	evidence	explanation
These recognize the cultural basis of beliefs and values and their large variation ;	Yet they make expressing _some_ beliefs / values grounds for explusion from the community .	1>2	unknown	antithesis	contrast
These recognize the cultural basis of beliefs and values and their large variation ;	they prohibit insults against non-mainstream views / cultures precisely in order to strengthen and encourage them ,	1<2	unknown	elaboration	elaboration
they prohibit insults against non-mainstream views / cultures precisely in order to strengthen and encourage them ,	precisely because they are different .	1<2	unknown	volitional-cause	causal
This is the case , for example , with some of the more extreme speech codes and other politically - correct policies introduced on university campuses in the last decade .	Yet they make expressing _some_ beliefs / values grounds for explusion from the community .	1<2	unknown	elaboration	elaboration
Such codes can be read as embodiments and logical consequences of a moral and possibly an epistemological relativism	-- but certainly not of academic freedom , free speech , or other Enlightenment values , which are by definition absolutes .	1>2	unknown	concession	concession
Yet they make expressing _some_ beliefs / values grounds for explusion from the community .	-- but certainly not of academic freedom , free speech , or other Enlightenment values , which are by definition absolutes .	1<2	unknown	evidence	explanation
-- but certainly not of academic freedom , free speech , or other Enlightenment values , which are by definition absolutes .	( Here we get into the hall - of - mirrors problem relativism also involves ,	1<2	unknown	background	frame
( Here we get into the hall - of - mirrors problem relativism also involves ,	since one could also read these codes as embodying absolute values about which particular cultures / beliefs are allowed respect and expression and which are not . )	1<2	unknown	volitional-cause	causal
but in fact it need not be , and often is n't .	This confusion between relativism and tolerance , which are rather more opposite than alike , lies at the root of a lot of our recent debates on this net .	1<2	unknown	summary	organization
STS list in general : I 've been lurking on this list for a bit becoming increasingly puzzled by the shape and tone of the exchanges .	It seemed a propos somehow at this juncture in your / our social constructions .	1>2	unknown	background	frame
STS list in general : I 've been lurking on this list for a bit becoming increasingly puzzled by the shape and tone of the exchanges .	At the same time , I 've been deleting files and came across the one enclosed .	1<2	unknown	circumstance	temporal
It seemed a propos somehow at this juncture in your / our social constructions .	> From a letter the National Science Foundation , 12-22-1991 , commenting on a draft announcement for a Research on Research and Technology program	1>2	unknown	background	frame
It seemed a propos somehow at this juncture in your / our social constructions .	Work of the sort suggested below might provide a more substantial basis for " backlashes " and antagonisms .	1<2	unknown	evidence	explanation
It seemed a propos somehow at this juncture in your / our social constructions .	It might also address other needs and possibilities of STS work ( and students who look us up as if we were relevent ) that is not now claiming attention from within or without .	1<2	unknown	evidence	explanation
> From a letter the National Science Foundation , 12-22-1991 , commenting on a draft announcement for a Research on Research and Technology program	" The questions / issues listed to illustrate the types of ( acceptable , suggested research ) interests are wide ranging but almost wholly devoted either to the sociology of investigators , or to the processes and institutional settings involved in producing or disseminating more scientific knowledge or technical innovations . The list ... suggests that the real emphasis of the program will ( and should ) be on the processes , inputs , and outputs of research and technological innovation with very little encouragement concerning the questions of the impacts or consequences of deploying new technologies widely throughout organizations or society at large . "	1>2	unknown	background	frame
> From a letter the National Science Foundation , 12-22-1991 , commenting on a draft announcement for a Research on Research and Technology program	( not much seemed to come of it but I 've stopped looking to the NSF for much . )	1<2	unknown	elaboration	elaboration
" The questions / issues listed to illustrate the types of ( acceptable , suggested research ) interests are wide ranging but almost wholly devoted either to the sociology of investigators , or to the processes and institutional settings involved in producing or disseminating more scientific knowledge or technical innovations . The list ... suggests that the real emphasis of the program will ( and should ) be on the processes , inputs , and outputs of research and technological innovation with very little encouragement concerning the questions of the impacts or consequences of deploying new technologies widely throughout organizations or society at large . "	I felt then and now that thses are quite lopsided , indeed unbalanced , perhaps pernicious emphases .	1>2	unknown	antithesis	contrast
I felt then and now that thses are quite lopsided , indeed unbalanced , perhaps pernicious emphases .	A parallel set of research concerns is required , I believe ,	1>2	unknown	solutionhood	query
A parallel set of research concerns is required , I believe ,	a ) The effects of technologies on everyday life ( in settings other than technology producing institutions ) ,	1>2	unknown	background	frame
A parallel set of research concerns is required , I believe ,	if we are to improve the types of knowledge necessary to inform the technical , academic and policy communities involved .	1<2	unknown	condition	condition
A parallel set of research concerns is required , I believe ,	I indicate some below .	1<2	unknown	elaboration	elaboration
They were drafted a bit hastily due to time constraints	so they are by no means complete .	1>2	unknown	nonvolitional-cause	causal
I indicate some below .	so they are by no means complete .	1<2	unknown	background	frame
I indicate some below .	At the same time , I see very little progress in either our systematic ( STS , TA , soc. sci . ) understanding of the relations outlined , or in the availability of funds for their pursuit ( from NSF or any other agency ) .	1<2	unknown	elaboration	elaboration
" There are no issues or questions stimulating research on , for example , matters of :	a ) The effects of technologies on everyday life ( in settings other than technology producing institutions ) ,	1>2	unknown	preparation	organization
a ) The effects of technologies on everyday life ( in settings other than technology producing institutions ) ,	STSer s could turn to such questions	1>2	unknown	background	frame
a ) The effects of technologies on everyday life ( in settings other than technology producing institutions ) ,	e.g. , the effects of technologies on the use of time and other aspects of in household behavior , changes of adolescent perceptions of the world as consequences of continuous global news media , or the effects on social behavior associated with the new medical capabilities in intensive care for premature infants and the elderly .	1<2	unknown	elaboration	elaboration
a ) The effects of technologies on everyday life ( in settings other than technology producing institutions ) ,	b ) The effects of widely deployed technologies whose negative and unexpected positive effects become recognizable only when they reach wide scale deployment ,	1<2	unknown	list	conjunction
b ) The effects of widely deployed technologies whose negative and unexpected positive effects become recognizable only when they reach wide scale deployment ,	e.g. , automobiles noxious emissions , wide scale dependence on high speed transfer of financial information within and across national boundaries , and unexpected uses of Minitel in France .	1<2	unknown	elaboration	elaboration
b ) The effects of widely deployed technologies whose negative and unexpected positive effects become recognizable only when they reach wide scale deployment ,	c ) The effects on public and private institutions when the society becomes dependent on technologies so intrinsically hazardous in their design that they prompt pressures for very high levels of reliable performance as a condition of their benefits , such a nuclear power generation , air traffic control , sea transport of crude oil , and the development of new types of biological and genetic materials .	1<2	unknown	list	conjunction
c ) The effects on public and private institutions when the society becomes dependent on technologies so intrinsically hazardous in their design that they prompt pressures for very high levels of reliable performance as a condition of their benefits , such a nuclear power generation , air traffic control , sea transport of crude oil , and the development of new types of biological and genetic materials .	d ) The effects on legal and political institutions when technologies are designed and deployed that have characteristics which ( usually inadvertently ) prompt public apprehension and fears and , hence , invite government regulation , such as job displacing systems , environmentally destructive processes , and technologies like those listed in c ) above .	1<2	unknown	list	conjunction
d ) The effects on legal and political institutions when technologies are designed and deployed that have characteristics which ( usually inadvertently ) prompt public apprehension and fears and , hence , invite government regulation , such as job displacing systems , environmentally destructive processes , and technologies like those listed in c ) above .	e ) The criteria and dynamics in technological design processes which might take into account social and regulatory impacts as well as economic benefits . "	1<2	unknown	list	conjunction
a ) The effects of technologies on everyday life ( in settings other than technology producing institutions ) ,	These all have to do with the uses of scientific knowledge made manifest as physical and organizational phenomena .	1<2	unknown	interpretation	comment
a ) The effects of technologies on everyday life ( in settings other than technology producing institutions ) ,	These sort of questions can and should be the object of systematic inquiry -- potentially the source of strategies and design knowledge -- that could inform decision making and operational development .	1<2	unknown	summary	organization
STSer s could turn to such questions	( though I am not persuaded they / we are now particularly skilled in doing so ) .	1<2	unknown	concession	concession
STSer s could turn to such questions	The result should be a more fully formed basis for affirming ( new or continuing ) technical systems in the interest of more than " technical " or " economic " progress .	1<2	unknown	motivation	explanation
Reply to John Bailar	Speaking for myself , I would strongly resist any attempt to settle on the goals or essence of STS .	1>2	unknown	preparation	organization
Speaking for myself , I would strongly resist any attempt to settle on the goals or essence of STS .	Maybe I 've sat on too many committees trying to define a common core of the humanities , the goals of our department , or whatever , and have some sense of what that 's like .	1<2	unknown	justify	explanation
Do medical professors waste their time in this way ?	I think not .	1>2	unknown	solutionhood	query
Speaking for myself , I would strongly resist any attempt to settle on the goals or essence of STS .	I think not .	1<2	unknown	evidence	explanation
Speaking for myself , I would strongly resist any attempt to settle on the goals or essence of STS .	Also , I suspect that many on this list would find the very exercise of defining goals and essences and common cores to be an inerently conser- vative enterprise .	1<2	unknown	evidence	explanation
Also , I suspect that many on this list would find the very exercise of defining goals and essences and common cores to be an inerently conser- vative enterprise .	Scholars like Bloom come to mind .	1<2	unknown	elaboration	elaboration
As you are a biostastician ,	I do n't think I need to lecture you on the importance of variation .	1>2	unknown	circumstance	temporal
I do n't think I need to lecture you on the importance of variation .	Variation makes evolution possible .	1>2	unknown	antithesis	contrast
Variation makes evolution possible .	and that might just spell the end of things .	1>2	unknown	motivation	explanation
Settle on common goals ,	and that might just spell the end of things .	1>2	unknown	condition	condition
Speaking for myself , I would strongly resist any attempt to settle on the goals or essence of STS .	and that might just spell the end of things .	1<2	unknown	restatement	reformulation
Should we really think about relativism as a virus that infects people manifesting itself in intolerance ?	but I do n't see how speech codes follow inexorably out of relativism .	1>2	unknown	solutionhood	query
Again , I am not a relativist	but I do n't see how speech codes follow inexorably out of relativism .	1>2	unknown	concession	concession
but I do n't see how speech codes follow inexorably out of relativism .	The problem is how you individuate cultures --	1<2	unknown	elaboration	elaboration
The problem is how you individuate cultures --	are they separate things that can then show each other tolerance ?	1<2	unknown	elaboration	elaboration
are they separate things that can then show each other tolerance ?	Here is where tolerance -- which could be pushed from some versions of relativism -- becomes " separate but equal " tolerance which becomes repressive tolerance , whether in its defensive forms --	1<2	unknown	elaboration	elaboration
some views ca n't even get to the table	so tolerance promoters consider coercive measures -- or in its most pernicious form as allegedly promoting free expression while actually functioning as a way to shut people up .	1>2	unknown	nonvolitional-cause	causal
Here is where tolerance -- which could be pushed from some versions of relativism -- becomes " separate but equal " tolerance which becomes repressive tolerance , whether in its defensive forms --	so tolerance promoters consider coercive measures -- or in its most pernicious form as allegedly promoting free expression while actually functioning as a way to shut people up .	1<2	unknown	elaboration	elaboration
I 'm sure Edwards is aware of this history of the " politically correct " accusation .	It is nothing less than the trick of the pickpocket who yells " stop , thief " when he is caught .	1>2	unknown	background	frame
so tolerance promoters consider coercive measures -- or in its most pernicious form as allegedly promoting free expression while actually functioning as a way to shut people up .	It is nothing less than the trick of the pickpocket who yells " stop , thief " when he is caught .	1<2	unknown	elaboration	elaboration
It is nothing less than the trick of the pickpocket who yells " stop , thief " when he is caught .	Just look at how it functions in public discourse --	1<2	unknown	evidence	explanation
Just look at how it functions in public discourse --	after it was introduced by a heavily funded right - wing campaign .	1<2	unknown	circumstance	temporal
It is nothing less than the trick of the pickpocket who yells " stop , thief " when he is caught .	And in groups like the NAS now sponsoring a symposium on the attack on science .	1<2	unknown	evidence	explanation
And in groups like the NAS now sponsoring a symposium on the attack on science .	Critical thought , the crossing of boundaries , the mixing of natural and human sciences , the growth of " outsider " claims on and interest in the " inside " of science are condemned as a dogmatic short - circuiting of insiders ' ( read as unitary and with well - defined borders ) privilege .	1<2	unknown	elaboration	elaboration
Critical thought , the crossing of boundaries , the mixing of natural and human sciences , the growth of " outsider " claims on and interest in the " inside " of science are condemned as a dogmatic short - circuiting of insiders ' ( read as unitary and with well - defined borders ) privilege .	A community -- scientific or otherwise -- can only seem to have this kind of coherence by a scapegoating trick .	1<2	unknown	elaboration	elaboration
A community -- scientific or otherwise -- can only seem to have this kind of coherence by a scapegoating trick .	The connection of relativism and scapegoating universalisms like this is in fact pretty intimate .	1<2	unknown	elaboration	elaboration
The connection of relativism and scapegoating universalisms like this is in fact pretty intimate .	A characteristic of the " new racism " is its articulation in an idiom of cultural relativism :	1<2	unknown	elaboration	elaboration
" Immigrant populations in Europe or the US are just not part of our culture or nation ,	so why do n't they go back to their own ? "	1>2	unknown	antithesis	contrast
A characteristic of the " new racism " is its articulation in an idiom of cultural relativism :	so why do n't they go back to their own ? "	1<2	unknown	elaboration	elaboration
so why do n't they go back to their own ? "	( i.e. they have their own somewhere	1<2	unknown	elaboration	elaboration
( i.e. they have their own somewhere	but it ai n't " here " even though they 've been " here " for quite some time and even though they 've built " here " economically and culturally . )	1<2	unknown	antithesis	contrast
so why do n't they go back to their own ? "	Here cultural relativism tacitly appeals to racism by means of a reductive analysis of culture .	1<2	unknown	interpretation	comment
Here cultural relativism tacitly appeals to racism by means of a reductive analysis of culture .	Culture reappears in proximity to race or nation but invokes the tropes of cultural tolerance for the purpose of reworking notions of citizenship	1<2	unknown	elaboration	elaboration
Culture reappears in proximity to race or nation but invokes the tropes of cultural tolerance for the purpose of reworking notions of citizenship	( the expatriate Croatian counts in Croatia but not a " Bosnian " in Croatia obeying laws and voting ) .	1<2	unknown	elaboration	elaboration
A characteristic of the " new racism " is its articulation in an idiom of cultural relativism :	It seems to me we have to understand the enemy within science that motivates an externalization of the enemy in the figure of the relativist STSer .	1<2	unknown	elaboration	elaboration
It seems to me we have to understand the enemy within science that motivates an externalization of the enemy in the figure of the relativist STSer .	And we have to understand how this scapegoating logic is itself dependent upon relativist tropes :	1<2	unknown	elaboration	elaboration
And we have to understand how this scapegoating logic is itself dependent upon relativist tropes :	they have their community ,	1<2	unknown	elaboration	elaboration
they have their community ,	it 's unitary ,	1<2	unknown	list	conjunction
it 's unitary ,	it is founded upon a hidden perverse enjoyment	1<2	unknown	list	conjunction
( they talk about science ,	but they do n't know it ! ) ,	1>2	unknown	concession	concession
it is founded upon a hidden perverse enjoyment	but they do n't know it ! ) ,	1<2	unknown	elaboration	elaboration
it is founded upon a hidden perverse enjoyment	and the construction of a " threat " that invites a sense of cultural self - defense	1<2	unknown	list	conjunction
( we do n't care what they do ,	they want us to change our ways ! )	1>2	unknown	antithesis	contrast
but when they overstep the bounds	they want us to change our ways ! )	1>2	unknown	circumstance	temporal
and the construction of a " threat " that invites a sense of cultural self - defense	they want us to change our ways ! )	1<2	unknown	elaboration	elaboration
And we have to understand how this scapegoating logic is itself dependent upon relativist tropes :	Whom does this scapegoat and marginalize within science itself ?	1<2	unknown	elaboration	elaboration
Whom does this scapegoat and marginalize within science itself ?	What selective readings of science critique does it require	1<2	unknown	list	conjunction
What selective readings of science critique does it require	( where do Bernal , or Lewontin , or Popper fit ? ) ?	1<2	unknown	elaboration	elaboration
What selective readings of science critique does it require	How are we being invited to scapegoat ourselves ?	1<2	unknown	list	conjunction
How are we being invited to scapegoat ourselves ?	" It 's the relativists that are to blame "	1<2	unknown	elaboration	elaboration
or " It 's the feminists ,	but I 've always politely ignored them anyway "	1>2	unknown	concession	concession
" It 's the relativists that are to blame "	but I 've always politely ignored them anyway "	1<2	unknown	disjunction	alternation
but I 've always politely ignored them anyway "	or " It 's the politicos "	1<2	unknown	disjunction	alternation
or " It 's the politicos "	or the philosophers	1<2	unknown	disjunction	alternation
or the philosophers	or the non-relativists ,	1<2	unknown	disjunction	alternation
or the non-relativists ,	etc .	1<2	unknown	disjunction	alternation
How are we being invited to scapegoat ourselves ?	How will we gain strength as a community and at the expense of whom ?	1<2	unknown	list	conjunction
How will we gain strength as a community and at the expense of whom ?	And why ?	1<2	unknown	elaboration	elaboration
In his recent posting , Todd LaPorte argued for expanding STS attention to the impacts and effects of science , presumably to complement , not replace , the focus on generation of scientific knowledge .	but I also wish to give it a different specific articulation .	1>2	unknown	background	frame
In general , I wish to support his argument ,	but I also wish to give it a different specific articulation .	1>2	unknown	concession	concession
but I also wish to give it a different specific articulation .	The focus he argues for should perhaps be described as a focus on the reproduction of technoscience rather than effects / impacts .	1>2	unknown	background	frame
The focus he argues for should perhaps be described as a focus on the reproduction of technoscience rather than effects / impacts .	We must be as open to study of the effects of society on technoscience as technoscience on society ,	1>2	unknown	antithesis	contrast
The focus he argues for should perhaps be described as a focus on the reproduction of technoscience rather than effects / impacts .	The latter phrasing reinforces the technological determinist , linear models of science production and diffusion which STS has been at such pains to refute .	1<2	unknown	interpretation	comment
We must be as open to study of the effects of society on technoscience as technoscience on society ,	and we must look at these in the same frame wherever possible .	1<2	unknown	elaboration	elaboration
We must be as open to study of the effects of society on technoscience as technoscience on society ,	Knut Soerensen and Anne Jorunn Berg from Trondheim have been most consistent among STS scholars in insisting on the way in which the experience of technology - in - use changes the technology .	1<2	unknown	evidence	explanation
We must be as open to study of the effects of society on technoscience as technoscience on society ,	Some of us do these kinds of studies consistently , with NSF support .	1<2	unknown	evidence	explanation
Some of us do these kinds of studies consistently , with NSF support .	In 1986 , Barbara Andrews and I received a grant from the NSF anthropology program to study the cultural correlates ( another phraseology which avoids implicit attribution of causation ) of new information technology among working class people in Sheffield , England .	1<2	unknown	elaboration	elaboration
Some of us do these kinds of studies consistently , with NSF support .	In 1990 , Burt Danovitz and I got a grant from the NSF STS program to hold a conference on policy issues regarding computer - based technology for people with disabilities .	1<2	unknown	elaboration	elaboration
In 1990 , Burt Danovitz and I got a grant from the NSF STS program to hold a conference on policy issues regarding computer - based technology for people with disabilities .	This conference addressed inter alia the policy problem of ways to include people with disabilities in the production of these devices both as scientists / engineers / technologists and as users / participants in the development process .	1<2	unknown	elaboration	elaboration
Some of us do these kinds of studies consistently , with NSF support .	In 1993 , Barbara Andrews and I again got an anthropology NSF , this time to study the cultural construction of computing at the national level in the Nordic countries .	1<2	unknown	elaboration	elaboration
If member of the STS network ( rather than community ) are unaware of such research ,	it may have less to do with its non-existence than with the ways in which we structure our collective attention ( e.g. , agendas for meetings ) .	1>2	unknown	condition	condition
We must be as open to study of the effects of society on technoscience as technoscience on society ,	it may have less to do with its non-existence than with the ways in which we structure our collective attention ( e.g. , agendas for meetings ) .	1<2	unknown	nonvolitional-result	causal
We must be as open to study of the effects of society on technoscience as technoscience on society ,	One final note : the failure to maintain consistently a sufficiently dialectical framing of the relationship between technoscience and society ( or culture ; socio- culture ? ) can also be immobilizing .	1<2	unknown	background	frame
One final note : the failure to maintain consistently a sufficiently dialectical framing of the relationship between technoscience and society ( or culture ; socio- culture ? ) can also be immobilizing .	His conviction that the consequences of new technology are so dire led David Noble , in his recent closing plenary address to the participatory design conference , very close to arguing that involvement in any design activity was for the time being unethical .	1<2	unknown	evidence	explanation
His conviction that the consequences of new technology are so dire led David Noble , in his recent closing plenary address to the participatory design conference , very close to arguing that involvement in any design activity was for the time being unethical .	So much for participatory democracy .	1<2	unknown	evaluation	comment
Here 's one indicator of the difference between the US and the UK :	Is science out of control , and what should be done if it is ?	1>2	unknown	background	frame
I was just listening to BBC - Radio 1 , the UK national pop music station ,	and this week 's call - in topic was announced :	1>2	unknown	circumstance	temporal
and this week 's call - in topic was announced :	Is science out of control , and what should be done if it is ?	1>2	unknown	background	frame
Is science out of control , and what should be done if it is ?	The announcer said that this question was prompted by a recent statement of Steven Hawking 's , to the effect that the world would have been better off if the leading scientists of the 20th century had been born as flies ( ! ) .	1<2	unknown	elaboration	elaboration
Now what do you suppose the 12 - 35 year old set is likely to make of that one ?	and find out !	1>2	unknown	solutionhood	query
Tune in	and find out !	1>2	unknown	enablement	purpose
Is science out of control , and what should be done if it is ?	and find out !	1<2	unknown	interpretation	comment
Steve Fuller , of Durham , UK , wrote :-	> Here 's one indicator of the difference between the US and the UK : > > > I was just listening to BBC - Radio 1 , the UK national pop music station , > and this week 's call - in topic was announced : > > Is science out of control , and what should be done if it is ? > > The announcer said that this question was prompted by a recent statement > of Steven Hawking 's , to the effect that the world would have been better > off if the leading scientists of the 20th century had been born as flies ( ! ) . > > Now what do you suppose the 12 - 35 year old set is likely to make of that > one ? Tune in and find out !	1>2	unknown	preparation	organization
> Here 's one indicator of the difference between the US and the UK : > > > I was just listening to BBC - Radio 1 , the UK national pop music station , > and this week 's call - in topic was announced : > > Is science out of control , and what should be done if it is ? > > The announcer said that this question was prompted by a recent statement > of Steven Hawking 's , to the effect that the world would have been better > off if the leading scientists of the 20th century had been born as flies ( ! ) . > > Now what do you suppose the 12 - 35 year old set is likely to make of that > one ? Tune in and find out !	> I ca n't tune in , Steve , I do n't live there anymore .	1>2	unknown	antithesis	contrast
> I ca n't tune in , Steve , I do n't live there anymore .	Keep us posted .	1>2	unknown	motivation	explanation
Frankly I do n't think wiping out the 20th C scientists would have made all that much difference ;	Seems to me that we 're still working through the shifts in viewpoint occasioned by Darwin and his explainers .	1>2	unknown	antithesis	contrast
no atomic power ,	but that 's about it .	1>2	unknown	concession	concession
no atomic power ,	far less progress in the materials sciences ,	1<2	unknown	list	conjunction
far less progress in the materials sciences ,	probably less on VLSI electronics ,	1<2	unknown	list	conjunction
Frankly I do n't think wiping out the 20th C scientists would have made all that much difference ;	but that 's about it .	1<2	unknown	evidence	explanation
Seems to me that we 're still working through the shifts in viewpoint occasioned by Darwin and his explainers .	So yes , keep us posted ;	1>2	unknown	motivation	explanation
Seems to me that we 're still working through the shifts in viewpoint occasioned by Darwin and his explainers .	The implications of the fact that we share 98.4 % of our DNA coding with chimpanzees , or that the Enlightenment has finally died will take a while to trickle through to the hindbrain .	1<2	unknown	evidence	explanation
Keep us posted .	So yes , keep us posted ;	1<2	unknown	elaboration	elaboration
So yes , keep us posted ;	could be interesting .	1<2	unknown	evaluation	comment
Now that things have subsided a bit ,	I thought I 'd throw in my 2 cent 's worth .	1>2	unknown	circumstance	temporal
I thought I 'd throw in my 2 cent 's worth .	We do seem to be at a crossroads in terms of society 's relationship with science and technology	1>2	unknown	preparation	organization
I thought I 'd throw in my 2 cent 's worth .	I 'm not going to worry about attributing embedded ideas to particular people ,	1<2	unknown	elaboration	elaboration
I 'm not going to worry about attributing embedded ideas to particular people ,	otherwise I 'd need a wall chart to keep them straight . No slights intended .	1<2	unknown	otherwise	condition
We do seem to be at a crossroads in terms of society 's relationship with science and technology	and I think it is this larger instability ( if that 's the right word ) which has helped raise the prominence of STS .	1>2	unknown	nonvolitional-cause	causal
and I think it is this larger instability ( if that 's the right word ) which has helped raise the prominence of STS .	and it seems that a segment of the scientific community has latched onto STS as the chief villain .	1>2	unknown	background	frame
( When I was working for IBM as a summer intern some years ago ,	my fellow interns and I decided that prominence resulting from something good was " visibility "	1>2	unknown	circumstance	temporal
and I think it is this larger instability ( if that 's the right word ) which has helped raise the prominence of STS .	my fellow interns and I decided that prominence resulting from something good was " visibility "	1<2	unknown	background	frame
my fellow interns and I decided that prominence resulting from something good was " visibility "	while prominence resulting from a screw up constituted " exposure . "	1<2	unknown	contrast	contrast
my fellow interns and I decided that prominence resulting from something good was " visibility "	You can decide for yourselves which term is most applicable to STS ! )	1<2	unknown	elaboration	elaboration
and I think it is this larger instability ( if that 's the right word ) which has helped raise the prominence of STS .	This has certainly been the case in Britain which over the last few years has seen the publication of several popular critiques of science and technology ( both good and not so good ) and a number of television programs including in particular a series called Pandora 's Box .	1<2	unknown	elaboration	elaboration
This has certainly been the case in Britain which over the last few years has seen the publication of several popular critiques of science and technology ( both good and not so good ) and a number of television programs including in particular a series called Pandora 's Box .	C.P. Snow has been called into service	1<2	unknown	elaboration	elaboration
C.P. Snow has been called into service	as talk of the two cultures once again has become fashionable .	1<2	unknown	volitional-cause	causal
and I think it is this larger instability ( if that 's the right word ) which has helped raise the prominence of STS .	The end of the Cold War has clearly contributed to this trend as defense decreases in importance as a driver of science and technology	1<2	unknown	elaboration	elaboration
( although judging from what I 'm hearing of the election results in the States ,	this may be about to change there ) .	1>2	unknown	nonvolitional-cause	causal
The end of the Cold War has clearly contributed to this trend as defense decreases in importance as a driver of science and technology	this may be about to change there ) .	1<2	unknown	concession	concession
and I think it is this larger instability ( if that 's the right word ) which has helped raise the prominence of STS .	And of course , there 's the general ruckus surrounding multiculturalism and other perceived threats arising out of " political corrrectness . "	1<2	unknown	elaboration	elaboration
I suppose because science is more heavily dependent than technology on government funding ,	scientists are especially worried about their future funding fortunes in the wake of all this instability	1>2	unknown	nonvolitional-cause	causal
scientists are especially worried about their future funding fortunes in the wake of all this instability	it helps to have a well defined enemy ,	1>2	unknown	preparation	organization
scientists are especially worried about their future funding fortunes in the wake of all this instability	( I suspect the cancellation of the superconducting supercollider really sounded the alarm ) .	1<2	unknown	background	frame
Well , if you need to rally the troops and circle the wagons	it helps to have a well defined enemy ,	1>2	unknown	condition	condition
it helps to have a well defined enemy ,	and it seems that a segment of the scientific community has latched onto STS as the chief villain .	1>2	unknown	volitional-cause	causal
and it seems that a segment of the scientific community has latched onto STS as the chief villain .	Instead , I think STS needs to concentrate on presenting itself as a means of usefully addressing important kinds of issues of concern to a great many people .	1>2	unknown	evidence	explanation
and it seems that a segment of the scientific community has latched onto STS as the chief villain .	Of course , in order to do this effectively they have to focus on the more radical ( and thus readily identifiable as threatening ) parts of what we 're all aware is an extremely heterogeneous STS universe .	1<2	unknown	elaboration	elaboration
Of course , in order to do this effectively they have to focus on the more radical ( and thus readily identifiable as threatening ) parts of what we 're all aware is an extremely heterogeneous STS universe .	In this sense , it 's to their advantage to keep the debate polarized ;	1<2	unknown	elaboration	elaboration
once you acknowledge the diversity of STS	the perceived threat level ca n't help but go down	1>2	unknown	nonvolitional-cause	causal
In this sense , it 's to their advantage to keep the debate polarized ;	the perceived threat level ca n't help but go down	1<2	unknown	otherwise	condition
the perceived threat level ca n't help but go down	and it becomes much more difficult to use STS as a way of framing the case for support and protection of science .	1<2	unknown	elaboration	elaboration
I do n't mean to suggest by this phrasing that I think all or most scientists are acting in a self - consciously cynical fashion .	Rather , I think this is for the most part a logical albeit unfortunate reaction to a disturbing period of instability .	1>2	unknown	antithesis	contrast
and it seems that a segment of the scientific community has latched onto STS as the chief villain .	Rather , I think this is for the most part a logical albeit unfortunate reaction to a disturbing period of instability .	1<2	unknown	summary	organization
Therefore , I do n't see much to be gained from spending a lot of time and effort trying to refute the various misperceptions and ill - founded criticisms .	Instead , I think STS needs to concentrate on presenting itself as a means of usefully addressing important kinds of issues of concern to a great many people .	1>2	unknown	antithesis	contrast
Instead , I think STS needs to concentrate on presenting itself as a means of usefully addressing important kinds of issues of concern to a great many people .	Many more of us ( and I 'm as guilty as anyone of not doing this enough ) need to write for both the popular press and those organs aimed at the chattering classes ( as they are referred to over here ) such as the Economist and the New Republic .	1>2	unknown	background	frame
Instead , I think STS needs to concentrate on presenting itself as a means of usefully addressing important kinds of issues of concern to a great many people .	Even those STS scholars whose principal interests are purely theoretical have a stake in this	1<2	unknown	evidence	explanation
Even those STS scholars whose principal interests are purely theoretical have a stake in this	inasmuch as they 're dependent on the perceived legitimacy of the STS enterprise which attracts the funds which supports their work .	1<2	unknown	nonvolitional-cause	causal
Instead , I think STS needs to concentrate on presenting itself as a means of usefully addressing important kinds of issues of concern to a great many people .	And it is up to all of us to show how the most radical ( and flak generating ) stuff plays a necessary role in a living , breathing STS enterprise ,	1<2	unknown	elaboration	elaboration
And it is up to all of us to show how the most radical ( and flak generating ) stuff plays a necessary role in a living , breathing STS enterprise ,	even when we do n't personally agree with it ( as in any other field of intellectual inquiry for that matter ) .	1<2	unknown	concession	concession
One thing that greatly disturbs me is the inclination that some STS scholars have shown to react by simply withdrawing from the fray .	In addition to those who will never be amenable to anything more critical than traditional history and philosophy of science , I firmly believe there exists a large proportion of scientists and engineers who are open to the idea that STS in its myriad variations can be a force for positive change and accomplishment .	1>2	unknown	antithesis	contrast
While I can understand their frustration with trying to get through to people they see as unremittingly hostile and willfully obtuse ,	I think it is ultimately self - defeating to simply cede the stage .	1>2	unknown	concession	concession
One thing that greatly disturbs me is the inclination that some STS scholars have shown to react by simply withdrawing from the fray .	I think it is ultimately self - defeating to simply cede the stage .	1<2	unknown	evidence	explanation
Instead , I think STS needs to concentrate on presenting itself as a means of usefully addressing important kinds of issues of concern to a great many people .	In addition to those who will never be amenable to anything more critical than traditional history and philosophy of science , I firmly believe there exists a large proportion of scientists and engineers who are open to the idea that STS in its myriad variations can be a force for positive change and accomplishment .	1<2	unknown	elaboration	elaboration
In the absence of a _positive_ ( but nonetheless critical ) vision put strongly forward by the STS community ,	the only coherent argument they hear will come from the demonizers of STS .	1>2	unknown	nonvolitional-cause	causal
In addition to those who will never be amenable to anything more critical than traditional history and philosophy of science , I firmly believe there exists a large proportion of scientists and engineers who are open to the idea that STS in its myriad variations can be a force for positive change and accomplishment .	the only coherent argument they hear will come from the demonizers of STS .	1<2	unknown	antithesis	contrast
In addition to those who will never be amenable to anything more critical than traditional history and philosophy of science , I firmly believe there exists a large proportion of scientists and engineers who are open to the idea that STS in its myriad variations can be a force for positive change and accomplishment .	I want to stress , though , that a positive vision of STS would most definitely include acknowledgement of and response to those criticisms of STS which do strike a chord .	1<2	unknown	concession	concession
I want to stress , though , that a positive vision of STS would most definitely include acknowledgement of and response to those criticisms of STS which do strike a chord .	Dialogue ( in its many different forms ) is an essential part of such a vision .	1<2	unknown	elaboration	elaboration
Where and how to do this is of course a key question	Many more of us ( and I 'm as guilty as anyone of not doing this enough ) need to write for both the popular press and those organs aimed at the chattering classes ( as they are referred to over here ) such as the Economist and the New Republic .	1>2	unknown	solutionhood	query
Where and how to do this is of course a key question	and I think it 's quite right that little is gained by addressing ourselves to the faithful .	1<2	unknown	elaboration	elaboration
Many more of us ( and I 'm as guilty as anyone of not doing this enough ) need to write for both the popular press and those organs aimed at the chattering classes ( as they are referred to over here ) such as the Economist and the New Republic .	More of us should also be in various experts databases which the media use .	1<2	unknown	list	conjunction
More of us should also be in various experts databases which the media use .	And we all need to make our presence felt at public hearings on issues concerning science and technology .	1<2	unknown	list	conjunction
Many more of us ( and I 'm as guilty as anyone of not doing this enough ) need to write for both the popular press and those organs aimed at the chattering classes ( as they are referred to over here ) such as the Economist and the New Republic .	In doing all of this , though , even when being critical , we need to project an air of reasonableness .	1<2	unknown	elaboration	elaboration
In doing all of this , though , even when being critical , we need to project an air of reasonableness .	After all , that is the heart of the argument against us , that we are being unreasonable in our criticisms of scientists and technologists and that we are somehow urging the abandonment of reason by them .	1<2	unknown	motivation	explanation
Instead of spending a lot of time and effort trying to demonstrate why we 're not bad ,	let 's focus on showing why and how we 're good .	1>2	unknown	antithesis	contrast
In doing all of this , though , even when being critical , we need to project an air of reasonableness .	let 's focus on showing why and how we 're good .	1<2	unknown	elaboration	elaboration
This is all terribly banal , I know ,	but growing up in the American midwest does that to you .	1>2	unknown	concession	concession
Many more of us ( and I 'm as guilty as anyone of not doing this enough ) need to write for both the popular press and those organs aimed at the chattering classes ( as they are referred to over here ) such as the Economist and the New Republic .	but growing up in the American midwest does that to you .	1<2	unknown	concession	concession
I 'd like to second Shapiro on the utility of presenting STS to the general public , and in that vein ask if anyone else has looked at the recent issue of DISCOVER on race .	Perhaps SSSS could put together a resource list of researchers and their interests to forward to the various popular science and the public policy journals .	1>2	unknown	background	frame
I 'd like to second Shapiro on the utility of presenting STS to the general public , and in that vein ask if anyone else has looked at the recent issue of DISCOVER on race .	It has several articles that look at the construction of the concept and categories of race and how these are justified and deployed in various contexts , including " science " .	1<2	unknown	elaboration	elaboration
Does ayone recognize any of the authors as regular participants in STS enterprises ?	If not ,	1>2	unknown	solutionhood	query
If not ,	why are n't the editors turning our way when asking for commentary ?	1>2	unknown	condition	condition
why are n't the editors turning our way when asking for commentary ?	Perhaps SSSS could put together a resource list of researchers and their interests to forward to the various popular science and the public policy journals .	1>2	unknown	solutionhood	query
Did anyone else notice the full - page ad in the Sept 9 issue of Science , with the capp 'd headline : SCIENCE IS UNDER ATTACK ? ( pg. 1508 ) ?	It announces an up - coming National Association of Scholars conference , entitled : " Objectivity and Truth in the Natural Sciences , the Social Sciences , and the Humanities " ( Nov 11 - 13 , Cambridge ) .	1>2	unknown	preparation	organization
It announces an up - coming National Association of Scholars conference , entitled : " Objectivity and Truth in the Natural Sciences , the Social Sciences , and the Humanities " ( Nov 11 - 13 , Cambridge ) .	What do you think our collective / individual responses should be ?	1>2	unknown	background	frame
It announces an up - coming National Association of Scholars conference , entitled : " Objectivity and Truth in the Natural Sciences , the Social Sciences , and the Humanities " ( Nov 11 - 13 , Cambridge ) .	Invited speakers include : Steven Weinberg , Gerald Holton , Paul Gross , Gerald Weissmann , and Michael McElroy .	1<2	unknown	elaboration	elaboration
Concerning SCIENCE IS UNDER ATTACK , the ad proclaims :	" Formerly the attacks came from outside the academic and scientific disciplines . Increasingly , now they come from within . These attacks are dangerous : They undermine public confidence They alter directions of research They affect funding They subvert the standards of reason and proof . "	1>2	unknown	preparation	organization
It announces an up - coming National Association of Scholars conference , entitled : " Objectivity and Truth in the Natural Sciences , the Social Sciences , and the Humanities " ( Nov 11 - 13 , Cambridge ) .	" Formerly the attacks came from outside the academic and scientific disciplines . Increasingly , now they come from within . These attacks are dangerous : They undermine public confidence They alter directions of research They affect funding They subvert the standards of reason and proof . "	1<2	unknown	elaboration	elaboration
It announces an up - coming National Association of Scholars conference , entitled : " Objectivity and Truth in the Natural Sciences , the Social Sciences , and the Humanities " ( Nov 11 - 13 , Cambridge ) .	I can only assume , from these comments and from the invited speakers , that the drift of the conference will include -- if not specially emphasize -- the scientific community 's response to recent developments in the STS literature , particularly social constructivism .	1<2	unknown	interpretation	comment
As a political scientist , and therefore more an observer of social constructivist developments than a direct participant , I have been curious about the general lack of information and concern expressed within the scientific community for these theoretical moves so common within our STS community .	What do you think our collective / individual responses should be ?	1>2	unknown	motivation	explanation
As a political scientist , and therefore more an observer of social constructivist developments than a direct participant , I have been curious about the general lack of information and concern expressed within the scientific community for these theoretical moves so common within our STS community .	In a recent review of Brian Martin 's book on the fluoridation debate for Chemical & Engineering News , I had to fax them a two page summary of the constructivist position before they could understand the references in the review .	1<2	unknown	evidence	explanation
In a recent review of Brian Martin 's book on the fluoridation debate for Chemical & Engineering News , I had to fax them a two page summary of the constructivist position before they could understand the references in the review .	I remarked to them at the time the irony that I , a political scientist , had to explain recent developments in science studies to practicing scientists .	1<2	unknown	background	frame
As a political scientist , and therefore more an observer of social constructivist developments than a direct participant , I have been curious about the general lack of information and concern expressed within the scientific community for these theoretical moves so common within our STS community .	Now , of course , we see the scientific community awakening to what 's been going on in STS for the past 15 years ,	1<2	unknown	sequence	temporal
Now , of course , we see the scientific community awakening to what 's been going on in STS for the past 15 years ,	and that community -- or at least some noted spokespersons -- is clearly frightened and panicked by the STS literature .	1<2	unknown	elaboration	elaboration
I suppose after long neglest , it 's nice to be noticed , at all .	However , I fear that the barrage of criticisms will overwhelm the theoretical insights that STS has to offer to newly aroused scientists .	1>2	unknown	concession	concession
However , I fear that the barrage of criticisms will overwhelm the theoretical insights that STS has to offer to newly aroused scientists .	The contributions of our field will get lumped with other suspect intellectual movements ,	1>2	unknown	nonvolitional-cause	causal
The contributions of our field will get lumped with other suspect intellectual movements ,	and we may find ourselves defensively responding to the scorn of scientists who , themselves , have not examined the STS literature , but have followed the lead of the few scientists who have published attacks .	1>2	unknown	nonvolitional-cause	causal
Now , of course , we see the scientific community awakening to what 's been going on in STS for the past 15 years ,	and we may find ourselves defensively responding to the scorn of scientists who , themselves , have not examined the STS literature , but have followed the lead of the few scientists who have published attacks .	1<2	unknown	sequence	temporal
As a political scientist , and therefore more an observer of social constructivist developments than a direct participant , I have been curious about the general lack of information and concern expressed within the scientific community for these theoretical moves so common within our STS community .	I certainly think these developments will make even more difficult various efforts to build STS programs on campuses .	1<2	unknown	nonvolitional-result	causal
What do you think our collective / individual responses should be ?	Now that we 're noticed , but misread , how can we build politically expeditious yet intellectually rigorous bridges to the communities of practitioners , researchers , and teachers we study ?	1<2	unknown	elaboration	elaboration
Steve Fuller is incorrect in saying that I refused to share a platform with Wolpert .	but on this occasion I did not realise he was on the programme	1>2	unknown	antithesis	contrast
I have refused in the past	but on this occasion I did not realise he was on the programme	1>2	unknown	concession	concession
but on this occasion I did not realise he was on the programme	until I saw the printed version .	1<2	unknown	circumstance	temporal
but on this occasion I did not realise he was on the programme	The problem is that there are a group of scientist - critics of SSK who have not read the material	1<2	unknown	background	frame
The problem is that there are a group of scientist - critics of SSK who have not read the material	and I do not believe in legitimating their position .	1<2	unknown	elaboration	elaboration
It is perfectly natural and healthy that scientists who have read the literature might disagree with the conclusions ,	but the style of Wolpert and similar is not helpful	1>2	unknown	concession	concession
It is perfectly natural and healthy that scientists who have read the literature might disagree with the conclusions ,	and this could lead to a productive debate ,	1<2	unknown	elaboration	elaboration
and I do not believe in legitimating their position .	but the style of Wolpert and similar is not helpful	1<2	unknown	nonvolitional-cause	causal
but the style of Wolpert and similar is not helpful	- nothing moves forward .	1<2	unknown	nonvolitional-result	causal
The debate at Loughborough ( the venue of the British Association meeting ) was very heated indeed .	The Times Higher piece that I wrote is much calmer .	1>2	unknown	concession	concession
but on this occasion I did not realise he was on the programme	The Times Higher piece that I wrote is much calmer .	1<2	unknown	joint	conjunction
The Times Higher piece that I wrote is much calmer .	I urge people to read it before jumping to conclusions about what is in it .	1<2	unknown	elaboration	elaboration
If someone has a scanner ,	perhaps they could scan the whole thing , including responses , and put it on the net .	1>2	unknown	condition	condition
I urge people to read it before jumping to conclusions about what is in it .	perhaps they could scan the whole thing , including responses , and put it on the net .	1<2	unknown	enablement	purpose
perhaps they could scan the whole thing , including responses , and put it on the net .	Otherwise I 'll send my piece alone to the net	1<2	unknown	otherwise	condition
Otherwise I 'll send my piece alone to the net	if you like	1<2	unknown	condition	condition
- but I 'm not a regular subscriber	so someone will have to email me directly ( or on mersenne )	1>2	unknown	nonvolitional-cause	causal
Otherwise I 'll send my piece alone to the net	so someone will have to email me directly ( or on mersenne )	1<2	unknown	means	mode
so someone will have to email me directly ( or on mersenne )	if it would be useful .	1<2	unknown	condition	condition
Otherwise I 'll send my piece alone to the net	( But scanning the whole thing would be better . )	1<2	unknown	evaluation	comment
Traweek 's , Heath 's , and Stockdale 's interventions are a breath of fresh ( and cool ? ) air amidst the expressions of panic and hand - wringing	and I was wondering when someone was going to bring up the fact that a different dynamic has been going on for a long time between researchers and scientists that involves other processes than pure " othering " and having the last word .	1<2	unknown	elaboration	elaboration
Traweek 's , Heath 's , and Stockdale 's interventions are a breath of fresh ( and cool ? ) air amidst the expressions of panic and hand - wringing	Good going , so to speak !	1<2	unknown	evaluation	comment
John Bailar asks again	what is the object of science studies .	1>2	unknown	attribution	attribution
John Bailar asks again	[ thanks for the persistence , John ! ]	1<2	unknown	background	frame
what is the object of science studies .	but I can talk for myself well enough .	1>2	unknown	background	frame
Well .	I certainly ca n't talk for ANYone else ,	1>2	unknown	preparation	organization
I certainly ca n't talk for ANYone else ,	but I can talk for myself well enough .	1>2	unknown	antithesis	contrast
but I can talk for myself well enough .	My goals are at least three in nature .	1>2	unknown	background	frame
My goals are at least three in nature .	1 . To accomplish something substantive in theoretical physics .	1>2	unknown	background	frame
1 . To accomplish something substantive in theoretical physics .	I 've been partnered with a theoretical physicist since ' 73 ,	1<2	unknown	background	frame
I 've been partnered with a theoretical physicist since ' 73 ,	and we 've done some neat things together that we could n't have done apart .	1<2	unknown	elaboration	elaboration
I 've been partnered with a theoretical physicist since ' 73 ,	[ My greatest accomplishment in our personal friendship was to finally convince him that particles were a waste of his talent , and that general relativity was ' where it was at ' !	1<2	unknown	elaboration	elaboration
[ My greatest accomplishment in our personal friendship was to finally convince him that particles were a waste of his talent , and that general relativity was ' where it was at ' !	Sorry , S. Traweek ! ]	1<2	unknown	background	frame
1 . To accomplish something substantive in theoretical physics .	2 . To understand something substantive about how science , in particular , physics and cosmology , actually work .	1<2	unknown	list	conjunction
2 . To understand something substantive about how science , in particular , physics and cosmology , actually work .	This is a purely intellectual goal , for which I apologize to absolutely no one .	1<2	unknown	elaboration	elaboration
This is a purely intellectual goal , for which I apologize to absolutely no one .	Knowledge is its own reward .	1<2	unknown	elaboration	elaboration
2 . To understand something substantive about how science , in particular , physics and cosmology , actually work .	3 . To attempt to improve science education	1<2	unknown	list	conjunction
3 . To attempt to improve science education	[ assuming that my presence and knowledge would be contributory in and of themselves --	1<2	unknown	background	frame
arrogant perhaps ,	but there you have it ] ,	1>2	unknown	concession	concession
[ assuming that my presence and knowledge would be contributory in and of themselves --	but there you have it ] ,	1<2	unknown	evaluation	comment
3 . To attempt to improve science education	by designing and teaching physical science courses for teacher - candidates in the Ed School .	1<2	unknown	means	mode
I 've done this for about 5 years now .	But I 've convinced myself it 's worth it .	1>2	unknown	concession	concession
I 've done this for about 5 years now .	It 's extremely hard .	1<2	unknown	conjunction	conjunction
by designing and teaching physical science courses for teacher - candidates in the Ed School .	But I 've convinced myself it 's worth it .	1<2	unknown	elaboration	elaboration
But I 've convinced myself it 's worth it .	We 'll see .	1<2	unknown	elaboration	elaboration
1 . To accomplish something substantive in theoretical physics .	So that 's what * I* want to do .	1<2	unknown	summary	organization
So that 's what * I* want to do .	Do n't know about anyone else .	1<2	unknown	elaboration	elaboration
I think George Gale 's response is a good illustration of one of the points Sharon Traweek made so well in her recent message :	who says everyone working in STS has to share goals with everyone else ?	1>2	unknown	background	frame
who says everyone working in STS has to share goals with everyone else ?	if the various people who would invite the rest of us to share their goals would simply state them ( and their implications for our own activities ) without lofty airs .	1>2	unknown	solutionhood	query
I 'd much prefer it	if the various people who would invite the rest of us to share their goals would simply state them ( and their implications for our own activities ) without lofty airs .	1>2	unknown	evaluation	comment
Flame :	He should get another model ,	1>2	unknown	preparation	organization
Fuller 's " model " appears to be Garibaldi .	He should get another model ,	1>2	unknown	nonvolitional-cause	causal
It 's an interesting model .	It clearly is not successful in American academic culture .	1>2	unknown	concession	concession
Fuller 's " model " appears to be Garibaldi .	It clearly is not successful in American academic culture .	1<2	unknown	elaboration	elaboration
He should get another model ,	because he has interesting and valuable things to say .	1<2	unknown	nonvolitional-cause	causal
On Thu , 27 Oct 1994 ggale@VAX1.UMKC.EDU wrote :	" Sorry , S. Traweek ! "	1>2	unknown	attribution	attribution
" Sorry , S. Traweek ! "	I do not understand this last sentence of the first entry in Gale 's goals list ;	1>2	unknown	antithesis	contrast
" Sorry , S. Traweek ! "	[ see excerpt below ]	1<2	unknown	background	frame
I do not understand this last sentence of the first entry in Gale 's goals list ;	why in the world would I have an investment , one way or the other , in what he persuaded a theorist to do ?	1<2	unknown	elaboration	elaboration
why in the world would I have an investment , one way or the other , in what he persuaded a theorist to do ?	That Gale and his colleague were discussing their research decisions and goals with each other is precisely what I was suggesting in my posting that we discuss more .	1<2	unknown	evidence	explanation
That Gale and his colleague were discussing their research decisions and goals with each other is precisely what I was suggesting in my posting that we discuss more .	To that end , I would be extremely interested , as I 'm sure many of our colleagues would , in an account , written by both Gale and his colleague , as to how that discussion proceeded .	1<2	unknown	elaboration	elaboration
To that end , I would be extremely interested , as I 'm sure many of our colleagues would , in an account , written by both Gale and his colleague , as to how that discussion proceeded .	Gale 's other two goals [ intellectual curiousity and commitment to curricular improvement / teacher education ] seem to me widespread among our colleagues and highly commendable .	1<2	unknown	background	frame
Again , the tone of the full posting suggests that Gale expected disagreement , particularly from me ;	actually , I agree that serious discussion about research with our colleagues , intellectual curiousity , and commitment to teaching are important , and , again , I think those goals are widespread among us .	1>2	unknown	antithesis	contrast
I do not understand this last sentence of the first entry in Gale 's goals list ;	actually , I agree that serious discussion about research with our colleagues , intellectual curiousity , and commitment to teaching are important , and , again , I think those goals are widespread among us .	1<2	unknown	summary	organization
I do not understand this last sentence of the first entry in Gale 's goals list ;	On Thu , 27 Oct 1994 ggale@VAX1.UMKC.EDU wrote : > My goals are at least three in nature . > 1 . To accomplish something substantive in theoretical physics . I 've been > partnered with a theoretical physicist since ' 73 , and we 've done some neat > things together that we could n't have done apart . [ My greatest > accomplishment in our personal friendship was to finally convince him that > particles were a waste of his talent , and that general relativity was > ' where it was at ' ! Sorry , S. Traweek ! ] > >	1<2	unknown	attribution	attribution
I 'd like to respond to something Fuller said 2 days ago about the appl;ied ethics model .	It may be the case that , say , physicians and surgeons turned to ethicists as a response to crisis .	1>2	unknown	background	frame
I 'd like to respond to something Fuller said 2 days ago about the appl;ied ethics model .	I 'm not sure that it is all that clear to him ,	1<2	unknown	motivation	explanation
I 'm not sure that it is all that clear to him ,	as he tended to dismiss it with associations like public relations and sophistry .	1<2	unknown	evidence	explanation
It may be the case that , say , physicians and surgeons turned to ethicists as a response to crisis .	But that does n't mean that ethicists simply wait around for practitioners to hand them a problem ,	1>2	unknown	concession	concession
But that does n't mean that ethicists simply wait around for practitioners to hand them a problem ,	some , but definitely not all , do this .	1>2	unknown	background	frame
But that does n't mean that ethicists simply wait around for practitioners to hand them a problem ,	and then seek some ; way to smooth things over .	1<2	unknown	sequence	temporal
some , but definitely not all , do this .	But many in the field have taken a critical stance f the sort SF would like to see iin STS .	1>2	unknown	antithesis	contrast
For example , I may be wrong about this ,	I think it was philosophers who were bringing traditional , perhaps Kantian , concerns about the moral autonomy of human beings to bear on a " practical " question .	1>2	unknown	concession	concession
but it was not doctors who came to philosophers asking them how they could act less paternalistic - ally .	I think it was philosophers who were bringing traditional , perhaps Kantian , concerns about the moral autonomy of human beings to bear on a " practical " question .	1>2	unknown	antithesis	contrast
But many in the field have taken a critical stance f the sort SF would like to see iin STS .	I think it was philosophers who were bringing traditional , perhaps Kantian , concerns about the moral autonomy of human beings to bear on a " practical " question .	1<2	unknown	evidence	explanation
But many in the field have taken a critical stance f the sort SF would like to see iin STS .	In your book , Steve , you argue theoretically against giving rhetoric a bad name .	1<2	unknown	background	frame
In your book , Steve , you argue theoretically against giving rhetoric a bad name .	But you continue to use it on the list in a way that contributes to its bad reputation !	1<2	unknown	antithesis	contrast
Here 's something that , if true , would offer an answer to the question BAILAR has been posing , concerning the point of STS .	If someone can actually confirm what SCHMAUS is saying below ,	1>2	unknown	background	frame
If someone can actually confirm what SCHMAUS is saying below ,	then that would indeed be an example of the kind of thing I 'm endorsing as good STS practice .	1>2	unknown	condition	condition
then that would indeed be an example of the kind of thing I 'm endorsing as good STS practice .	However , until shown otherwise , I remain skeptical of the existence of a Kantian philosophical lobby that goes around hounding the American Medical Association .	1>2	unknown	antithesis	contrast
However , until shown otherwise , I remain skeptical of the existence of a Kantian philosophical lobby that goes around hounding the American Medical Association .	What strikes me as more likely is that there were already some social movements interested in promoting the autonomy of patients	1>2	unknown	antithesis	contrast
What strikes me as more likely is that there were already some social movements interested in promoting the autonomy of patients	and the Kantian rhetoric had an edifying quality that was likely to prove persuasive in public settings .	1<2	unknown	elaboration	elaboration
The use of philosophy as a resource for legitimating social projects is not new ,	But it 's not quite the same as the philosopher herself being ' proactive ' .	1>2	unknown	concession	concession
The use of philosophy as a resource for legitimating social projects is not new ,	and it 's not even bad .	1<2	unknown	elaboration	elaboration
What strikes me as more likely is that there were already some social movements interested in promoting the autonomy of patients	But it 's not quite the same as the philosopher herself being ' proactive ' .	1<2	unknown	background	frame
But it 's not quite the same as the philosopher herself being ' proactive ' .	But I 'm prepared to be proven wrong on this point .	1<2	unknown	concession	concession
On Thu , 27 Oct 1994 STXSCHMAUS@minna.acc.iit.edu wrote	For example , I may be wrong about this , but it was not doctors > who came to philosophers asking them how they could act less paternalistic- > ally . I think it was philosophers who were bringing traditional , perhaps > Kantian , concerns about the moral autonomy of human beings to bear on > a " practical " question .	1>2	unknown	preparation	organization
What strikes me as more likely is that there were already some social movements interested in promoting the autonomy of patients	For example , I may be wrong about this , but it was not doctors > who came to philosophers asking them how they could act less paternalistic- > ally . I think it was philosophers who were bringing traditional , perhaps > Kantian , concerns about the moral autonomy of human beings to bear on > a " practical " question .	1<2	unknown	background	frame
Finally , I am genuinely baffled by the following remark ,	What it may mean is that I have a bad theory of rhetoric !	1>2	unknown	solutionhood	query
since for -- better or worse	I make a point of practicing what I preach .	1>2	unknown	concession	concession
since for -- better or worse	( and it may be the latter ) --	1<2	unknown	concession	concession
Finally , I am genuinely baffled by the following remark ,	I make a point of practicing what I preach .	1<2	unknown	nonvolitional-cause	causal
What strikes me as more likely is that there were already some social movements interested in promoting the autonomy of patients	What it may mean is that I have a bad theory of rhetoric !	1<2	unknown	joint	conjunction
What it may mean is that I have a bad theory of rhetoric !	> > In your book , Steve , you argue theoretically against giving rhetoric a > bad name . But you continue to use it on the list in a way that > contributes to its bad reputation ! >	1<2	unknown	background	frame
Back to Basics :	What 's the Point	1>2	unknown	background	frame
What 's the Point	Maybe I 'm not alone in finding it quite confusing who is and is not addressing BAILAR 's original query about the point of STS .	1>2	unknown	background	frame
Maybe I 'm not alone in finding it quite confusing who is and is not addressing BAILAR 's original query about the point of STS .	Well , first you do n't shy away from the fact that a lot of our antagonists have caught on to something quite salient about STS work ,	1>2	unknown	solutionhood	query
Maybe I 'm not alone in finding it quite confusing who is and is not addressing BAILAR 's original query about the point of STS .	Take for instance the dichotomy of ' insular ' vs. ' public ' which several people have been tossing around .	1<2	unknown	elaboration	elaboration
Take for instance the dichotomy of ' insular ' vs. ' public ' which several people have been tossing around .	For me , to be ' insular ' is to take a ' business as usual ' attitude to the research that we do in STS ,	1<2	unknown	elaboration	elaboration
For me , to be ' insular ' is to take a ' business as usual ' attitude to the research that we do in STS ,	as if we 're just like the physicists , literary critics , and other tillers in the groves of academe .	1<2	unknown	elaboration	elaboration
as if we 're just like the physicists , literary critics , and other tillers in the groves of academe .	Everybody minds their own turf , and that 's the end of that .	1<2	unknown	elaboration	elaboration
Everybody minds their own turf , and that 's the end of that .	Sometimes we cooperate , sometimes not .	1<2	unknown	elaboration	elaboration
When people talk about being interested in ' intellectual curiosity ' and ' understanding the richness of science ' ,	I associate that with the insular attitude .	1>2	unknown	circumstance	temporal
I associate that with the insular attitude .	Why ?	1>2	unknown	background	frame
Why ?	Two reasons :	1>2	unknown	solutionhood	query
Two reasons :	( 1 ) There is no reason to think that such goals are unique to STS .	1>2	unknown	background	frame
( 1 ) There is no reason to think that such goals are unique to STS .	So , to my mind , the ' insular ' view ignores some pretty obvious features of the social context in which STS work is received .	1>2	unknown	evidence	explanation
Indeed , I bet that even self - avowed positivist physicists believe they had a rich understanding of science before STSers came on the scene .	So , to say one does STS to get a rich understanding of science opens one to the retort :	1>2	unknown	evidence	explanation
( 1 ) There is no reason to think that such goals are unique to STS .	So , to say one does STS to get a rich understanding of science opens one to the retort :	1<2	unknown	evidence	explanation
So , to say one does STS to get a rich understanding of science opens one to the retort :	Well , why do n't you just become a scientist ,	1<2	unknown	elaboration	elaboration
Well , why do n't you just become a scientist ,	if you 're so enamored with the subject !	1<2	unknown	condition	condition
My guess is that somebody like GALE actually feels the force of the retort ,	and so he actually does do some physics .	1>2	unknown	nonvolitional-cause	causal
Well , why do n't you just become a scientist ,	and so he actually does do some physics .	1<2	unknown	elaboration	elaboration
(2) If ' intellectual curiosity ' and a ' rich understanding of science ' were the most publicly salient features of STS ,	then it would become a complete mystery why STS seems to cause so much trouble for scientists	1>2	unknown	condition	condition
( 1 ) There is no reason to think that such goals are unique to STS .	then it would become a complete mystery why STS seems to cause so much trouble for scientists	1<2	unknown	list	conjunction
then it would become a complete mystery why STS seems to cause so much trouble for scientists	-- and THIS is how STS has in fact managed to spill over into the public sphere :	1<2	unknown	elaboration	elaboration
-- and THIS is how STS has in fact managed to spill over into the public sphere :	as deniers of truth , rationality , etc.	1<2	unknown	elaboration	elaboration
as deniers of truth , rationality , etc.	( ZLATKO made the point late one night . )	1<2	unknown	background	frame
then it would become a complete mystery why STS seems to cause so much trouble for scientists	Moreover , you do n't have to be ' male ' or even particularly ' agonistic ' to cause problems for scientists ,	1<2	unknown	elaboration	elaboration
Moreover , you do n't have to be ' male ' or even particularly ' agonistic ' to cause problems for scientists ,	as I think a lot of people in this discussion will agree .	1<2	unknown	evidence	explanation
So , to my mind , the ' insular ' view ignores some pretty obvious features of the social context in which STS work is received .	But what 's this ' public ' view ?	1>2	unknown	antithesis	contrast
So , to my mind , the ' insular ' view ignores some pretty obvious features of the social context in which STS work is received .	Admittedly , this is an ironic conclusion to reach ,	1<2	unknown	concession	concession
Admittedly , this is an ironic conclusion to reach ,	since STSers are supposedly so good at figuring out everybody else 's social contexts .	1<2	unknown	nonvolitional-result	causal
But what 's this ' public ' view ?	Well , first you do n't shy away from the fact that a lot of our antagonists have caught on to something quite salient about STS work ,	1>2	unknown	solutionhood	query
Well , first you do n't shy away from the fact that a lot of our antagonists have caught on to something quite salient about STS work ,	namely , it aims to understand science in a way that does not require concepts like truth , rationality , etc .	1<2	unknown	elaboration	elaboration
No matter how much one wants to quibble with Gross & Levitt , WOlpert , and Weinberg about whether they interpreted this or that colleague right ,	they at least get the general drift	1>2	unknown	concession	concession
namely , it aims to understand science in a way that does not require concepts like truth , rationality , etc .	they at least get the general drift	1<2	unknown	background	frame
they at least get the general drift	-- and there 's no point in our ignoring or denying it .	1<2	unknown	elaboration	elaboration
The problem is that , given the plethora of postmodern genres ,	it 's quite easy these days to write about science without using the magic God-terms .	1>2	unknown	condition	condition
it 's quite easy these days to write about science without using the magic God-terms .	But unfortunately , erasing the words does not eliminate the feelings that go along with them .	1>2	unknown	concession	concession
namely , it aims to understand science in a way that does not require concepts like truth , rationality , etc .	But unfortunately , erasing the words does not eliminate the feelings that go along with them .	1<2	unknown	elaboration	elaboration
Scientists -- and others in the public -- genuinely believe that without their belief in Truth , Rationality , etc. ,	civilization would go down the tubes .	1>2	unknown	condition	condition
But unfortunately , erasing the words does not eliminate the feelings that go along with them .	civilization would go down the tubes .	1<2	unknown	elaboration	elaboration
If you think about how much of modern social order is based on appeals to and trust in ' expertise ' ,	you come to realize just how much is at stake .	1>2	unknown	condition	condition
But unfortunately , erasing the words does not eliminate the feelings that go along with them .	you come to realize just how much is at stake .	1<2	unknown	elaboration	elaboration
you come to realize just how much is at stake .	To say ( following Latour ) ' We 've never been modern ' is to do little more than to tell an insider 's joke .	1<2	unknown	elaboration	elaboration
If you 've got a way to show non-STSers the humor in the remark ,	then you 've started to address the public mission of STS .	1>2	unknown	condition	condition
To say ( following Latour ) ' We 've never been modern ' is to do little more than to tell an insider 's joke .	then you 've started to address the public mission of STS .	1<2	unknown	elaboration	elaboration
When I was teaching at Cornell ,	I once drove from Ithaca to Boston with an undergraduate engineering student .	1>2	unknown	circumstance	temporal
I once drove from Ithaca to Boston with an undergraduate engineering student .	He then told me that he and everyone he knew hated it .	1>2	unknown	background	frame
He told me that in a required introductory course , his entire class had been assigned to build a device for assisting handicapped people to get into and out of cars .	He then told me that he and everyone he knew hated it .	1>2	unknown	antithesis	contrast
He told me that in a required introductory course , his entire class had been assigned to build a device for assisting handicapped people to get into and out of cars .	The only constraints were that the device be simple , fairly inexpensive to construct , and entirely mechanical in nature ( i.e. , no electric components ) .	1<2	unknown	elaboration	elaboration
He told me that in a required introductory course , his entire class had been assigned to build a device for assisting handicapped people to get into and out of cars .	I found this an ingenious and intriguing assignment , and said so .	1<2	unknown	evaluation	comment
He then told me that he and everyone he knew hated it .	This parable points me ( at least ) toward two of the goals of STS in education .	1>2	unknown	evidence	explanation
He then told me that he and everyone he knew hated it .	They wanted to build cool machines with lots of motors and computer controllers ,	1<2	unknown	nonvolitional-cause	causal
They wanted to build cool machines with lots of motors and computer controllers ,	and as long as they could work with what they thought of as cutting - edge components ,	1<2	unknown	sequence	temporal
and as long as they could work with what they thought of as cutting - edge components ,	they did n't care much about the thing 's purpose .	1<2	unknown	sequence	temporal
they did n't care much about the thing 's purpose .	In fact , they 'd prefer to think up purposes themselves .	1<2	unknown	sequence	temporal
This parable points me ( at least ) toward two of the goals of STS in education .	First is helping people who 've come under the seductive power of techno - wizardry to see , comprehend , and care about what sorts of problems really need to be solved .	1>2	unknown	background	frame
First is helping people who 've come under the seductive power of techno - wizardry to see , comprehend , and care about what sorts of problems really need to be solved .	Second is teaching how people actually interact with and use designed products , which involves teaching certain social values , such as the appropriate - technology goal of making devices as simple , cheap , energy - efficient , and user - transparent as practically possible .	1<2	unknown	list	conjunction
The engineering professor who made up that assignment may have had the same goal ,	but it certainly is n't common .	1>2	unknown	concession	concession
Second is teaching how people actually interact with and use designed products , which involves teaching certain social values , such as the appropriate - technology goal of making devices as simple , cheap , energy - efficient , and user - transparent as practically possible .	but it certainly is n't common .	1<2	unknown	elaboration	elaboration
In a way this is simply a plea for a broad , balanced approach to techno - science education .	In another way , it 's more profound than that .	1>2	unknown	concession	concession
Second is teaching how people actually interact with and use designed products , which involves teaching certain social values , such as the appropriate - technology goal of making devices as simple , cheap , energy - efficient , and user - transparent as practically possible .	In another way , it 's more profound than that .	1<2	unknown	elaboration	elaboration
My Silicon Valley - based engineering students assume that the problems they 'll work to solve will be posed for them by the marketplace ,	The idea of interacting with potential users , especially in any kind of thorough or systematic way , does n't get much press in their world since it 's assumed to be perfectly mediated by the market .	1>2	unknown	antithesis	contrast
My Silicon Valley - based engineering students assume that the problems they 'll work to solve will be posed for them by the marketplace ,	via the companies they work for .	1<2	unknown	means	mode
My Silicon Valley - based engineering students assume that the problems they 'll work to solve will be posed for them by the marketplace ,	They want to invent cool stuff	1<2	unknown	elaboration	elaboration
They want to invent cool stuff	and then see if they can sell it .	1<2	unknown	sequence	temporal
In another way , it 's more profound than that .	The idea of interacting with potential users , especially in any kind of thorough or systematic way , does n't get much press in their world since it 's assumed to be perfectly mediated by the market .	1<2	unknown	elaboration	elaboration
First is helping people who 've come under the seductive power of techno - wizardry to see , comprehend , and care about what sorts of problems really need to be solved .	In the Computer Science Dept. here , Terry Winograd has started a program in Human - Computer Interaction .	1<2	unknown	elaboration	elaboration
In the Computer Science Dept. here , Terry Winograd has started a program in Human - Computer Interaction .	It s focus is on developing and teaching methods of software design which include potential users in the design process from the beginning .	1<2	unknown	elaboration	elaboration
This is one big step toward a more complete approach to engineering ,	but the other -- which really requires STS types -- lies in helping engineers understand themselves as _social_ engineers and seeing how important that is .	1>2	unknown	concession	concession
In the Computer Science Dept. here , Terry Winograd has started a program in Human - Computer Interaction .	but the other -- which really requires STS types -- lies in helping engineers understand themselves as _social_ engineers and seeing how important that is .	1<2	unknown	evaluation	comment
John BAILAR asks " What are we really trying to accomplish in the long run ? "	The ultimate goal is a world without war , in which conflicts are waged using only nonviolent methods .	1>2	unknown	solutionhood	query
Let me tell you about my goal in one particular STS project	The ultimate goal is a world without war , in which conflicts are waged using only nonviolent methods .	1>2	unknown	background	frame
Let me tell you about my goal in one particular STS project	( in collaboration with Mary Cawte ) .	1<2	unknown	background	frame
Let me tell you about my goal in one particular STS project	Of course other people will have different goals ,	1<2	unknown	concession	concession
Of course other people will have different goals ,	as I do myself in other projects .	1<2	unknown	elaboration	elaboration
The ultimate goal is a world without war , in which conflicts are waged using only nonviolent methods .	For those who are interested in our topic ,	1>2	unknown	motivation	explanation
The ultimate goal is a world without war , in which conflicts are waged using only nonviolent methods .	A step towards this is to help promote the use of nonviolent methods of struggle ,	1<2	unknown	elaboration	elaboration
A step towards this is to help promote the use of nonviolent methods of struggle ,	such as strikes , boycotts and noncooperation , as an alternative to military defence .	1<2	unknown	elaboration	elaboration
such as strikes , boycotts and noncooperation , as an alternative to military defence .	There is a considerable historical experience and literature on this alternative ,	1<2	unknown	background	frame
There is a considerable historical experience and literature on this alternative ,	though it is not widely known .	1<2	unknown	concession	concession
Currently a large portion of R&D is directly or indirectly related to military goals .	Our project is to see how science and technology can be used instead to make nonviolent struggle more effective .	1>2	unknown	antithesis	contrast
The ultimate goal is a world without war , in which conflicts are waged using only nonviolent methods .	Our project is to see how science and technology can be used instead to make nonviolent struggle more effective .	1<2	unknown	elaboration	elaboration
Our project is to see how science and technology can be used instead to make nonviolent struggle more effective .	We have searched many literatures , interviewed scientists and engineers , given talks , and published queries and accounts in magazines and electronic lists to stimulate responses .	1<2	unknown	elaboration	elaboration
The ultimate goal is a world without war , in which conflicts are waged using only nonviolent methods .	The project itself is part of the process of creating awareness of nonviolent alternatives to military systems .	1<2	unknown	summary	organization
One does n't have to be an STS specialist to carry out this research ,	but it 's as good a location as any .	1>2	unknown	concession	concession
but it 's as good a location as any .	For those who are interested in our topic ,	1>2	unknown	motivation	explanation
For those who are interested in our topic ,	I would be happy to provide copies of articles .	1<2	unknown	enablement	purpose
Thanks to MILLER for his support .	I had a point , though , beyond suggesting that there was no inevitability to a clash between scientists and STSers .	1>2	unknown	background	frame
I ask that FULLER and others please note that the ad was placed in _Science_ by the National Association of Scholars , not by a group of scientists .	There is a serious struggle going on here .	1>2	unknown	background	frame
I ask that FULLER and others please note that the ad was placed in _Science_ by the National Association of Scholars , not by a group of scientists .	The National Association of Scholars is a group , composed largely of people in the humanities , that advances a particular political agenda under the banner of opposing politics in scholarship .	1<2	unknown	elaboration	elaboration
The National Association of Scholars is a group , composed largely of people in the humanities , that advances a particular political agenda under the banner of opposing politics in scholarship .	I do n't wish to question the honesty and good intentions ( or the scholarly credentials , for that matter ) of many people who may be involved ,	1<2	unknown	elaboration	elaboration
I do n't wish to question the honesty and good intentions ( or the scholarly credentials , for that matter ) of many people who may be involved ,	not would I suggest that they have not raised some legitimate issues .	1<2	unknown	conjunction	conjunction
The National Association of Scholars is a group , composed largely of people in the humanities , that advances a particular political agenda under the banner of opposing politics in scholarship .	I would reiterate , though , that they conceive of their opponents not as people who do science studies , but rather , as what Gross characterizes as " the academic left . "	1<2	unknown	elaboration	elaboration
I would reiterate , though , that they conceive of their opponents not as people who do science studies , but rather , as what Gross characterizes as " the academic left . "	These two groups overlap ( STSers and the " AL " ) , but are not identical .	1<2	unknown	elaboration	elaboration
I ask that FULLER and others please note that the ad was placed in _Science_ by the National Association of Scholars , not by a group of scientists .	STSers may be expressing a little too much of a sense of self - importance in thinking that the ad was directed at them .	1<2	unknown	summary	organization
I had a point , though , beyond suggesting that there was no inevitability to a clash between scientists and STSers .	There is a serious struggle going on here .	1<2	unknown	elaboration	elaboration
There is a serious struggle going on here .	Will there be a place for feminism , SSK , marxism , and other critical methodologies in studying science ?	1<2	unknown	elaboration	elaboration
There is a serious struggle going on here .	Or will the continuing clamor which conflates under the rubric " political correctness " multiculturalism , post - structuralism , and concern about speeech that hurts , eventually lead to attempts to root critical thinkers out of any location in the academic world .	1<2	unknown	elaboration	elaboration
There is a serious struggle going on here .	STSers have a stake in this matter ,	1<2	unknown	elaboration	elaboration
STSers have a stake in this matter ,	but not because the attack is on science studies .	1<2	unknown	antithesis	contrast
Could someone out there provide more information on the National Association of Scholars ?	Perhaps then a more significant discussion about the call to arms in _Science_ can proceed .	1>2	unknown	enablement	purpose
Could someone out there provide more information on the National Association of Scholars ?	For example :	1<2	unknown	elaboration	elaboration
For example :	Who are the leading figures in it ?	1<2	unknown	elaboration	elaboration
For example :	Who funds it ?	1<2	unknown	elaboration	elaboration
STSers have a stake in this matter ,	Perhaps then a more significant discussion about the call to arms in _Science_ can proceed .	1<2	unknown	elaboration	elaboration
On Tue , 4 Oct 1994 , Clark Miller wrote :	> > Here , here to MORMAN . > > As a scientist and an STS scholar , I do not find an inherent conflict > in the two positions , but I do find the arguments being made by some > of my colleagues ( on both sides of the aisle ) extremely damaging . Our > central thesis is NOT that the real world does not exist . Responses of > SCAREDY CAT , SCAREDY CAT ... , however , are hardly likely to win > moderate and liberal scientists to STS . It seems to me that the way to > proceed is to challenge science instead of provoking it .	1>2	unknown	preparation	organization
I had a point , though , beyond suggesting that there was no inevitability to a clash between scientists and STSers .	> > Here , here to MORMAN . > > As a scientist and an STS scholar , I do not find an inherent conflict > in the two positions , but I do find the arguments being made by some > of my colleagues ( on both sides of the aisle ) extremely damaging . Our > central thesis is NOT that the real world does not exist . Responses of > SCAREDY CAT , SCAREDY CAT ... , however , are hardly likely to win > moderate and liberal scientists to STS . It seems to me that the way to > proceed is to challenge science instead of provoking it .	1<2	unknown	background	frame
A journalist once asked Ernest Hemingway why he had rewritten the last page of _Farewell to Arms_ forty - seven times .	Hemingway replied , " To get it right . "	1>2	unknown	solutionhood	query
Hemingway replied , " To get it right . "	In that spirit , I 'm happy to make another attempt to establish a clear signal between here and Durham .	1>2	unknown	background	frame
In that spirit , I 'm happy to make another attempt to establish a clear signal between here and Durham .	> From the ethnographic perspective , the question about _whether_ to engage in interactions with scientists , et al. , " dissolves " to this extent :	1>2	unknown	background	frame
In that spirit , I 'm happy to make another attempt to establish a clear signal between here and Durham .	Besides , it appears that I have been hailed .	1<2	unknown	elaboration	elaboration
In that spirit , I 'm happy to make another attempt to establish a clear signal between here and Durham .	[ Warning : this is a long one .... ]	1<2	unknown	background	frame
On Thu , 27 Oct 1994 , Steve Fuller wrote :	> I want to explain why I had misgivings about what [ Traweek ] and some of the > anthropologists ( I include here HEATH , STOCKDALE , EGLASH ) were saying > about the STS - scientist interaction . > It seemed to me that the tenor of your ( plural ) remarks was that the > entire question was being framed wrong , and that once we look at things > somewhat differently , the question will dissolve : i.e. , in some sense > there is NO problem with STS - scientist interaction . Given the sorts of > things that both STSers and scientists have been writing lately about > their interactions , I found the claim surprising and wanted to find out > more .	1>2	unknown	preparation	organization
> I want to explain why I had misgivings about what [ Traweek ] and some of the > anthropologists ( I include here HEATH , STOCKDALE , EGLASH ) were saying > about the STS - scientist interaction . > It seemed to me that the tenor of your ( plural ) remarks was that the > entire question was being framed wrong , and that once we look at things > somewhat differently , the question will dissolve : i.e. , in some sense > there is NO problem with STS - scientist interaction . Given the sorts of > things that both STSers and scientists have been writing lately about > their interactions , I found the claim surprising and wanted to find out > more .	> From the ethnographic perspective , the question about _whether_ to engage in interactions with scientists , et al. , " dissolves " to this extent :	1>2	unknown	antithesis	contrast
> From the ethnographic perspective , the question about _whether_ to engage in interactions with scientists , et al. , " dissolves " to this extent :	for us , [ long - term , on - site ] interaction is the sine qua non of our methodology .	1<2	unknown	elaboration	elaboration
Does this mean that interactions are never problematic ?	Certainly not ,	1>2	unknown	solutionhood	query
for us , [ long - term , on - site ] interaction is the sine qua non of our methodology .	Certainly not ,	1<2	unknown	elaboration	elaboration
Certainly not ,	though as resident aliens in labs and clinics , we may choose to negotiate culture clash differently than short term visitors .	1<2	unknown	concession	concession
> I was then puzzled by some of the things I read : For example , HEATH said > that scientists were ' sources ' , no mere objects of critique of both the > STSers ' and the scientists ' practices . I wondered what this meant in > practice	1 ) " Science " is heterogeneous .	1>2	unknown	solutionhood	query
I could mention , for ex. , a biochemist who cites Marx in critiquing scientific citation practices that deny technicians credit for their work .	1 ) " Science " is heterogeneous .	1>2	unknown	background	frame
I could mention , for ex. , a biochemist who cites Marx in critiquing scientific citation practices that deny technicians credit for their work .	Or , perhaps , in response to Ron Eglash 's account of the physicist who was annoyed by Don na Haraway 's pep talk to ecofeminists , I could put him in touch with any number of women scientists and technicians whose accounts of " science - as - male - domination " are based on their lived experience ( and often on their readings of works in feminist science studies ) ;	1<2	unknown	list	conjunction
I could mention , for ex. , a biochemist who cites Marx in critiquing scientific citation practices that deny technicians credit for their work .	these accounts are part of the " native " cultural terrain .	1<2	unknown	summary	organization
these accounts are part of the " native " cultural terrain .	As Bakhtin reminds us , all signifying practice contains both " centripetal " and " centrifugal " [ dominant and oppositional ] discourses .	1<2	unknown	elaboration	elaboration
The point is this :	1 ) " Science " is heterogeneous .	1>2	unknown	preparation	organization
> From the ethnographic perspective , the question about _whether_ to engage in interactions with scientists , et al. , " dissolves " to this extent :	1 ) " Science " is heterogeneous .	1<2	unknown	list	conjunction
1 ) " Science " is heterogeneous .	1 ( a) Given the permeable boundaries of science , both STSers and technoscientists draw on the same field of cultural - critical resources more often than one might expect .	1<2	unknown	elaboration	elaboration
1 ( a) Given the permeable boundaries of science , both STSers and technoscientists draw on the same field of cultural - critical resources more often than one might expect .	1 ( b ) This suggests possibilities for those who maintain that the most productive forms of " critical engagement " proceed from alliance building .	1<2	unknown	list	conjunction
> it MAY mean that both STSers and scientists benefit from > the interaction , but for different reasons -- much like exchange relations > in capitalism , in which each trader has something that the other wants . > There is constructive interaction , in a sense , but no one comes away > fundamentally changed . In fact , the traders are reinforced in their > positions .	Instrumentalist exchange theory may certainly account for some encounters between STSers and technoscientists .	1>2	unknown	preparation	organization
Instrumentalist exchange theory may certainly account for some encounters between STSers and technoscientists .	There are also other models or metaphors -- actant networks ? interethnic marriage ? cyborgian unions ?-- that admit the possibility [ and even the desirability ] that both parties to these encounters [ esp. the long - term variety ] end up seeing the world [ s ] differently , or at least understanding one another 's worldviews as more complex , less caricatural .	1>2	unknown	concession	concession
1 ) " Science " is heterogeneous .	There are also other models or metaphors -- actant networks ? interethnic marriage ? cyborgian unions ?-- that admit the possibility [ and even the desirability ] that both parties to these encounters [ esp. the long - term variety ] end up seeing the world [ s ] differently , or at least understanding one another 's worldviews as more complex , less caricatural .	1<2	unknown	list	conjunction
> [ T ] he interests of > the scientist and the STSer never really intersect at a point of critical > engagement , where both sides are forced to recognize incompatibilities > between the scientist 's project and the STSer 's project .... > Is there NO place for critical engagement in this picture , or > am I just not looking at things the right way ?	Well , Steve , from my perspective , you 're just not looking at things the right way .	1>2	unknown	antithesis	contrast
There are also other models or metaphors -- actant networks ? interethnic marriage ? cyborgian unions ?-- that admit the possibility [ and even the desirability ] that both parties to these encounters [ esp. the long - term variety ] end up seeing the world [ s ] differently , or at least understanding one another 's worldviews as more complex , less caricatural .	Well , Steve , from my perspective , you 're just not looking at things the right way .	1<2	unknown	list	conjunction
Well , Steve , from my perspective , you 're just not looking at things the right way .	There is no monolithic " scientist 's project , "	1<2	unknown	evidence	explanation
Well , Steve , from my perspective , you 're just not looking at things the right way .	and the exchanges on this list certainly put to rest any illusions that there is a unified TOE in STS !	1<2	unknown	evidence	explanation
Well , Steve , from my perspective , you 're just not looking at things the right way .	I see my work on the cultural practices of genetics and the life sciences as being all about critical engagement -- based on modest interventions meant to * enhance * intersections among various constituencies :	1<2	unknown	evidence	explanation
I see my work on the cultural practices of genetics and the life sciences as being all about critical engagement -- based on modest interventions meant to * enhance * intersections among various constituencies :	biologists ,	1<2	unknown	elaboration	elaboration
biologists ,	clinicians ,	1<2	unknown	list	conjunction
clinicians ,	patient advocates ,	1<2	unknown	list	conjunction
patient advocates ,	informaticians ,	1<2	unknown	list	conjunction
informaticians ,	venture capitalists ...	1<2	unknown	list	conjunction
Well , Steve , from my perspective , you 're just not looking at things the right way .	Both the disjunctures and the partial connections among them / us are resources in a long - term , high stakes conversation that is framing new forms of " biosociality " [ Rabinow ] .	1<2	unknown	summary	organization
Both the disjunctures and the partial connections among them / us are resources in a long - term , high stakes conversation that is framing new forms of " biosociality " [ Rabinow ] .	It seems to me that the work that needs to be done is much too important to rely ( pace Lakoff ) on the model / metaphor " Argument as war . "	1<2	unknown	elaboration	elaboration
Paul Edwards writes :	> In a way this is simply a plea for a broad , balanced approach to > techno - science education . In another way , it 's more profound than that . My > Silicon Valley - based engineering students assume that the problems they 'll > work to solve will be posed for them by the marketplace , via the companies > they work for . They want to invent cool stuff and then see if they can sell > it . The idea of interacting with potential users , especially in any kind of > thorough or systematic way , does n't get much press in their world since > it 's assumed to be perfectly mediated by the market .	1>2	unknown	attribution	attribution
> In a way this is simply a plea for a broad , balanced approach to > techno - science education . In another way , it 's more profound than that . My > Silicon Valley - based engineering students assume that the problems they 'll > work to solve will be posed for them by the marketplace , via the companies > they work for . They want to invent cool stuff and then see if they can sell > it . The idea of interacting with potential users , especially in any kind of > thorough or systematic way , does n't get much press in their world since > it 's assumed to be perfectly mediated by the market .	The problem is , once we begin to contemplate alternatives to market - mediated modes of connecting needs to expertise ,	1>2	unknown	concession	concession
> In a way this is simply a plea for a broad , balanced approach to > techno - science education . In another way , it 's more profound than that . My > Silicon Valley - based engineering students assume that the problems they 'll > work to solve will be posed for them by the marketplace , via the companies > they work for . They want to invent cool stuff and then see if they can sell > it . The idea of interacting with potential users , especially in any kind of > thorough or systematic way , does n't get much press in their world since > it 's assumed to be perfectly mediated by the market .	He is so right !	1<2	unknown	evaluation	comment
The problem is , once we begin to contemplate alternatives to market - mediated modes of connecting needs to expertise ,	things get very murky .	1>2	unknown	nonvolitional-cause	causal
things get very murky .	In STS we can teach all we want about market " imperfections "	1>2	unknown	preparation	organization
things get very murky .	This is all the more so as , for example , the PC industry , becomes more and more monopolized ( or , at least , dominated by a few mammoth firms ) .	1<2	unknown	elaboration	elaboration
This is all the more so as , for example , the PC industry , becomes more and more monopolized ( or , at least , dominated by a few mammoth firms ) .	We all recall the arrogance of IBM in the years of its haughty successes ;	1<2	unknown	elaboration	elaboration
We all recall the arrogance of IBM in the years of its haughty successes ;	now Microsoft is getting into a similar position .	1<2	unknown	sequence	temporal
These firms dictate to the public what will be available , based on the firms ' assessments of what is most profitable ( or most conducive to extending industrial dominance ) ,	not what putative consumers might actually want .	1>2	unknown	antithesis	contrast
not what putative consumers might actually want .	For those working within specific firms , the gee - whiz incentives are consequently lowered .	1>2	unknown	nonvolitional-cause	causal
This is all the more so as , for example , the PC industry , becomes more and more monopolized ( or , at least , dominated by a few mammoth firms ) .	For those working within specific firms , the gee - whiz incentives are consequently lowered .	1<2	unknown	elaboration	elaboration
In this respect I consider the pharmaceutical industry .	While its propaganda brags of the sums spent on R&D ( still < what it spends on advertising ! ) ,	1>2	unknown	preparation	organization
While its propaganda brags of the sums spent on R&D ( still < what it spends on advertising ! ) ,	we know that a good bit of their " innovation " is not to bring new " cures " to the public , but to grab patents in order to forestall competitive products .	1>2	unknown	antithesis	contrast
we know that a good bit of their " innovation " is not to bring new " cures " to the public , but to grab patents in order to forestall competitive products .	Lab scientists within are therefore relegated the task of targeting research toward smaller , more corporate - interest goals , leaving to the side efforts to ( excuse the naivete ) improve human - kind .	1>2	unknown	nonvolitional-cause	causal
For those working within specific firms , the gee - whiz incentives are consequently lowered .	Lab scientists within are therefore relegated the task of targeting research toward smaller , more corporate - interest goals , leaving to the side efforts to ( excuse the naivete ) improve human - kind .	1<2	unknown	evidence	explanation
In STS we can teach all we want about market " imperfections "	but we risk probably exacerbating the cynicism and alienation of the future experts in our classes .	1>2	unknown	nonvolitional-cause	causal
In STS we can teach all we want about market " imperfections "	( I wo n't try to deconstruct the normative notion of successful , efficient market mechanisms at this point ... ) ,	1<2	unknown	background	frame
but we risk probably exacerbating the cynicism and alienation of the future experts in our classes .	How far should we push that sort of thing ?	1>2	unknown	preparation	organization
So be it .	How far should we push that sort of thing ?	1>2	unknown	concession	concession
How far should we push that sort of thing ?	we get stuck in this conundrum , I fear ...	1>2	unknown	solutionhood	query
We do n't want mercenary experts ,	but we also do n't want to risk dividing their consciousness , turning their good intentions against them .	1>2	unknown	antithesis	contrast
but we also do n't want to risk dividing their consciousness , turning their good intentions against them .	we get stuck in this conundrum , I fear ...	1>2	unknown	antithesis	contrast
Until we can change the system of market - idealism ,	we get stuck in this conundrum , I fear ...	1>2	unknown	condition	condition
Paul Edwards and Robert Frost have raised issues relating to the effects of markets on technological research and development in industry .	Does n't go v't exist to rectify market failures ?	1>2	unknown	background	frame
Does n't go v't exist to rectify market failures ?	There 's no reason ( theoretically ) why go v't ca n't step in to cover research in say , technologies relating to the handicapped .	1>2	unknown	solutionhood	query
There 's no reason ( theoretically ) why go v't ca n't step in to cover research in say , technologies relating to the handicapped .	We already have a national lab devoted to renewable energy ( NREL in Golden Colorado ) .....	1<2	unknown	evidence	explanation
There 's no reason ( theoretically ) why go v't ca n't step in to cover research in say , technologies relating to the handicapped .	the NSF has its ERC system which is organized more or less on a thematic basis .	1<2	unknown	evidence	explanation
There 's no reason ( theoretically ) why go v't ca n't step in to cover research in say , technologies relating to the handicapped .	One can imagine a technology policy which actually responds to human needs , rather than dictating them .	1<2	unknown	summary	organization
M.A. Turton observes , " There 's no reason ( theoretically ) why government ca n't step in to cover research in , say , technologies relating to the handicapped . "	No need to be theoretical -	1>2	unknown	antithesis	contrast
No need to be theoretical -	The U.S. Government has a National Institute for Disability and Rehabilitation Research , one of several agencies which sponsor this sort of technology development .	1<2	unknown	evidence	explanation
The U.S. Government has a National Institute for Disability and Rehabilitation Research , one of several agencies which sponsor this sort of technology development .	Others include the Department of Veterans Affairs and the Office of Special Education Research in the Dept. of Education .	1<2	unknown	elaboration	elaboration
Not only that , but to at least a limited extent , they have had the benefit , such as it is , of an STS - type approach for quite a while .	Major insight :	1>2	unknown	background	frame
Not only that , but to at least a limited extent , they have had the benefit , such as it is , of an STS - type approach for quite a while .	I have been a contractor for technology development and technology assessment to these and other agencies with programs in this area , for more than ten years , and have sought to bring STS - informed methodologies to bear in several areas , which in summary , seek to bring the social knowledge resident in communities of persons with disabilities into the technology development process in order to enhance the liklihood that resulting protoypes will meet real needs of real people and to reduce the risk of innovation .	1<2	unknown	justify	explanation
Major insight :	Democratization of practices of technology development as sponsored by government agencies and labs makes practical as well as political sense ,	1>2	unknown	background	frame
The notion of " technology transfer " is an artefact of the conceptual framework technology developers bring to their practice .	Democratization of practices of technology development as sponsored by government agencies and labs makes practical as well as political sense ,	1>2	unknown	solutionhood	query
The notion of " technology transfer " is an artefact of the conceptual framework technology developers bring to their practice .	Technologies are not transferred to a using community , but learned or adopted by them .	1<2	unknown	elaboration	elaboration
Technologies are not transferred to a using community , but learned or adopted by them .	Or rejected .	1<2	unknown	elaboration	elaboration
No need to be theoretical -	Democratization of practices of technology development as sponsored by government agencies and labs makes practical as well as political sense ,	1<2	unknown	evidence	explanation
Democratization of practices of technology development as sponsored by government agencies and labs makes practical as well as political sense ,	because it enhances the liklihood of innovation , and thus the overall success of the lab or agency , measured in technologies actually adopted and used by some group of people .	1<2	unknown	volitional-result	causal
No need to be theoretical -	Anyway , I am finishing a study of the developmet and innovation of reading machines for the blind which traces the history of some of these practices and their successes and failures since 1943 ,	1<2	unknown	evidence	explanation
Anyway , I am finishing a study of the developmet and innovation of reading machines for the blind which traces the history of some of these practices and their successes and failures since 1943 ,	when the U.S. government first undertook the development of assistive technologies .	1<2	unknown	circumstance	temporal
Anyway , I am finishing a study of the developmet and innovation of reading machines for the blind which traces the history of some of these practices and their successes and failures since 1943 ,	By the way , the continuing interaction of defense - sponsored research and the development of assistive technologies makes for a complex and fascinating story in itself .	1<2	unknown	background	frame
By the way , the continuing interaction of defense - sponsored research and the development of assistive technologies makes for a complex and fascinating story in itself .	Suffice it to say that the 1943 work was sponsored by Vannevar Bush ( personally ) and the OSRD , and that the research leading to the first commercial reading machine for the blind ( the Optacon around 1971 ) was performed by a team at Stanford U. whose major funding through 1967 came from the Navy and the Air Force .	1<2	unknown	elaboration	elaboration
One of my hopes and a high item on my personal STS agenda is to influence technology developers in this and other fields to employ STS - generated insights regarding the social construction of knowledge to construct more democratically	but because it results in better products and more efficient R&D .	1>2	unknown	purpose	purpose
- not because it is politically correct ,	but because it results in better products and more efficient R&D .	1>2	unknown	antithesis	contrast
No need to be theoretical -	but because it results in better products and more efficient R&D .	1<2	unknown	evidence	explanation
This book just appeared on my desk .	By Joyce Appleby ( UCLA ) , Lynn Hunt ( Pennsyvania ) , and Margaret Jacob ( The New School ) , _Telling the Truth about History_ at first glance looks to be analogous to Gross and Levitt 's _Higher Superstition_ .	1>2	unknown	background	frame
By Joyce Appleby ( UCLA ) , Lynn Hunt ( Pennsyvania ) , and Margaret Jacob ( The New School ) , _Telling the Truth about History_ at first glance looks to be analogous to Gross and Levitt 's _Higher Superstition_ .	I hope others on this list take a look at this book , and have something to say about it on this list .	1>2	unknown	motivation	explanation
By Joyce Appleby ( UCLA ) , Lynn Hunt ( Pennsyvania ) , and Margaret Jacob ( The New School ) , _Telling the Truth about History_ at first glance looks to be analogous to Gross and Levitt 's _Higher Superstition_ .	Three historians ( like Gross and Levitt , two scientists ) complain about how history ( rather than science ) is misused and misunderstood .	1<2	unknown	elaboration	elaboration
By Joyce Appleby ( UCLA ) , Lynn Hunt ( Pennsyvania ) , and Margaret Jacob ( The New School ) , _Telling the Truth about History_ at first glance looks to be analogous to Gross and Levitt 's _Higher Superstition_ .	The villains ( and this I get from the blurbs on the book jackets ) are ( 1 ) unscrupulous popularizers ( Oliver Stone by implication ) , ( 2 ) " critics who dissolve the author herself into one among many sources of meaning , reducing historical knowledge to a series of texts engaged with each other , not with the past , " and ( 3 ) " powerful constituencies [ that ] call for histories that affirm more than inform . "	1<2	unknown	elaboration	elaboration
By Joyce Appleby ( UCLA ) , Lynn Hunt ( Pennsyvania ) , and Margaret Jacob ( The New School ) , _Telling the Truth about History_ at first glance looks to be analogous to Gross and Levitt 's _Higher Superstition_ .	The key difference is that this critique of post - structuralist methodologies and abuses of the multiculturalist program seems not to descend into name calling and attacks on an " academic left " that really does n't seem to exist ( at least as Gross and Levitt portray it ) .	1<2	unknown	elaboration	elaboration
I hope others on this list take a look at this book , and have something to say about it on this list .	Look especially at its discussion of how the establishment of science as a model for gaining objective truth influenced the development of the historical enterprise beginning in the eighteenth century .	1<2	unknown	elaboration	elaboration
On Tue , 25 Oct 1994 David Hakken wrote :	> Fuller 's comments about the write - in candidates for the Physical Society > opens up an avenue that I think we need to explore more fully , the notion > of constructing a dialogue with technoscience practitioners who share > important elements of the STS perspective and are active in their own > fields . How can we help these individuals move beyond being what Hilary > Rose has called " shit shovelers " ( exposing " bad practice " in their fields ) > toward a more general discussion of the way forward ? Where can we meet > them ? How can we get more of them to participate in our meetings , and us in > theirs ? In my work in computing , the process of " finding allies from the > side of the practitioners " is slow but progressing . Can we move this > outside of particular fields into a more general discourse ? The history > of radical science movements , both that of the thirties ( Bernal et. al. ) and > that of the sixties ( e.g. science for people and science for the people ) > may have much to tell us on these questions .	1>2	unknown	attribution	attribution
> Fuller 's comments about the write - in candidates for the Physical Society > opens up an avenue that I think we need to explore more fully , the notion > of constructing a dialogue with technoscience practitioners who share > important elements of the STS perspective and are active in their own > fields . How can we help these individuals move beyond being what Hilary > Rose has called " shit shovelers " ( exposing " bad practice " in their fields ) > toward a more general discussion of the way forward ? Where can we meet > them ? How can we get more of them to participate in our meetings , and us in > theirs ? In my work in computing , the process of " finding allies from the > side of the practitioners " is slow but progressing . Can we move this > outside of particular fields into a more general discourse ? The history > of radical science movements , both that of the thirties ( Bernal et. al. ) and > that of the sixties ( e.g. science for people and science for the people ) > may have much to tell us on these questions .	As Vice - President ( soon to be President ) of the Society on Social Implications of Technology ( SSIT ) of the Institute of Electrical and Electronics Engineers ( IEEE ) , I cordially invite my STS colleagues to participate in the activities of our society .	1>2	unknown	solutionhood	query
As Vice - President ( soon to be President ) of the Society on Social Implications of Technology ( SSIT ) of the Institute of Electrical and Electronics Engineers ( IEEE ) , I cordially invite my STS colleagues to participate in the activities of our society .	SSIT has about 2500 members worldwide .	1<2	unknown	motivation	explanation
Some of our members identify professionally with STS or allied fields ( e.g. history of technology ) ,	but most are employed in engineering positions in business , government or academia .	1>2	unknown	concession	concession
SSIT has about 2500 members worldwide .	but most are employed in engineering positions in business , government or academia .	1<2	unknown	elaboration	elaboration
As Vice - President ( soon to be President ) of the Society on Social Implications of Technology ( SSIT ) of the Institute of Electrical and Electronics Engineers ( IEEE ) , I cordially invite my STS colleagues to participate in the activities of our society .	The scope of the society includes such issues as health and safety implications of technology ; engineering ethics and professional responsibility ; history of electrotechnology ; technical expertise and public policy ; peace technology ; and social issues related to energy , information technology and telecommunications .	1<2	unknown	motivation	explanation
As Vice - President ( soon to be President ) of the Society on Social Implications of Technology ( SSIT ) of the Institute of Electrical and Electronics Engineers ( IEEE ) , I cordially invite my STS colleagues to participate in the activities of our society .	We publish a quarterly journal , _IEEE Technology and Society_ , and sponsor periodic conferences entitled " The International Symposium on Technology and Society " ( ISTAS ) .	1<2	unknown	motivation	explanation
As Vice - President ( soon to be President ) of the Society on Social Implications of Technology ( SSIT ) of the Institute of Electrical and Electronics Engineers ( IEEE ) , I cordially invite my STS colleagues to participate in the activities of our society .	Affiliate membership in SSIT is available to persons who are not members of IEEE .	1<2	unknown	enablement	purpose
As Vice - President ( soon to be President ) of the Society on Social Implications of Technology ( SSIT ) of the Institute of Electrical and Electronics Engineers ( IEEE ) , I cordially invite my STS colleagues to participate in the activities of our society .	So grab a shovel and join us !	1<2	unknown	motivation	explanation
As Vice - President ( soon to be President ) of the Society on Social Implications of Technology ( SSIT ) of the Institute of Electrical and Electronics Engineers ( IEEE ) , I cordially invite my STS colleagues to participate in the activities of our society .	p.s. For information or submission guidelines regarding _Technology and Society_ please contact the incoming editor , Ron Kline , e-mail : rkline@paxvax.ee.cornell.edu ;	1<2	unknown	enablement	purpose
As Vice - President ( soon to be President ) of the Society on Social Implications of Technology ( SSIT ) of the Institute of Electrical and Electronics Engineers ( IEEE ) , I cordially invite my STS colleagues to participate in the activities of our society .	suggestions for programs or panels at the next ISTAS ( tentatively scheduled for late spring 1996 at Princeton ) , please contact the conference organizer , Clint Andrews , e-mail : candrews@phoenix.princeton.edu	1<2	unknown	enablement	purpose
I 'd like to add a caveat to Paul Edward 's story	-- an assignment involving human factors engineering may be a great way to inject some STS concerns into an otherwise socially unconcerned engineering course ,	1>2	unknown	preparation	organization
-- an assignment involving human factors engineering may be a great way to inject some STS concerns into an otherwise socially unconcerned engineering course ,	BUT the discipline of human factors ( or " ergonomics , " as the Europeans prefer ) itself is a bit more compromised than that .	1>2	unknown	concession	concession
I did my masters in human factors engineering at UCLA , and worked for a year in industry .	In terms of the professional society of human factors engineers , however , the majority of the money comes from military sources ( even for disabled tech research ) ,	1>2	unknown	justify	explanation
At school it was certainly a more humane / politically interested group	In terms of the professional society of human factors engineers , however , the majority of the money comes from military sources ( even for disabled tech research ) ,	1>2	unknown	concession	concession
At school it was certainly a more humane / politically interested group	( so much so that the dean tried to eliminate the department , claiming that that it was " too empirical " for the theoretical orientation of a University of Cal engineering school ) .	1<2	unknown	elaboration	elaboration
BUT the discipline of human factors ( or " ergonomics , " as the Europeans prefer ) itself is a bit more compromised than that .	In terms of the professional society of human factors engineers , however , the majority of the money comes from military sources ( even for disabled tech research ) ,	1<2	unknown	evidence	explanation
and although the society newsletter occasionally prints letters with political / social criticism ( e.g. protesting against the " custer 's revenge " video game ) ,	they are usually concerned more with trying to get conservative interests ( industry - military ) interested in hiring human factors engineers , and tend to shy away from any taint of social critique .	1>2	unknown	concession	concession
In terms of the professional society of human factors engineers , however , the majority of the money comes from military sources ( even for disabled tech research ) ,	they are usually concerned more with trying to get conservative interests ( industry - military ) interested in hiring human factors engineers , and tend to shy away from any taint of social critique .	1<2	unknown	elaboration	elaboration
In becoming an STSer ( or cyborg anthropologist or ethnomathematician or whatever the hell I am ) ,	but rather have tied a different hand behind my back .	1>2	unknown	means	mode
I would have to say that I have not gained any more effective vantage point from which to effect the kinds of social change I 'd like to see ,	but rather have tied a different hand behind my back .	1>2	unknown	antithesis	contrast
In terms of the professional society of human factors engineers , however , the majority of the money comes from military sources ( even for disabled tech research ) ,	but rather have tied a different hand behind my back .	1<2	unknown	sequence	temporal
Steve Fuller , Merry Maisel and others suggest that those of us who ask pointed questions come out of the closet with some of their own answers / opinions , arguments .	as one of the self - accused , let me sketch out some articulations and reflections .	1>2	unknown	motivation	explanation
Fair enough :	as one of the self - accused , let me sketch out some articulations and reflections .	1>2	unknown	preparation	organization
as one of the self - accused , let me sketch out some articulations and reflections .	Marks ' practice .	1>2	unknown	background	frame
Marks ' practice .	For eight years or so , I 've been trying to write a historical account of how statistical methods and expertise entered into clinical medicine in the post - World War II period .	1>2	unknown	preparation	organization
For eight years or so , I 've been trying to write a historical account of how statistical methods and expertise entered into clinical medicine in the post - World War II period .	A crude caricature of the thesis is that I argue that randomized experiments are a kind of social engineering which ultimately wo n't do the job of making social decisions about the appropriateness of medical care , medical technologies , etc .	1<2	unknown	elaboration	elaboration
My practical goals for this book are relatively modest	to get some medical practitioners to reflect a little more about their ideas about evidence , methodology , and clinical decision - making ,	1>2	unknown	preparation	organization
My practical goals for this book are relatively modest	( I think ) :	1<2	unknown	concession	concession
For eight years or so , I 've been trying to write a historical account of how statistical methods and expertise entered into clinical medicine in the post - World War II period .	to get some medical practitioners to reflect a little more about their ideas about evidence , methodology , and clinical decision - making ,	1<2	unknown	elaboration	elaboration
to get some medical practitioners to reflect a little more about their ideas about evidence , methodology , and clinical decision - making ,	and to get some statistical practitioners to do the same .	1<2	unknown	list	conjunction
For eight years or so , I 've been trying to write a historical account of how statistical methods and expertise entered into clinical medicine in the post - World War II period .	Along the way , I participate in some seminars with statisticians and physicians , and ask questions about why they choose the kinds of models they do to analyze data , why they ask the kind of research questions they do , and argue with them about the scientific , methodological and political assumptions of what they do .	1<2	unknown	list	conjunction
Along the way , I participate in some seminars with statisticians and physicians , and ask questions about why they choose the kinds of models they do to analyze data , why they ask the kind of research questions they do , and argue with them about the scientific , methodological and political assumptions of what they do .	I do this , I suppose , for several reasons :	1<2	unknown	purpose	purpose
I do this , I suppose , for several reasons :	like Gale ( and Traweek ? ) , I am truly fascinated by the science here , and enjoy thinking about it ;	1<2	unknown	elaboration	elaboration
like Gale ( and Traweek ? ) , I am truly fascinated by the science here , and enjoy thinking about it ;	like Edwards and others , I think that this community is generally extremely insular -- in Fuller 's sense --	1<2	unknown	list	conjunction
like Gale ( and Traweek ? ) , I am truly fascinated by the science here , and enjoy thinking about it ;	they operate in a community where until recently ( recently for a historian ) no one has ever questioned much less challenged what it is they do , and that it is worthwhile to be an outsider in the community , bringing in metholodigcal , political and social perspectives and questions which they might not choose to ask .	1<2	unknown	elaboration	elaboration
Along the way , I participate in some seminars with statisticians and physicians , and ask questions about why they choose the kinds of models they do to analyze data , why they ask the kind of research questions they do , and argue with them about the scientific , methodological and political assumptions of what they do .	Occasionally , I even do the kind of thing van Meulen proposes and which worries Steve Fuller :	1<2	unknown	elaboration	elaboration
Occasionally , I even do the kind of thing van Meulen proposes and which worries Steve Fuller :	giving them advice on how to better present their case in non-academic forums .	1<2	unknown	elaboration	elaboration
giving them advice on how to better present their case in non-academic forums .	So , for example , these people strongly believe that the pressure from Congress to include in clinical trials groups which have been -- it is said -- traditionally underrepresented -- is pressure premised on a misunderstanding of the nature and magnitude of sub-group differences in clinical trials .	1<2	unknown	elaboration	elaboration
I have been telling them for about a year that they may be right analytically ,	they will have little effect on the public debate .	1>2	unknown	concession	concession
but unless they make their case clearly and effectively outside the pages of the New England Journal of Medicine ,	they will have little effect on the public debate .	1>2	unknown	unless	contrast
giving them advice on how to better present their case in non-academic forums .	they will have little effect on the public debate .	1<2	unknown	elaboration	elaboration
Along the way , I participate in some seminars with statisticians and physicians , and ask questions about why they choose the kinds of models they do to analyze data , why they ask the kind of research questions they do , and argue with them about the scientific , methodological and political assumptions of what they do .	Now , with the exception , possibly , of this last example , I do n't see any of this activity as any different than what I do in the classroom :	1<2	unknown	list	conjunction
Now , with the exception , possibly , of this last example , I do n't see any of this activity as any different than what I do in the classroom :	asking questions about assumptions , goals , evidence , and social relations .	1<2	unknown	elaboration	elaboration
I 'm personally pretty comfortable with this -- more comfortable than I am going door to door to raise money for the Chesapeake Bay fund or solicit votes for a referendum on toxic waste -- and certainly much more comfortable than I ever was in demonstrations or public meetings .	But I do n't overestimate the political import of this activity --	1>2	unknown	concession	concession
asking questions about assumptions , goals , evidence , and social relations .	But I do n't overestimate the political import of this activity --	1<2	unknown	elaboration	elaboration
But I do n't overestimate the political import of this activity --	I do n't even , by and large , confuse it with politics , which one of my teachers once described as " the mobilization of bias " .	1<2	unknown	elaboration	elaboration
Now , with the exception , possibly , of this last example , I do n't see any of this activity as any different than what I do in the classroom :	It seems to me that there are some differences between education and politics which get overlooked in some of these discussions .	1<2	unknown	elaboration	elaboration
1 ) To take my statistical arena , I think I have some credibility in a small community of practitioners , in the sense that what I say gets listened to , and argued with .	But statistical reasoning and a social engineering approach to the world is deep in the bones of these people who , are , moreover , as physicians deeply practical individuals who care far less about critique than about doing and fixing .	1>2	unknown	concession	concession
It seems to me that there are some differences between education and politics which get overlooked in some of these discussions .	But statistical reasoning and a social engineering approach to the world is deep in the bones of these people who , are , moreover , as physicians deeply practical individuals who care far less about critique than about doing and fixing .	1<2	unknown	elaboration	elaboration
So , unless there are practical consequences to my questions / doubts ,	they rarely serve as more than light entertainment .	1>2	unknown	unless	contrast
But statistical reasoning and a social engineering approach to the world is deep in the bones of these people who , are , moreover , as physicians deeply practical individuals who care far less about critique than about doing and fixing .	they rarely serve as more than light entertainment .	1<2	unknown	nonvolitional-result	causal
Which is , I think , as it should be .	But the implication of this for the practitioner of science studies is that unless one is willing to take an activist stance to change certain kinds of statistical practices / institutional forms of expert evaluation , and seek allies outside the academy in this effort ,	1>2	unknown	concession	concession
they rarely serve as more than light entertainment .	But the implication of this for the practitioner of science studies is that unless one is willing to take an activist stance to change certain kinds of statistical practices / institutional forms of expert evaluation , and seek allies outside the academy in this effort ,	1<2	unknown	nonvolitional-result	causal
But the implication of this for the practitioner of science studies is that unless one is willing to take an activist stance to change certain kinds of statistical practices / institutional forms of expert evaluation , and seek allies outside the academy in this effort ,	one 's efforts are bound to be of limited effect .	1<2	unknown	elaboration	elaboration
The argument is not that people do n't change their ideas --	but that the sources of change have little to do with one outsider who occasionally has conversations with practitioners .	1>2	unknown	antithesis	contrast
The argument is not that people do n't change their ideas --	many of the heterodox ideas about statistical inference and clinical categories I was pushing ten years ago are now " respectable " --	1<2	unknown	elaboration	elaboration
But statistical reasoning and a social engineering approach to the world is deep in the bones of these people who , are , moreover , as physicians deeply practical individuals who care far less about critique than about doing and fixing .	but that the sources of change have little to do with one outsider who occasionally has conversations with practitioners .	1<2	unknown	summary	organization
But statistical reasoning and a social engineering approach to the world is deep in the bones of these people who , are , moreover , as physicians deeply practical individuals who care far less about critique than about doing and fixing .	2 ) For those people who think that education [ about science ] alone is the way to go to transform the place of science in society , I suggest they take a look at the " Worm in the Core , " an account of the general science curriculum reforms at Harvard in the 1950s , which produced the case studies in the history of science .	1<2	unknown	list	conjunction
2 ) For those people who think that education [ about science ] alone is the way to go to transform the place of science in society , I suggest they take a look at the " Worm in the Core , " an account of the general science curriculum reforms at Harvard in the 1950s , which produced the case studies in the history of science .	The analysis , by Peter Buck and Barbara Rosenkrantz , published in a collection called Tradition and Transformation in the Sciences [ Transformation & Tradition ? ] edited by Everett Mendelsohn , shows how difficult it is to implement a program of cultural and political change armed only with the weapons of curricular reform .	1<2	unknown	elaboration	elaboration
3 ) On the politics of science .	From various sources over the past 25 years , we have been learning the lesson that many situations involve / construct power :	1>2	unknown	preparation	organization
From various sources over the past 25 years , we have been learning the lesson that many situations involve / construct power :	BUT there is a kind of danger in recognizing the widespread distribution / sources of power -- that it encourages a confusion about the relative amounts of power .	1>2	unknown	concession	concession
From various sources over the past 25 years , we have been learning the lesson that many situations involve / construct power :	the classroom ,	1<2	unknown	elaboration	elaboration
the classroom ,	the laboratory ,	1<2	unknown	list	conjunction
the laboratory ,	the housework and childcare ,	1<2	unknown	list	conjunction
the housework and childcare ,	the seminar ,	1<2	unknown	list	conjunction
the seminar ,	etc .	1<2	unknown	list	conjunction
From various sources over the past 25 years , we have been learning the lesson that many situations involve / construct power :	This has been probably the most important intellectual and practical accomplishment in what the French like to call the human sciences .	1<2	unknown	evaluation	comment
This has been probably the most important intellectual and practical accomplishment in what the French like to call the human sciences .	When applied to science studies , it has been extremely feccund and generative .	1<2	unknown	nonvolitional-cause	causal
2 ) For those people who think that education [ about science ] alone is the way to go to transform the place of science in society , I suggest they take a look at the " Worm in the Core , " an account of the general science curriculum reforms at Harvard in the 1950s , which produced the case studies in the history of science .	BUT there is a kind of danger in recognizing the widespread distribution / sources of power -- that it encourages a confusion about the relative amounts of power .	1<2	unknown	list	conjunction
BUT there is a kind of danger in recognizing the widespread distribution / sources of power -- that it encourages a confusion about the relative amounts of power .	I do n't believe that there is a single scientist / laboratory group / pick your unit which has the power of a Rush Limbaugh or a Saddam Hussein or , for that matter , a Bill Clinton .	1<2	unknown	evidence	explanation
I do n't believe that there is a single scientist / laboratory group / pick your unit which has the power of a Rush Limbaugh or a Saddam Hussein or , for that matter , a Bill Clinton .	Their " levers " -- to invoke Latour - - are bigger and they are loaded with something more powerful than a scientific paper or a deconstructionist argument .	1<2	unknown	evidence	explanation
Their " levers " -- to invoke Latour - - are bigger and they are loaded with something more powerful than a scientific paper or a deconstructionist argument .	For one thing , they are loaded with emotions , and the skill to use them , which is something most of us have either foresworn to use , or are nowhere near as good at using as these folks .	1<2	unknown	evidence	explanation
For one thing , they are loaded with emotions , and the skill to use them , which is something most of us have either foresworn to use , or are nowhere near as good at using as these folks .	For another , they have more followers .	1<2	unknown	list	conjunction
For another , they have more followers .	[ And , in many cases , a monopoly on weapons in the territory they control . ]	1<2	unknown	list	conjunction
I just do n't believe that any scientist is powerful in this degree :	in fact , I find most scientists to be rather powerless	1>2	unknown	antithesis	contrast
I do n't believe that there is a single scientist / laboratory group / pick your unit which has the power of a Rush Limbaugh or a Saddam Hussein or , for that matter , a Bill Clinton .	in fact , I find most scientists to be rather powerless	1<2	unknown	summary	organization
in fact , I find most scientists to be rather powerless	once they take a few steps into the political arena .	1<2	unknown	circumstance	temporal
BUT there is a kind of danger in recognizing the widespread distribution / sources of power -- that it encourages a confusion about the relative amounts of power .	4 ) Where all this takes me in light of the past few weeks of discussion about STS is to observe that the only allies people in STS seem to be talking about enlisting are scientists :	1<2	unknown	list	conjunction
4 ) Where all this takes me in light of the past few weeks of discussion about STS is to observe that the only allies people in STS seem to be talking about enlisting are scientists :	scientist - colleagues ,	1<2	unknown	elaboration	elaboration
scientist - colleagues ,	dissident scientists ,	1<2	unknown	list	conjunction
dissident scientists ,	scientists in training ,	1<2	unknown	list	conjunction
scientists in training ,	etc .	1<2	unknown	list	conjunction
4 ) Where all this takes me in light of the past few weeks of discussion about STS is to observe that the only allies people in STS seem to be talking about enlisting are scientists :	That seems to me a rather insular approach ,	1<2	unknown	elaboration	elaboration
That seems to me a rather insular approach ,	if one 's goals are political or social change .	1<2	unknown	condition	condition
Whether Steve 's hypothesis about the patient autonomy movement is true ,	I nevertheless find it a suggestive model for at least some STS people to follow	1>2	unknown	concession	concession
I nevertheless find it a suggestive model for at least some STS people to follow	if their concern is to find some practical use for STS .	1<2	unknown	condition	condition
I nevertheless find it a suggestive model for at least some STS people to follow	Giving people a language in which to voice their concerns , or rather to articulate them , is nothing to be ashamed of .	1<2	unknown	elaboration	elaboration
Giving people a language in which to voice their concerns , or rather to articulate them , is nothing to be ashamed of .	In fact , I 'm not sure that having philosophers or STSers be " pro-active " is even preferable .	1<2	unknown	elaboration	elaboration
On the National Association of Scholars ( NAS ) : Reply to MORMAN	but I will give you the history of NAS from the standpoint of someone who is on the governing board of the group that was formed in opposition to NAS : Teachers for a Democratic Culture ( TDC ) .	1>2	unknown	preparation	organization
Maybe Paul Gross or someone else who has direct involvement with this group will want to intervene	but I will give you the history of NAS from the standpoint of someone who is on the governing board of the group that was formed in opposition to NAS : Teachers for a Democratic Culture ( TDC ) .	1>2	unknown	concession	concession
Maybe Paul Gross or someone else who has direct involvement with this group will want to intervene	( though few probably pay attention to this net ) ,	1<2	unknown	concession	concession
but I will give you the history of NAS from the standpoint of someone who is on the governing board of the group that was formed in opposition to NAS : Teachers for a Democratic Culture ( TDC ) .	I should say at the outset that I believe both NAS and TDC are dominated by humanists ,	1<2	unknown	elaboration	elaboration
I should say at the outset that I believe both NAS and TDC are dominated by humanists ,	and their battles are typically over political correctness and what ( if any ) are the canonical books of Western civilization .	1<2	unknown	elaboration	elaboration
I should say at the outset that I believe both NAS and TDC are dominated by humanists ,	However , a notable sociologist who is a member of NAS is James Coleman , rational choice theorist and past president of the American Sociological Association .	1<2	unknown	concession	concession
I should say at the outset that I believe both NAS and TDC are dominated by humanists ,	Some natural scientists are members of NAS , but are still very much in the minority .	1<2	unknown	concession	concession
but I will give you the history of NAS from the standpoint of someone who is on the governing board of the group that was formed in opposition to NAS : Teachers for a Democratic Culture ( TDC ) .	I think NAS was started as a direct result of the stuff on political correctness being reported in such US best - sellers as Allan Bloom 's _ The closing of the American mind_ and Dinesh D'Souza 's book ( whose name escapes me ) .	1<2	unknown	elaboration	elaboration
I think NAS was started as a direct result of the stuff on political correctness being reported in such US best - sellers as Allan Bloom 's _ The closing of the American mind_ and Dinesh D'Souza 's book ( whose name escapes me ) .	The basic idea was that America 's classrooms were being dominated by irresponsible relativists and multiculturalists who were passing off political agendas as if they were established truths .	1<2	unknown	elaboration	elaboration
The basic idea was that America 's classrooms were being dominated by irresponsible relativists and multiculturalists who were passing off political agendas as if they were established truths .	The NAS vowed to combat this scourge that was being held responsible for various forms of national decline .	1<2	unknown	elaboration	elaboration
but I will give you the history of NAS from the standpoint of someone who is on the governing board of the group that was formed in opposition to NAS : Teachers for a Democratic Culture ( TDC ) .	The NAS actually has some noted scholars on its board -- including the redoubtable philosopher John Searle -- who I do n't think would normally count as political reactionaries .	1<2	unknown	elaboration	elaboration
The NAS actually has some noted scholars on its board -- including the redoubtable philosopher John Searle -- who I do n't think would normally count as political reactionaries .	( True , they 're not exactly socialists , either . )	1<2	unknown	concession	concession
but I will give you the history of NAS from the standpoint of someone who is on the governing board of the group that was formed in opposition to NAS : Teachers for a Democratic Culture ( TDC ) .	I believe at one point the NAS supported the idea of students monitoring classrooms for unduly political behavior on the part of professors and then reporting it to some lobbying group that would then kick up a fuss .	1<2	unknown	elaboration	elaboration
I believe at one point the NAS supported the idea of students monitoring classrooms for unduly political behavior on the part of professors and then reporting it to some lobbying group that would then kick up a fuss .	Certainly such matters are discussed in a journal NAS puts out , called ACADEMIC QUESTIONS .	1<2	unknown	elaboration	elaboration
but I will give you the history of NAS from the standpoint of someone who is on the governing board of the group that was formed in opposition to NAS : Teachers for a Democratic Culture ( TDC ) .	The group I belong to -- TDC -- responded by declaring that the classroom is a perfectly good place to air differences of opinion , which if strong enough typically acquire the label ' political ' .	1<2	unknown	elaboration	elaboration
The group I belong to -- TDC -- responded by declaring that the classroom is a perfectly good place to air differences of opinion , which if strong enough typically acquire the label ' political ' .	Gerald Graff , the English professor at Univ of Chicago , founded the TDC and wrote several articles and a book around the idea of ' teaching the conflicts ' .	1<2	unknown	background	frame
but I will give you the history of NAS from the standpoint of someone who is on the governing board of the group that was formed in opposition to NAS : Teachers for a Democratic Culture ( TDC ) .	Science is really a newcomer to this whole debate ,	1<2	unknown	elaboration	elaboration
Science is really a newcomer to this whole debate ,	though the themes of deconstruction and ' the end of civilization as we know it ' remain the same .	1<2	unknown	concession	concession
but I will give you the history of NAS from the standpoint of someone who is on the governing board of the group that was formed in opposition to NAS : Teachers for a Democratic Culture ( TDC ) .	Actually , the last chapter of Gross & Levitt 's _Higher Superstition_ considers the teaching angle very explicitly , and in so doing , put science studies very much in the middle of a debate that had previously concerned only humanists .	1<2	unknown	elaboration	elaboration
Ed Morman posted a message to this list recently about a new book by Appleby , Hunt , and Jacob .	but I have corresponded with one of the authors who feels her work has been mis-used by the Strong Programme .	1>2	unknown	background	frame
I have n't read this book yet ,	but I have corresponded with one of the authors who feels her work has been mis-used by the Strong Programme .	1>2	unknown	concession	concession
but I have corresponded with one of the authors who feels her work has been mis-used by the Strong Programme .	The Strong Programme strikes me as an excellent example of history taking science as a model .	1>2	unknown	background	frame
The Strong Programme strikes me as an excellent example of history taking science as a model .	I propose a topic for debate :	1>2	unknown	motivation	explanation
The Strong Programme strikes me as an excellent example of history taking science as a model .	In their early days , they made brave claims about being inductive .	1<2	unknown	evidence	explanation
In their early days , they made brave claims about being inductive .	They cited long lists of scholarly works that they purported to be the foundation of their interest model .	1<2	unknown	elaboration	elaboration
In their early days , they made brave claims about being inductive .	Now the authors of some of these studies are turning against them .	1<2	unknown	sequence	temporal
The Strong Programme may be out of fashion in science studies today ,	but I still hear echoes of their claims about a growing body of literature that is supposed to establish something or other .	1>2	unknown	concession	concession
The Strong Programme strikes me as an excellent example of history taking science as a model .	but I still hear echoes of their claims about a growing body of literature that is supposed to establish something or other .	1<2	unknown	elaboration	elaboration
I propose a topic for debate :	is it better to be able cite a long biblio- graphy that reflects a broad reading on the part of the author , or to be able to critically examine a few articles or books in great depth ?	1>2	unknown	background	frame
Response to MORMAN and FROST :	I agree that _Telling the Truth ..._ is a good ideological resource for STS fending off the attacks of scientists ,	1>2	unknown	preparation	organization
I agree that _Telling the Truth ..._ is a good ideological resource for STS fending off the attacks of scientists ,	However , matters are n't so cut - and - dry	1>2	unknown	concession	concession
I agree that _Telling the Truth ..._ is a good ideological resource for STS fending off the attacks of scientists ,	since it shows how many of the constructivist critiques of science ( and its history ) make sense ,	1<2	unknown	volitional-cause	causal
since it shows how many of the constructivist critiques of science ( and its history ) make sense ,	even within an Enlightenment framework of ' the truth will set you free . '	1<2	unknown	concession	concession
However , matters are n't so cut - and - dry	because Appleby , Hunt & Jacob ( AHJ ) do n't see themselves as mere ideological resources .	1>2	unknown	antithesis	contrast
because Appleby , Hunt & Jacob ( AHJ ) do n't see themselves as mere ideological resources .	They actually believe in the Enlightenment project ,	1>2	unknown	antithesis	contrast
They actually believe in the Enlightenment project ,	and , between the lines , you can see that they 're none too pleased about the cultural consequences of an unrepentant relativism .	1<2	unknown	elaboration	elaboration
They actually believe in the Enlightenment project ,	In fact , their positive thesis is that a strong commitment to freedom of inquiry -- which for them , like JS Mill , is the cornerstone of democracy -- requires that the consequences of inquiry be taken seriously ,	1<2	unknown	elaboration	elaboration
In fact , their positive thesis is that a strong commitment to freedom of inquiry -- which for them , like JS Mill , is the cornerstone of democracy -- requires that the consequences of inquiry be taken seriously ,	i.e. you can be shown wrong or right by some ' truth ' ( however corrigible ) that someone uncovers .	1<2	unknown	elaboration	elaboration
In fact , their positive thesis is that a strong commitment to freedom of inquiry -- which for them , like JS Mill , is the cornerstone of democracy -- requires that the consequences of inquiry be taken seriously ,	They argue that the more radical postmodernist / relativist forms of inquiry undermines this requirement by denying that any claim ever decisively bears on any other claim .	1<2	unknown	elaboration	elaboration
They argue that the more radical postmodernist / relativist forms of inquiry undermines this requirement by denying that any claim ever decisively bears on any other claim .	By the end of the book , it becomes clear that they see this devaluation of the consequences of inquiry to be just as bad as placing political restrictions on inquiry .	1<2	unknown	elaboration	elaboration
In fact , their positive thesis is that a strong commitment to freedom of inquiry -- which for them , like JS Mill , is the cornerstone of democracy -- requires that the consequences of inquiry be taken seriously ,	An indicator of AHJ 's sensibilities is their endorsement of the ' Hard Program ' that Segerstrale , Schmaus , and Jesseph pubished in _Social Epistemology_ a couple of years ago -- the key to which is that you need to account for the scientist 's own understanding of her pursuit in order to have an adequate understanding of science .	1<2	unknown	evidence	explanation
They actually believe in the Enlightenment project ,	My guess is that FROST 's synthesis of AHJ and the radical core of science studies is not going to be very easy	1<2	unknown	elaboration	elaboration
My guess is that FROST 's synthesis of AHJ and the radical core of science studies is not going to be very easy	because it would first require that the people on ' our ' side take more seriously the political consequences of their epistemological commitments .	1<2	unknown	nonvolitional-cause	causal
Response to FULLER :	> My guess is that FROST 's synthesis of AHJ and the radical core of science > studies is not going to be very easy because it would first require that > the people on ' our ' side take more seriously the political consequences of > their epistemological commitments .	1>2	unknown	preparation	organization
> My guess is that FROST 's synthesis of AHJ and the radical core of science > studies is not going to be very easy because it would first require that > the people on ' our ' side take more seriously the political consequences of > their epistemological commitments .	But what do you mean about STS taking the political consequences of their epistemological commitments more seriously ?	1>2	unknown	concession	concession
> My guess is that FROST 's synthesis of AHJ and the radical core of science > studies is not going to be very easy because it would first require that > the people on ' our ' side take more seriously the political consequences of > their epistemological commitments .	Agreed .	1<2	unknown	evaluation	comment
I never thought of science studies as a program for idle chatter or navel - gazing ....	I 've always respected STS as being rather more politically astute than the somnulent drek that often passes as historical scholarship ...	1>2	unknown	antithesis	contrast
I 've always respected STS as being rather more politically astute than the somnulent drek that often passes as historical scholarship ...	Perhaps I have deceived myself , assuming STS to be more right - on than it is ?	1>2	unknown	concession	concession
But what do you mean about STS taking the political consequences of their epistemological commitments more seriously ?	Perhaps I have deceived myself , assuming STS to be more right - on than it is ?	1<2	unknown	elaboration	elaboration
> My guess is that FROST 's synthesis of AHJ and the radical core of science > studies is not going to be very easy because it would first require that > the people on ' our ' side take more seriously the political consequences of > their epistemological commitments .	Frost , replying to Fuller 's remarks , writes :	1>2	unknown	preparation	organization
Frost , replying to Fuller 's remarks , writes :	> Agreed . But what do you mean about STS taking the political consequences of their epistemological commitments more seriously ? I never thought of > science studies as a program for idle chatter or navel - gazing .... I 've > always respected STS as being rather more politically astute than the en passes as historical scholarship ... Perhaps I > have deceived myself , assuming STS to be more right - on than it is ?	1>2	unknown	attribution	attribution
> Agreed . But what do you mean about STS taking the political consequences of their epistemological commitments more seriously ? I never thought of > science studies as a program for idle chatter or navel - gazing .... I 've > always respected STS as being rather more politically astute than the en passes as historical scholarship ... Perhaps I > have deceived myself , assuming STS to be more right - on than it is ?	If I understand Fuller correctly , the issue really is n't the political understanding of STS .	1>2	unknown	preparation	organization
If I understand Fuller correctly , the issue really is n't the political understanding of STS .	It is the implications of constructivism for political and academic ideals like democracy and academic freedom .	1>2	unknown	antithesis	contrast
On Sun , 30 Oct 1994 , Steve Fuller wrote :	> > > Response to MORMAN and FROST : > > I agree that _Telling the Truth ..._ is a good ideological resource for STS > fending off the attacks of scientists , since it shows how many of the > constructivist critiques of science ( and its history ) make sense , even > within an Enlightenment framework of ' the truth will set you free . ' > > However , matters are n't so cut - and - dry because Appleby , Hunt & Jacob ( AHJ ) > do n't see themselves as mere ideological resources . They actually believe > in the Enlightenment project , and , between the lines , you can see that > they 're none too pleased about the cultural consequences of an unrepentant > relativism . [ ... ] By the > end of the book , it becomes clear that they see this devaluation of the > consequences of inquiry to be just as bad as placing political > restrictions on inquiry . > > > My guess is that FROST 's synthesis of AHJ and the radical core of science > studies is not going to be very easy because it would first require that > the people on ' our ' side take more seriously the political consequences of > their epistemological commitments . > >	1>2	unknown	attribution	attribution
> > > Response to MORMAN and FROST : > > I agree that _Telling the Truth ..._ is a good ideological resource for STS > fending off the attacks of scientists , since it shows how many of the > constructivist critiques of science ( and its history ) make sense , even > within an Enlightenment framework of ' the truth will set you free . ' > > However , matters are n't so cut - and - dry because Appleby , Hunt & Jacob ( AHJ ) > do n't see themselves as mere ideological resources . They actually believe > in the Enlightenment project , and , between the lines , you can see that > they 're none too pleased about the cultural consequences of an unrepentant > relativism . [ ... ] By the > end of the book , it becomes clear that they see this devaluation of the > consequences of inquiry to be just as bad as placing political > restrictions on inquiry . > > > My guess is that FROST 's synthesis of AHJ and the radical core of science > studies is not going to be very easy because it would first require that > the people on ' our ' side take more seriously the political consequences of > their epistemological commitments . > >	There 's either a very lot or not so much packed into Steve Fuller 's remarks about Appleby , Jacob and Hunt 's stance towards the " Enlightenment project . "	1>2	unknown	antithesis	contrast
There 's either a very lot or not so much packed into Steve Fuller 's remarks about Appleby , Jacob and Hunt 's stance towards the " Enlightenment project . "	Exactly which parts of the Enlightenment project does Fuller recommend we jettison and why ?	1<2	unknown	elaboration	elaboration
Exactly which parts of the Enlightenment project does Fuller recommend we jettison and why ?	What do we put into its place ?	1<2	unknown	elaboration	elaboration
There 's either a very lot or not so much packed into Steve Fuller 's remarks about Appleby , Jacob and Hunt 's stance towards the " Enlightenment project . "	What would a positive vision of political society without the Englightenment project look like ?	1<2	unknown	elaboration	elaboration
For the moment , let 's assume we are all [ most of us are ] methodological relativists .	One might , however , be more than a methodological relativist :	1>2	unknown	background	frame
For the moment , let 's assume we are all [ most of us are ] methodological relativists .	That is , in explaining what happens in science , we assume that reference to the truth conditions of particular claims is not very useful to understanding what happened ,	1<2	unknown	elaboration	elaboration
That is , in explaining what happens in science , we assume that reference to the truth conditions of particular claims is not very useful to understanding what happened ,	especially when we use the truth conditions supplied by contemporary science .	1<2	unknown	elaboration	elaboration
That is , in explaining what happens in science , we assume that reference to the truth conditions of particular claims is not very useful to understanding what happened ,	As an historian , I do this	1<2	unknown	background	frame
As an historian , I do this	because it 's the only practical way to write history without assuming that 2/3rs of past inhabitants were benighted idiots whose ideas about the world can only be explained by delusion , coercion , etc .	1<2	unknown	nonvolitional-cause	causal
One might , however , be more than a methodological relativist :	Each of these moves gets one closer and closer toward a rejection of the Englihtenment project ,	1>2	unknown	nonvolitional-cause	causal
One might , however , be more than a methodological relativist :	one might be a thoroughgoing relativist and believe in the impossibility of truth and / or of deciding things without reference to truth claims .	1<2	unknown	elaboration	elaboration
one might be a thoroughgoing relativist and believe in the impossibility of truth and / or of deciding things without reference to truth claims .	One might take this even further and say that all claims to truth and those who make them are coercive and authoritarian ,	1<2	unknown	sequence	temporal
One might take this even further and say that all claims to truth and those who make them are coercive and authoritarian ,	and one might go even further and say that the procedures by which truth claims are socially / culturally enshired are in themselves coercive and oppressive .	1<2	unknown	sequence	temporal
Each of these moves gets one closer and closer toward a rejection of the Englihtenment project ,	could you explain to me where you think we should be / are with relation to the Englightenment project ,	1>2	unknown	background	frame
Each of these moves gets one closer and closer toward a rejection of the Englihtenment project ,	but it seems to me that the last , which I take to be more or less Neiztsche 's position , is the one with the greatest political weight , in that if you believe this , you are committed to some kind of systematic war on all forms of intellectual authority , on any uses of intellectual authority in political debate , etc .	1<2	unknown	elaboration	elaboration
Now I 've probably missed a few analytical steps along the way , which is why I washed out in philosophy ,	but if you 'll cut me a little slack , Steve ,	1>2	unknown	concession	concession
but if you 'll cut me a little slack , Steve ,	could you explain to me where you think we should be / are with relation to the Englightenment project ,	1>2	unknown	condition	condition
What would a positive vision of political society without the Englightenment project look like ?	could you explain to me where you think we should be / are with relation to the Englightenment project ,	1<2	unknown	elaboration	elaboration
could you explain to me where you think we should be / are with relation to the Englightenment project ,	and if we are / should be somewhere around where Neitzsche left us	1<2	unknown	elaboration	elaboration
and if we are / should be somewhere around where Neitzsche left us	[ and I honestly do n't see that the post - modernist / deconstructionist footnote to Nietzsche has moved us much beyond this , thought the feminist project has covered new ground ] ,	1<2	unknown	background	frame
and if we are / should be somewhere around where Neitzsche left us	on what basis is political community / authority constructed ?	1<2	unknown	nonvolitional-result	causal
on what basis is political community / authority constructed ?	Do we want to jettison constitutional government ?	1<2	unknown	list	conjunction
Do we want to jettison constitutional government ?	freedom of information ?	1<2	unknown	list	conjunction
freedom of information ?	etc .	1<2	unknown	list	conjunction
This is not some wild Bloomian leap into cultural paranoia , but a naive , sincere question :	on what basis would we desire / defend the kinds of institutions which make lives like ours possible ?	1>2	unknown	antithesis	contrast
if we beieve knowledge claims and procedures and their uses are inherently , not incidentally , coercive ,	on what basis would we desire / defend the kinds of institutions which make lives like ours possible ?	1>2	unknown	condition	condition
could you explain to me where you think we should be / are with relation to the Englightenment project ,	on what basis would we desire / defend the kinds of institutions which make lives like ours possible ?	1<2	unknown	elaboration	elaboration
on what basis would we desire / defend the kinds of institutions which make lives like ours possible ?	Is this what you meant by taking the political consequences of our epistemological position seriously ?	1<2	unknown	elaboration	elaboration
Correction to message posted earlier today , 2nd paragraph , lst line :	As sent , this reads :	1>2	unknown	background	frame
As sent , this reads :	> One might , however , be more than a methodological relativist : one > might be a thoroughgoing relativist and believe in the impossibility of > truth and / or of deciding things without reference to truth claims .	1>2	unknown	preparation	organization
> One might , however , be more than a methodological relativist : one > might be a thoroughgoing relativist and believe in the impossibility of > truth and / or of deciding things without reference to truth claims .	This should read :	1>2	unknown	antithesis	contrast
This should read :	" One might , however , be more than a methodological relativist :	1>2	unknown	preparation	organization
" One might , however , be more than a methodological relativist :	one might be a thoroughgoing relativist and believe in the impossibility of truth claims and / or of deciding things with reference to truth claims . "	1<2	unknown	elaboration	elaboration
" One might , however , be more than a methodological relativist :	Sorry for any confusion .	1<2	unknown	background	frame
What if working scientists give up their " naive " beliefs in academic freedom , shared community of knowledge , priority of discovery and so forth .	and you have the world of methodlogical relativism .	1>2	unknown	solutionhood	query
What if working scientists give up their " naive " beliefs in academic freedom , shared community of knowledge , priority of discovery and so forth .	In other words , what happens to science if STS succeeds in convincing scientists that the STS view of science is correct ?	1<2	unknown	restatement	reformulation
In other words , what happens to science if STS succeeds in convincing scientists that the STS view of science is correct ?	Never mind the consequences to science if STSers convince policymakers that " scientists are just making it up as they go along . "	1<2	unknown	elaboration	elaboration
Gregor Mendel worked out the principles of Mendelian genetics in the 1860s	but his discoveries remained dormant until the turn of the century when tow researchers independently disovered Mendel 's rules and then rediscovered Mendel .	1>2	unknown	concession	concession
but his discoveries remained dormant until the turn of the century when tow researchers independently disovered Mendel 's rules and then rediscovered Mendel .	Now genetics bears Mendel 's name .....	1>2	unknown	nonvolitional-cause	causal
Now genetics bears Mendel 's name .....	but imagine if the two researchers were methodological relativsts .	1>2	unknown	antithesis	contrast
but imagine if the two researchers were methodological relativsts .	Why * suppress * Mendel 's work , fight each other , not share their research in order to grab all the prestige , research funds etc .	1>2	unknown	nonvolitional-cause	causal
but imagine if the two researchers were methodological relativsts .	They " know " that there is no reality out there ,	1<2	unknown	elaboration	elaboration
They " know " that there is no reality out there ,	or it is inaccessible or whatever ( depending on which flavor of relativism you prefer ) .	1<2	unknown	elaboration	elaboration
What is the thing for them to do ?	Why * suppress * Mendel 's work , fight each other , not share their research in order to grab all the prestige , research funds etc .	1>2	unknown	solutionhood	query
Why * suppress * Mendel 's work , fight each other , not share their research in order to grab all the prestige , research funds etc .	and you have the world of methodlogical relativism .	1>2	unknown	evidence	explanation
Imagine a scientific world of the struggle of all against all ,	and you have the world of methodlogical relativism .	1>2	unknown	means	mode
The consequences of adopting a pose of methodological relativism IMHO are pretty profound .	and you have the world of methodlogical relativism .	1<2	unknown	evidence	explanation
and you have the world of methodlogical relativism .	Principles like democracy and academic freedom , the shared community of researchers , transmission of knowledge across national borders , the recognition of priority of research and so forth , are these not incompatible with a position of methodological relativism ?	1<2	unknown	elaboration	elaboration
Re TURTON 's recent posting ,	STS does not need to convince policymakers very much about science at all ;	1>2	unknown	preparation	organization
STS does not need to convince policymakers very much about science at all ;	it turns out , in research by JASANOFF and others ( including work I have done solo and with colleague Bruce Bimber ) that some policymakers in the courts and regulatory agencies ( Jasanoff ) and in Congress ( Bimber & Guston ) already have a good idea of the role of power , position , uncertainty , experimental regress , flaws of peer review , interested nature of norms , etc. in the practice of science and in its interface with policy .	1>2	unknown	antithesis	contrast
it turns out , in research by JASANOFF and others ( including work I have done solo and with colleague Bruce Bimber ) that some policymakers in the courts and regulatory agencies ( Jasanoff ) and in Congress ( Bimber & Guston ) already have a good idea of the role of power , position , uncertainty , experimental regress , flaws of peer review , interested nature of norms , etc. in the practice of science and in its interface with policy .	To a certain extent , we as researchers have been behind the curve of policymakers who , having learned that science is more like other enterprises than they had previously imagined , have already continued to make policy without having a new theory of how such a normal , political science might be governed .	1<2	unknown	elaboration	elaboration
Although I suppose I am a " constructivist " in my theory of knowledge and social theory ,	I am not a relativist , methodological or otherwise .	1>2	unknown	concession	concession
I am not a relativist , methodological or otherwise .	I do n't know why these are always linked .	1>2	unknown	background	frame
I do n't know why these are always linked .	BUT , why would relativism count against academic freedom ?	1>2	unknown	concession	concession
BUT , why would relativism count against academic freedom ?	Would n't the most obvious political implication be a concern with expanded , more effective academic freedom as against allegedly free but in fact coercive institutions ?	1>2	unknown	solutionhood	query
Would n't the most obvious political implication be a concern with expanded , more effective academic freedom as against allegedly free but in fact coercive institutions ?	Of course , this raises a whole can of worms ,	1>2	unknown	nonvolitional-cause	causal
Of course , this raises a whole can of worms ,	but they have been discussed with more precision elsewhere .	1>2	unknown	concession	concession
but they have been discussed with more precision elsewhere .	The point is they much less frequently resort to a " political veto " style of argument in which there is a tacit presumption what genuinely progressive politics entails but instead question whether " obviously " progressive politics disguise a host of problematic premises ?	1>2	unknown	evidence	explanation
but they have been discussed with more precision elsewhere .	See for instance the discsussions about radical democracry in the post - marxism of Laclau , Mouffe , Zizek and the like which simultaneously takes marxism to task for its ( antidemocratic ) critique of " bourgeous democracy " and still insists upon a critique of the limitations of increasingly ( end - of - history style ) hegemonic but empty appeals to actually existing liberal democracy	1<2	unknown	elaboration	elaboration
See for instance the discsussions about radical democracry in the post - marxism of Laclau , Mouffe , Zizek and the like which simultaneously takes marxism to task for its ( antidemocratic ) critique of " bourgeous democracy " and still insists upon a critique of the limitations of increasingly ( end - of - history style ) hegemonic but empty appeals to actually existing liberal democracy	[ precisely when it is being attacked in practice by the same people ] .	1<2	unknown	elaboration	elaboration
Zizek , for one , raises the question :	why do we have to explicitly avoid them rather than taking them seriously until they self - deconstruct ?	1>2	unknown	preparation	organization
if metanarratives do n't really work	why do we have to explicitly avoid them rather than taking them seriously until they self - deconstruct ?	1>2	unknown	condition	condition
See for instance the discsussions about radical democracry in the post - marxism of Laclau , Mouffe , Zizek and the like which simultaneously takes marxism to task for its ( antidemocratic ) critique of " bourgeous democracy " and still insists upon a critique of the limitations of increasingly ( end - of - history style ) hegemonic but empty appeals to actually existing liberal democracy	why do we have to explicitly avoid them rather than taking them seriously until they self - deconstruct ?	1<2	unknown	elaboration	elaboration
The point being :	why treat materialists and deconstructionists as two ideal types that help to " check each other 's excesses " instead of thinking through the types of " obvious consequences " which are alleged to follow from a critique of representations .	1>2	unknown	preparation	organization
why do we have to explicitly avoid them rather than taking them seriously until they self - deconstruct ?	why treat materialists and deconstructionists as two ideal types that help to " check each other 's excesses " instead of thinking through the types of " obvious consequences " which are alleged to follow from a critique of representations .	1<2	unknown	restatement	reformulation
but they have been discussed with more precision elsewhere .	Another source might be Christopher Norris ' work on What 's Wrong With Postmodernism	1<2	unknown	elaboration	elaboration
but they have been discussed with more precision elsewhere .	or the sensitivity to the implications of the constructivist arguments you might find about race or gender in Paul Gilroy , David Roediger , Judith Butler , Edward Said , bell hooks , Nancy Fraser , just to name a few .	1<2	unknown	elaboration	elaboration
but they have been discussed with more precision elsewhere .	( Closer to home , what about Haraway ? )	1<2	unknown	elaboration	elaboration
Whether you skim _Social Text_ or read the lastest empirical history on labor history ,	there is a great deal of analysis of the political consequences of constructivist positions that leads not just to self - flagellation but to reformulating the import and relevance of those arguments .	1>2	unknown	circumstance	temporal
but they have been discussed with more precision elsewhere .	there is a great deal of analysis of the political consequences of constructivist positions that leads not just to self - flagellation but to reformulating the import and relevance of those arguments .	1<2	unknown	summary	organization
The point is they much less frequently resort to a " political veto " style of argument in which there is a tacit presumption what genuinely progressive politics entails but instead question whether " obviously " progressive politics disguise a host of problematic premises ?	One does not have to imagine oneself at the vanguard of history to try to learn from history in this fashion .	1<2	unknown	nonvolitional-result	causal
I guess what I 'm saying is that methodological relativism does NOT imply a struggle of all against all ,	but precisley the opposite ,	1>2	unknown	antithesis	contrast
but precisley the opposite ,	everyone in their own cheery worlds without having to talk to each other .	1<2	unknown	elaboration	elaboration
everyone in their own cheery worlds without having to talk to each other .	" Locality " seems to serve as this kind of " good fences makes good neighbors " buzzword .	1<2	unknown	elaboration	elaboration
Compare for instance , Donald McCloskey 's _ The Rhetoric of Economics_ with Philipp Mirowski 's _More Heat Than Light_ .	McCloskey sticks to good old symmetry and seems to dress down scientistic rhetoric .	1>2	unknown	background	frame
" Locality " seems to serve as this kind of " good fences makes good neighbors " buzzword .	McCloskey sticks to good old symmetry and seems to dress down scientistic rhetoric .	1<2	unknown	elaboration	elaboration
Yet what his admirerers seem to miss is the conclusion he seems to draw from it :	but we 're just folk here after all .	1>2	unknown	antithesis	contrast
aw shucks , sure economics is riddled with problems	but we 're just folk here after all .	1>2	unknown	concession	concession
but we 're just folk here after all .	DO N'T BOTHER US YOU CRITICS OF NEO-CLASSICAL ECONOMICS ,	1>2	unknown	evidence	explanation
So , implication :	DO N'T BOTHER US YOU CRITICS OF NEO-CLASSICAL ECONOMICS ,	1>2	unknown	preparation	organization
McCloskey sticks to good old symmetry and seems to dress down scientistic rhetoric .	DO N'T BOTHER US YOU CRITICS OF NEO-CLASSICAL ECONOMICS ,	1<2	unknown	elaboration	elaboration
DO N'T BOTHER US YOU CRITICS OF NEO-CLASSICAL ECONOMICS ,	we have our own practical competence , ou " local " standards , blah , blah , blah .	1<2	unknown	elaboration	elaboration
McCloskey sticks to good old symmetry and seems to dress down scientistic rhetoric .	It is very unconstructivist in ignoring the differential , institutional linkages with policy formations , etc .	1<2	unknown	interpretation	comment
Poor old Mirowski , he is constructivist in this sense	but he strays from symmetry .	1>2	unknown	concession	concession
but he strays from symmetry .	Everyone knows you ca n't misborrow	1>2	unknown	antithesis	contrast
but he strays from symmetry .	He seems to be suggesting that economists misborrowed from physicists in how they claimed to mathematicize utility and the like .	1<2	unknown	elaboration	elaboration
McCloskey sticks to good old symmetry and seems to dress down scientistic rhetoric .	Everyone knows you ca n't misborrow	1<2	unknown	contrast	contrast
Everyone knows you ca n't misborrow	and you never want to compare one " form of life " to another .	1<2	unknown	elaboration	elaboration
Everyone knows you ca n't misborrow	( A similar reaction can be found to Howe and Lyne 's critique of the use of evolutionary arguments in sociobiology :	1<2	unknown	evidence	explanation
( A similar reaction can be found to Howe and Lyne 's critique of the use of evolutionary arguments in sociobiology :	the critics ( mostly ) agree :	1<2	unknown	elaboration	elaboration
if sociobiologists want to use evolution any old way they like ,	no one can complain . )	1>2	unknown	condition	condition
the critics ( mostly ) agree :	no one can complain . )	1<2	unknown	elaboration	elaboration
McCloskey sticks to good old symmetry and seems to dress down scientistic rhetoric .	( This debate was in _ Social Epistemology_ )	1<2	unknown	background	frame
McCloskey sticks to good old symmetry and seems to dress down scientistic rhetoric .	Is this what we wanted to get out of the critique of metanarratives ?	1<2	unknown	nonvolitional-result	causal
Guston 's experience and research vis - a - vis policy makers and policy implementors and their views of " science and technology " map closely with mine .	To the degree our studies and experience depict much of the situation in science policy , and technology deploying and managing agencies , we STSer s might do well to listen to the sorts of views actually held and pursued by " agency types " .	1>2	unknown	background	frame
On Mon , 31 Oct 1994 , David H. Guston wrote :	> STSers , > > Re TURTON 's recent posting , STS does not need to convince policymakers very > much about science at all ; it turns out , in research by JASANOFF and others > ( including work I have done solo and with colleague Bruce Bimber ) that some > policymakers in the courts and regulatory agencies ( Jasanoff ) and in Congress > ( Bimber & Guston ) already have a good idea of the role of power , position , > uncertainty , experimental regress , flaws of peer review , interested nature of > norms , etc. in the practice of science and in its interface with policy . To > a certain extent , we as researchers have been behind the curve of > policymakers who , having learned that science is more like other enterprises > than they had previously imagined , have already continued to make policy > without having a new theory of how such a normal , political science might be > governed . > > Dave Guston >	1>2	unknown	preparation	organization
To the degree our studies and experience depict much of the situation in science policy , and technology deploying and managing agencies , we STSer s might do well to listen to the sorts of views actually held and pursued by " agency types " .	> STSers , > > Re TURTON 's recent posting , STS does not need to convince policymakers very > much about science at all ; it turns out , in research by JASANOFF and others > ( including work I have done solo and with colleague Bruce Bimber ) that some > policymakers in the courts and regulatory agencies ( Jasanoff ) and in Congress > ( Bimber & Guston ) already have a good idea of the role of power , position , > uncertainty , experimental regress , flaws of peer review , interested nature of > norms , etc. in the practice of science and in its interface with policy . To > a certain extent , we as researchers have been behind the curve of > policymakers who , having learned that science is more like other enterprises > than they had previously imagined , have already continued to make policy > without having a new theory of how such a normal , political science might be > governed . > > Dave Guston >	1<2	unknown	background	frame
[ which is not necessarily narrowly particularistic , either --	it can aim for a dialectical , relational perspective on local - global dynamics ] .	1>2	unknown	antithesis	contrast
Thanks , Steve , for a useful transdisciplinary gloss on the term relativism , including its anti-universalist anthropological variant	it can aim for a dialectical , relational perspective on local - global dynamics ] .	1<2	unknown	elaboration	elaboration
Given this thread of discussion , I look forward to the comments concerning an article that has appeared in the October 1994 issue of _Lingua Franca_ and which is also the cover story : " That damned elusive Bruno Latour . "	There are absolutely delightful quotes which indicate how science studies has become part of the academic gossip market .	1<2	unknown	elaboration	elaboration
There are absolutely delightful quotes which indicate how science studies has become part of the academic gossip market .	Bruno Latour 's comments on Steve Fuller are worth the cover price !	1<2	unknown	elaboration	elaboration
Given this thread of discussion , I look forward to the comments concerning an article that has appeared in the October 1994 issue of _Lingua Franca_ and which is also the cover story : " That damned elusive Bruno Latour . "	Enjoy .	1<2	unknown	motivation	explanation
> From LEE :	> Indeed , FULLER has dichotomized STS unto extremes . > But I think Steve 's ' pure type ' reflexion is useful . > Do we , as STSers , polemicize the debate if > we claim disciplinary immunity for our research ? On what basis can > we make that claim for ourselves , yet deny it to the ' hard sciences ' ? > Are we not as subject to constructed views of the universe as are they ? > How is what ' interests ' us different from what ' interests ' the > ' physical ' sciences ? ( cf. Malcolm Ashmore 's _ Reflexive Thesis_ ) How > can we ask the ' hard sciences ' to be open to our own criticisms > and not be open to theirs ? Ditto re : openess to ' external ' normative > factors .	1>2	unknown	preparation	organization
> Indeed , FULLER has dichotomized STS unto extremes . > But I think Steve 's ' pure type ' reflexion is useful . > Do we , as STSers , polemicize the debate if > we claim disciplinary immunity for our research ? On what basis can > we make that claim for ourselves , yet deny it to the ' hard sciences ' ? > Are we not as subject to constructed views of the universe as are they ? > How is what ' interests ' us different from what ' interests ' the > ' physical ' sciences ? ( cf. Malcolm Ashmore 's _ Reflexive Thesis_ ) How > can we ask the ' hard sciences ' to be open to our own criticisms > and not be open to theirs ? Ditto re : openess to ' external ' normative > factors .	As far as I am concerned , the " reflexivity problem " is a non problem ( beyond a certain point , e.g. , beyond one level of reflexion ) ,	1>2	unknown	solutionhood	query
and the more we dwell on it ,	by that much we are wasting time .	1>2	unknown	condition	condition
As far as I am concerned , the " reflexivity problem " is a non problem ( beyond a certain point , e.g. , beyond one level of reflexion ) ,	by that much we are wasting time .	1<2	unknown	elaboration	elaboration
It 's a very nice academic question ,	but a question that I think has been inflated too much .	1>2	unknown	concession	concession
As far as I am concerned , the " reflexivity problem " is a non problem ( beyond a certain point , e.g. , beyond one level of reflexion ) ,	but a question that I think has been inflated too much .	1<2	unknown	elaboration	elaboration
As far as I am concerned , the " reflexivity problem " is a non problem ( beyond a certain point , e.g. , beyond one level of reflexion ) ,	It is time we let that big balloon float away .	1<2	unknown	summary	organization
Also , FULLER seems to be concerned a bit by the question of " expert " .	We , STS - ers , or at least many within the field , have been haranguing current science about the issue of experts :	1>2	unknown	background	frame
We , STS - ers , or at least many within the field , have been haranguing current science about the issue of experts :	That experts are allowed to do that is what should bother us .	1>2	unknown	solutionhood	query
We , STS - ers , or at least many within the field , have been haranguing current science about the issue of experts :	they think they are so smart , those scientists , above the fray , always a few inches taller than the nearest fellow human , etc. ,	1<2	unknown	elaboration	elaboration
they think they are so smart , those scientists , above the fray , always a few inches taller than the nearest fellow human , etc. ,	and what do we do but turn into experts !	1<2	unknown	nonvolitional-result	causal
We , STS - ers , or at least many within the field , have been haranguing current science about the issue of experts :	and so forth ....	1<2	unknown	elaboration	elaboration
This too , I think , is a non-issue .	It 's not the notion of " expert " that should bother us , per se ,	1>2	unknown	background	frame
This too , I think , is a non-issue .	I have no problem whatsover with the notion of " experts " .	1<2	unknown	volitional-cause	causal
I have no problem whatsover with the notion of " experts " .	There are lots of experts around --	1<2	unknown	background	frame
There are lots of experts around --	and THANK GOD FOR THEM !	1<2	unknown	evaluation	comment
It 's not the notion of " expert " that should bother us , per se ,	but the notion that the expert has control and TAKES THE INITIATIVE to define what is a problem , how to solve it , and what counts as a solution .	1>2	unknown	antithesis	contrast
but the notion that the expert has control and TAKES THE INITIATIVE to define what is a problem , how to solve it , and what counts as a solution .	That experts are allowed to do that is what should bother us .	1>2	unknown	antithesis	contrast
That experts are allowed to do that is what should bother us .	We , STS - ers , then , can still be experts -- given the various sensitivities we have ,	1>2	unknown	volitional-cause	causal
In a more democratic society , the expert still has his / her role to play :	but would be , as it were , at the service of the larger populace .	1>2	unknown	concession	concession
but , the way I see it ,	this expert would not be the one taking the initiative ,	1>2	unknown	circumstance	temporal
this expert would not be the one taking the initiative ,	but would be , as it were , at the service of the larger populace .	1>2	unknown	antithesis	contrast
That experts are allowed to do that is what should bother us .	but would be , as it were , at the service of the larger populace .	1<2	unknown	evidence	explanation
As far as I am concerned , the " reflexivity problem " is a non problem ( beyond a certain point , e.g. , beyond one level of reflexion ) ,	We , STS - ers , then , can still be experts -- given the various sensitivities we have ,	1<2	unknown	list	conjunction
We , STS - ers , then , can still be experts -- given the various sensitivities we have ,	and the knowledge we have acquired about the way science works , etc. , to be of service to some segment of the public that wishes to enroll our help .	1<2	unknown	elaboration	elaboration
We , STS - ers , then , can still be experts -- given the various sensitivities we have ,	Moreover , as concerned citizens , we should advertise our skills and we should try to mobilise those we think should start moving .	1<2	unknown	elaboration	elaboration
We , STS - ers , then , can still be experts -- given the various sensitivities we have ,	This way , we are more like entrepreneurs trying to sell our ware than sententious , high - brow wisdom dispensers .	1<2	unknown	volitional-result	causal
> Thus , should we let the ' lay public ' decide about how much , what , and > who , both in the ' natural ' and the ' social ' sciences , gets funding ?	In the first instance , we have to realize that we will be able to do good on neither extremes : the elites ( the upper crust , those that directly define what counts for the policymaker ) , and the population at large .	1>2	unknown	solutionhood	query
> Thus , should we let the ' lay public ' decide about how much , what , and > who , both in the ' natural ' and the ' social ' sciences , gets funding ?	As a first goal , my belief is that we should forget about the " lay public " for now .	1<2	unknown	antithesis	contrast
As a first goal , my belief is that we should forget about the " lay public " for now .	It would be a hopeless task , I think , to try to raise the level of consciousness of the public , or demystify the image they have about science .	1<2	unknown	evidence	explanation
But more than that : if we believed that that is the way to go ,	we would be betraying a pretty basic result that us STS - ers hold dear : i.e. , that it is not ideas that make things as they are , but rather material configurations , power structures , networks of interests , etc .	1>2	unknown	condition	condition
It would be a hopeless task , I think , to try to raise the level of consciousness of the public , or demystify the image they have about science .	we would be betraying a pretty basic result that us STS - ers hold dear : i.e. , that it is not ideas that make things as they are , but rather material configurations , power structures , networks of interests , etc .	1<2	unknown	elaboration	elaboration
we would be betraying a pretty basic result that us STS - ers hold dear : i.e. , that it is not ideas that make things as they are , but rather material configurations , power structures , networks of interests , etc .	To believe on the one hand that science owes its strength to these solid , mundane , underlying forces , and then at the same time to believe that you can change this state of affairs by convincing , or via arguments , leads , I think , to an incoherent position .	1<2	unknown	nonvolitional-result	causal
Solution ?	In the first instance , we have to realize that we will be able to do good on neither extremes : the elites ( the upper crust , those that directly define what counts for the policymaker ) , and the population at large .	1>2	unknown	preparation	organization
We , STS - ers , then , can still be experts -- given the various sensitivities we have ,	In the first instance , we have to realize that we will be able to do good on neither extremes : the elites ( the upper crust , those that directly define what counts for the policymaker ) , and the population at large .	1<2	unknown	list	conjunction
In the first instance , we have to realize that we will be able to do good on neither extremes : the elites ( the upper crust , those that directly define what counts for the policymaker ) , and the population at large .	Our target should be those who can take our message , use it to enhance their position and counter the status quo .	1<2	unknown	elaboration	elaboration
Our target should be those who can take our message , use it to enhance their position and counter the status quo .	I see at least one such possible group : the disenchanted scientist , or engineer ( and believe me , they are out there ) .	1<2	unknown	elaboration	elaboration
If we manage to enroll these blue - collar scientists , those who in actuality do most of the work for science ,	* then * we can count on beginning to have a dint on the larger dispute .	1>2	unknown	condition	condition
I see at least one such possible group : the disenchanted scientist , or engineer ( and believe me , they are out there ) .	* then * we can count on beginning to have a dint on the larger dispute .	1<2	unknown	elaboration	elaboration
I see at least one such possible group : the disenchanted scientist , or engineer ( and believe me , they are out there ) .	Moreover , these blue - collar scientists are strategically well placed between the elite scientists and the population at large ( to which they are connected , for example , via education institutions ) .	1<2	unknown	elaboration	elaboration
Moreover , these blue - collar scientists are strategically well placed between the elite scientists and the population at large ( to which they are connected , for example , via education institutions ) .	So , they can serve to exert real pressure to those above them ( in terms of , say , diverting budgets towards themselves ) ,	1<2	unknown	elaboration	elaboration
So , they can serve to exert real pressure to those above them ( in terms of , say , diverting budgets towards themselves ) ,	and at the same time sensitize the next generation of scientists .	1<2	unknown	elaboration	elaboration
On the other hand , if we put ourselves on the defensive and start answering the harangues a la Wolpert / Weinberg / G&L ,	then all we will be doing is putting ourselves prematurely in the limelight and thus risking to be permanently tarnished by the unfair mud thrown at us .	1>2	unknown	condition	condition
then all we will be doing is putting ourselves prematurely in the limelight and thus risking to be permanently tarnished by the unfair mud thrown at us .	Let Weinberg think that we ca n't influence scientists .	1>2	unknown	antithesis	contrast
In the first instance , we have to realize that we will be able to do good on neither extremes : the elites ( the upper crust , those that directly define what counts for the policymaker ) , and the population at large .	Let Weinberg think that we ca n't influence scientists .	1<2	unknown	list	conjunction
Let Weinberg think that we ca n't influence scientists .	Let him think that power resides in the policymaker , and that all it takes to maintain the status quo is to keep whispering in the ear of this policymaker .	1<2	unknown	elaboration	elaboration
Let Weinberg think that we ca n't influence scientists .	Meanwhile , we STS - ers ought to know better .	1<2	unknown	volitional-result	causal
Let Weinberg think that we ca n't influence scientists .	There is much groundwork to do	1<2	unknown	summary	organization
There is much groundwork to do	if we want to change the configuration ,	1<2	unknown	condition	condition
if we want to change the configuration ,	and it 's not by talking -- either to our own reflexive selves or to the Big Guys -- that we will start moving ....	1<2	unknown	elaboration	elaboration
Well , maybe .	But how about responding substantively to the substantive arguments made by such fascist beasts as Gross and Levitt .	1>2	unknown	concession	concession
Is it not remotely possible that they -- and other " elite " scientists -- would respond ?	Your strategy , rather , is to Get the Bastards from behind , isolate them from the " malcontents " of science ( your word ) , and go on to Victory .	1>2	unknown	antithesis	contrast
But how about responding substantively to the substantive arguments made by such fascist beasts as Gross and Levitt .	Your strategy , rather , is to Get the Bastards from behind , isolate them from the " malcontents " of science ( your word ) , and go on to Victory .	1<2	unknown	antithesis	contrast
Your strategy , rather , is to Get the Bastards from behind , isolate them from the " malcontents " of science ( your word ) , and go on to Victory .	Sounds familiar .	1<2	unknown	evaluation	comment
Sounds familiar .	Quite a few of the tyrants of history have set that strategy down in writing .	1<2	unknown	evidence	explanation
Reply to EDWARDS :	In principle , it 's a great idea ,	1>2	unknown	preparation	organization
Reply to EDWARDS :	On getting science studies into the New York Review of Books :	1<2	unknown	elaboration	elaboration
In principle , it 's a great idea ,	but I wonder just how receptive NYRB is to science studies .	1>2	unknown	concession	concession
but I wonder just how receptive NYRB is to science studies .	Did n't Clifford Geertz do a number on Donna Haraway and some other feminist writers a few years ago ?	1<2	unknown	evidence	explanation
but I wonder just how receptive NYRB is to science studies .	Also , does anyone know of a case where they accepted a review that had n't first commissioned ?	1<2	unknown	evidence	explanation
Also , does anyone know of a case where they accepted a review that had n't first commissioned ?	The same people always seem to crop up as reviewers .	1<2	unknown	elaboration	elaboration
However , assuming these are not insurmountable barriers ,	the question becomes who does the review .	1>2	unknown	concession	concession
the question becomes who does the review .	A good person for the latter role would be David Hollinger , this year 's HSS banquet speaker , whose own work is in contemporary intellectual history .	1>2	unknown	solutionhood	query
the question becomes who does the review .	I doubt if a high - profile person in this field would actually be allowed to do the review .	1<2	unknown	antithesis	contrast
I doubt if a high - profile person in this field would actually be allowed to do the review .	Either they 'd pick a well - placed scientist ( like GROSS ) or someone who is professionally disposed to be detached and neutral , like a historian .	1<2	unknown	elaboration	elaboration
Also , does anyone know of a case where they accepted a review that had n't first commissioned ?	A good person for the latter role would be David Hollinger , this year 's HSS banquet speaker , whose own work is in contemporary intellectual history .	1<2	unknown	solutionhood	query
A good person for the latter role would be David Hollinger , this year 's HSS banquet speaker , whose own work is in contemporary intellectual history .	He identifies himself as a Rortyan pragmatist , which means that he is sympathetic with all but the more radical fringes of STS .	1<2	unknown	elaboration	elaboration
A good person for the latter role would be David Hollinger , this year 's HSS banquet speaker , whose own work is in contemporary intellectual history .	At the same time , he was able to write a polite review of Gerald Holton 's latest effort , _Science and anti-science_ , which contains some of the NAS - ish stuff that HAMLETT started us off with .	1<2	unknown	elaboration	elaboration
At the same time , he was able to write a polite review of Gerald Holton 's latest effort , _Science and anti-science_ , which contains some of the NAS - ish stuff that HAMLETT started us off with .	This appeared in _Science_ .	1<2	unknown	background	frame
On that lunatic fringe in STS :	Actually , I 'd like to see some names named .	1>2	unknown	preparation	organization
Actually , I 'd like to see some names named .	What people DO say is that the question of external reality is irrelevant to understanding what scientists do and why they do it .	1>2	unknown	antithesis	contrast
Actually , I 'd like to see some names named .	Who is on record as saying that there is no external reality and that science is overall worse than other forms of knowledge ?	1<2	unknown	elaboration	elaboration
What people DO say is that the question of external reality is irrelevant to understanding what scientists do and why they do it .	but I think we need to go beyond the injudicious soundbite to get at what bothers them .	1>2	unknown	background	frame
What people DO say is that the question of external reality is irrelevant to understanding what scientists do and why they do it .	This is quite a different claim , and should be thought of in the same light as trying to explain religion without making reference to a deity .	1<2	unknown	elaboration	elaboration
This is quite a different claim , and should be thought of in the same light as trying to explain religion without making reference to a deity .	One need not be an atheist to think this a worthwhile project .	1<2	unknown	background	frame
Now , I will grant that some people attached to the political movement side of feminism , ecology , and multiculturalism often sound anti-science ,	but I think we need to go beyond the injudicious soundbite to get at what bothers them .	1>2	unknown	concession	concession
but I wonder just how receptive NYRB is to science studies .	but I think we need to go beyond the injudicious soundbite to get at what bothers them .	1<2	unknown	joint	conjunction
As we get closer to the ' academic ' side of our field ,	more hostility is vented toward philosophers than scientists .	1>2	unknown	circumstance	temporal
but I think we need to go beyond the injudicious soundbite to get at what bothers them .	more hostility is vented toward philosophers than scientists .	1<2	unknown	elaboration	elaboration
more hostility is vented toward philosophers than scientists .	Latour , e.g. , once described philosophers of science as ' the strumpets and whores of science '	1<2	unknown	elaboration	elaboration
Latour , e.g. , once described philosophers of science as ' the strumpets and whores of science '	( something like this appears in the interview he did with Werner Callebaut in _ Taking the Naturalistic Turn_ ) .	1<2	unknown	background	frame
And when scientists are harangued ,	it 's usually because they 've bought into some philosophical theory of science that leads them to capitalize their references to ' truth ' .	1>2	unknown	circumstance	temporal
but I think we need to go beyond the injudicious soundbite to get at what bothers them .	it 's usually because they 've bought into some philosophical theory of science that leads them to capitalize their references to ' truth ' .	1<2	unknown	elaboration	elaboration
it 's usually because they 've bought into some philosophical theory of science that leads them to capitalize their references to ' truth ' .	For example , I 've never read anything by Harry Collins that was anti-science .	1<2	unknown	circumstance	temporal
For example , I 've never read anything by Harry Collins that was anti-science .	In fact , in his piece for the THES , he actually goes out of his way to say how much he likes science and how he 's trying to get people to relate to it better	1<2	unknown	evidence	explanation
In fact , in his piece for the THES , he actually goes out of his way to say how much he likes science and how he 's trying to get people to relate to it better	( The piece is written as a long advertisement for _ The Golem_ , recently released in paperback . )	1<2	unknown	background	frame
> From Lieberman	Please let me clarify what I referred to elliptically about the existence of reality .	1>2	unknown	preparation	organization
Please let me clarify what I referred to elliptically about the existence of reality .	I will give an example that I offer my undergraduate students in a course on sexuality .	1<2	unknown	elaboration	elaboration
I will give an example that I offer my undergraduate students in a course on sexuality .	I ask them what is happening when an engaged man has sexual relations with a married prostitute who does not take any money .	1<2	unknown	elaboration	elaboration
I ask them what is happening when an engaged man has sexual relations with a married prostitute who does not take any money .	Is it premarital intercourse , extramarital intercourse , extrapremarital intercourse ( cheating on your lover ) or intercourse with a prostitute --- one of Kinsey 's categories .	1<2	unknown	elaboration	elaboration
Is it premarital intercourse , extramarital intercourse , extrapremarital intercourse ( cheating on your lover ) or intercourse with a prostitute --- one of Kinsey 's categories .	Premarital intercourse does not exist in the sense that my undergraduate students understand it ,	1<2	unknown	interpretation	comment
Premarital intercourse does not exist in the sense that my undergraduate students understand it ,	nor does it exist in the sense that almost all legislators who allocate the money for science believe it does .	1<2	unknown	disjunction	alternation
Please let me clarify what I referred to elliptically about the existence of reality .	My own position is closest to that of Stephen Cole who in MAKING SCIENCE refers to himself as a realist - constructivist .	1<2	unknown	elaboration	elaboration
My own position is closest to that of Stephen Cole who in MAKING SCIENCE refers to himself as a realist - constructivist .	As for the Mannheim paradox and social constructionists who inevitably " lapse " into realism --- that is our fate .	1<2	unknown	elaboration	elaboration
On HAMLETT 's call to arms ...	It looks like the inevitable clash between scientists and STSers is beginning to happen in earnest .	1>2	unknown	preparation	organization
It looks like the inevitable clash between scientists and STSers is beginning to happen in earnest .	We 're planning a conference in Durham for early December to bring the various parties together -- and to include some middle - of - the - road types ( historians and philosophers ) whose voices have not been heard so far .	1>2	unknown	solutionhood	query
It looks like the inevitable clash between scientists and STSers is beginning to happen in earnest .	Over here in the UK , Harry Collins ' stubbly face takes up half of the frontpage of the most recent Times Higher Education Supplement .	1<2	unknown	evidence	explanation
Over here in the UK , Harry Collins ' stubbly face takes up half of the frontpage of the most recent Times Higher Education Supplement .	Inside are three pages of sociologists and scientists facing off against each other .	1<2	unknown	elaboration	elaboration
Inside are three pages of sociologists and scientists facing off against each other .	( Mostly scientists are represented ,	1<2	unknown	background	frame
( Mostly scientists are represented ,	though not all are unsympathetic to STS - style claims . )	1<2	unknown	concession	concession
Over here in the UK , Harry Collins ' stubbly face takes up half of the frontpage of the most recent Times Higher Education Supplement .	The THES has been quite good about covering STS stuff generally .	1<2	unknown	background	frame
The THES has been quite good about covering STS stuff generally .	For example , they periodically feature editorials that chastise scientists for not taking the trouble to publicly justify their activities .	1<2	unknown	elaboration	elaboration
For example , they periodically feature editorials that chastise scientists for not taking the trouble to publicly justify their activities .	STS is portrayed as a symptom of scientists ' increasing insularity .	1<2	unknown	elaboration	elaboration
It looks like the inevitable clash between scientists and STSers is beginning to happen in earnest .	The most recent cause celebre in this dispute is Harry Collins ' refusing to share the podium with arch - STS - basher , biologist Lewis Wolpert , at the British Association for the Advancement of Science meetings , and then being harangued by Wolpert for desecrating science in various ways .	1<2	unknown	evidence	explanation
Just from looking at how this has played out in the media so far , it seems to me that STSers are inclined to send out two different messages :	( 1 ) STSer s just want to be left alone to study science - in - action ,	1>2	unknown	background	frame
We 're planning a conference in Durham for early December to bring the various parties together -- and to include some middle - of - the - road types ( historians and philosophers ) whose voices have not been heard so far .	( 1 ) STSer s just want to be left alone to study science - in - action ,	1<2	unknown	elaboration	elaboration
and if scientists want to challenge STS claims ,	they should study up on the subject first .	1>2	unknown	condition	condition
( 1 ) STSer s just want to be left alone to study science - in - action ,	they should study up on the subject first .	1<2	unknown	conjunction	conjunction
( 1 ) STSer s just want to be left alone to study science - in - action ,	It 's a kind of academic freedom defense ,	1<2	unknown	summary	organization
It 's a kind of academic freedom defense ,	and Collins makes the appeal quite openly .	1<2	unknown	conjunction	conjunction
they should study up on the subject first .	(2) STSer s want to open up ' public understanding of science ' to include , not merely appreciative gazes ( a la most science popularization ) , but also discussions about the kinds of scientific research that should be supported .	1<2	unknown	disjunction	alternation
(2) STSer s want to open up ' public understanding of science ' to include , not merely appreciative gazes ( a la most science popularization ) , but also discussions about the kinds of scientific research that should be supported .	This is the kind of democratizing move that I personally prefer .	1<2	unknown	solutionhood	query
Although ( 1 ) and ( 2 ) have common foes ,	you will notice that they pull in two different directions	1>2	unknown	concession	concession
( 1 ) STSer s just want to be left alone to study science - in - action ,	you will notice that they pull in two different directions	1<2	unknown	elaboration	elaboration
you will notice that they pull in two different directions	-- one toward expertism ( i.e. STS is itself an expertise ) and the other toward anti-expertism .	1<2	unknown	elaboration	elaboration
Nobody involved in the public side of this debate has remarked on the tension between the two positions ,	but I imagine it will become more prominent as ' STS ' starts to represent something in the public 's eye .	1>2	unknown	antithesis	contrast
but I imagine it will become more prominent as ' STS ' starts to represent something in the public 's eye .	For the moment , however , it 's been my experience that both journalists and scientists are fixated on the possibility that constructivist STS denies the existence of an external reality -- and how one could say such absurd ( but dangerous ! ) things .	1>2	unknown	concession	concession
you will notice that they pull in two different directions	For the moment , however , it 's been my experience that both journalists and scientists are fixated on the possibility that constructivist STS denies the existence of an external reality -- and how one could say such absurd ( but dangerous ! ) things .	1<2	unknown	elaboration	elaboration
For the moment , however , it 's been my experience that both journalists and scientists are fixated on the possibility that constructivist STS denies the existence of an external reality -- and how one could say such absurd ( but dangerous ! ) things .	People seem to have a hard time getting beyond worrying about this issue , which leads me to think that there is indeed something almost ' sacred ' about people 's allegiances to science .	1<2	unknown	background	frame
Gentle STSers :	Reply to BOUZID , WHO WRITES :	1>2	unknown	preparation	organization
Reply to BOUZID , WHO WRITES :	--------------- As far as I am concerned , the " reflexivity problem " is a non problem ( beyond a certain point , e.g. , beyond one level of reflexion ) , and the more we dwell on it , by that much we are wasting time . It 's a very nice academic question , but a question that I think has been inflated too much . It is time we let that big balloon float away . ----------------------------	1>2	unknown	preparation	organization
--------------- As far as I am concerned , the " reflexivity problem " is a non problem ( beyond a certain point , e.g. , beyond one level of reflexion ) , and the more we dwell on it , by that much we are wasting time . It 's a very nice academic question , but a question that I think has been inflated too much . It is time we let that big balloon float away . ----------------------------	Well , BOUZID , taking it at ONE level of relexion and not dwelling on it ... I still ask :	1>2	unknown	antithesis	contrast
Do we , as STSers , polemicize the debate	if we claim disciplinary immunity for our research ?	1>2	unknown	nonvolitional-cause	causal
Well , BOUZID , taking it at ONE level of relexion and not dwelling on it ... I still ask :	if we claim disciplinary immunity for our research ?	1<2	unknown	elaboration	elaboration
if we claim disciplinary immunity for our research ?	On what basis can we make that claim for ourselves , yet deny it to the ' hard sciences ' ?	1<2	unknown	evaluation	comment
On what basis can we make that claim for ourselves , yet deny it to the ' hard sciences ' ?	We ca n't have it both ways !	1<2	unknown	elaboration	elaboration
We ca n't have it both ways !	In pointing out the social dimensions of ' doing science ' are we critiquing the way ' natural ' science is done ?	1<2	unknown	elaboration	elaboration
In pointing out the social dimensions of ' doing science ' are we critiquing the way ' natural ' science is done ?	If so , we must be willing to listen to and engage our own critics on the way we do ' social ' science .	1<2	unknown	nonvolitional-result	causal
---------------- Also , FULLER seems to be concerned a bit by the question of " expert " .... It 's not the notion of " expert " that should bother us , per se , but the notion that the expert has control and TAKES THE INITIATIVE to define what is a problem , how to solve it , and what counts as a solution . That experts are allowed to do that is what should bother us . In a more democratic society , the expert still has his / her role to play : but , the way I see it , this expert would not be the one taking the initiative , but would be , as it were , at the service ofthe larger populace . ----------------------------------	BOUZID seems to hit directly on a very widely accepted definition of ' expert ' :	1>2	unknown	preparation	organization
BOUZID seems to hit directly on a very widely accepted definition of ' expert ' :	I assume he wants a new definition within STS .	1>2	unknown	background	frame
BOUZID seems to hit directly on a very widely accepted definition of ' expert ' :	One who belongs to a group who reserves for members of the group the ONLY right to define what is a problem , how to solve it , and what counts as a solution !	1<2	unknown	elaboration	elaboration
One who belongs to a group who reserves for members of the group the ONLY right to define what is a problem , how to solve it , and what counts as a solution !	All in the name of service to the larger , less informed , populace .	1<2	unknown	elaboration	elaboration
Is BOUZID proposing to use a new definition just amoung us STSers ,	I assume he wants a new definition within STS .	1>2	unknown	solutionhood	query
Is BOUZID proposing to use a new definition just amoung us STSers ,	or does the definition need to change within the ' larger populace ' ?	1<2	unknown	disjunction	alternation
As BOUZID goes on to say he does n't think we can " try to raise the consciousness of the public " ,	I assume he wants a new definition within STS .	1>2	unknown	nonvolitional-cause	causal
I assume he wants a new definition within STS .	But I 'm not sure this gets at the problem of ' democratizing ' science .	1>2	unknown	antithesis	contrast
Well , BOUZID , taking it at ONE level of relexion and not dwelling on it ... I still ask :	But I 'm not sure this gets at the problem of ' democratizing ' science .	1<2	unknown	joint	conjunction
When FULLER talks about ' democratizing ' science , ( correct me if I 'm wrong ) ,	he generally thinks about that as a job for the ' social epistemologist ' as a mediator .	1>2	unknown	circumstance	temporal
But I 'm not sure this gets at the problem of ' democratizing ' science .	he generally thinks about that as a job for the ' social epistemologist ' as a mediator .	1<2	unknown	background	frame
he generally thinks about that as a job for the ' social epistemologist ' as a mediator .	I think of that mediation as being the pursuit of commensurable models within both the ' natural ' and the ' social ' sciences , not to mention humanism .	1<2	unknown	elaboration	elaboration
But I 'm not sure this gets at the problem of ' democratizing ' science .	But , I do n't think we can place too much hope on " blue collar scientists " ,	1<2	unknown	elaboration	elaboration
But , I do n't think we can place too much hope on " blue collar scientists " ,	are they not ' experts ' , as well ?	1<2	unknown	evidence	explanation
are they not ' experts ' , as well ?	Will they be willing to give - up their rights to define what is a problem , how to solve it , and what counts as a solution ?	1<2	unknown	elaboration	elaboration
While some of their approaches , or , to be Kuhnian , paradigms , may differ ,	but I 'm not sure they want to give up autonomy .	1>2	unknown	concession	concession
Will they be willing to give - up their rights to define what is a problem , how to solve it , and what counts as a solution ?	but I 'm not sure they want to give up autonomy .	1<2	unknown	elaboration	elaboration
But , I do n't think we can place too much hope on " blue collar scientists " ,	And do we , in STS , really want to say to the ' natural ' scientists :	1<2	unknown	evidence	explanation
And do we , in STS , really want to say to the ' natural ' scientists :	" Bring us your grantless , your tenureless , your dissaffected . . . ,	1<2	unknown	elaboration	elaboration
" Bring us your grantless , your tenureless , your dissaffected . . . ,	and we 'll turn them into ' real ' experts " ?	1<2	unknown	conjunction	conjunction
Response to COLLINS 's Flaming Letter :	Now , I see why this debate does n't get anywhere ...	1>2	unknown	preparation	organization
Now , I see why this debate does n't get anywhere ...	But on to the main points .	1>2	unknown	preparation	organization
But on to the main points .	( 1 ) I decided to approach the scientists first because I figured that they would be the hardest to get involved in the project , especially given that a Sociology Department was getting the ball rolling .	1>2	unknown	preparation	organization
( 1 ) I decided to approach the scientists first because I figured that they would be the hardest to get involved in the project , especially given that a Sociology Department was getting the ball rolling .	Conceivably , they might feel like they were being ambushed ,	1<2	unknown	nonvolitional-cause	causal
and if they did ,	we had no conference .	1>2	unknown	condition	condition
Conceivably , they might feel like they were being ambushed ,	we had no conference .	1<2	unknown	nonvolitional-result	causal
( 1 ) I decided to approach the scientists first because I figured that they would be the hardest to get involved in the project , especially given that a Sociology Department was getting the ball rolling .	In any case , these guys were only contacted the day before yesterday ,	1<2	unknown	circumstance	temporal
( 1 ) I decided to approach the scientists first because I figured that they would be the hardest to get involved in the project , especially given that a Sociology Department was getting the ball rolling .	and I was going to be in New Orleans next week to see many of the UK sociologists en masse .	1<2	unknown	circumstance	temporal
( 1 ) I decided to approach the scientists first because I figured that they would be the hardest to get involved in the project , especially given that a Sociology Department was getting the ball rolling .	(2) There is an open question as to who exactly is attacking whom .	1<2	unknown	list	conjunction
Harry 's article is just one of several in the THES issue .	Many of the scientists feel like they 're under attack ,	1>2	unknown	antithesis	contrast
(2) There is an open question as to who exactly is attacking whom .	Many of the scientists feel like they 're under attack ,	1<2	unknown	evidence	explanation
Many of the scientists feel like they 're under attack ,	and the lead article by the THES reporter portrays the issue that way .	1<2	unknown	elaboration	elaboration
I realize that Harry himself has taken a lot of blows from scientists in his day ,	but he 's not the only one suffering here .	1>2	unknown	concession	concession
Many of the scientists feel like they 're under attack ,	but he 's not the only one suffering here .	1<2	unknown	elaboration	elaboration
(2) There is an open question as to who exactly is attacking whom .	(3) Another thing that Harry fails to ackowledge -- and which this conference aims to address -- is that the hardcore of SSK people ( are we talking about 15 or 20 people maybe ? ) is not the only sociologically oriented position under consideration in these debates .	1<2	unknown	list	conjunction
(3) Another thing that Harry fails to ackowledge -- and which this conference aims to address -- is that the hardcore of SSK people ( are we talking about 15 or 20 people maybe ? ) is not the only sociologically oriented position under consideration in these debates .	Certainly , hard core SSK is a minority of the people who identify with the STS movement .	1<2	unknown	elaboration	elaboration
Certainly , hard core SSK is a minority of the people who identify with the STS movement .	In the UK alone , there are places like Manchester and Sussex that do STS work but have little to do with SSK .	1<2	unknown	evidence	explanation
(3) Another thing that Harry fails to ackowledge -- and which this conference aims to address -- is that the hardcore of SSK people ( are we talking about 15 or 20 people maybe ? ) is not the only sociologically oriented position under consideration in these debates .	I imagine that even the historians of science who have been inspired by the insights of SSK are bound to be miffed	1<2	unknown	elaboration	elaboration
I imagine that even the historians of science who have been inspired by the insights of SSK are bound to be miffed	when Harry says that no one has done a case study of the DNA episode .	1<2	unknown	nonvolitional-cause	causal
Maybe no one has done a Collins - like case study ,	but certainly historical studies have been done ,	1>2	unknown	concession	concession
I imagine that even the historians of science who have been inspired by the insights of SSK are bound to be miffed	but certainly historical studies have been done ,	1<2	unknown	evidence	explanation
but certainly historical studies have been done ,	and these deserve to be aired , too , along with the rest .	1<2	unknown	elaboration	elaboration
Historically , SSK has been very important in establishing the academic identity of STS ,	but it is not the whole story by any means .	1>2	unknown	concession	concession
(3) Another thing that Harry fails to ackowledge -- and which this conference aims to address -- is that the hardcore of SSK people ( are we talking about 15 or 20 people maybe ? ) is not the only sociologically oriented position under consideration in these debates .	but it is not the whole story by any means .	1<2	unknown	summary	organization
but it is not the whole story by any means .	And nobody is served by making it look as though the entire sociology of science is summed up in _ The Golem_ .	1<2	unknown	evaluation	comment
( 4 ) I know Harry likes to pull the expert line , and draw a sharp distinction between what scientists know and what sociologists of science know .	Unfortunately , Harry has n't yet convinced the scientists that there is a distinction ,	1>2	unknown	antithesis	contrast
(3) Another thing that Harry fails to ackowledge -- and which this conference aims to address -- is that the hardcore of SSK people ( are we talking about 15 or 20 people maybe ? ) is not the only sociologically oriented position under consideration in these debates .	Unfortunately , Harry has n't yet convinced the scientists that there is a distinction ,	1<2	unknown	list	conjunction
Unfortunately , Harry has n't yet convinced the scientists that there is a distinction ,	and his rhetoric just invites them to throw the charge back in his face :	1<2	unknown	elaboration	elaboration
and his rhetoric just invites them to throw the charge back in his face :	' Harry , what do you know about physics ?! '	1<2	unknown	elaboration	elaboration
Part of the problem here is that there are many different reasons why people think sociology of science is worth doing	and that will influence how one wants to draw the line between the authority of the science studies practitioner and the scientist .	1>2	unknown	nonvolitional-cause	causal
Part of the problem here is that there are many different reasons why people think sociology of science is worth doing	-- scientists even think this --	1<2	unknown	background	frame
Unfortunately , Harry has n't yet convinced the scientists that there is a distinction ,	and that will influence how one wants to draw the line between the authority of the science studies practitioner and the scientist .	1<2	unknown	evidence	explanation
and that will influence how one wants to draw the line between the authority of the science studies practitioner and the scientist .	Again , this needs to be aired .	1<2	unknown	evaluation	comment
( 1 ) I decided to approach the scientists first because I figured that they would be the hardest to get involved in the project , especially given that a Sociology Department was getting the ball rolling .	I invite you all to get involved !	1<2	unknown	motivation	explanation
> From today 's Chronicle of Higher Education , Section 2 , front page :	" The Perils of Democratizing Science , " by Normal Levitt & Paul R. Gross " The old respect [ for science ] ... is being supplanted by hostile criticism , which ranges from the tendentious to ludicrous ... Unlike the manifestations of hatred of science in the past , which arose typically from religious orthodoxy or Romantic conservatism , contemporary science bashing is a sport of the academic left . Radical critics insist that science is no more than a social artifact , that its ideas are " constructed " purely on the basis of social pressures and prejudices ... ... Any recognition that science pursued according to these viewpoints [ i.e. , according to the " interests of the dispossessed " ] might , in fact , simply be warped by new , though different , political biases is suppressed by scholars steeped in the " sociology of scientific knowledge . " This perspective is firmly grounded in relativism , the central point of which is that any community 's " : way of knowing " is as good as any other 's . Why not , then , " construct " a science that flatters _your_ community 's hopes ? " " The proposition that science is merely socially determined convention , that it is ridden with the biases of a hermetic scientific community , that scientists pursue not truth but profitable consensus -- such opinions are not only held by a number of ambitious academics ; they also appear to be gaining ground , albeit in toned - down form , among a vastly larger audience of journalists , politicians , students , and general readers . Absorbing aspects of these ideological judgments leads otherwise intelligent people to take seriously the idea that the way science " works " is just a matter of negotiation and persuasion . " " Many intellectuals , new to debates over scientific issues , are convinced that the apparent difficulty of science lies in its jargon , not in the subtlety of its content , and that the ability to contest scientific positions requires only learning the sociology and politics of science . Thus they ignore the wrestling with concepts that is the heart of science education . Even worse , they overlook the methodological savvy needed to understand complex phenomena -- the need to have some grasp of the principles of probability and statistics , for example . "	1>2	unknown	preparation	organization
" The Perils of Democratizing Science , " by Normal Levitt & Paul R. Gross " The old respect [ for science ] ... is being supplanted by hostile criticism , which ranges from the tendentious to ludicrous ... Unlike the manifestations of hatred of science in the past , which arose typically from religious orthodoxy or Romantic conservatism , contemporary science bashing is a sport of the academic left . Radical critics insist that science is no more than a social artifact , that its ideas are " constructed " purely on the basis of social pressures and prejudices ... ... Any recognition that science pursued according to these viewpoints [ i.e. , according to the " interests of the dispossessed " ] might , in fact , simply be warped by new , though different , political biases is suppressed by scholars steeped in the " sociology of scientific knowledge . " This perspective is firmly grounded in relativism , the central point of which is that any community 's " : way of knowing " is as good as any other 's . Why not , then , " construct " a science that flatters _your_ community 's hopes ? " " The proposition that science is merely socially determined convention , that it is ridden with the biases of a hermetic scientific community , that scientists pursue not truth but profitable consensus -- such opinions are not only held by a number of ambitious academics ; they also appear to be gaining ground , albeit in toned - down form , among a vastly larger audience of journalists , politicians , students , and general readers . Absorbing aspects of these ideological judgments leads otherwise intelligent people to take seriously the idea that the way science " works " is just a matter of negotiation and persuasion . " " Many intellectuals , new to debates over scientific issues , are convinced that the apparent difficulty of science lies in its jargon , not in the subtlety of its content , and that the ability to contest scientific positions requires only learning the sociology and politics of science . Thus they ignore the wrestling with concepts that is the heart of science education . Even worse , they overlook the methodological savvy needed to understand complex phenomena -- the need to have some grasp of the principles of probability and statistics , for example . "	Given this description of what it is we do , how many of you feel emboldened to approach your Dean or Provost for resources to create and build STS programs on your campuses ?	1>2	unknown	nonvolitional-cause	causal
" The Perils of Democratizing Science , " by Normal Levitt & Paul R. Gross " The old respect [ for science ] ... is being supplanted by hostile criticism , which ranges from the tendentious to ludicrous ... Unlike the manifestations of hatred of science in the past , which arose typically from religious orthodoxy or Romantic conservatism , contemporary science bashing is a sport of the academic left . Radical critics insist that science is no more than a social artifact , that its ideas are " constructed " purely on the basis of social pressures and prejudices ... ... Any recognition that science pursued according to these viewpoints [ i.e. , according to the " interests of the dispossessed " ] might , in fact , simply be warped by new , though different , political biases is suppressed by scholars steeped in the " sociology of scientific knowledge . " This perspective is firmly grounded in relativism , the central point of which is that any community 's " : way of knowing " is as good as any other 's . Why not , then , " construct " a science that flatters _your_ community 's hopes ? " " The proposition that science is merely socially determined convention , that it is ridden with the biases of a hermetic scientific community , that scientists pursue not truth but profitable consensus -- such opinions are not only held by a number of ambitious academics ; they also appear to be gaining ground , albeit in toned - down form , among a vastly larger audience of journalists , politicians , students , and general readers . Absorbing aspects of these ideological judgments leads otherwise intelligent people to take seriously the idea that the way science " works " is just a matter of negotiation and persuasion . " " Many intellectuals , new to debates over scientific issues , are convinced that the apparent difficulty of science lies in its jargon , not in the subtlety of its content , and that the ability to contest scientific positions requires only learning the sociology and politics of science . Thus they ignore the wrestling with concepts that is the heart of science education . Even worse , they overlook the methodological savvy needed to understand complex phenomena -- the need to have some grasp of the principles of probability and statistics , for example . "	NB : These are , obviously , selected excerpts from the Levitt & Gross piece .	1<2	unknown	background	frame
NB : These are , obviously , selected excerpts from the Levitt & Gross piece .	All are encouraged to read the article in its entirety .	1<2	unknown	elaboration	elaboration
Given this description of what it is we do , how many of you feel emboldened to approach your Dean or Provost for resources to create and build STS programs on your campuses ?	and it 's time to introduce ourselves to the wider world as we understand ourselves ,	1>2	unknown	motivation	explanation
We 've been noticed , folks ,	and it 's time to introduce ourselves to the wider world as we understand ourselves ,	1>2	unknown	circumstance	temporal
and it 's time to introduce ourselves to the wider world as we understand ourselves ,	rather than to allow others to define us , our goals , and our insights for us .	1<2	unknown	antithesis	contrast
> From GROSS :	> Well , maybe . But how about responding substantively to the > substantive arguments made by such fascist beasts as Gross and > Levitt . Is it not remotely possible that they -- and other " elite " > scientists -- would respond ?	1>2	unknown	preparation	organization
> Well , maybe . But how about responding substantively to the > substantive arguments made by such fascist beasts as Gross and > Levitt . Is it not remotely possible that they -- and other " elite " > scientists -- would respond ?	Of course they will respond --	1>2	unknown	antithesis	contrast
Of course they will respond --	and it 's as easy as one - two - three what they will say .	1<2	unknown	elaboration	elaboration
and it 's as easy as one - two - three what they will say .	( See HAMLETT 's posting . )	1<2	unknown	elaboration	elaboration
I believe that I made myself clear :	rationality in and of itself leads nowhere when one is in a position of inferiority .	1>2	unknown	preparation	organization
Of course they will respond --	rationality in and of itself leads nowhere when one is in a position of inferiority .	1<2	unknown	elaboration	elaboration
Reasonable and strong as our arguments may be ,	they will go nowhere with people who are biased such as yourself .	1>2	unknown	concession	concession
rationality in and of itself leads nowhere when one is in a position of inferiority .	they will go nowhere with people who are biased such as yourself .	1<2	unknown	evidence	explanation
But not only that , even if you were convinced ,	they would go nowhere ,	1>2	unknown	condition	condition
rationality in and of itself leads nowhere when one is in a position of inferiority .	they would go nowhere ,	1<2	unknown	evidence	explanation
they would go nowhere ,	because their implications have serious ramifications on the status quo .	1<2	unknown	nonvolitional-cause	causal
because their implications have serious ramifications on the status quo .	( For one thing , the budding niche from which some of these Big scientists are making a nice living would be disrupted .	1<2	unknown	elaboration	elaboration
rationality in and of itself leads nowhere when one is in a position of inferiority .	Ineed , it 's an interesting twist ( with many hints to the larger cultural , political , etc. , context ) to the old story of glorifying science to have creepy and weird creatures crawling around now .	1<2	unknown	background	frame
Ineed , it 's an interesting twist ( with many hints to the larger cultural , political , etc. , context ) to the old story of glorifying science to have creepy and weird creatures crawling around now .	It adds drama and suspense	1<2	unknown	elaboration	elaboration
It adds drama and suspense	( Weinberg and Wolpert devote a chapter each to us ) ,	1<2	unknown	background	frame
Ineed , it 's an interesting twist ( with many hints to the larger cultural , political , etc. , context ) to the old story of glorifying science to have creepy and weird creatures crawling around now .	a nice detour and a fresh thing to confront , to the usual run - of - the - mill , and after a while , boring and predictable Science Story ) .	1<2	unknown	elaboration	elaboration
Of course they will respond --	> Your strategy , rather , is to Get the > Bastards from behind , isolate them from the " malcontents " of > science ( your word ) , and go on to Victory . Sounds familiar . > Quite a few of the tyrants of history have set that strategy down > in writing .	1<2	unknown	joint	conjunction
> Your strategy , rather , is to Get the > Bastards from behind , isolate them from the " malcontents " of > science ( your word ) , and go on to Victory . Sounds familiar . > Quite a few of the tyrants of history have set that strategy down > in writing .	Yes , with your conception of what history is about ( remember , folks , it 's _muddleheadedness_ that is at the root of all humankind 's ills )	1<2	unknown	interpretation	comment
Yes , with your conception of what history is about ( remember , folks , it 's _muddleheadedness_ that is at the root of all humankind 's ills )	I need not worry too much .	1<2	unknown	elaboration	elaboration
Yes , with your conception of what history is about ( remember , folks , it 's _muddleheadedness_ that is at the root of all humankind 's ills )	All the same , watch your back ....	1<2	unknown	elaboration	elaboration
BOUZID thinks " the trick is to present our message to these scientists in such a way that the false impression given that we are anti-science is avoided " .	My general impression from GROSS & Levitt was that the real trick for some will be to avoid the appearance that it is * non * science .	1>2	unknown	antithesis	contrast
My general impression from GROSS & Levitt was that the real trick for some will be to avoid the appearance that it is * non * science .	Despite Bouzid 's demurals , I 'd like to see some constructive exchange .	1>2	unknown	background	frame
If you go around insisting that people ( " blue - collar " or otherwise ) take you seriously ,	you might figure they are going to read you carefully .	1>2	unknown	condition	condition
My general impression from GROSS & Levitt was that the real trick for some will be to avoid the appearance that it is * non * science .	you might figure they are going to read you carefully .	1<2	unknown	evaluation	comment
But there is no need for anyone to speak for Paul Gross .	He is a gentlemanly if occasionally ascerbic participant in this list , a fact that gives the lie to statements like this , from BOUZID :	1>2	unknown	background	frame
My general impression from GROSS & Levitt was that the real trick for some will be to avoid the appearance that it is * non * science .	He is a gentlemanly if occasionally ascerbic participant in this list , a fact that gives the lie to statements like this , from BOUZID :	1<2	unknown	joint	conjunction
He is a gentlemanly if occasionally ascerbic participant in this list , a fact that gives the lie to statements like this , from BOUZID :	" these people have absolutely no interest whatsoever in getting involved in any sort of constructive exchange with us . Their intentions are as transparent as their aversion for us .. So , reacting to them by developing an argument would be foolhardy , not to say pathetic . "	1<2	unknown	antithesis	contrast
I never much liked symmetry ,	but there 's no getting away from it this time .	1>2	unknown	concession	concession
but there 's no getting away from it this time .	Many scientists would happily appropriate BOUZID 's claim , that " enough work has been done already for anyone who is operating in good faith " .	1>2	unknown	preparation	organization
He is a gentlemanly if occasionally ascerbic participant in this list , a fact that gives the lie to statements like this , from BOUZID :	Many scientists would happily appropriate BOUZID 's claim , that " enough work has been done already for anyone who is operating in good faith " .	1<2	unknown	joint	conjunction
Many scientists would happily appropriate BOUZID 's claim , that " enough work has been done already for anyone who is operating in good faith " .	Or they might swap some nouns with FULLER :	1<2	unknown	disjunction	alternation
Or they might swap some nouns with FULLER :	" [ Some ] STSer s just want to be left alone to do science studies , and if scientists want to challenge STS claims , they should study up on the subject first . It 's a kind of academic freedom defense ... " .	1<2	unknown	elaboration	elaboration
At various points in the earlier exchanges on G&L , it was grudgingly conceded that the scientific base of certain STS authors was weak or worse ,	but the claim was commonly made that this did not necessarily reduce the value of that work , at least for some purposes .	1>2	unknown	concession	concession
Or they might swap some nouns with FULLER :	but the claim was commonly made that this did not necessarily reduce the value of that work , at least for some purposes .	1<2	unknown	joint	conjunction
but the claim was commonly made that this did not necessarily reduce the value of that work , at least for some purposes .	Now we find folks insisting that scientists must be steeped in STS in order to make worthwhile commentary on it , or even be admitted to the discussion ,	1<2	unknown	contrast	contrast
Now we find folks insisting that scientists must be steeped in STS in order to make worthwhile commentary on it , or even be admitted to the discussion ,	while some scientists claim a place at the table .	1<2	unknown	elaboration	elaboration
but the claim was commonly made that this did not necessarily reduce the value of that work , at least for some purposes .	The uneveness of these responses invites the goose and gander argument that M.LEE clearly made .	1<2	unknown	evaluation	comment
Similarly , although COLLINS has since had his own say ,	FULLER noted that COLLINS " likes science " ,	1>2	unknown	concession	concession
FULLER noted that COLLINS " likes science " ,	and so his view apparently is a balanced one .	1>2	unknown	nonvolitional-cause	causal
and so his view apparently is a balanced one .	Some may still recall how little ice was cut in the other direction when people ( FULLER included ) noted the sympathy of G&L for certain progressive causes .	1>2	unknown	antithesis	contrast
Now we find folks insisting that scientists must be steeped in STS in order to make worthwhile commentary on it , or even be admitted to the discussion ,	Some may still recall how little ice was cut in the other direction when people ( FULLER included ) noted the sympathy of G&L for certain progressive causes .	1<2	unknown	joint	conjunction
Some may still recall how little ice was cut in the other direction when people ( FULLER included ) noted the sympathy of G&L for certain progressive causes .	" Yeah , but " was all you heard .	1<2	unknown	evaluation	comment
One of the principals is apparently listening in ,	so there is no need for anyone to paraphrase his arguments .	1>2	unknown	nonvolitional-cause	causal
Despite Bouzid 's demurals , I 'd like to see some constructive exchange .	so there is no need for anyone to paraphrase his arguments .	1<2	unknown	background	frame
Despite Bouzid 's demurals , I 'd like to see some constructive exchange .	I am most interested in the claim that current science studies sometimes act to " subvert the standards of reason and proof " .	1<2	unknown	motivation	explanation
I am most interested in the claim that current science studies sometimes act to " subvert the standards of reason and proof " .	For example , a chapter in G&L deals with environmental issues .	1<2	unknown	elaboration	elaboration
I am most interested in the claim that current science studies sometimes act to " subvert the standards of reason and proof " .	I am assuming that those who want to challenge their views have studied up on the subject first ,	1<2	unknown	background	frame
I am assuming that those who want to challenge their views have studied up on the subject first ,	and that they are not just , as HAMLETT would have it , " following the lead of the few ... who have published attacks " .	1<2	unknown	antithesis	contrast
Despite Bouzid 's demurals , I 'd like to see some constructive exchange .	In my view , G&L come close to undermining their entire thesis by apparently buying the argument of Stephen Schneider that political goals may make it necessary to :	1<2	unknown	motivation	explanation
In my view , G&L come close to undermining their entire thesis by apparently buying the argument of Stephen Schneider that political goals may make it necessary to :	" offer up scary scenarios , make simplified dramatic statements , and make little mention of any doubts that we might have ... Each of us has to decide what the right balance is between being effective and being honest " . ( p.168 )	1<2	unknown	elaboration	elaboration
In my view , G&L come close to undermining their entire thesis by apparently buying the argument of Stephen Schneider that political goals may make it necessary to :	In what way does this differ from the personalized reconstructions of scientific ideas that G&L routinely excoriate in their book ?	1<2	unknown	elaboration	elaboration
In my view , G&L come close to undermining their entire thesis by apparently buying the argument of Stephen Schneider that political goals may make it necessary to :	On what basis do they grant the " influential atmospheric scientist " Schneider so much slack ?	1<2	unknown	elaboration	elaboration
In my view , G&L come close to undermining their entire thesis by apparently buying the argument of Stephen Schneider that political goals may make it necessary to :	They " are not eager to condemn it out of hand " ,	1<2	unknown	elaboration	elaboration
They " are not eager to condemn it out of hand " ,	though eagerness can fairly be said to characterize their review of certain others .	1<2	unknown	concession	concession
They " are not eager to condemn it out of hand " ,	Their mild protestations are for once mainly pragmatic :	1<2	unknown	elaboration	elaboration
Their mild protestations are for once mainly pragmatic :	" Scientists , having deliberately blurred [ certain ] niceties in raising the alarm , will be hard pressed to call them to their defense if a particular alarm turns out false " .	1<2	unknown	elaboration	elaboration
In my view , G&L come close to undermining their entire thesis by apparently buying the argument of Stephen Schneider that political goals may make it necessary to :	Is there something here that might serve to focus the discussion about the relative merits of inflated claims in one 's own field vs. simplistic ones in other fields ?	1<2	unknown	elaboration	elaboration
I have my own thoughts on this ,	but I would be delighted to hear more , particularly from the author .	1>2	unknown	concession	concession
Despite Bouzid 's demurals , I 'd like to see some constructive exchange .	but I would be delighted to hear more , particularly from the author .	1<2	unknown	summary	organization
Separating , as well as my limited skills allow , Andrew Weiss 's two points from their deeply felt embellishments , I make them as follows :	WHATEVER caused the rate of human population growth to attain its current value , and made mass air transport possible , we have both of them NOW .	1>2	unknown	background	frame
1. L & G assert that with world population and travel as they are , bad things would happen if , when the next pandemic strikes , we did n't have organized sciences and technologies of e.g. , pathology , public health , sanitary engineering .	WHATEVER caused the rate of human population growth to attain its current value , and made mass air transport possible , we have both of them NOW .	1>2	unknown	antithesis	contrast
1. L & G assert that with world population and travel as they are , bad things would happen if , when the next pandemic strikes , we did n't have organized sciences and technologies of e.g. , pathology , public health , sanitary engineering .	Weiss now suggests that science is the CAUSE of overpopulation and world travel , and asks , moreover , does science as it is also mean high - energy physics , astronomy , " science for the military , " etc ?	1<2	unknown	elaboration	elaboration
1. L & G assert that with world population and travel as they are , bad things would happen if , when the next pandemic strikes , we did n't have organized sciences and technologies of e.g. , pathology , public health , sanitary engineering .	He reminds us also that we have a " system of science " in which women and minorities are grossly underrepresented , etc , and that it 's not the ( weakly ) democratic , developed nations for which population is a big problem , but the others .	1<2	unknown	elaboration	elaboration
1. L & G assert that with world population and travel as they are , bad things would happen if , when the next pandemic strikes , we did n't have organized sciences and technologies of e.g. , pathology , public health , sanitary engineering .	Etc.	1<2	unknown	elaboration	elaboration
Response :	WHATEVER caused the rate of human population growth to attain its current value , and made mass air transport possible , we have both of them NOW .	1>2	unknown	preparation	organization
WHATEVER caused the rate of human population growth to attain its current value , and made mass air transport possible , we have both of them NOW .	A third - world nation ( with a deep commitment to " technoscience " and thousands of intelligent people doing it ) has just -- last week - - turned to pathology , public health , and sanitary engineering to stop in its tracks ( it is hoped ! ) a threatened pandemic of pneumonic plague .	1<2	unknown	conjunction	conjunction
A third - world nation ( with a deep commitment to " technoscience " and thousands of intelligent people doing it ) has just -- last week - - turned to pathology , public health , and sanitary engineering to stop in its tracks ( it is hoped ! ) a threatened pandemic of pneumonic plague .	It even made the papers .	1<2	unknown	background	frame
The last major programs supporting only science Good for the People , after WWII , and banning science Not Good for the People , were in Stalin 's Soviet Union and Mao 's China .	The People did n't get much Good .	1>2	unknown	nonvolitional-cause	causal
A third - world nation ( with a deep commitment to " technoscience " and thousands of intelligent people doing it ) has just -- last week - - turned to pathology , public health , and sanitary engineering to stop in its tracks ( it is hoped ! ) a threatened pandemic of pneumonic plague .	The People did n't get much Good .	1<2	unknown	conjunction	conjunction
2. L & G argue for a " grudging and vigilant contract with elitism , " the meaning of which is made clear in the article .	A grudging and vigilant contract with elitism is what we have NOW .	1>2	unknown	antithesis	contrast
2. L & G argue for a " grudging and vigilant contract with elitism , " the meaning of which is made clear in the article .	" But why , " Weiss asks , " must we take the scientists ' word when it comes to deciding _what_ to study ( as opposed to how ) ?... Are scientists afraid of the people ? " Response :	1<2	unknown	elaboration	elaboration
The People did n't get much Good .	A grudging and vigilant contract with elitism is what we have NOW .	1<2	unknown	conjunction	conjunction
A grudging and vigilant contract with elitism is what we have NOW .	Maybe Weiss thinks it should be MORE grudging and vigilant .	1<2	unknown	elaboration	elaboration
Maybe Weiss thinks it should be MORE grudging and vigilant .	OK .	1<2	unknown	evaluation	comment
OK .	No argument .	1<2	unknown	elaboration	elaboration
No argument .	Maybe also more informed .	1<2	unknown	elaboration	elaboration
A grudging and vigilant contract with elitism is what we have NOW .	The distortion is to suggest that all politicians ( who are supposed to represent the public , after all ) have signed a contract that has NO vigilance or grudges .	1<2	unknown	elaboration	elaboration
The distortion is to suggest that all politicians ( who are supposed to represent the public , after all ) have signed a contract that has NO vigilance or grudges .	Anybody who believes that has not , again , been reading the papers .	1<2	unknown	evidence	explanation
Are scientists afraid of the people ?	No :	1>2	unknown	solutionhood	query
A grudging and vigilant contract with elitism is what we have NOW .	No :	1<2	unknown	elaboration	elaboration
No :	they ARE the people , or a part of it , as are professors of STS .	1<2	unknown	evidence	explanation
they ARE the people , or a part of it , as are professors of STS .	Why do not the latter apply for guidance on _what_ to study ?	1<2	unknown	evaluation	comment
No :	( Some ) scientists ( I hope ) ARE afraid of referenda on WHAT and HOW .	1<2	unknown	concession	concession
( Some ) scientists ( I hope ) ARE afraid of referenda on WHAT and HOW .	Some are old enough to remember the consternation and waste that followed , many years ago , the demand from an influential Congressman , speaking , presumably , for his constituents , that the NIH immediately deploy major resources in an attack upon Athlete 's Foot .	1<2	unknown	evidence	explanation
There is nothing against SSK or social constructivism except its self - understanding :	it is not a comprehensive programme for understanding the development of the sciences .	1<2	unknown	antithesis	contrast
There is nothing against SSK or social constructivism except its self - understanding :	The social construction of the sciences focusses on a sub - dynamics , notably its social construction .	1<2	unknown	evidence	explanation
There is nothing against SSK or social constructivism except its self - understanding :	The value of its contribution for STS has been that the programme emphasizes the contingency of the development , perhaps ad absurdum .	1<2	unknown	evidence	explanation
For example , scientific results are not expected to be symmetrical .	Instead , one expects the scientific relevance of a scientific discovery to be different from its social or institutional relevance .	1>2	unknown	antithesis	contrast
The value of its contribution for STS has been that the programme emphasizes the contingency of the development , perhaps ad absurdum .	Instead , one expects the scientific relevance of a scientific discovery to be different from its social or institutional relevance .	1<2	unknown	elaboration	elaboration
Instead , one expects the scientific relevance of a scientific discovery to be different from its social or institutional relevance .	We do not remember Pasteur because of his role in French politics , but because of his role in bio - medics .	1<2	unknown	elaboration	elaboration
The crucial point is that knowledge can not be reduced to an attribute of authors or their social institutions nor to its literary manifestations .	On the contrary , as Slezak ( 1989 ) has argued before , one expects a larger variation in the knowledge content of science than in these other dimensions ,	1>2	unknown	antithesis	contrast
There is nothing against SSK or social constructivism except its self - understanding :	On the contrary , as Slezak ( 1989 ) has argued before , one expects a larger variation in the knowledge content of science than in these other dimensions ,	1<2	unknown	summary	organization
On the contrary , as Slezak ( 1989 ) has argued before , one expects a larger variation in the knowledge content of science than in these other dimensions ,	and one should a fortiori not try to explain the larger variation in terms of the much smaller ( " socio - cognitive " ) interaction terms .	1<2	unknown	elaboration	elaboration
and one should a fortiori not try to explain the larger variation in terms of the much smaller ( " socio - cognitive " ) interaction terms .	That is just not good in sociological terms .	1<2	unknown	evaluation	comment
In other words , the sciences are not belief systems	but rational expectation systems .	1>2	unknown	antithesis	contrast
In other words , the sciences are not belief systems	( beliefs are attributes of human beings or their collectives )	1<2	unknown	background	frame
There is nothing against SSK or social constructivism except its self - understanding :	but rational expectation systems .	1<2	unknown	restatement	reformulation
The rationality is sometimes erroneously considered as part of the subject of study ( " scientificiation " ) ,	but it hopefully remains a property of the model .	1>2	unknown	antithesis	contrast
but rational expectation systems .	but it hopefully remains a property of the model .	1<2	unknown	evidence	explanation
but it hopefully remains a property of the model .	A construction can always be analysed in terms of its genesis ,	1<2	unknown	elaboration	elaboration
A construction can always be analysed in terms of its genesis ,	and indeed that provides us with " nice " stories .	1<2	unknown	nonvolitional-result	causal
and indeed that provides us with " nice " stories .	In my opinion , SSK and other social constructivists have provided us with case studies , indeed .	1<2	unknown	elaboration	elaboration
Articles in THES and the NYBR do not really help for those who are not yet " believers " .	My advice would be : stop making " knowledge claims . "	1>2	unknown	antithesis	contrast
There is nothing against SSK or social constructivism except its self - understanding :	My advice would be : stop making " knowledge claims . "	1<2	unknown	summary	organization
As noted , they play a role in the genesis of scientific knowledge only .	The selection processes are eventually more interesting .	1>2	unknown	antithesis	contrast
My advice would be : stop making " knowledge claims . "	The selection processes are eventually more interesting .	1<2	unknown	evidence	explanation
> A third - world nation ( with a deep commitment to " technoscience " and > thousands of intelligent people doing it ) has just -- last week - - turned to > pathology , public health , and sanitary engineering to stop in its tracks > ( it is hoped ! ) a threatened pandemic of pneumonic plague . It even made > the papers .	GROSS might do well to consult the literature of historical demography and medical history to learn something about the significance ( or relative lack thereof ) of scientific research in the transformation of disease patterns in what we now think of as the " developed world . "	1>2	unknown	antithesis	contrast
GROSS might do well to consult the literature of historical demography and medical history to learn something about the significance ( or relative lack thereof ) of scientific research in the transformation of disease patterns in what we now think of as the " developed world . "	Scientists and physicians working in pathology and medical bacteriology in the late 19th century were indeed learning a lot about pathogenesis , much of which we still tend to accept as an accurate depiction of reality .	1<2	unknown	motivation	explanation
Scientists and physicians working in pathology and medical bacteriology in the late 19th century were indeed learning a lot about pathogenesis , much of which we still tend to accept as an accurate depiction of reality .	They were not , however , contributing to the huge declines in mortality from most of the serious infectious diseases .	1<2	unknown	elaboration	elaboration
They were not , however , contributing to the huge declines in mortality from most of the serious infectious diseases .	19th - century public health and sanitary engineering were not particularly science - based .	1<2	unknown	elaboration	elaboration
19th - century public health and sanitary engineering were not particularly science - based .	Most sanitary campaigns were understood in terms of the filth theory of disease .	1<2	unknown	elaboration	elaboration
GROSS might do well to consult the literature of historical demography and medical history to learn something about the significance ( or relative lack thereof ) of scientific research in the transformation of disease patterns in what we now think of as the " developed world . "	Moreover , the degree to which even public health and engineering influenced disease patterns is subject to debate .	1<2	unknown	motivation	explanation
Moreover , the degree to which even public health and engineering influenced disease patterns is subject to debate .	Improvements in nutrition , housing , and other aspects of living standard ( events incidental to rapidly expanding industrial economies ) are generally credited with having a major effect .	1<2	unknown	evidence	explanation
GROSS might do well to consult the literature of historical demography and medical history to learn something about the significance ( or relative lack thereof ) of scientific research in the transformation of disease patterns in what we now think of as the " developed world . "	I urge GROSS to sit down with Richard Evans 's _Death in Hamburg_ , especially the last few chapters , for a very well - informed historical discussion on the relative importance of social reform and science in the improvement of the public health .	1<2	unknown	elaboration	elaboration
I urge GROSS to sit down with Richard Evans 's _Death in Hamburg_ , especially the last few chapters , for a very well - informed historical discussion on the relative importance of social reform and science in the improvement of the public health .	( More bibliographic citations available on request ) .	1<2	unknown	evidence	explanation
I urge GROSS to sit down with Richard Evans 's _Death in Hamburg_ , especially the last few chapters , for a very well - informed historical discussion on the relative importance of social reform and science in the improvement of the public health .	_ Death in Hamburg_ , by the way , concentrates on the experience of cholera in Hamburg in the nineteenth century .	1<2	unknown	motivation	explanation
_ Death in Hamburg_ , by the way , concentrates on the experience of cholera in Hamburg in the nineteenth century .	It is shocking that cholera , a water - borne bacterial disease , has recently re-emerged in parts of the world where it had n't been seen in a hundred years .	1<2	unknown	elaboration	elaboration
Do GROSS and his co-thinkers believe that this is a result of the absence of science ?	It has something to do , rather , with the effects of austerity on the public works infrastructure .	1>2	unknown	antithesis	contrast
It is shocking that cholera , a water - borne bacterial disease , has recently re-emerged in parts of the world where it had n't been seen in a hundred years .	It has something to do , rather , with the effects of austerity on the public works infrastructure .	1<2	unknown	elaboration	elaboration
GROSS might do well to consult the literature of historical demography and medical history to learn something about the significance ( or relative lack thereof ) of scientific research in the transformation of disease patterns in what we now think of as the " developed world . "	The resurgence of measles and tuberculosis provides other examples of how public policy -- not particularly related to support of or opposition to science -- affects health .	1<2	unknown	motivation	explanation
The resurgence of measles and tuberculosis provides other examples of how public policy -- not particularly related to support of or opposition to science -- affects health .	( Of course , part of the problem with tuberculosis has to do with an over - dependence on science - based medicine .	1<2	unknown	background	frame
Antibiotics entered the scene when tb was all but conquered in the industrial world .	Use of antibiotics against the bacillus has led to drug - resistant strains .	1>2	unknown	circumstance	temporal
( Of course , part of the problem with tuberculosis has to do with an over - dependence on science - based medicine .	Use of antibiotics against the bacillus has led to drug - resistant strains .	1<2	unknown	elaboration	elaboration
( Of course , part of the problem with tuberculosis has to do with an over - dependence on science - based medicine .	But this is another question . )	1<2	unknown	concession	concession
GROSS might do well to consult the literature of historical demography and medical history to learn something about the significance ( or relative lack thereof ) of scientific research in the transformation of disease patterns in what we now think of as the " developed world . "	I think it 's worth looking at how sociopolitical changes now occurring in India might have something to do with the recent outbreaks of plague there ,	1<2	unknown	motivation	explanation
I think it 's worth looking at how sociopolitical changes now occurring in India might have something to do with the recent outbreaks of plague there ,	rather than just looking for a " technological fix " to solve the problem .	1<2	unknown	antithesis	contrast
If they are really concerned with the health and welfare of people in India and other poor countries ,	GROSS ( and others whose perspective tends to be narrowly limited to science ) should pay attention to the social , economic , and political correlates of decent living standards .	1>2	unknown	condition	condition
GROSS ( and others whose perspective tends to be narrowly limited to science ) should pay attention to the social , economic , and political correlates of decent living standards .	Take off your blinders ,	1>2	unknown	motivation	explanation
Take off your blinders ,	It 's not that these regimes were ( or are ) anti-science ;	1>2	unknown	background	frame
Take off your blinders ,	and look at the improvements in literacy , housing , and mortality in countries such as Cuba , Nicaragua , Zimbabwe or Angola , before they were forced to bear the brunt of either military or economic assault from regional or global powers that felt threatened by their revolutions .	1<2	unknown	elaboration	elaboration
It 's not that these regimes were ( or are ) anti-science ;	It 's that science has properly been seen only as one element in creating a decent living standard .	1>2	unknown	antithesis	contrast
It 's not that these regimes were ( or are ) anti-science ;	they tend to be somewhat scientistic , in fact .	1<2	unknown	elaboration	elaboration
GROSS might do well to consult the literature of historical demography and medical history to learn something about the significance ( or relative lack thereof ) of scientific research in the transformation of disease patterns in what we now think of as the " developed world . "	It 's that science has properly been seen only as one element in creating a decent living standard .	1<2	unknown	summary	organization
The remarks by Fuller suggest that Rosenberg was right	in titling his 1976 book on the history of science , NO OTHER GODS .	1<2	unknown	elaboration	elaboration
On Wed , 5 Oct 1994 , Paul R. Gross wrote :	> Separating , as well as my limited skills allow , Andrew Weiss 's > two points from their deeply felt embellishments , I make them as > follows : > > Response : WHATEVER caused the rate of human population growth to > attain its current value , and made mass air transport possible , > we have both of them NOW . A third - world nation ( with a deep > commitment to " technoscience " and thousands of intelligent people > doing it ) has just -- last week - - turned to pathology , public > health , and sanitary engineering to stop in its tracks ( it is > hoped ! ) a threatened pandemic of pneumonic plague . It even made > the papers .	1>2	unknown	attribution	attribution
> Separating , as well as my limited skills allow , Andrew Weiss 's > two points from their deeply felt embellishments , I make them as > follows : > > Response : WHATEVER caused the rate of human population growth to > attain its current value , and made mass air transport possible , > we have both of them NOW . A third - world nation ( with a deep > commitment to " technoscience " and thousands of intelligent people > doing it ) has just -- last week - - turned to pathology , public > health , and sanitary engineering to stop in its tracks ( it is > hoped ! ) a threatened pandemic of pneumonic plague . It even made > the papers .	In 1882 , Robert Koch publishing a path breaking paper in which he identified the tubercle bacillus as the cause of tuberculosis .	1>2	unknown	antithesis	contrast
The paper was pathbreaking not only because it identified the agent reponsible for the [ then ] leading cause of death ,	but because it laid out a set of protocols for what would constiute proof of causality in such matters .	1>2	unknown	antithesis	contrast
In 1882 , Robert Koch publishing a path breaking paper in which he identified the tubercle bacillus as the cause of tuberculosis .	but because it laid out a set of protocols for what would constiute proof of causality in such matters .	1<2	unknown	elaboration	elaboration
but because it laid out a set of protocols for what would constiute proof of causality in such matters .	Along with the exquisite techniques developed by Koch , these protocols led 12 years later to the identification of yersina pestis as the causative organism in bubonic plague .	1<2	unknown	elaboration	elaboration
In 1882 , Robert Koch publishing a path breaking paper in which he identified the tubercle bacillus as the cause of tuberculosis .	At the end of his article ( which I happened to be teaching yesterday ) , Koch 's says , in effect , it was previously thought that social ills were the cause of tuberculosis .	1<2	unknown	elaboration	elaboration
At the end of his article ( which I happened to be teaching yesterday ) , Koch 's says , in effect , it was previously thought that social ills were the cause of tuberculosis .	I have now shown that we do n't have to concern ourselves with these in order to eliminate disease ;	1<2	unknown	elaboration	elaboration
At the end of his article ( which I happened to be teaching yesterday ) , Koch 's says , in effect , it was previously thought that social ills were the cause of tuberculosis .	we have only to concern ourselves with microorganisms to solve our problems .	1<2	unknown	elaboration	elaboration
Gross says that what happened in India last week is to the credit of our science , which is essentially , in these matters , Koch 's science .	we must also ask whether Koch / science do not have a share of the blame :	1>2	unknown	antithesis	contrast
I agree :	we must also ask whether Koch / science do not have a share of the blame :	1>2	unknown	background	frame
the toll would have been far worse were we not living in this age	But , I would suggest , if we give Koch / science the credit ,	1>2	unknown	concession	concession
the toll would have been far worse were we not living in this age	[ though what part of our advantage lies in knowledge and technique , and what part in social organization is a question over which historians of medicine still disagree . ]	1<2	unknown	concession	concession
But , I would suggest , if we give Koch / science the credit ,	we must also ask whether Koch / science do not have a share of the blame :	1>2	unknown	condition	condition
In 1882 , Robert Koch publishing a path breaking paper in which he identified the tubercle bacillus as the cause of tuberculosis .	we must also ask whether Koch / science do not have a share of the blame :	1<2	unknown	list	conjunction
we must also ask whether Koch / science do not have a share of the blame :	that is , there is no reason for that epidemic to have happened at all ,	1<2	unknown	evidence	explanation
that is , there is no reason for that epidemic to have happened at all ,	and Koch was one of the people who historically turned our backs [ in the name of science ] to the necessity for dealing with the social conditions which led quite directly to the outbreak of the epidemic .	1<2	unknown	elaboration	elaboration
I have been in enough of these discussions to anticipate two of the responses :	1 ) Science can not be held responsible for all the social ills of the world ;	1>2	unknown	background	frame
1 ) Science can not be held responsible for all the social ills of the world ;	My response would be that science [ e.g. scientists ] can not at one and same time take credit for curing / obviating social ills and then place all responsibility for social ills on the politicians and / or the political process .	1>2	unknown	antithesis	contrast
1 ) Science can not be held responsible for all the social ills of the world ;	2 ) I , am , personally a liberal , and agree that what happened should not have happened .	1<2	unknown	list	conjunction
we must also ask whether Koch / science do not have a share of the blame :	My response would be that science [ e.g. scientists ] can not at one and same time take credit for curing / obviating social ills and then place all responsibility for social ills on the politicians and / or the political process .	1<2	unknown	list	conjunction
The last major programs supporting only science Good > for the People , after WWII , and banning science Not Good for the > People , were in Stalin 's Soviet Union and Mao 's China . The > People did n't get much Good . >	Actually , I though the last [ .e.g most recent ] programs vending science in the name of the nation came from R.M. Nixon [ the war on cancer ] ; and prior to that Eisenhower [ the space program ] and Truman [ the atomic program ] .	1>2	unknown	antithesis	contrast
My response would be that science [ e.g. scientists ] can not at one and same time take credit for curing / obviating social ills and then place all responsibility for social ills on the politicians and / or the political process .	Actually , I though the last [ .e.g most recent ] programs vending science in the name of the nation came from R.M. Nixon [ the war on cancer ] ; and prior to that Eisenhower [ the space program ] and Truman [ the atomic program ] .	1<2	unknown	list	conjunction
While the lst and 2nd of these may have led to some beautiful science ,	let 's not forget some ofthe other things all three led to .	1>2	unknown	concession	concession
Actually , I though the last [ .e.g most recent ] programs vending science in the name of the nation came from R.M. Nixon [ the war on cancer ] ; and prior to that Eisenhower [ the space program ] and Truman [ the atomic program ] .	let 's not forget some ofthe other things all three led to .	1<2	unknown	evaluation	comment
So far as the Soviets are concerned , there is a good deal of work being done by historians east of the Urals on Soviet Science ,	the uses of politics by science and science by politics look remarkably similar to those which went here in the 1950s .	1>2	unknown	evidence	explanation
all of which suggests that while the organization of science may have been different [ e.g. more centralized ] ,	the uses of politics by science and science by politics look remarkably similar to those which went here in the 1950s .	1>2	unknown	concession	concession
Actually , I though the last [ .e.g most recent ] programs vending science in the name of the nation came from R.M. Nixon [ the war on cancer ] ; and prior to that Eisenhower [ the space program ] and Truman [ the atomic program ] .	the uses of politics by science and science by politics look remarkably similar to those which went here in the 1950s .	1<2	unknown	list	conjunction
the uses of politics by science and science by politics look remarkably similar to those which went here in the 1950s .	As for Lysenko , I thought we had stopped scaring our children with boogymen a few decades ago .	1<2	unknown	background	frame
> > Response : A grudging and vigilant contract with elitism is what > we have NOW . Maybe Weiss thinks it should be MORE grudging and > vigilant . OK . No argument . Maybe also more informed . The > distortion is to suggest that all politicians ( who are supposed > to represent the public , after all ) have signed a contract that > has NO vigilance or grudges . Anybody who believes that has not , > again , been reading the papers . Are scientists afraid of the > people ? No : they ARE the people , or a part of it , as are > professors of STS . Why do not the latter apply for guidance on > _what_ to study ? ( Some ) scientists ( I hope ) ARE afraid of > referenda on WHAT and HOW . Some are old enough to remember the > consternation and waste that followed , many years ago , the demand > from an influential Congressman , speaking , presumably , for his > constituents , that the NIH immediately deploy major resources in > an attack upon Athlete 's Foot .	personally , I still prefer living in a democracy ,	1>2	unknown	antithesis	contrast
One does not have to look to science policy to see evidence of waste and costernation in government ;	personally , I still prefer living in a democracy ,	1>2	unknown	concession	concession
the uses of politics by science and science by politics look remarkably similar to those which went here in the 1950s .	personally , I still prefer living in a democracy ,	1<2	unknown	list	conjunction
and if Prof . Gross prefers it as well ,	I think the appropriate response is to try and speak publically to either politicians or others about one 's concerns .	1>2	unknown	condition	condition
personally , I still prefer living in a democracy ,	I think the appropriate response is to try and speak publically to either politicians or others about one 's concerns .	1<2	unknown	elaboration	elaboration
I think the appropriate response is to try and speak publically to either politicians or others about one 's concerns .	One needs to be able to accept from the start that not all of them will listen , and that often even the ones who listen best may not agree .	1<2	unknown	elaboration	elaboration
One needs to be able to accept from the start that not all of them will listen , and that often even the ones who listen best may not agree .	Professors used to the venue of the classroom may find this situation a bit unsettling .	1<2	unknown	background	frame
Nixon and Eisenhower , for all their faults , did not say THIS IS GOOD FOR THE PEOPLE AND THAT IS BAD .	THAT IS BAD is the reference to Lysenko and Mao.	1>2	unknown	antithesis	contrast
Maybe L. is no longer a bogeyman to those who really understand things ;	but to a number of my colleagues , recent immigrants from that place , and -- amazingly -- young , so that they could n't have been there and aware of the war on genetics , he remains a bogeyman .	1>2	unknown	concession	concession
THAT IS BAD is the reference to Lysenko and Mao.	but to a number of my colleagues , recent immigrants from that place , and -- amazingly -- young , so that they could n't have been there and aware of the war on genetics , he remains a bogeyman .	1<2	unknown	evidence	explanation
THAT IS BAD is the reference to Lysenko and Mao.	Oh , also : addressing arguments by assuming that their makers ( 1 ) have not read something one HAS read , and ( 2 ) adhere to a political party one does n't like , is by universal agreement , independent of connections , ineffective .	1<2	unknown	joint	conjunction
Oh , also : addressing arguments by assuming that their makers ( 1 ) have not read something one HAS read , and ( 2 ) adhere to a political party one does n't like , is by universal agreement , independent of connections , ineffective .	And by the way , I adhere to no political party .	1<2	unknown	joint	conjunction
Attention ontological relativists ( and others ) .	I indicated that I would post the text of the THES articles currently being discussed .	1>2	unknown	preparation	organization
I indicated that I would post the text of the THES articles currently being discussed .	To say science is a social construct seems to me to be a truism . How else is science made except through human activity ? It is closely connected with other human interests : scientific knowledge plays an important part in politics and other matters , and is not independent of them . But that does not mean that it is not constrained by observation and experiment on the natural world . I think the sociology of science is fundamental to the understanding of science . But sociology , the understanding of social systems and interactions , is very broad , and is not to be hijacked by any one particular school which talks about " the sociology of science knowledge " as if that were all that need be said on the subject . One of the key points which I think the " strong programme " people are missing is that science itself is a peculiar social system , like any large social organisation or institution . If they were serious sociologists , then they would be looking at some of the broader social relationships which make a lot of difference in the sort of knowledge that is produced . For example , there is the traditional academic type of science where knowledge had to be made public . Someone who had worked entirely in secret was not a scientist , and what they claimed they had discovered could not be considered scientific knowledge until it had been publicly tested by others . I like to use the word " metascience " , encompassing science studies generally , bringing in bits of history , philosophy , sociology , psychology , anthropology , economics , etcetera . People have long considered a historical and philosophical point of view appropriate in thinking about the nature of science , but it is quite inadequate if you do n't see it as also involving insights from the social sciences and humanities . John Ziman . ********************************************************* To assert that science is a social construct is to confuse the fundamental drives of scientific endeavour and the influences of social environments . These influences may appear to cultivate , facilitate or constrain scientific activity . In turn science has influenced and indeed become part of the wider phenomena of social change . It is clear that as a pursuit science can be regarded as a social occupation , but is science nothing but an internal creation of society ? Emphatically it is not . While aspects of scientific thought and practice can be looked at as examples of thought and practice in general , and it is indeed false to claim that science and society are autonomous entities with science developing in some sort of cultural vacuum , it is the business of science to transcend the social constraints and moderators and to set sights on the underlying truths of nature . If conclusions to scientific debates seem sometimes to be matters of social consensus this is only an ephemeral condition . Any disputes in science are settled both by more careful observation of the facts and from the perspective of an ever widening knowledge bases . Normal science -- call it the ultimate problem - solving activity -- is a highly cumulative enterprise , eminently successful in its aim , the steady extension of the horizon and precision of natural knowledge . This is not to deny that , at any time , our whole scientific picture of the natural world is limited both by our understanding and the methods available to us . This picture merely is a description of what we observe and infer of a complex reality . It can never claim to be the absolute truth but always it is the best picture we can have . In the last analysis what is perceived will depend on what is " there " to be seen : this has no place in the social sphere . While it may be of interest to sociologists to explore social influences in science it is simplistic , and wrong , for them to assume ownership of science . Similarly , in my view , the sociology of science has contributed nothing to the understanding of science . Given the spectacular growth and success of science it is tempting to associate this with the overall concurrent social change . Science is indeed linked with society , by its practical application . Whether in improving industrial processes , communications or medical techniques , the effects of science are evident . But here one must make a distinction between science and technology . Technology may be seen as a direct product of scientific endeavour , and science often can be identified as the catalyst for developments in technology that have led to social change , but these are not to be confused with the single - minded exploration of nature that is the hallmark of basic science . With the above said , whether scientists ought to know what is going on in the sociology of science is a matter for the individual . I believe is it of no consequence to the practice or achievements of science to know how sociologists assess scientific activity or what conclusions stem from this . And from the point of view of the sociologist it is not necessary to care at all about the scientific fact of theory whose pursuit by scientists is the subject of study . But in so far as sociology impinges on the socio- economic climate in which science is promoted and supported , then scientists should know what is going on . Alec Boksenberg FRS is director of the Royal Observatories *********************************************************** Lewis Wolpert is to be congratulated for standing up at the British Association and blowing the whistle on chic drivel of the " All knowledge is a social construct and merits equal attention " persuasion . A sociologist of science could usefully defend the more modest claim that scientists are influenced by their own social and cultural background , but this does not seem to have been the issue at Loughborough . Darwin might have been inspried by Victorian economics when he thought of natural selection . If true , this is an interesting contribution to the history of ideas , but it does not affect the primary question of whether life does , as a matter of fact evolve by natural selection . " As a matter of fact " is not a phrase one should apologise for using . I once put the following question to a social scientist colleague : " Suppose there is a tribe which believes that the moon is an old calabash tossed just above the treetops . Are you saying that this tribe 's belief is just as true as our scientific belief that the moon is a large Earth satellite about a quarter of a million miles away ? " His reply was that truth is a social construct and therefore the tribe 's view of the moon is just as true as ours . That there is something deeply silly about this sort of thing soon appears when you ask practical questions . If a consultant gastro - enterologist says that a tribesman is suffering from cancer of the colon , and the tribe 's own witch - doctor says he is suffering from evil spirits , which treatment is , as a matter of fact , most likely to cure him , a colonectomy or an exorcism ? Why , when Harry Collins was asked if he believed scientific knowledge to be only a social construct , did he refuse to answer ? Western science works . The theory that leads a cargo - cult tribe to build a wooden plane in a jungle clearing does not work . Admittedly the plane is not meant to fly , but it does n't even have its proposed effect of summoning rich cargo - dispensing ancestors either . When you take a 747 to an international convention of sociologists or literary critics , the reason you will arrive in one piece is that a lot of western - trained scientists and engineers got their sums right . If it gives you satisfaction to say that the theory of aerodynamics is a social construct that is your privilege , but why do you then entrust your air - travel plans to a Boeing rather than a magic carpet or a levitating fakir ? As I have put it before , show me a cultural relativist at 30,000 feet and I will show you a hypocrite . Richard Dawkins is reader in zoology at Oxford university and a fellow of New College . He is the author of The Selfish Gene and The Blind Watchmaker ************************************************************ *** The answer to the question " Is science a social construct ? " seems to me so obviously " yes " that only some misunderstanding about its meaning could lead anyone to say " no " . Perhaps it is being confused with two related questions . First : Do you believe that the object of scientific investigation is a social construct ? My answer to this is no . The reason is that I am a realist : I believe that there is a real world that exists independently of us even though we are entangled in it , and that we can obtain knowledge about it . The second related question is : Do you believe that scientific knowledge is a social construct ? My answer to this is yes . Saying no implies that scientific knowledge exists independently of human activity , which requires that the knowledge be revealed to humans in some special way : either from God , for instance , or by nature speaking directly through special people . There may be scientists who feel that they are in the latter category , but most of us take a more modest position and see scientific knowledge as the product of the activities of scientists acting as social beings working within a disciplinary framework into which they are socialised . The knowledge that is constructed is independent of reality but the aim of science is to adequately represent this reality . The structure of science is clearly a social construct and the process of science is a social activity . Four hundred years ago science as we know it did not exist . It was not discovered on the beach one day . It was constructed historically and socially . I believe that historians and sociologists of science do an important job in examining this process . Why did Darwin formulate his theory of evolution as he did ? What were the influences that led him to make certain assumptions and not others ? It is important for scientists to see theories in historical and social context , as well as in relation to evidence , in order to consider options . Darwin 's theory as the conceptual basis of biology has severe limitations , and we may expect that there will be another theory that does a better job both in understanding biological reality and in relation to social meaning and action . These two faces of science are equally important . So my answer is yes to questions 2 and 3 also . Brian Goodwin is professor of biology at the Open University ************************************************************** Somewhere , buried in the awesome complexity of Nature , lies the truth . It is the task of science to disclose that truth , and the scientific method -- essentially edging forward by experimentation guided by and guiding theorizing -- appers to be the most reliable mode of discovery . It may also be the only method of reliable discovery , but that we shall probably never be able to test . There have certainly been other claimants to the possession of modes of discovering the truth , and some are with us still . They include religions , where the mode is personal revelation allied with social coercion , and meditation , which is an inward form of religion without the component of social coercion . Religion is definitely socially conditioned , and its manifest failure to elucidate , as distinct from its seemingly infinite power to confuse , could perhaps be construed as an indication of the dangers that lie in wait for " socially constructed " modes of discovering information . How can we be confident that science is independent of society ? First , there are the superficial indications . Specifically , scientific conclusions -- its laws ( its summaries of experience ) and its theories ( its rationalization and revelation of interconnection ) -- are seemingly universal . Laws and theories , provided they are substantiated , are accepted worldwide in cultures of endless variety , in societies with different religions , political systems , personal deportments , and histories . There is no Second Law for Christians and another Second Law for Moslems ; there is no General Relativity for Shintoists and another General Relativity for Voodoo - ists . It might be argued that the Behemoth of Western science has trampled underfoot the green shoots of alternative science , but there is not one iota of experimental evidence for this view and every reason to believe that those who hold it are motivated by jealousy in one of its disguises ( such as political correctness ) or by a wish to see science 's progress tripped . That science is so successful at elucidation both trans - culturally and trans - nationally is a first clear indication that it is not a social construct . Second , although societies change , sometimes by revolution and sometimes regressively , science evolves smoothly and progressively . There is in fact , no such thing as a total scientific revolution . Even those paradigms of purported revolution , quantum theory and relativity , can , from our current perspective , be seen to be elaborations of classical physics , for they preserve much of its concepts , procedures , and attitudes . Science proceeds by progressive , never regressive , evolution , gradually accreting information and concepts that jointly enable its web to be extended . True , concepts are discarded as they are found to be unnecessary , inappropriate , or misleading ; but their discarding is based on experimental evidence or theoretical argument , not on political , legal , or social expediency . It is noteworthy that the development of the theory of natural selection during the 19th century effectively demolished the authority of the establishment within which the theory had emerged . Truth will out despite the consequences and despite the social milieu . Third , science constitutes a network that has been built by investigations in a wide variety of fields . Our current science springs from observation as diverse as the abstract remoteness of the interpretation of tracks recorded at CERN to the physical remoteness of monitoring sea - slugs in Peru . Yet , despite the variety , both intellectually and socially , of these sources , where they impinge on one another they invariably augment . If science were a social construct , one would expect concepts and observations that emerge from disparate sources and disciplines to clash . Yet they invariably slot together like a key into a well - oiled lock . Fourth , the pinnacle of scientific explanation is to be found in mathematics . It is certainly true that not all scientific concepts are to be found expressed mathematically , and some theories of high science , such as the theory of evolution by natural selection , can be expressed without it . Nevertheless , it is certainly true that fundamental ideas touching on the deep structure of the Universe , the nature of elementary particles , the nature of spacetime , cosmogenesis , motion , and in due course perhaps the attributes of consciousness , can be expressed only in terms of mathematics . Mathematics is aloof from being a social construct , being essentially a distillation of the logic of relationships and utterly dry of any drips of sentiment . It is thus hard to see how it can be maintained , if the deepest results of science are discovered and expressed in a language that is so utterly remote from sociological aspects of society , that the knowledge so obtained is a social construct . The universal character of science , by which I mean its independence of lasting national , racial , religious , and political influences , must argue strongly against the view that it is a social construct . Even if one social group were so to dominate the landscape of scientific achievement , any conscious conspiracy of silence would soon be exposed . The sociology of science is such that scientists are desperate to discover : their reputation and funding -- their professional lives -- depend on it . If a scientist has a whiff of a discovery , then he will pursue it to the ends of the Earth partly for the pure joy of exposing a hitherto unknown continent or even tiny island of knowledge , but partly for the sake of self - advancement and a species of immortality . Regions of the unknown simply can not remain hidden under the onslaught of the activities of this refinement of market forces . Of course , it could be argued that there are regions of knowledge that are so in conflict with current paradigms that there is an unconscious conspiracy of silence : the paranormal is an example . However , for all such heresies there is virtually no sound evidence . Heretical " observations " are all unrepeatable , contrived , or explicable by some adaptation of conventional science . Unlike true science , which is a progression founded in a globally coherent theoretical structure , the paranormal pseudosciences are speculative islands unsupported by any theoretical framework that meshes into accepted and verified observations . The only sociology of science involved in their exclusion from the pantheon of true science is contempt for the evidence and scpticism of the power of free - form speculation without the discipline and rigour of coherence within the otherwise globally accepted paradigm .. in other words , the paranormal is almost certainly speculative rubbish . If science were a social construct , it would be hard to see how so much of modern technology could work . The whole of the ubiquitous electronics industry relies on quantum theory and a knowledge of materials that draws on the deep principles of conventional science . It is simply absurd to suppose that the development of technology is part of a conspiracy , even an unconscious one . The same is equally true of the foundations of life and the cautiously emerging industry based on genetic engineering and hence ultimately on molecular biology . The wonder of science is that it is a union ( not a Mafia ) of minds . Far from being locally cohesive but globally exclusive , like religion and other socially constructed codes , science is globally inclusive . Regardless of background , a scientist can enter the sociological framework of science provided he maintains the standards of integrity that ( apart from a few soon - exposed warts ) generally characterize the activity , and adopts the procedure of public experimentation that is science 's principal route to knowledge . Why , though , do some people hope that science is a social construct ? In the main , I suspect , they are a subset of those who fear the achievements of science in exposing the unsentimental core of the world . Moreover , it is inevitable that practitioners of a particular cause are likely to consider their discipline more royal than another , and to justify this view by seeking to undermine what is widely regarded as superior . Social scientists , I suspect , are not immune to this disease , as true scientists ( as this article reveals ) are not also . However , science has much to show , whereas social science does not . Although the sociology of science is worthless epistemologically , it can illuminate its procedures . Science is certainly a social activity , and hence it is subject to the dynamics that attend any tribal association . There are cautious revolutions , dominant and submissive members ; there is crime and there is politics . All this is a proper and worthwhile object of investigation , and in certain respects social scientists are well equipped to contribute . They are also entirely within their rights to probe the authority of science and to invite scientists to reflect on the nature of their activity . But they have virtually nothing to contribute to the pursuit of science itself , which is best left to that most effective and constructive group of human beings , the scientists themselves . Peter Atkins is a fellow of Lincoln College , Oxford , and university lecturer in physical chemistry . ************************************************************ ******* The question of the impact of the sociology of science on science looks all too likely to be framed by the debate between biologist Lewis Wolpert and sociologist Harry Collins at the British Association . This poses a problem for observers , for each holds a very particular epistemological stance which is by no means generically held by other members of their disciplines . Thus as we saw from the debate Lewis takes a realist view of science whereas Harry takes a relativistic view -- the point being that it is entirely possible to take a social constructionist view , as most social scientists do , without taking issue with the truth claims of science . Some do , some do not , and some regard their own accounts reflexively . However , it is precisely at this moment that the essentially macho debate begins , for both Harry and Lewis believe that what they say about the sociology of science is unequivocally " true " . For Lewis this seems to be a sort of spill over from the claims of certainty of the experimental sciences . For Harry , while natural science is socially constructed and has only relativistic truth , his own sociological account of science calims truth . With both Harry and Lewis being " right " we get an exchange which tells us more about constructions of academic masculinity than how much science and the sociology of science can learn from one another . Pass please . Hilary rose is author of Love Power and Knowledge : Towards a feminist transformation of the sciences .	1>2	unknown	background	frame
I indicated that I would post the text of the THES articles currently being discussed .	Harry Collins has already posted the preferred version of his piece .	1<2	unknown	background	frame
I indicated that I would post the text of the THES articles currently being discussed .	My former colleagues have now sent me a further set of files .	1<2	unknown	background	frame
My former colleagues have now sent me a further set of files .	On inspection , these appear to be the original texts submitted , before editing , so any further commentary will need to bear this in mind !	1<2	unknown	elaboration	elaboration
On inspection , these appear to be the original texts submitted , before editing , so any further commentary will need to bear this in mind !	In particular , Atkins is longer here than the printed version , as is Ziman .	1<2	unknown	elaboration	elaboration
I indicated that I would post the text of the THES articles currently being discussed .	There is also a piece here ( by the British astronomer Alec Boksenberg ) which never appeared in the paper - and two pieces printed which I do n't have ( by Aisling Irwin , the THES reporter , and a short piece by microbiologist John Postgate ) .	1<2	unknown	background	frame
I do n't propose to bother the paper any further about this .	a library visit will still be needed , I 'm afraid .	1>2	unknown	nonvolitional-cause	causal
If you want the newspaper text as printed ,	a library visit will still be needed , I 'm afraid .	1>2	unknown	condition	condition
I indicated that I would post the text of the THES articles currently being discussed .	a library visit will still be needed , I 'm afraid .	1<2	unknown	background	frame
I indicated that I would post the text of the THES articles currently being discussed .	I gather the paper will print a selection of letters on the subject tomorrow ( Oct 7 ) .	1<2	unknown	background	frame
I gather the paper will print a selection of letters on the subject tomorrow ( Oct 7 ) .	More can be sent by e-mail to THESCHAT@timsup2.demon.co.uk	1<2	unknown	elaboration	elaboration
I hope what follows is of interest .	Herewith are the THES articles requested by you through Sian Griffiths .	1>2	unknown	preparation	organization
The order below is :	John Ziman	1>2	unknown	preparation	organization
I hope what follows is of interest .	John Ziman	1<2	unknown	elaboration	elaboration
John Ziman	Alec Boksenberg	1<2	unknown	list	conjunction
Alec Boksenberg	Richard Dawkins	1<2	unknown	list	conjunction
Richard Dawkins	Brian Goodwin	1<2	unknown	list	conjunction
Brian Goodwin	Peter Atkins	1<2	unknown	list	conjunction
Peter Atkins	Hilary Rose	1<2	unknown	list	conjunction
Herewith are the THES articles requested by you through Sian Griffiths .	To say science is a social construct seems to me to be a truism . How else is science made except through human activity ? It is closely connected with other human interests : scientific knowledge plays an important part in politics and other matters , and is not independent of them . But that does not mean that it is not constrained by observation and experiment on the natural world . I think the sociology of science is fundamental to the understanding of science . But sociology , the understanding of social systems and interactions , is very broad , and is not to be hijacked by any one particular school which talks about " the sociology of science knowledge " as if that were all that need be said on the subject . One of the key points which I think the " strong programme " people are missing is that science itself is a peculiar social system , like any large social organisation or institution . If they were serious sociologists , then they would be looking at some of the broader social relationships which make a lot of difference in the sort of knowledge that is produced . For example , there is the traditional academic type of science where knowledge had to be made public . Someone who had worked entirely in secret was not a scientist , and what they claimed they had discovered could not be considered scientific knowledge until it had been publicly tested by others . I like to use the word " metascience " , encompassing science studies generally , bringing in bits of history , philosophy , sociology , psychology , anthropology , economics , etcetera . People have long considered a historical and philosophical point of view appropriate in thinking about the nature of science , but it is quite inadequate if you do n't see it as also involving insights from the social sciences and humanities . John Ziman . ********************************************************* To assert that science is a social construct is to confuse the fundamental drives of scientific endeavour and the influences of social environments . These influences may appear to cultivate , facilitate or constrain scientific activity . In turn science has influenced and indeed become part of the wider phenomena of social change . It is clear that as a pursuit science can be regarded as a social occupation , but is science nothing but an internal creation of society ? Emphatically it is not . While aspects of scientific thought and practice can be looked at as examples of thought and practice in general , and it is indeed false to claim that science and society are autonomous entities with science developing in some sort of cultural vacuum , it is the business of science to transcend the social constraints and moderators and to set sights on the underlying truths of nature . If conclusions to scientific debates seem sometimes to be matters of social consensus this is only an ephemeral condition . Any disputes in science are settled both by more careful observation of the facts and from the perspective of an ever widening knowledge bases . Normal science -- call it the ultimate problem - solving activity -- is a highly cumulative enterprise , eminently successful in its aim , the steady extension of the horizon and precision of natural knowledge . This is not to deny that , at any time , our whole scientific picture of the natural world is limited both by our understanding and the methods available to us . This picture merely is a description of what we observe and infer of a complex reality . It can never claim to be the absolute truth but always it is the best picture we can have . In the last analysis what is perceived will depend on what is " there " to be seen : this has no place in the social sphere . While it may be of interest to sociologists to explore social influences in science it is simplistic , and wrong , for them to assume ownership of science . Similarly , in my view , the sociology of science has contributed nothing to the understanding of science . Given the spectacular growth and success of science it is tempting to associate this with the overall concurrent social change . Science is indeed linked with society , by its practical application . Whether in improving industrial processes , communications or medical techniques , the effects of science are evident . But here one must make a distinction between science and technology . Technology may be seen as a direct product of scientific endeavour , and science often can be identified as the catalyst for developments in technology that have led to social change , but these are not to be confused with the single - minded exploration of nature that is the hallmark of basic science . With the above said , whether scientists ought to know what is going on in the sociology of science is a matter for the individual . I believe is it of no consequence to the practice or achievements of science to know how sociologists assess scientific activity or what conclusions stem from this . And from the point of view of the sociologist it is not necessary to care at all about the scientific fact of theory whose pursuit by scientists is the subject of study . But in so far as sociology impinges on the socio- economic climate in which science is promoted and supported , then scientists should know what is going on . Alec Boksenberg FRS is director of the Royal Observatories *********************************************************** Lewis Wolpert is to be congratulated for standing up at the British Association and blowing the whistle on chic drivel of the " All knowledge is a social construct and merits equal attention " persuasion . A sociologist of science could usefully defend the more modest claim that scientists are influenced by their own social and cultural background , but this does not seem to have been the issue at Loughborough . Darwin might have been inspried by Victorian economics when he thought of natural selection . If true , this is an interesting contribution to the history of ideas , but it does not affect the primary question of whether life does , as a matter of fact evolve by natural selection . " As a matter of fact " is not a phrase one should apologise for using . I once put the following question to a social scientist colleague : " Suppose there is a tribe which believes that the moon is an old calabash tossed just above the treetops . Are you saying that this tribe 's belief is just as true as our scientific belief that the moon is a large Earth satellite about a quarter of a million miles away ? " His reply was that truth is a social construct and therefore the tribe 's view of the moon is just as true as ours . That there is something deeply silly about this sort of thing soon appears when you ask practical questions . If a consultant gastro - enterologist says that a tribesman is suffering from cancer of the colon , and the tribe 's own witch - doctor says he is suffering from evil spirits , which treatment is , as a matter of fact , most likely to cure him , a colonectomy or an exorcism ? Why , when Harry Collins was asked if he believed scientific knowledge to be only a social construct , did he refuse to answer ? Western science works . The theory that leads a cargo - cult tribe to build a wooden plane in a jungle clearing does not work . Admittedly the plane is not meant to fly , but it does n't even have its proposed effect of summoning rich cargo - dispensing ancestors either . When you take a 747 to an international convention of sociologists or literary critics , the reason you will arrive in one piece is that a lot of western - trained scientists and engineers got their sums right . If it gives you satisfaction to say that the theory of aerodynamics is a social construct that is your privilege , but why do you then entrust your air - travel plans to a Boeing rather than a magic carpet or a levitating fakir ? As I have put it before , show me a cultural relativist at 30,000 feet and I will show you a hypocrite . Richard Dawkins is reader in zoology at Oxford university and a fellow of New College . He is the author of The Selfish Gene and The Blind Watchmaker ************************************************************ *** The answer to the question " Is science a social construct ? " seems to me so obviously " yes " that only some misunderstanding about its meaning could lead anyone to say " no " . Perhaps it is being confused with two related questions . First : Do you believe that the object of scientific investigation is a social construct ? My answer to this is no . The reason is that I am a realist : I believe that there is a real world that exists independently of us even though we are entangled in it , and that we can obtain knowledge about it . The second related question is : Do you believe that scientific knowledge is a social construct ? My answer to this is yes . Saying no implies that scientific knowledge exists independently of human activity , which requires that the knowledge be revealed to humans in some special way : either from God , for instance , or by nature speaking directly through special people . There may be scientists who feel that they are in the latter category , but most of us take a more modest position and see scientific knowledge as the product of the activities of scientists acting as social beings working within a disciplinary framework into which they are socialised . The knowledge that is constructed is independent of reality but the aim of science is to adequately represent this reality . The structure of science is clearly a social construct and the process of science is a social activity . Four hundred years ago science as we know it did not exist . It was not discovered on the beach one day . It was constructed historically and socially . I believe that historians and sociologists of science do an important job in examining this process . Why did Darwin formulate his theory of evolution as he did ? What were the influences that led him to make certain assumptions and not others ? It is important for scientists to see theories in historical and social context , as well as in relation to evidence , in order to consider options . Darwin 's theory as the conceptual basis of biology has severe limitations , and we may expect that there will be another theory that does a better job both in understanding biological reality and in relation to social meaning and action . These two faces of science are equally important . So my answer is yes to questions 2 and 3 also . Brian Goodwin is professor of biology at the Open University ************************************************************** Somewhere , buried in the awesome complexity of Nature , lies the truth . It is the task of science to disclose that truth , and the scientific method -- essentially edging forward by experimentation guided by and guiding theorizing -- appers to be the most reliable mode of discovery . It may also be the only method of reliable discovery , but that we shall probably never be able to test . There have certainly been other claimants to the possession of modes of discovering the truth , and some are with us still . They include religions , where the mode is personal revelation allied with social coercion , and meditation , which is an inward form of religion without the component of social coercion . Religion is definitely socially conditioned , and its manifest failure to elucidate , as distinct from its seemingly infinite power to confuse , could perhaps be construed as an indication of the dangers that lie in wait for " socially constructed " modes of discovering information . How can we be confident that science is independent of society ? First , there are the superficial indications . Specifically , scientific conclusions -- its laws ( its summaries of experience ) and its theories ( its rationalization and revelation of interconnection ) -- are seemingly universal . Laws and theories , provided they are substantiated , are accepted worldwide in cultures of endless variety , in societies with different religions , political systems , personal deportments , and histories . There is no Second Law for Christians and another Second Law for Moslems ; there is no General Relativity for Shintoists and another General Relativity for Voodoo - ists . It might be argued that the Behemoth of Western science has trampled underfoot the green shoots of alternative science , but there is not one iota of experimental evidence for this view and every reason to believe that those who hold it are motivated by jealousy in one of its disguises ( such as political correctness ) or by a wish to see science 's progress tripped . That science is so successful at elucidation both trans - culturally and trans - nationally is a first clear indication that it is not a social construct . Second , although societies change , sometimes by revolution and sometimes regressively , science evolves smoothly and progressively . There is in fact , no such thing as a total scientific revolution . Even those paradigms of purported revolution , quantum theory and relativity , can , from our current perspective , be seen to be elaborations of classical physics , for they preserve much of its concepts , procedures , and attitudes . Science proceeds by progressive , never regressive , evolution , gradually accreting information and concepts that jointly enable its web to be extended . True , concepts are discarded as they are found to be unnecessary , inappropriate , or misleading ; but their discarding is based on experimental evidence or theoretical argument , not on political , legal , or social expediency . It is noteworthy that the development of the theory of natural selection during the 19th century effectively demolished the authority of the establishment within which the theory had emerged . Truth will out despite the consequences and despite the social milieu . Third , science constitutes a network that has been built by investigations in a wide variety of fields . Our current science springs from observation as diverse as the abstract remoteness of the interpretation of tracks recorded at CERN to the physical remoteness of monitoring sea - slugs in Peru . Yet , despite the variety , both intellectually and socially , of these sources , where they impinge on one another they invariably augment . If science were a social construct , one would expect concepts and observations that emerge from disparate sources and disciplines to clash . Yet they invariably slot together like a key into a well - oiled lock . Fourth , the pinnacle of scientific explanation is to be found in mathematics . It is certainly true that not all scientific concepts are to be found expressed mathematically , and some theories of high science , such as the theory of evolution by natural selection , can be expressed without it . Nevertheless , it is certainly true that fundamental ideas touching on the deep structure of the Universe , the nature of elementary particles , the nature of spacetime , cosmogenesis , motion , and in due course perhaps the attributes of consciousness , can be expressed only in terms of mathematics . Mathematics is aloof from being a social construct , being essentially a distillation of the logic of relationships and utterly dry of any drips of sentiment . It is thus hard to see how it can be maintained , if the deepest results of science are discovered and expressed in a language that is so utterly remote from sociological aspects of society , that the knowledge so obtained is a social construct . The universal character of science , by which I mean its independence of lasting national , racial , religious , and political influences , must argue strongly against the view that it is a social construct . Even if one social group were so to dominate the landscape of scientific achievement , any conscious conspiracy of silence would soon be exposed . The sociology of science is such that scientists are desperate to discover : their reputation and funding -- their professional lives -- depend on it . If a scientist has a whiff of a discovery , then he will pursue it to the ends of the Earth partly for the pure joy of exposing a hitherto unknown continent or even tiny island of knowledge , but partly for the sake of self - advancement and a species of immortality . Regions of the unknown simply can not remain hidden under the onslaught of the activities of this refinement of market forces . Of course , it could be argued that there are regions of knowledge that are so in conflict with current paradigms that there is an unconscious conspiracy of silence : the paranormal is an example . However , for all such heresies there is virtually no sound evidence . Heretical " observations " are all unrepeatable , contrived , or explicable by some adaptation of conventional science . Unlike true science , which is a progression founded in a globally coherent theoretical structure , the paranormal pseudosciences are speculative islands unsupported by any theoretical framework that meshes into accepted and verified observations . The only sociology of science involved in their exclusion from the pantheon of true science is contempt for the evidence and scpticism of the power of free - form speculation without the discipline and rigour of coherence within the otherwise globally accepted paradigm .. in other words , the paranormal is almost certainly speculative rubbish . If science were a social construct , it would be hard to see how so much of modern technology could work . The whole of the ubiquitous electronics industry relies on quantum theory and a knowledge of materials that draws on the deep principles of conventional science . It is simply absurd to suppose that the development of technology is part of a conspiracy , even an unconscious one . The same is equally true of the foundations of life and the cautiously emerging industry based on genetic engineering and hence ultimately on molecular biology . The wonder of science is that it is a union ( not a Mafia ) of minds . Far from being locally cohesive but globally exclusive , like religion and other socially constructed codes , science is globally inclusive . Regardless of background , a scientist can enter the sociological framework of science provided he maintains the standards of integrity that ( apart from a few soon - exposed warts ) generally characterize the activity , and adopts the procedure of public experimentation that is science 's principal route to knowledge . Why , though , do some people hope that science is a social construct ? In the main , I suspect , they are a subset of those who fear the achievements of science in exposing the unsentimental core of the world . Moreover , it is inevitable that practitioners of a particular cause are likely to consider their discipline more royal than another , and to justify this view by seeking to undermine what is widely regarded as superior . Social scientists , I suspect , are not immune to this disease , as true scientists ( as this article reveals ) are not also . However , science has much to show , whereas social science does not . Although the sociology of science is worthless epistemologically , it can illuminate its procedures . Science is certainly a social activity , and hence it is subject to the dynamics that attend any tribal association . There are cautious revolutions , dominant and submissive members ; there is crime and there is politics . All this is a proper and worthwhile object of investigation , and in certain respects social scientists are well equipped to contribute . They are also entirely within their rights to probe the authority of science and to invite scientists to reflect on the nature of their activity . But they have virtually nothing to contribute to the pursuit of science itself , which is best left to that most effective and constructive group of human beings , the scientists themselves . Peter Atkins is a fellow of Lincoln College , Oxford , and university lecturer in physical chemistry . ************************************************************ ******* The question of the impact of the sociology of science on science looks all too likely to be framed by the debate between biologist Lewis Wolpert and sociologist Harry Collins at the British Association . This poses a problem for observers , for each holds a very particular epistemological stance which is by no means generically held by other members of their disciplines . Thus as we saw from the debate Lewis takes a realist view of science whereas Harry takes a relativistic view -- the point being that it is entirely possible to take a social constructionist view , as most social scientists do , without taking issue with the truth claims of science . Some do , some do not , and some regard their own accounts reflexively . However , it is precisely at this moment that the essentially macho debate begins , for both Harry and Lewis believe that what they say about the sociology of science is unequivocally " true " . For Lewis this seems to be a sort of spill over from the claims of certainty of the experimental sciences . For Harry , while natural science is socially constructed and has only relativistic truth , his own sociological account of science calims truth . With both Harry and Lewis being " right " we get an exchange which tells us more about constructions of academic masculinity than how much science and the sociology of science can learn from one another . Pass please . Hilary rose is author of Love Power and Knowledge : Towards a feminist transformation of the sciences .	1>2	unknown	background	frame
Herewith are the THES articles requested by you through Sian Griffiths .	Each article is separated by a row of asterix .	1<2	unknown	background	frame
To say science is a social construct seems to me to be a truism . How else is science made except through human activity ? It is closely connected with other human interests : scientific knowledge plays an important part in politics and other matters , and is not independent of them . But that does not mean that it is not constrained by observation and experiment on the natural world . I think the sociology of science is fundamental to the understanding of science . But sociology , the understanding of social systems and interactions , is very broad , and is not to be hijacked by any one particular school which talks about " the sociology of science knowledge " as if that were all that need be said on the subject . One of the key points which I think the " strong programme " people are missing is that science itself is a peculiar social system , like any large social organisation or institution . If they were serious sociologists , then they would be looking at some of the broader social relationships which make a lot of difference in the sort of knowledge that is produced . For example , there is the traditional academic type of science where knowledge had to be made public . Someone who had worked entirely in secret was not a scientist , and what they claimed they had discovered could not be considered scientific knowledge until it had been publicly tested by others . I like to use the word " metascience " , encompassing science studies generally , bringing in bits of history , philosophy , sociology , psychology , anthropology , economics , etcetera . People have long considered a historical and philosophical point of view appropriate in thinking about the nature of science , but it is quite inadequate if you do n't see it as also involving insights from the social sciences and humanities . John Ziman . ********************************************************* To assert that science is a social construct is to confuse the fundamental drives of scientific endeavour and the influences of social environments . These influences may appear to cultivate , facilitate or constrain scientific activity . In turn science has influenced and indeed become part of the wider phenomena of social change . It is clear that as a pursuit science can be regarded as a social occupation , but is science nothing but an internal creation of society ? Emphatically it is not . While aspects of scientific thought and practice can be looked at as examples of thought and practice in general , and it is indeed false to claim that science and society are autonomous entities with science developing in some sort of cultural vacuum , it is the business of science to transcend the social constraints and moderators and to set sights on the underlying truths of nature . If conclusions to scientific debates seem sometimes to be matters of social consensus this is only an ephemeral condition . Any disputes in science are settled both by more careful observation of the facts and from the perspective of an ever widening knowledge bases . Normal science -- call it the ultimate problem - solving activity -- is a highly cumulative enterprise , eminently successful in its aim , the steady extension of the horizon and precision of natural knowledge . This is not to deny that , at any time , our whole scientific picture of the natural world is limited both by our understanding and the methods available to us . This picture merely is a description of what we observe and infer of a complex reality . It can never claim to be the absolute truth but always it is the best picture we can have . In the last analysis what is perceived will depend on what is " there " to be seen : this has no place in the social sphere . While it may be of interest to sociologists to explore social influences in science it is simplistic , and wrong , for them to assume ownership of science . Similarly , in my view , the sociology of science has contributed nothing to the understanding of science . Given the spectacular growth and success of science it is tempting to associate this with the overall concurrent social change . Science is indeed linked with society , by its practical application . Whether in improving industrial processes , communications or medical techniques , the effects of science are evident . But here one must make a distinction between science and technology . Technology may be seen as a direct product of scientific endeavour , and science often can be identified as the catalyst for developments in technology that have led to social change , but these are not to be confused with the single - minded exploration of nature that is the hallmark of basic science . With the above said , whether scientists ought to know what is going on in the sociology of science is a matter for the individual . I believe is it of no consequence to the practice or achievements of science to know how sociologists assess scientific activity or what conclusions stem from this . And from the point of view of the sociologist it is not necessary to care at all about the scientific fact of theory whose pursuit by scientists is the subject of study . But in so far as sociology impinges on the socio- economic climate in which science is promoted and supported , then scientists should know what is going on . Alec Boksenberg FRS is director of the Royal Observatories *********************************************************** Lewis Wolpert is to be congratulated for standing up at the British Association and blowing the whistle on chic drivel of the " All knowledge is a social construct and merits equal attention " persuasion . A sociologist of science could usefully defend the more modest claim that scientists are influenced by their own social and cultural background , but this does not seem to have been the issue at Loughborough . Darwin might have been inspried by Victorian economics when he thought of natural selection . If true , this is an interesting contribution to the history of ideas , but it does not affect the primary question of whether life does , as a matter of fact evolve by natural selection . " As a matter of fact " is not a phrase one should apologise for using . I once put the following question to a social scientist colleague : " Suppose there is a tribe which believes that the moon is an old calabash tossed just above the treetops . Are you saying that this tribe 's belief is just as true as our scientific belief that the moon is a large Earth satellite about a quarter of a million miles away ? " His reply was that truth is a social construct and therefore the tribe 's view of the moon is just as true as ours . That there is something deeply silly about this sort of thing soon appears when you ask practical questions . If a consultant gastro - enterologist says that a tribesman is suffering from cancer of the colon , and the tribe 's own witch - doctor says he is suffering from evil spirits , which treatment is , as a matter of fact , most likely to cure him , a colonectomy or an exorcism ? Why , when Harry Collins was asked if he believed scientific knowledge to be only a social construct , did he refuse to answer ? Western science works . The theory that leads a cargo - cult tribe to build a wooden plane in a jungle clearing does not work . Admittedly the plane is not meant to fly , but it does n't even have its proposed effect of summoning rich cargo - dispensing ancestors either . When you take a 747 to an international convention of sociologists or literary critics , the reason you will arrive in one piece is that a lot of western - trained scientists and engineers got their sums right . If it gives you satisfaction to say that the theory of aerodynamics is a social construct that is your privilege , but why do you then entrust your air - travel plans to a Boeing rather than a magic carpet or a levitating fakir ? As I have put it before , show me a cultural relativist at 30,000 feet and I will show you a hypocrite . Richard Dawkins is reader in zoology at Oxford university and a fellow of New College . He is the author of The Selfish Gene and The Blind Watchmaker ************************************************************ *** The answer to the question " Is science a social construct ? " seems to me so obviously " yes " that only some misunderstanding about its meaning could lead anyone to say " no " . Perhaps it is being confused with two related questions . First : Do you believe that the object of scientific investigation is a social construct ? My answer to this is no . The reason is that I am a realist : I believe that there is a real world that exists independently of us even though we are entangled in it , and that we can obtain knowledge about it . The second related question is : Do you believe that scientific knowledge is a social construct ? My answer to this is yes . Saying no implies that scientific knowledge exists independently of human activity , which requires that the knowledge be revealed to humans in some special way : either from God , for instance , or by nature speaking directly through special people . There may be scientists who feel that they are in the latter category , but most of us take a more modest position and see scientific knowledge as the product of the activities of scientists acting as social beings working within a disciplinary framework into which they are socialised . The knowledge that is constructed is independent of reality but the aim of science is to adequately represent this reality . The structure of science is clearly a social construct and the process of science is a social activity . Four hundred years ago science as we know it did not exist . It was not discovered on the beach one day . It was constructed historically and socially . I believe that historians and sociologists of science do an important job in examining this process . Why did Darwin formulate his theory of evolution as he did ? What were the influences that led him to make certain assumptions and not others ? It is important for scientists to see theories in historical and social context , as well as in relation to evidence , in order to consider options . Darwin 's theory as the conceptual basis of biology has severe limitations , and we may expect that there will be another theory that does a better job both in understanding biological reality and in relation to social meaning and action . These two faces of science are equally important . So my answer is yes to questions 2 and 3 also . Brian Goodwin is professor of biology at the Open University ************************************************************** Somewhere , buried in the awesome complexity of Nature , lies the truth . It is the task of science to disclose that truth , and the scientific method -- essentially edging forward by experimentation guided by and guiding theorizing -- appers to be the most reliable mode of discovery . It may also be the only method of reliable discovery , but that we shall probably never be able to test . There have certainly been other claimants to the possession of modes of discovering the truth , and some are with us still . They include religions , where the mode is personal revelation allied with social coercion , and meditation , which is an inward form of religion without the component of social coercion . Religion is definitely socially conditioned , and its manifest failure to elucidate , as distinct from its seemingly infinite power to confuse , could perhaps be construed as an indication of the dangers that lie in wait for " socially constructed " modes of discovering information . How can we be confident that science is independent of society ? First , there are the superficial indications . Specifically , scientific conclusions -- its laws ( its summaries of experience ) and its theories ( its rationalization and revelation of interconnection ) -- are seemingly universal . Laws and theories , provided they are substantiated , are accepted worldwide in cultures of endless variety , in societies with different religions , political systems , personal deportments , and histories . There is no Second Law for Christians and another Second Law for Moslems ; there is no General Relativity for Shintoists and another General Relativity for Voodoo - ists . It might be argued that the Behemoth of Western science has trampled underfoot the green shoots of alternative science , but there is not one iota of experimental evidence for this view and every reason to believe that those who hold it are motivated by jealousy in one of its disguises ( such as political correctness ) or by a wish to see science 's progress tripped . That science is so successful at elucidation both trans - culturally and trans - nationally is a first clear indication that it is not a social construct . Second , although societies change , sometimes by revolution and sometimes regressively , science evolves smoothly and progressively . There is in fact , no such thing as a total scientific revolution . Even those paradigms of purported revolution , quantum theory and relativity , can , from our current perspective , be seen to be elaborations of classical physics , for they preserve much of its concepts , procedures , and attitudes . Science proceeds by progressive , never regressive , evolution , gradually accreting information and concepts that jointly enable its web to be extended . True , concepts are discarded as they are found to be unnecessary , inappropriate , or misleading ; but their discarding is based on experimental evidence or theoretical argument , not on political , legal , or social expediency . It is noteworthy that the development of the theory of natural selection during the 19th century effectively demolished the authority of the establishment within which the theory had emerged . Truth will out despite the consequences and despite the social milieu . Third , science constitutes a network that has been built by investigations in a wide variety of fields . Our current science springs from observation as diverse as the abstract remoteness of the interpretation of tracks recorded at CERN to the physical remoteness of monitoring sea - slugs in Peru . Yet , despite the variety , both intellectually and socially , of these sources , where they impinge on one another they invariably augment . If science were a social construct , one would expect concepts and observations that emerge from disparate sources and disciplines to clash . Yet they invariably slot together like a key into a well - oiled lock . Fourth , the pinnacle of scientific explanation is to be found in mathematics . It is certainly true that not all scientific concepts are to be found expressed mathematically , and some theories of high science , such as the theory of evolution by natural selection , can be expressed without it . Nevertheless , it is certainly true that fundamental ideas touching on the deep structure of the Universe , the nature of elementary particles , the nature of spacetime , cosmogenesis , motion , and in due course perhaps the attributes of consciousness , can be expressed only in terms of mathematics . Mathematics is aloof from being a social construct , being essentially a distillation of the logic of relationships and utterly dry of any drips of sentiment . It is thus hard to see how it can be maintained , if the deepest results of science are discovered and expressed in a language that is so utterly remote from sociological aspects of society , that the knowledge so obtained is a social construct . The universal character of science , by which I mean its independence of lasting national , racial , religious , and political influences , must argue strongly against the view that it is a social construct . Even if one social group were so to dominate the landscape of scientific achievement , any conscious conspiracy of silence would soon be exposed . The sociology of science is such that scientists are desperate to discover : their reputation and funding -- their professional lives -- depend on it . If a scientist has a whiff of a discovery , then he will pursue it to the ends of the Earth partly for the pure joy of exposing a hitherto unknown continent or even tiny island of knowledge , but partly for the sake of self - advancement and a species of immortality . Regions of the unknown simply can not remain hidden under the onslaught of the activities of this refinement of market forces . Of course , it could be argued that there are regions of knowledge that are so in conflict with current paradigms that there is an unconscious conspiracy of silence : the paranormal is an example . However , for all such heresies there is virtually no sound evidence . Heretical " observations " are all unrepeatable , contrived , or explicable by some adaptation of conventional science . Unlike true science , which is a progression founded in a globally coherent theoretical structure , the paranormal pseudosciences are speculative islands unsupported by any theoretical framework that meshes into accepted and verified observations . The only sociology of science involved in their exclusion from the pantheon of true science is contempt for the evidence and scpticism of the power of free - form speculation without the discipline and rigour of coherence within the otherwise globally accepted paradigm .. in other words , the paranormal is almost certainly speculative rubbish . If science were a social construct , it would be hard to see how so much of modern technology could work . The whole of the ubiquitous electronics industry relies on quantum theory and a knowledge of materials that draws on the deep principles of conventional science . It is simply absurd to suppose that the development of technology is part of a conspiracy , even an unconscious one . The same is equally true of the foundations of life and the cautiously emerging industry based on genetic engineering and hence ultimately on molecular biology . The wonder of science is that it is a union ( not a Mafia ) of minds . Far from being locally cohesive but globally exclusive , like religion and other socially constructed codes , science is globally inclusive . Regardless of background , a scientist can enter the sociological framework of science provided he maintains the standards of integrity that ( apart from a few soon - exposed warts ) generally characterize the activity , and adopts the procedure of public experimentation that is science 's principal route to knowledge . Why , though , do some people hope that science is a social construct ? In the main , I suspect , they are a subset of those who fear the achievements of science in exposing the unsentimental core of the world . Moreover , it is inevitable that practitioners of a particular cause are likely to consider their discipline more royal than another , and to justify this view by seeking to undermine what is widely regarded as superior . Social scientists , I suspect , are not immune to this disease , as true scientists ( as this article reveals ) are not also . However , science has much to show , whereas social science does not . Although the sociology of science is worthless epistemologically , it can illuminate its procedures . Science is certainly a social activity , and hence it is subject to the dynamics that attend any tribal association . There are cautious revolutions , dominant and submissive members ; there is crime and there is politics . All this is a proper and worthwhile object of investigation , and in certain respects social scientists are well equipped to contribute . They are also entirely within their rights to probe the authority of science and to invite scientists to reflect on the nature of their activity . But they have virtually nothing to contribute to the pursuit of science itself , which is best left to that most effective and constructive group of human beings , the scientists themselves . Peter Atkins is a fellow of Lincoln College , Oxford , and university lecturer in physical chemistry . ************************************************************ ******* The question of the impact of the sociology of science on science looks all too likely to be framed by the debate between biologist Lewis Wolpert and sociologist Harry Collins at the British Association . This poses a problem for observers , for each holds a very particular epistemological stance which is by no means generically held by other members of their disciplines . Thus as we saw from the debate Lewis takes a realist view of science whereas Harry takes a relativistic view -- the point being that it is entirely possible to take a social constructionist view , as most social scientists do , without taking issue with the truth claims of science . Some do , some do not , and some regard their own accounts reflexively . However , it is precisely at this moment that the essentially macho debate begins , for both Harry and Lewis believe that what they say about the sociology of science is unequivocally " true " . For Lewis this seems to be a sort of spill over from the claims of certainty of the experimental sciences . For Harry , while natural science is socially constructed and has only relativistic truth , his own sociological account of science calims truth . With both Harry and Lewis being " right " we get an exchange which tells us more about constructions of academic masculinity than how much science and the sociology of science can learn from one another . Pass please . Hilary rose is author of Love Power and Knowledge : Towards a feminist transformation of the sciences .	Date : Thu , 06 Oct 1994 11:57:39 From : aeweiss@mtu.edu ( Andrew Weiss ) To : SCI-TECH -STUDIES@UCSD.EDU Subject : Gross 's response to Weiss STS -Oct-M33 - Weiss Thanks to Gross for his reasoned reply to my posting ( and thanks to those with far more expertise than I who followed up ) . However , I think Gross missed a number of my points ( and perhaps my embellished rhetoric interfered with my message , for which I wo n't apologize ) . First , I did not mean to imply that technoscience ( for lack of a better word ) was THE CAUSE of overpopulation and world travel , merely a vital contributor . The extension of this position ( illustrated by Marks ) , is to ask if there is something in the nature of technoscience or in the manner in which it is practiced that leads it to often exacerbate the very problems it seeks to ameliorate ? Iatrogenesis is but one example ; another is military technology ( do better weapons bring more or less national security and global conflict ? ) . I 'm not saying this is a black - or - white issue , but that there are enough instances of technoscience better serving the needs of its practitioners and its powerful patrons than the needs of ordinary people , that the institution deserves critical scrutiny of a fundamental nature . Gross later asks why STSers do n't apply for guidance on what to study . I 'm not against this , and I think it would probably be useful . But I 'm not going to start pushing for it relentlessly until we begin to get hundreds of millions of dollars to pursue our research and until the fruits of our study show the potential to change the ways people live their lives . I do , by the way , think their is a clear strain of fear - of - the - people ( or fear of democracy ) in technoscientists ( see , for example , Fischer , _Technocracy and the Politics of Expertise_ , Sage 1990 ) . Finally , the only alternative to having agendas set by the experts is not having it set by members of Congress according to their own , often parochical , agendas . Another alternative is reasoned public debate . Farfetched perhaps , but primarily because none of the parties are adequately prepared for it . The general awareness of the transformatory power and limitations of technoscience , as well as the tentative nature of many knowledge claims , is poor among the public , the experts , and policy makers . In my humble opinion , the best of STS is what seeks to address this problem . And it is not a problem that will be solved quickly , or that can be solved by the cogitation of academics . It will take political conflict and negotiation , social learning , and deliberate experimentation . We will have to muddle through it , which is not the same thing as proceeding in a muddleheaded manner . We can muddle intelligently , deliberately , and with respect for the inevitably differing positions various stakeholders . We may not find THE ANSWER ( in fact , I think answers are overrated ) , but we at least will be talking to and not past each other ( cf. Stone , _ Policy Paradox and Political Reason_ , HarperCollins 1988 ) .	1<2	unknown	joint	conjunction
I found the rebuttal by MARKS very convincing on the areas of disease / overpopulation brought up by GROSS ,	but his the comment that : > As for Lysenko , I thought we had > stopped scaring our children with boogymen a few decades > ago . was much too smug for my taste .	1>2	unknown	concession	concession
I 'm a committed left political activist ,	but I 'm very dissapointed with the ways in which STS is often on the defensive around the poitical correctness and civil liberties issues .	1>2	unknown	concession	concession
but his the comment that : > As for Lysenko , I thought we had > stopped scaring our children with boogymen a few decades > ago . was much too smug for my taste .	but I 'm very dissapointed with the ways in which STS is often on the defensive around the poitical correctness and civil liberties issues .	1<2	unknown	evaluation	comment
but I 'm very dissapointed with the ways in which STS is often on the defensive around the poitical correctness and civil liberties issues .	It s unconvincing to add on " Oh , and our new democratic science will also avoid all the old pitfalls of socialist tyranny . "	1<2	unknown	evidence	explanation
It s unconvincing to add on " Oh , and our new democratic science will also avoid all the old pitfalls of socialist tyranny . "	Why ca n't we use these issues as an offensive platform rather than dancing around them ?	1<2	unknown	evidence	explanation
I am sorry to interrupt the fascinating threat - to - STS debate .	But maybe some people would like to discuss this debate in a cozier space than cyberspace .	1>2	unknown	concession	concession
But maybe some people would like to discuss this debate in a cozier space than cyberspace .	As a student representative of SSSS , I would like to organize a meeting for graduate and undergraduate students in New Orleans .	1>2	unknown	motivation	explanation
As a student representative of SSSS , I would like to organize a meeting for graduate and undergraduate students in New Orleans .	The plan is to go on Thursday evening around 8:30 pm to one of the city 's famous bars .	1<2	unknown	enablement	purpose
I am not sure where exactly	but I will post signs .	1>2	unknown	antithesis	contrast
As a student representative of SSSS , I would like to organize a meeting for graduate and undergraduate students in New Orleans .	but I will post signs .	1<2	unknown	enablement	purpose
As a student representative of SSSS , I would like to organize a meeting for graduate and undergraduate students in New Orleans .	So , look for the signs	1<2	unknown	enablement	purpose
So , look for the signs	and hopefully we 'll meet ,	1<2	unknown	motivation	explanation
Paul Edwards writes :	> If LIEBERMAN or anyone else genuinely believes that STS convincingly > demonstrates that external reality does n't exist , I would like to be > notified of just where and how this has been done . On my reading , most STS > literature asserts , and often demonstrates , some form of interpretive > flexibility in scientific claims or technological design . But there is a > vast difference between flexibility , an excellent metaphor whose > connotations should be taken seriously , and infinite malleability - which > does n't even work as a metaphor ( from what experiential background could it > be drawn ? ) , much less as a coherent literal description of anything at all . > The most common philosophical mistake in STS is to leap from the > possibility of _multiple_ interpretations or constructions to the > possibility of an _infinite_ number . When something flexes too far , it > breaks .	1>2	unknown	attribution	attribution
> If LIEBERMAN or anyone else genuinely believes that STS convincingly > demonstrates that external reality does n't exist , I would like to be > notified of just where and how this has been done . On my reading , most STS > literature asserts , and often demonstrates , some form of interpretive > flexibility in scientific claims or technological design . But there is a > vast difference between flexibility , an excellent metaphor whose > connotations should be taken seriously , and infinite malleability - which > does n't even work as a metaphor ( from what experiential background could it > be drawn ? ) , much less as a coherent literal description of anything at all . > The most common philosophical mistake in STS is to leap from the > possibility of _multiple_ interpretations or constructions to the > possibility of an _infinite_ number . When something flexes too far , it > breaks .	To Paul Edwards ' perceptive comments on the value of the notion of interpretive flexibility , I 'd add that not only are meanings and truths implicitly negotiated , the more durable outcome of such controversies or fact - makings is a sort of constructive ambiguity .	1>2	unknown	background	frame
Excellent !	To Paul Edwards ' perceptive comments on the value of the notion of interpretive flexibility , I 'd add that not only are meanings and truths implicitly negotiated , the more durable outcome of such controversies or fact - makings is a sort of constructive ambiguity .	1>2	unknown	background	frame
Excellent !	Social construction need n't be philosophically assimilated with the more perverse spinoffs of German idealism .	1<2	unknown	antithesis	contrast
If a meaning or truth is subject to multiple social meanings	it is less brittle and less apt to crack under social or political pressure .	1>2	unknown	condition	condition
To Paul Edwards ' perceptive comments on the value of the notion of interpretive flexibility , I 'd add that not only are meanings and truths implicitly negotiated , the more durable outcome of such controversies or fact - makings is a sort of constructive ambiguity .	it is less brittle and less apt to crack under social or political pressure .	1<2	unknown	evidence	explanation
it is less brittle and less apt to crack under social or political pressure .	Take nuclear power ( which , of course did n't have a sufficiently flexible / ambiguous meaning ) -- it had many meanings from " too cheap to meter " to a symboll of American ( or French ) techno - prowess .	1<2	unknown	elaboration	elaboration
Excuse my naivete , friends ,	but I still can see why scientists are soo irritated with us	1>2	unknown	antithesis	contrast
To Paul Edwards ' perceptive comments on the value of the notion of interpretive flexibility , I 'd add that not only are meanings and truths implicitly negotiated , the more durable outcome of such controversies or fact - makings is a sort of constructive ambiguity .	but I still can see why scientists are soo irritated with us	1<2	unknown	background	frame
but I still can see why scientists are soo irritated with us	( cf. the article on Latour in Lingua Franca as well as Gross & Levitt , etc ) .	1<2	unknown	evidence	explanation
but I still can see why scientists are soo irritated with us	Does n't ideologically bolting oneself to a particular conception of reality risk rendering oneself obsolete once the facts or cultural winds change ?	1<2	unknown	evidence	explanation
Does n't ideologically bolting oneself to a particular conception of reality risk rendering oneself obsolete once the facts or cultural winds change ?	How many scholasticists or royally - supported astrologists ( or alchemists ) are around these days , anyway ?	1<2	unknown	elaboration	elaboration
but I still can see why scientists are soo irritated with us	As a historian of technology , I can envision the day when Taylorists and industrializers are commonly seen not as avatars of objective truth ,	1<2	unknown	evidence	explanation
As a historian of technology , I can envision the day when Taylorists and industrializers are commonly seen not as avatars of objective truth ,	but as silly fad - followers ( at best ) , self - serving experts , or politically dense tools of their employers ...	1<2	unknown	antithesis	contrast
Ron Eglash writes :	> I 'm very dissapointed with the ways > in which STS is often on the defensive around the poitical > correctness and civil liberties issues . It s > unconvincing to add on " Oh , and our new democratic science > will also avoid all the old pitfalls of socialist tyranny . " > > Why ca n't we use these issues as an offensive platform > rather than dancing around them ?	1>2	unknown	preparation	organization
> I 'm very dissapointed with the ways > in which STS is often on the defensive around the poitical > correctness and civil liberties issues . It s > unconvincing to add on " Oh , and our new democratic science > will also avoid all the old pitfalls of socialist tyranny . " > > Why ca n't we use these issues as an offensive platform > rather than dancing around them ?	Fine idea .	1>2	unknown	background	frame
Fine idea .	As a New Yorker who has watched billions of our Fed tax money go to support hard science , military , and aerospace projects in the Sun / Gun Belt ( and we wonder why the economy here is in a shambles ! ) , for overt political purposes we could point out how Big Science and the Military are machines for enriching the BillyBobs .	1>2	unknown	background	frame
Suggestions ?	As a New Yorker who has watched billions of our Fed tax money go to support hard science , military , and aerospace projects in the Sun / Gun Belt ( and we wonder why the economy here is in a shambles ! ) , for overt political purposes we could point out how Big Science and the Military are machines for enriching the BillyBobs .	1>2	unknown	solutionhood	query
Suggestions ?	Now that those of us on the left have pretty well run the anti-nuclear stuff and eco - feminist stuff pretty hard ( to the point that the issues are pretty worn and threadbare for media exposure ) , que faire ?	1<2	unknown	elaboration	elaboration
As a New Yorker who has watched billions of our Fed tax money go to support hard science , military , and aerospace projects in the Sun / Gun Belt ( and we wonder why the economy here is in a shambles ! ) , for overt political purposes we could point out how Big Science and the Military are machines for enriching the BillyBobs .	Few seem really interested in that , though ...	1<2	unknown	concession	concession
Robert L. Frost writes :	> Fine idea . Suggestions ? Now that those of us on the left have pretty well > run the anti-nuclear stuff and eco - feminist stuff pretty hard ( to the point > that the issues are pretty worn and threadbare for media exposure ) , que > faire ?	1>2	unknown	preparation	organization
> Fine idea . Suggestions ? Now that those of us on the left have pretty well > run the anti-nuclear stuff and eco - feminist stuff pretty hard ( to the point > that the issues are pretty worn and threadbare for media exposure ) , que > faire ?	My comment was simply that " political correctness " has been a fairly effective strategy to use against the academic left and now , apparently , against STS as well .	1>2	unknown	antithesis	contrast
Some of it stinks ( Byron v.s. Toni Morrison )	and some of it is well grounded ( civil liberties , academic freedom ) .	1>2	unknown	concession	concession
and some of it is well grounded ( civil liberties , academic freedom ) .	We should be able to use that parts that make sense to our own advantage , rather than running away from it .	1>2	unknown	background	frame
My comment was simply that " political correctness " has been a fairly effective strategy to use against the academic left and now , apparently , against STS as well .	We should be able to use that parts that make sense to our own advantage , rather than running away from it .	1<2	unknown	elaboration	elaboration
We should be able to use that parts that make sense to our own advantage , rather than running away from it .	One example is the national cyberspace debates :	1<2	unknown	evidence	explanation
One example is the national cyberspace debates :	here issues like the clipper chip and information highway on - ramps allow STS - style arguments to converge with civil liberties concerns rather than be defending against them .	1<2	unknown	elaboration	elaboration
We should be able to use that parts that make sense to our own advantage , rather than running away from it .	I suspect that such convergence could be better adopted in other STS areas as well ,	1<2	unknown	elaboration	elaboration
I suspect that such convergence could be better adopted in other STS areas as well ,	and I wonder if we are n't in such a habit of defending against charges of Lysenkoism that we fail to see such opportunities .	1<2	unknown	elaboration	elaboration
On Mon , 3 Oct 1994 , Steve Fuller wrote :	> On HAMLETT 's call to arms ... > > It looks like the inevitable clash between scientists and STSers is > beginning to happen in earnest . How is it that even the best of the smart guys miss certain obvious facts ?	1>2	unknown	attribution	attribution
This is not " the inevitable clash between scientists and STSers . "	It 's an appeal to scientists by the National Association of Scholars , a contrived attack on what Paul Gross and others call " the academic left . "	1>2	unknown	antithesis	contrast
> On HAMLETT 's call to arms ... > > It looks like the inevitable clash between scientists and STSers is > beginning to happen in earnest . How is it that even the best of the smart guys miss certain obvious facts ?	It 's an appeal to scientists by the National Association of Scholars , a contrived attack on what Paul Gross and others call " the academic left . "	1<2	unknown	evaluation	comment
On Thu , 6 Oct 1994 , Robert L. Frost wrote , in response to Eglash 's :	Its > > unconvincing to add on " Oh , and our new democratic science > > will also avoid all the old pitfalls of socialist tyranny . " > > > > Why ca n't we use these issues as an offensive platform > > rather than dancing around them ? > > Fine idea . Suggestions ?	1>2	unknown	preparation	organization
Its > > unconvincing to add on " Oh , and our new democratic science > > will also avoid all the old pitfalls of socialist tyranny . " > > > > Why ca n't we use these issues as an offensive platform > > rather than dancing around them ? > > Fine idea . Suggestions ?	Discussion on democracy and science has floated through talk about how to respond to the backlash .	1>2	unknown	background	frame
Discussion on democracy and science has floated through talk about how to respond to the backlash .	I wonder how many people on this list are familiar with some of the Nordic attempts to promote substantive democratic discourse over technoscience issues ?	1>2	unknown	background	frame
I wonder how many people on this list are familiar with some of the Nordic attempts to promote substantive democratic discourse over technoscience issues ?	Although I have had no direct experience ,	1>2	unknown	background	frame
Although I have had no direct experience ,	the Danish consensus conferences look like the most interesting innovation .	1>2	unknown	concession	concession
the Danish consensus conferences look like the most interesting innovation .	These involve assembling a group of lay people in a specific local area to discuss their concerns regarding a particular technoscience initiative ( e.g. , bio - technology ) , and using staff to help them formulate a set of questions .	1<2	unknown	elaboration	elaboration
These involve assembling a group of lay people in a specific local area to discuss their concerns regarding a particular technoscience initiative ( e.g. , bio - technology ) , and using staff to help them formulate a set of questions .	These are referred to a panel of experts for answers .	1<2	unknown	elaboration	elaboration
the Danish consensus conferences look like the most interesting innovation .	The " Consensus conference " itself involves assembling both groups to meet over a couple days in a community venue ,	1<2	unknown	elaboration	elaboration
The " Consensus conference " itself involves assembling both groups to meet over a couple days in a community venue ,	and then the lay people write up a report of their conclusions .	1<2	unknown	sequence	temporal
The " Consensus conference " itself involves assembling both groups to meet over a couple days in a community venue ,	Several of these are organized in different places on the same issue , all accompanied by media coverage and publicity .	1<2	unknown	elaboration	elaboration
The Danes I have met claim that while the Danish are generally the most skeptical of the Fenno - Scandians about technology ,	Denmark has been able to move forward more quickly on specific technological initiatives than other Nordic countries .	1>2	unknown	concession	concession
The " Consensus conference " itself involves assembling both groups to meet over a couple days in a community venue ,	Denmark has been able to move forward more quickly on specific technological initiatives than other Nordic countries .	1<2	unknown	volitional-cause	causal
Denmark has been able to move forward more quickly on specific technological initiatives than other Nordic countries .	These Danes also claim that the consensus conference process has something to do with this result .	1<2	unknown	volitional-cause	causal
the Danish consensus conferences look like the most interesting innovation .	In any case , the conferences offer one model of how to make technoscience discourse more democratic .	1<2	unknown	summary	organization
In any case , the conferences offer one model of how to make technoscience discourse more democratic .	I 'm sure there are others .	1<2	unknown	concession	concession
I 'm sure there are others .	( the Dutch have something similar , the Norwegians trying to get them going . )	1<2	unknown	elaboration	elaboration
re : Consensus Conferences , ex : Hakken	They seem , indeed , to be a good idea and to give all sides of a technological issue a chance to argue and respond .	1>2	unknown	preparation	organization
They seem , indeed , to be a good idea and to give all sides of a technological issue a chance to argue and respond .	NOH has been running these for a long time now .	1<2	unknown	elaboration	elaboration
NOH has been running these for a long time now .	Among those with which I have had something to do , and from which I learned a great deal ( not all of it , by any means , encouraging ) about the outsiders ' ( non-science ) view of things ---- sorry , that 's NIH , above , not NOH ---- concerns and wishes , were those on diagnostic ultrasound in pregnancy , animal experimentation and its alternatives , cardiovascular medicine , diabetes , and so on .	1<2	unknown	elaboration	elaboration
The NIH method is not quite the Danish one ( as Hakken describes it ) ,	but it has a similar purpose and effect .	1>2	unknown	concession	concession
NOH has been running these for a long time now .	but it has a similar purpose and effect .	1<2	unknown	elaboration	elaboration
They seem , indeed , to be a good idea and to give all sides of a technological issue a chance to argue and respond .	The trouble is , decent and socially conscious activities of this kind never get coverage in the media or by academic commentators on science and technology .	1<2	unknown	antithesis	contrast
The trouble is , decent and socially conscious activities of this kind never get coverage in the media or by academic commentators on science and technology .	They have little or no interpretable aspects of Privilege or Hegemony .	1<2	unknown	nonvolitional-cause	causal
I have noticed a curious undertone to this debate concerning the attacks on STS / SSK .	Rather , what is being criticized is philosophy of science .	1>2	unknown	background	frame
The claim has been put forward that scientists are wrong to think that they are under attack by the SSK folks .	Rather , what is being criticized is philosophy of science .	1>2	unknown	antithesis	contrast
Rather , what is being criticized is philosophy of science .	Here is my concern :	1>2	unknown	background	frame
Rather , what is being criticized is philosophy of science .	For example , Fuller ( I think -- apologies if I have got the wrong person ) quoted Latour to the effect that philosophers of science were whores and strumpets -- as though they are sirens on the street - corners of the academy , luring impressionable scientists away for immoral purposes .	1<2	unknown	evidence	explanation
Rather , what is being criticized is philosophy of science .	Bernie Lieberman seems to have tendencies in this direction .	1<2	unknown	evidence	explanation
He talks of fusion gangs , collider gangs , and genome gangs .	But when these neighborhood toughs ( or their advocates ) take him to task he says words to the effect ,	1>2	unknown	antithesis	contrast
Bernie Lieberman seems to have tendencies in this direction .	But when these neighborhood toughs ( or their advocates ) take him to task he says words to the effect ,	1<2	unknown	elaboration	elaboration
" What ? You guys ?	I did n't mean you ,	1>2	unknown	solutionhood	query
I did n't mean you ,	I meant " Shorty " over there	1>2	unknown	antithesis	contrast
But when these neighborhood toughs ( or their advocates ) take him to task he says words to the effect ,	I meant " Shorty " over there	1<2	unknown	elaboration	elaboration
I meant " Shorty " over there	-- the philosopher of science ( with all his stories about the nature of science ) " .	1<2	unknown	elaboration	elaboration
Here is my concern :	I do n't know that it makes much sense to conceive of science in such a way that you can make a straightforward " cut " between science and philosophy of science	1>2	unknown	preparation	organization
I do n't know that it makes much sense to conceive of science in such a way that you can make a straightforward " cut " between science and philosophy of science	( and be careful of general arguments here	1<2	unknown	background	frame
( and be careful of general arguments here	-- there are several species of philosophy of science ,	1<2	unknown	elaboration	elaboration
-- there are several species of philosophy of science ,	and within most species , there is much intra-specific variation --	1<2	unknown	elaboration	elaboration
and within most species , there is much intra-specific variation --	this in itself creates a space for hasty generalizations about philosophers of science , and their wicked ways ) .	1<2	unknown	elaboration	elaboration
I do n't know that it makes much sense to conceive of science in such a way that you can make a straightforward " cut " between science and philosophy of science	I do not believe that you can simply carve science out of the intellectual ( including philosophical ) environment in which it takes place -- certainly in any such way that would allow you to sharply differentiate " the science " from the " stories about the science " .	1<2	unknown	evidence	explanation
I do not believe that you can simply carve science out of the intellectual ( including philosophical ) environment in which it takes place -- certainly in any such way that would allow you to sharply differentiate " the science " from the " stories about the science " .	To pursue a Quinean metaphor , the science and the stories are constitutive of the " web of belief " ,	1<2	unknown	elaboration	elaboration
To pursue a Quinean metaphor , the science and the stories are constitutive of the " web of belief " ,	and the parts are made sense of from the perspective of the whole .	1<2	unknown	elaboration	elaboration
Certainly there is much more to science -- even theoretical science -- than philosophy of science .	But it also seems to be true to say that philosophy of science has -- in its many guises -- helped to shape science , and scientific debates in particular .	1>2	unknown	concession	concession
I do n't know that it makes much sense to conceive of science in such a way that you can make a straightforward " cut " between science and philosophy of science	But it also seems to be true to say that philosophy of science has -- in its many guises -- helped to shape science , and scientific debates in particular .	1<2	unknown	evidence	explanation
Examples :	the influence of positivism on the formation of special relativity	1>2	unknown	preparation	organization
But it also seems to be true to say that philosophy of science has -- in its many guises -- helped to shape science , and scientific debates in particular .	the influence of positivism on the formation of special relativity	1<2	unknown	evidence	explanation
the influence of positivism on the formation of special relativity	( e.g. , Einstein 's interpretation of the null result of the Michelson - Morley experiment ,	1<2	unknown	elaboration	elaboration
the influence of positivism on the formation of special relativity	and his rejection of the realism of FitzGerald and Lorentz ) ,	1<2	unknown	elaboration	elaboration
the influence of positivism on the formation of special relativity	and general relativity	1<2	unknown	list	conjunction
and general relativity	( e.g. , the formulation of the principle of equivalence )	1<2	unknown	elaboration	elaboration
and general relativity	-- not to mention the quantum theory !	1<2	unknown	list	conjunction
Whoops -- Wrong thought experiment :	Find out where the science begins and the phil of science ends ....	1>2	unknown	antithesis	contrast
Three Cheers for SHANKS	Very hard to do , I should think , even in cases where the person is clearly endorsing methodologies ( s ) he is not following .	1>2	unknown	background	frame
Three Cheers for SHANKS	( for it was he who wrote of the dangers of believing that philosophy of science can be surgically removed from the otherwise healthy body of science ) !	1<2	unknown	volitional-cause	causal
Historians and sociologists are famous for " problematizing " internal / external distinctions in standard accounts of science .	But , SHANKS is surely right in seeing this " science without the standard stories about science " business as itself putting a NEW internal / external division into place .	1>2	unknown	antithesis	contrast
Three Cheers for SHANKS	But , SHANKS is surely right in seeing this " science without the standard stories about science " business as itself putting a NEW internal / external division into place .	1<2	unknown	elaboration	elaboration
But , SHANKS is surely right in seeing this " science without the standard stories about science " business as itself putting a NEW internal / external division into place .	I see no reason to presume that science will able to get along without some sort of methodological stories about why it is worth being pursued .	1<2	unknown	evidence	explanation
Finally , to take up SHANKS ' last point :	Very hard to do , I should think , even in cases where the person is clearly endorsing methodologies ( s ) he is not following .	1>2	unknown	preparation	organization
Pick your favorite scientist .	Very hard to do , I should think , even in cases where the person is clearly endorsing methodologies ( s ) he is not following .	1>2	unknown	solutionhood	query
Pick your favorite scientist .	Try to find the place where that person 's science starts and philosophy of science begins .	1<2	unknown	sequence	temporal
Paul Gross writes :	> The NIH method is > not quite the Danish one ( as Hakken describes it ) , but it has a > similar purpose and effect . The trouble is , decent and socially > conscious activities of this kind never get coverage in the media > or by academic commentators on science and technology . They have > little or no interpretable aspects of Privilege or Hegemony .	1>2	unknown	preparation	organization
> The NIH method is > not quite the Danish one ( as Hakken describes it ) , but it has a > similar purpose and effect . The trouble is , decent and socially > conscious activities of this kind never get coverage in the media > or by academic commentators on science and technology . They have > little or no interpretable aspects of Privilege or Hegemony .	Never ?	1>2	unknown	antithesis	contrast
Never ?	Those academic commentators concerned with Privilege and Hegemony deserve a little more credit .	1>2	unknown	solutionhood	query
Those academic commentators concerned with Privilege and Hegemony deserve a little more credit .	I , in fact , first learned about the Danish " consensus conferences " through an essay written by Richard Sclove which I think appeared on the op - ed page of _ The Washington Post_ ;	1<2	unknown	evidence	explanation
I , in fact , first learned about the Danish " consensus conferences " through an essay written by Richard Sclove which I think appeared on the op - ed page of _ The Washington Post_ ;	I know he mentioned them more recently in an article in the January 12 , 1994 _ Chronicle of Higher Ed_ ( pp. B 1 - B2 ) .	1<2	unknown	elaboration	elaboration
I do n't mean to pick nits ;	rather , I want to suggest that publicizing Examples of How Things Might Better Be Done is integral to the project of many anti-Privilege academic commentators .	1>2	unknown	antithesis	contrast
Those academic commentators concerned with Privilege and Hegemony deserve a little more credit .	rather , I want to suggest that publicizing Examples of How Things Might Better Be Done is integral to the project of many anti-Privilege academic commentators .	1<2	unknown	elaboration	elaboration
It is apparently dangerous to write a provocative message to our list .	Neither is my belief .	1>2	unknown	background	frame
It was first said that I believe no external reality exists	Neither is my belief .	1>2	unknown	antithesis	contrast
It was first said that I believe no external reality exists	and then that I do not think history and philosophy of science are not of much value .	1<2	unknown	sequence	temporal
Neither is my belief .	I said that there is dispute about the existence of external reality	1<2	unknown	elaboration	elaboration
I said that there is dispute about the existence of external reality	and indeed there has been as has been pointed out since the Greek skeptics .	1<2	unknown	elaboration	elaboration
and indeed there has been as has been pointed out since the Greek skeptics .	But on such matters I am an amateur .	1<2	unknown	elaboration	elaboration
It was also said that I do not value those who write on history and philosophy of science .	That too is not what I believe .	1>2	unknown	antithesis	contrast
Neither is my belief .	That too is not what I believe .	1<2	unknown	list	conjunction
Let me clarify .	I do believe it is profitable to talk about external realities .	1>2	unknown	preparation	organization
That too is not what I believe .	I do believe it is profitable to talk about external realities .	1<2	unknown	elaboration	elaboration
I do believe it is profitable to talk about external realities .	My position is closest to one that is expressed by Stephen Cole in MAKING SCIENCE .	1<2	unknown	elaboration	elaboration
My position is closest to one that is expressed by Stephen Cole in MAKING SCIENCE .	He calls his position a realist - constructivist position .	1<2	unknown	elaboration	elaboration
That too is not what I believe .	I also believe that scientists do many impressie things .	1<2	unknown	list	conjunction
The astronomers predicted quite precisely ( at least precisely enough for me ) when the Shoemake Levy comet ( or debris ) would hit Jupiter ,	and by George it did did hit when they said it would .	1>2	unknown	nonvolitional-cause	causal
I also believe that scientists do many impressie things .	and by George it did did hit when they said it would .	1<2	unknown	elaboration	elaboration
and by George it did did hit when they said it would .	That they are now in deep confusion over what actually happened does n't disturb me in the least .	1<2	unknown	background	frame
That they are now in deep confusion over what actually happened does n't disturb me in the least .	They talk openly of their uncertainties and confusions .	1<2	unknown	elaboration	elaboration
They talk openly of their uncertainties and confusions .	Good science to me .	1<2	unknown	evaluation	comment
And some physicians announced they would rid the Western hemisphere of polio	and by George they seem to have done it .	1>2	unknown	volitional-cause	causal
I also believe that scientists do many impressie things .	and by George they seem to have done it .	1<2	unknown	elaboration	elaboration
If they actually have ,	my hat is off to them .	1>2	unknown	condition	condition
and by George they seem to have done it .	my hat is off to them .	1<2	unknown	evaluation	comment
When I speak of the supercollider gang , the genome gang , the hot fusion gang , and the cancer gang	I am trying to provoke the realization that these people are deliberately misrepresenting various things in the name of objective inquiry	1>2	unknown	circumstance	temporal
I am trying to provoke the realization that these people are deliberately misrepresenting various things in the name of objective inquiry	Historians and philosophers of science do interesting things on a shoestring .	1>2	unknown	antithesis	contrast
I am trying to provoke the realization that these people are deliberately misrepresenting various things in the name of objective inquiry	--- and they are consuming billions and billions of dollars .	1<2	unknown	elaboration	elaboration
I am trying to provoke the realization that these people are deliberately misrepresenting various things in the name of objective inquiry	They need to misrepresent to get such amounts of money .	1<2	unknown	volitional-cause	causal
I also believe that scientists do many impressie things .	Historians and philosophers of science do interesting things on a shoestring .	1<2	unknown	list	conjunction
Historians and philosophers of science do interesting things on a shoestring .	I read them with great pleasure .	1<2	unknown	evaluation	comment
Some criticize me as being naive	I argue offering various contraries which I will not present here .	1>2	unknown	antithesis	contrast
Some criticize me as being naive	---- saying that I should not object to the misrepresentations	1<2	unknown	elaboration	elaboration
---- saying that I should not object to the misrepresentations	because they have always existed and they are a normal event in science .	1<2	unknown	nonvolitional-cause	causal
Historians and philosophers of science do interesting things on a shoestring .	I argue offering various contraries which I will not present here .	1<2	unknown	list	conjunction
I do not have detailed knowledge of the accomplishments of all the gangs	but few say that I am being too harsh on these investigators .	1>2	unknown	antithesis	contrast
I argue offering various contraries which I will not present here .	but few say that I am being too harsh on these investigators .	1<2	unknown	list	conjunction
but few say that I am being too harsh on these investigators .	I would love to see clean , safe , cheap fusion energy .	1<2	unknown	list	conjunction
I would love to see clean , safe , cheap fusion energy .	I would love to see a supercollider produce knowledge that will somehow contribute to our society .	1<2	unknown	list	conjunction
I would love to see a supercollider produce knowledge that will somehow contribute to our society .	I would love to see cures for cancer .	1<2	unknown	list	conjunction
I would love to see cures for cancer .	And I would love to see our knowledge of the genome produce benefits to society .	1<2	unknown	list	conjunction
And I would love to see our knowledge of the genome produce benefits to society .	I search with the proverbial lantern for the contributions of my favorite gangs .	1<2	unknown	list	conjunction
I search with the proverbial lantern for the contributions of my favorite gangs .	I welcome evidence that I am too harsh on these investigators .	1<2	unknown	list	conjunction
I welcome evidence that I am too harsh on these investigators .	I would love to believe that the billions we are spending on these projects are well spent .	1<2	unknown	list	conjunction
There are some ( many ? ) in STS that propose a moderate stance --	but if G&L are suggesting that their work is inherently " good "	1>2	unknown	concession	concession
There are some ( many ? ) in STS that propose a moderate stance --	who do not buy into the extreme reletavism of some in the strong program nor naive empircism / realism ,	1<2	unknown	elaboration	elaboration
who do not buy into the extreme reletavism of some in the strong program nor naive empircism / realism ,	who believe that scientific concepts are unstable and dynamic but nevertheless similar and worth study ,	1<2	unknown	list	conjunction
who believe that scientific concepts are unstable and dynamic but nevertheless similar and worth study ,	who think of scientists as ( for the most part ) good people ( like the rest of us )	1<2	unknown	list	conjunction
who think of scientists as ( for the most part ) good people ( like the rest of us )	but who are not beyond forming unethical powerful cartels . I agree with Lieberman , that scientists do many good things ,	1<2	unknown	list	conjunction
but if G&L are suggesting that their work is inherently " good "	then " the job " of STS is first to show the contrary .	1>2	unknown	antithesis	contrast
then " the job " of STS is first to show the contrary .	Then we can get on to improving it .	1<2	unknown	sequence	temporal
GROSS writes that consensus development conferences " never get coverage inthe media or by academic commentators on science and technology . "	What follows is a short bibliography of consensus development conferences , NIH style :	1>2	unknown	antithesis	contrast
What follows is a short bibliography of consensus development conferences , NIH style :	OTA. 1982 . Technology Transfer at the National Institutes of Health . OTA -TM - H - 10 . USGPO.	1<2	unknown	elaboration	elaboration
OTA. 1982 . Technology Transfer at the National Institutes of Health . OTA -TM - H - 10 . USGPO.	Fredrickson , Donald. 1978 . " Seeking technical consensus on medical intervention . " Clinical Research 26(3 ) : 116 - 17 .	1<2	unknown	list	conjunction
Fredrickson , Donald. 1978 . " Seeking technical consensus on medical intervention . " Clinical Research 26(3 ) : 116 - 17 .	Markle , Gerald and Chubin , Daryl. 1987 . " Consensus development in biomedicine : the liver transplant controversy . " The Millbank Quarterly 65(1 ) : 1 - 24 .	1<2	unknown	list	conjunction
Markle , Gerald and Chubin , Daryl. 1987 . " Consensus development in biomedicine : the liver transplant controversy . " The Millbank Quarterly 65(1 ) : 1 - 24 .	IOM. 1990 . Consensus Development at the NIH : Improving the Program . National Academy Press .	1<2	unknown	list	conjunction
OTA. 1982 . Technology Transfer at the National Institutes of Health . OTA -TM - H - 10 . USGPO.	These references I draw from my dissertation , which focused on the problem of the " boundary between politics and science " at NIH .	1<2	unknown	background	frame
These references I draw from my dissertation , which focused on the problem of the " boundary between politics and science " at NIH .	With respect to consensus development conferences , the boundary problem has been the inclusion or exclusion of social , economic and ethical issues .	1<2	unknown	elaboration	elaboration
With respect to consensus development conferences , the boundary problem has been the inclusion or exclusion of social , economic and ethical issues .	Markle and Chubin , not surprisingly , but also IOM , recommend their inclusion .	1<2	unknown	elaboration	elaboration
With respect to consensus development conferences , the boundary problem has been the inclusion or exclusion of social , economic and ethical issues .	NIH has been hesitant in doing so ,	1<2	unknown	elaboration	elaboration
NIH has been hesitant in doing so ,	at least in part because it brings them one step closer to the highly volatile realm of health care policy ( which NIH distinguishes from health research / policy ) .	1<2	unknown	nonvolitional-cause	causal
With respect to consensus development conferences , the boundary problem has been the inclusion or exclusion of social , economic and ethical issues .	Even former NIH director Don Fredrickson has said that NIH needs to include more economic and social analysis in consensus development ,	1<2	unknown	elaboration	elaboration
Even former NIH director Don Fredrickson has said that NIH needs to include more economic and social analysis in consensus development ,	but he suggests that this should be included only to the extent that it has become scientific .	1<2	unknown	concession	concession
I just got around to reading Collins 's defense of SSK in the THES ,	and I found something in it rather mystifying that I hope someone on this list can clarify .	1>2	unknown	nonvolitional-cause	causal
and I found something in it rather mystifying that I hope someone on this list can clarify .	As an example of what he means by " methodological relativism , " he contrasts how to do the history of the Michelson - Morley experiment , with , somewhat cryptically in the passive voice , he claims it has been written .	1<2	unknown	elaboration	elaboration
As an example of what he means by " methodological relativism , " he contrasts how to do the history of the Michelson - Morley experiment , with , somewhat cryptically in the passive voice , he claims it has been written .	That 's just what I find mystifying :	1<2	unknown	elaboration	elaboration
That 's just what I find mystifying :	Who writes it that way ?	1<2	unknown	elaboration	elaboration
Who writes it that way ?	I did n't need to read Collins to learn that M & M were n't trying to measure the speed of light and that we should put aside " the right answer " when doing the history of science .	1<2	unknown	elaboration	elaboration
I did n't need to read Collins to learn that M & M were n't trying to measure the speed of light and that we should put aside " the right answer " when doing the history of science .	Imre Lakatos , a quarter century ago , argued that the experiment was done originally to test between different versions of the luminiferous ether theory .	1<2	unknown	evidence	explanation
Some questions :	1 . Is Collins beating a straw man ?	1>2	unknown	preparation	organization
and I found something in it rather mystifying that I hope someone on this list can clarify .	1 . Is Collins beating a straw man ?	1<2	unknown	elaboration	elaboration
1 . Is Collins beating a straw man ?	What recent scholar has talked about M & M the way he describes ?	1<2	unknown	elaboration	elaboration
2 . When Collins traces SSK back a quarter of a century ,	is he tracing it back to Lakatos ?	1>2	unknown	circumstance	temporal
1 . Is Collins beating a straw man ?	is he tracing it back to Lakatos ?	1<2	unknown	list	conjunction
is he tracing it back to Lakatos ?	Is Lakatos a methodological relativist in Collins 's sense , too ?	1<2	unknown	elaboration	elaboration
Is Lakatos a methodological relativist in Collins 's sense , too ?	If not , why not ?	1<2	unknown	elaboration	elaboration
is he tracing it back to Lakatos ?	What distinguishes methodological relativism from other rejections of " Whig history of science " ?	1<2	unknown	elaboration	elaboration
> From HAMLETT :	<< Now , of course , we see the scientific community awakening to what 's been going on in STS for the past 15 years , and that community -- or at least some noted spokespersons -- is clearly frightened and panicked by the STS literature . I suppose after long neglest , it 's nice to be noticed , at all . However , I fear that the barrage of criticisms will overwhelm the theoretical insights that STS has to offer to newly aroused scientists . The contributions of our field will get lumped with other suspect intellectual movements , and we may find ourselves defensively responding to the scorn of scientists who , themselves , have not examined the STS literature , but have followed the lead of the few scientists who have published attacks . I certainly think these developments will make even more difficult various efforts to build STS programs on campuses . >>	1>2	unknown	attribution	attribution
<< Now , of course , we see the scientific community awakening to what 's been going on in STS for the past 15 years , and that community -- or at least some noted spokespersons -- is clearly frightened and panicked by the STS literature . I suppose after long neglest , it 's nice to be noticed , at all . However , I fear that the barrage of criticisms will overwhelm the theoretical insights that STS has to offer to newly aroused scientists . The contributions of our field will get lumped with other suspect intellectual movements , and we may find ourselves defensively responding to the scorn of scientists who , themselves , have not examined the STS literature , but have followed the lead of the few scientists who have published attacks . I certainly think these developments will make even more difficult various efforts to build STS programs on campuses . >>	It really all depends on how WE ( " the STS community " ) decide to react .	1>2	unknown	antithesis	contrast
It really all depends on how WE ( " the STS community " ) decide to react .	If we decide to take seriously such rabid and blind criticism of STS work as the one fully illustrated in Gross & Levitt 's work ( _ Higher Superstition_ ) ,	1>2	unknown	background	frame
If we decide to take seriously such rabid and blind criticism of STS work as the one fully illustrated in Gross & Levitt 's work ( _ Higher Superstition_ ) ,	then we are pretty much setting ourselves up and letting our detractors decide our agenda for us .	1>2	unknown	condition	condition
then we are pretty much setting ourselves up and letting our detractors decide our agenda for us .	For one thing , these people have absolutely no interest whatsover getting involved in any sort of constructive exchange with us .	1<2	unknown	evidence	explanation
For one thing , these people have absolutely no interest whatsover getting involved in any sort of constructive exchange with us .	Their intentions are as transparent as their aversion for us :	1<2	unknown	elaboration	elaboration
Their intentions are as transparent as their aversion for us :	they want to dispense with us as fast as possible and with the minimum amount of effort it takes them to reach their goals .	1<2	unknown	elaboration	elaboration
they want to dispense with us as fast as possible and with the minimum amount of effort it takes them to reach their goals .	So , reacting to them by developing an argument would be foolhardy , not to say pathetic .	1<2	unknown	nonvolitional-result	causal
So , reacting to them by developing an argument would be foolhardy , not to say pathetic .	Enough work has been done already for anyone who is operating in good faith .	1<2	unknown	evidence	explanation
Second , many of our detractors are not really worried about us influencing the scientists --	but rather , they think we will have a bad effect on the policy makers .	1>2	unknown	antithesis	contrast
Second , many of our detractors are not really worried about us influencing the scientists --	they think we will simply not be able to do that --	1<2	unknown	volitional-cause	causal
then we are pretty much setting ourselves up and letting our detractors decide our agenda for us .	but rather , they think we will have a bad effect on the policy makers .	1<2	unknown	evidence	explanation
but rather , they think we will have a bad effect on the policy makers .	So , by becoming overly preoccupied with their " beefs " , we would be distracting ourselves from a genuine avenue , instead having our collective head turn in the direction THEY want us to turn it .	1<2	unknown	nonvolitional-result	causal
So , by becoming overly preoccupied with their " beefs " , we would be distracting ourselves from a genuine avenue , instead having our collective head turn in the direction THEY want us to turn it .	For instance , we can go a long , long way tapping into the population of malcontents among the scientists	1<2	unknown	elaboration	elaboration
For instance , we can go a long , long way tapping into the population of malcontents among the scientists	-- those who have suffered and are still suffering from status quo science funding , for example .	1<2	unknown	elaboration	elaboration
then we are pretty much setting ourselves up and letting our detractors decide our agenda for us .	The trick is to present our message to these scientists in such a way that the false impression given that we are anti-science is avoided .	1<2	unknown	summary	organization
The trick is to present our message to these scientists in such a way that the false impression given that we are anti-science is avoided .	And what 's more , may have a head start on this given that these detractors of ours still equate the scientific community with that select set of Nobel laureates and the upper thin layer of elite scientists .	1<2	unknown	elaboration	elaboration
Re Schmauss 's puzzlement about whigg history etc .	There is nothing in my piece that is incompatible with a thoroughgoing unwhiggish approach to the histgory of science .	1>2	unknown	preparation	organization
There is nothing in my piece that is incompatible with a thoroughgoing unwhiggish approach to the histgory of science .	That is why I am surprised to have been attacked even by my colleagues ( eg Hilary Rose , Steve Woolgar [ in latest THES ] ) .	1<2	unknown	background	frame
That is why I am surprised to have been attacked even by my colleagues ( eg Hilary Rose , Steve Woolgar [ in latest THES ] ) .	I wrote what I thought would be a piece that would be pretty inoffensive to almost anyone concerned with these topics ;	1<2	unknown	elaboration	elaboration
I wrote what I thought would be a piece that would be pretty inoffensive to almost anyone concerned with these topics ;	one lives and learns !	1<2	unknown	background	frame
There is nothing in my piece that is incompatible with a thoroughgoing unwhiggish approach to the histgory of science .	The only difference between the methodological relativism that I espoused in THES , and what , some others might do , is methodological .	1<2	unknown	evidence	explanation
To achieve thoroughgoing unwhiggishness amounts to forgetting the ` truth ' about what is being argued .	Proclaiming one 's sensitivity to non-retrospection is rarely enough when it comes to the history of science .	1>2	unknown	antithesis	contrast
The only difference between the methodological relativism that I espoused in THES , and what , some others might do , is methodological .	Proclaiming one 's sensitivity to non-retrospection is rarely enough when it comes to the history of science .	1<2	unknown	elaboration	elaboration
Proclaiming one 's sensitivity to non-retrospection is rarely enough when it comes to the history of science .	Rational reconstruction a la Lakatos , by the way , seems to be something completely different .	1<2	unknown	background	frame
There is nothing in my piece that is incompatible with a thoroughgoing unwhiggish approach to the histgory of science .	As for the aether , the story is not mine .	1<2	unknown	evidence	explanation
As for the aether , the story is not mine .	I took it from Michael Polanyi and Lloyd Swenson	1<2	unknown	evidence	explanation
I took it from Michael Polanyi and Lloyd Swenson	( as is made clear in the Preface to The Golem ) .	1<2	unknown	background	frame
I took it from Michael Polanyi and Lloyd Swenson	[ I also used some original sources ] .	1<2	unknown	background	frame
I took it from Michael Polanyi and Lloyd Swenson	Neither were / are noted relativists .	1<2	unknown	elaboration	elaboration
There is nothing in my piece that is incompatible with a thoroughgoing unwhiggish approach to the histgory of science .	The same applies , of course , to the Eddington story - which we took from Earman and Glymour .	1<2	unknown	evidence	explanation
It seems to me , however , that what they have done is studies which are genuinely unwhiggish	and therefore amount to their having done their history while forgetting the outcome .	1>2	unknown	nonvolitional-cause	causal
The same applies , of course , to the Eddington story - which we took from Earman and Glymour .	and therefore amount to their having done their history while forgetting the outcome .	1<2	unknown	elaboration	elaboration
and therefore amount to their having done their history while forgetting the outcome .	Methodological relativism formalises and tightens this principle .	1<2	unknown	elaboration	elaboration
Finally , re Lakatos , the point is not that Michelson was checking on theories of the luminiferous aether	the point is that whatever they were looking for the best experiments seemed to find an aether drift at least until the 1930s .	1>2	unknown	antithesis	contrast
Finally , re Lakatos , the point is not that Michelson was checking on theories of the luminiferous aether	[ in any case , Swenson says they were trying to measure the speed of the Earth ] ,	1<2	unknown	background	frame
There is nothing in my piece that is incompatible with a thoroughgoing unwhiggish approach to the histgory of science .	the point is that whatever they were looking for the best experiments seemed to find an aether drift at least until the 1930s .	1<2	unknown	evidence	explanation
There is nothing in my piece that is incompatible with a thoroughgoing unwhiggish approach to the histgory of science .	PS Readers might be interested to know that this morning the BBC ( Start the Week with Melving Bragg ) , had a programme discussing the Loughborough debate .	1<2	unknown	joint	conjunction
PS Readers might be interested to know that this morning the BBC ( Start the Week with Melving Bragg ) , had a programme discussing the Loughborough debate .	I had no inkling of this	1<2	unknown	background	frame
I had no inkling of this	until a colleague mentioned to me that he had heard it .	1<2	unknown	circumstance	temporal
PS Readers might be interested to know that this morning the BBC ( Start the Week with Melving Bragg ) , had a programme discussing the Loughborough debate .	I am not sure who represented the SSK position .	1<2	unknown	background	frame
REPLY TO SHANKS AND RICHARDSON ON ENEMIES OF SCIENCE :	Nobody is denying that philosophical considerations have informed and motivated scientific work .	1>2	unknown	preparation	organization
I 'm telnetting from Charlottesville , Virginia ,	so this might be rougher to write ...	1>2	unknown	nonvolitional-cause	causal
REPLY TO SHANKS AND RICHARDSON ON ENEMIES OF SCIENCE :	so this might be rougher to write ...	1<2	unknown	background	frame
Nobody is denying that philosophical considerations have informed and motivated scientific work .	However , there are still a few open questions .	1>2	unknown	concession	concession
Nobody is denying that philosophical considerations have informed and motivated scientific work .	In fact , it would be hard to comprehend the point of doing science without smuggling in philosophy .	1<2	unknown	elaboration	elaboration
However , there are still a few open questions .	First , whether scientists really need a class of people called ' philosophers of science ' to help them with their philosophizing .	1>2	unknown	background	frame
First , whether scientists really need a class of people called ' philosophers of science ' to help them with their philosophizing .	Second , whether philosophers of science should be in the business of ' helping scientists ' rather than doing something a bit more independent and / or critical .	1<2	unknown	list	conjunction
The most interesting philosophers of science in this century were not slavish worshippers of science ,	but in fact had conceptions of the scientific enterpirse that went against the standing trends .	1>2	unknown	antithesis	contrast
First , whether scientists really need a class of people called ' philosophers of science ' to help them with their philosophizing .	but in fact had conceptions of the scientific enterpirse that went against the standing trends .	1<2	unknown	background	frame
I include here not only Popper , Lakatos , and Feyerabend ,	but also the logical positivists	1>2	unknown	concession	concession
but in fact had conceptions of the scientific enterpirse that went against the standing trends .	but also the logical positivists	1<2	unknown	elaboration	elaboration
-- since by the time those guys were writing ,	it was clear already that you 'd have to do a major overhaul of scientific communication patterns	1>2	unknown	circumstance	temporal
but also the logical positivists	it was clear already that you 'd have to do a major overhaul of scientific communication patterns	1<2	unknown	evidence	explanation
it was clear already that you 'd have to do a major overhaul of scientific communication patterns	if you wanted to take the idea of ' unity of science ' seriuously .	1<2	unknown	condition	condition
When science studies people rail against philosophy of science ,	their target is usually the rhetoric that scientists use to discuss their activities in public -- appeals to truth , objectivity , rationality etc -- that wreak of philosophical origins ,	1>2	unknown	circumstance	temporal
their target is usually the rhetoric that scientists use to discuss their activities in public -- appeals to truth , objectivity , rationality etc -- that wreak of philosophical origins ,	but that do n't seem to be needed to explain how science actually occurs .	1>2	unknown	concession	concession
but that do n't seem to be needed to explain how science actually occurs .	Consequently , the philosophical rhetoric appears to be a mystification , whcih ends up inflating everyone 's expectations about what science can do -- something that is in no one 's interest .	1>2	unknown	nonvolitional-cause	causal
Consequently , the philosophical rhetoric appears to be a mystification , whcih ends up inflating everyone 's expectations about what science can do -- something that is in no one 's interest .	From this standpoint , perhaps you can see why Latour and Collins , say , might think that they are doing science a favor by slaying the philosophical dragons .	1>2	unknown	evidence	explanation
First , whether scientists really need a class of people called ' philosophers of science ' to help them with their philosophizing .	From this standpoint , perhaps you can see why Latour and Collins , say , might think that they are doing science a favor by slaying the philosophical dragons .	1<2	unknown	background	frame
I , for one , am still puzzled by methodological relativism .	do not presume the outcome in the history .	1>2	unknown	solutionhood	query
The point seems to be :	do not presume the outcome in the history .	1>2	unknown	preparation	organization
If writing a history of an episode in science ,	do not presume the outcome in the history .	1>2	unknown	condition	condition
do not presume the outcome in the history .	Or , more narrowly , evaluate each phase of the episode only on the information available to the participants at that phase .	1<2	unknown	restatement	reformulation
do not presume the outcome in the history .	Sounds utterly uncontroversial	1<2	unknown	evaluation	comment
Sounds utterly uncontroversial	-- it is not so much anti-Whig as I commitment to viewing scientists as not blessed with precognition .	1<2	unknown	elaboration	elaboration
The question is , again , the very one raised by Schmaus	-- who does n't do history this way ?	1>2	unknown	background	frame
do not presume the outcome in the history .	-- who does n't do history this way ?	1<2	unknown	restatement	reformulation
-- who does n't do history this way ?	By the way , this is not a rhetorical question .	1<2	unknown	background	frame
By the way , this is not a rhetorical question .	I am hoping that Schmaus has raised the tone of the debate by doing just what Collins has asked in the past -- discussing examples .	1<2	unknown	elaboration	elaboration
I am hoping that Schmaus has raised the tone of the debate by doing just what Collins has asked in the past -- discussing examples .	So , who has written bad history of the Michelson - Morley debate ?	1<2	unknown	elaboration	elaboration
Is it the history in the science textbooks that is at issue ?	That would be interesting ,	1>2	unknown	solutionhood	query
That would be interesting ,	as it would indicate why scientists might react to Collins ' cases as falsified history .	1>2	unknown	nonvolitional-cause	causal
I am hoping that Schmaus has raised the tone of the debate by doing just what Collins has asked in the past -- discussing examples .	as it would indicate why scientists might react to Collins ' cases as falsified history .	1<2	unknown	elaboration	elaboration
Steve.Fuller@durham.ac.uk wrote Oct. 10 from Charlottesville VA > REPLY TO SHANKS AND RICHARDSON ON ENEMIES OF SCIENCE : > > Nobody is denying that philosophical considerations have informed and > motivated scientific work . In fact , it would be hard to comprehend the > point of doing science without smuggling in philosophy . However , there > are still a few open questions . First , whether scientists really need a > class of people called ' philosophers of science ' to help them with their > philosophizing . Second , whether philosophers of science should be in the > business of ' helping scientists ' rather than doing something a bit more > independent and / or critical . . . .	There are obvious answers to Fuller 's enumerated questions .	1>2	unknown	solutionhood	query
There are obvious answers to Fuller 's enumerated questions .	First , there appears to be ample evidence that scientists do not need philosophers ' help to do good science ;	1>2	unknown	background	frame
First , there appears to be ample evidence that scientists do not need philosophers ' help to do good science ;	and usually derive any related philosophy directly from the science rather than through the discipline of philosophy .	1<2	unknown	elaboration	elaboration
First , there appears to be ample evidence that scientists do not need philosophers ' help to do good science ;	( Peter Medawar has commented on this . )	1<2	unknown	background	frame
Second , one may test for " helpfulness " in any enterprise by asking the views of either the helpers or the people helped :	but it would be naive to expect these tests to be equivalent .	1>2	unknown	concession	concession
First , there appears to be ample evidence that scientists do not need philosophers ' help to do good science ;	but it would be naive to expect these tests to be equivalent .	1<2	unknown	list	conjunction
In Canada where the discipline of " political science " is old and strong ,	I see a similar relation .	1>2	unknown	concession	concession
but it would be naive to expect these tests to be equivalent .	I see a similar relation .	1<2	unknown	elaboration	elaboration
I see a similar relation .	The PS discipline needs politicians to keep going but not vice versa .	1<2	unknown	elaboration	elaboration
( Politicians will cite PS when to their advantage ,	but have no functional need for its scholarly activity or people . )	1>2	unknown	antithesis	contrast
The PS discipline needs politicians to keep going but not vice versa .	but have no functional need for its scholarly activity or people . )	1<2	unknown	background	frame
STEVE FULLER writes :	> > Nobody is denying that philosophical considerations have informed and > motivated scientific work . In fact , it would be hard to comprehend the > point of doing science without smuggling in philosophy . However , there > are still a few open questions . First , whether scientists really need a > class of people called ' philosophers of science ' to help them with their > philosophizing . Second , whether philosophers of science should be in the > business of ' helping scientists ' rather than doing something a bit more > independent and / or critical . >	1>2	unknown	preparation	organization
> > Nobody is denying that philosophical considerations have informed and > motivated scientific work . In fact , it would be hard to comprehend the > point of doing science without smuggling in philosophy . However , there > are still a few open questions . First , whether scientists really need a > class of people called ' philosophers of science ' to help them with their > philosophizing . Second , whether philosophers of science should be in the > business of ' helping scientists ' rather than doing something a bit more > independent and / or critical . >	To pursue a biological metaphor , at least some " strains " of analytic philosophy of science ( viewed as a species of philosophy of science ) which aim at the clarification and elucidation of theoretical terms , and the logic of arguments that contain them -- these are not fields where science has exclusive claims to turf ,	1>2	unknown	background	frame
To pursue a biological metaphor , at least some " strains " of analytic philosophy of science ( viewed as a species of philosophy of science ) which aim at the clarification and elucidation of theoretical terms , and the logic of arguments that contain them -- these are not fields where science has exclusive claims to turf ,	and yet such analyses can be important to scientists -- especially those with a taste for theory .	1>2	unknown	concession	concession
and yet such analyses can be important to scientists -- especially those with a taste for theory .	Such concerns can be of genuine scientific relevance .	1>2	unknown	evidence	explanation
and yet such analyses can be important to scientists -- especially those with a taste for theory .	Such analyses occasionally turn up paradoxes and inconsistencies which are then the spur for further scientific ( and philosophical ) investigation .	1<2	unknown	elaboration	elaboration
Such analyses occasionally turn up paradoxes and inconsistencies which are then the spur for further scientific ( and philosophical ) investigation .	Philosophers of science ( again , of an analytic variety ) have historically been concerned with questions of evidence ( and the quality theoreof ) .	1<2	unknown	elaboration	elaboration
Such concerns can be of genuine scientific relevance .	None of this involves SCIENCE ENVY or indeed a slavish worship of science	1>2	unknown	concession	concession
In this sense , especially insofar as it is hard to separate the concerns of theoretical science from philosophy of science ,	it may be possible to make a case for having specialists in philosophy of science .	1>2	unknown	nonvolitional-cause	causal
Such concerns can be of genuine scientific relevance .	it may be possible to make a case for having specialists in philosophy of science .	1<2	unknown	elaboration	elaboration
Should they be critical ?	Yes , if theoretical terms are unclear , are being used inappropriately ,	1>2	unknown	solutionhood	query
it may be possible to make a case for having specialists in philosophy of science .	Yes , if theoretical terms are unclear , are being used inappropriately ,	1<2	unknown	elaboration	elaboration
Yes , if theoretical terms are unclear , are being used inappropriately ,	if arguments are fallacious ,	1<2	unknown	list	conjunction
if arguments are fallacious ,	and if evidence for claims is less conclusive than advertized .	1<2	unknown	list	conjunction
None of this involves SCIENCE ENVY or indeed a slavish worship of science	-- though it does seem to require a penchant for critical thinking .	1<2	unknown	concession	concession
Was it Locke who characterized philosophers as underlaborers to science ?	I know of few contemporary philosophers of science who would characterize themselves as mere underlaborers ?	1>2	unknown	solutionhood	query
None of this involves SCIENCE ENVY or indeed a slavish worship of science	I know of few contemporary philosophers of science who would characterize themselves as mere underlaborers ?	1<2	unknown	background	frame
None of this involves SCIENCE ENVY or indeed a slavish worship of science	> The most interesting philosophers of science in this century were not > slavish worshippers of science , but in fact had conceptions of the > scientific enterpirse that went against the standing trends . I include > here not only Popper , Lakatos , and Feyerabend , but also the logical > positivists -- since by the time those guys were writing , it was clear > already that you 'd have to do a major overhaul of scientific communication > patterns if you wanted to take the idea of ' unity of science ' seriuously . >	1<2	unknown	list	conjunction
> The most interesting philosophers of science in this century were not > slavish worshippers of science , but in fact had conceptions of the > scientific enterpirse that went against the standing trends . I include > here not only Popper , Lakatos , and Feyerabend , but also the logical > positivists -- since by the time those guys were writing , it was clear > already that you 'd have to do a major overhaul of scientific communication > patterns if you wanted to take the idea of ' unity of science ' seriuously . >	Agreed .	1<2	unknown	evaluation	comment
> When science studies people rail against philosophy of science , their > target is usually the rhetoric that scientists use to discuss their > activities in public -- appeals to truth , objectivity , rationality etc -- > that wreak of philosophical origins , but that do n't seem to be needed to > explain how science actually occurs . Consequently , the philosophical > rhetoric appears to be a mystification , whcih ends up inflating > everyone 's expectations about what science can do -- something that is in > no one 's interest . From this standpoint , perhaps you can see why Latour > and Collins , say , might think that they are doing science a favor by > slaying the philosophical dragons . >	This is a tricky issue .	1>2	unknown	antithesis	contrast
> The most interesting philosophers of science in this century were not > slavish worshippers of science , but in fact had conceptions of the > scientific enterpirse that went against the standing trends . I include > here not only Popper , Lakatos , and Feyerabend , but also the logical > positivists -- since by the time those guys were writing , it was clear > already that you 'd have to do a major overhaul of scientific communication > patterns if you wanted to take the idea of ' unity of science ' seriuously . >	This is a tricky issue .	1<2	unknown	list	conjunction
Certainly you are correct to note that talk of truth , objectivity , rationality , etc can be dangerous in uncritical hands .	But ideals such as these are not completely bereft of explanatory value	1>2	unknown	concession	concession
But ideals such as these are not completely bereft of explanatory value	but it seems premature to dismiss the pursuit of truth as being one of them .	1>2	unknown	antithesis	contrast
But ideals such as these are not completely bereft of explanatory value	-- they explain WHY many people choose careers in science ,	1<2	unknown	evidence	explanation
But ideals such as these are not completely bereft of explanatory value	why they think science is worth doing , etc .	1<2	unknown	evidence	explanation
I do not deny that there are many reasons why science is done	but it seems premature to dismiss the pursuit of truth as being one of them .	1>2	unknown	concession	concession
I do not deny that there are many reasons why science is done	( some of them -- perhaps in the context of BIG SCIENCE -- being of dubious morality ) ,	1<2	unknown	background	frame
This is a tricky issue .	but it seems premature to dismiss the pursuit of truth as being one of them .	1<2	unknown	evidence	explanation
An interesting case here is afforded by the debate over realism from the standpoint of the quantum theory .	In the 1980s this philosophical debate took on the character of an experimental issue .	1>2	unknown	background	frame
In the 1980s this philosophical debate took on the character of an experimental issue .	Aspect performed experiments which derived statistical patterns of measurement results which were apparently inconsistent with the predictions of a class of theories which respected the Lorentz invariance requirements of special relativity and yet made various assumptions about observer - independent quantum realities .	1>2	unknown	background	frame
Aspect performed experiments which derived statistical patterns of measurement results which were apparently inconsistent with the predictions of a class of theories which respected the Lorentz invariance requirements of special relativity and yet made various assumptions about observer - independent quantum realities .	the case here is an example of one of the ways in which philosophy of science can become inextricably intertwined with theoretical science in ways that may be open to experimental investigation .	1>2	unknown	nonvolitional-cause	causal
Aspect performed experiments which derived statistical patterns of measurement results which were apparently inconsistent with the predictions of a class of theories which respected the Lorentz invariance requirements of special relativity and yet made various assumptions about observer - independent quantum realities .	The results confirmed the predictions of quantum mechanics .	1<2	unknown	elaboration	elaboration
While there remain all sorts of questions about the experiments and the data ,	the case here is an example of one of the ways in which philosophy of science can become inextricably intertwined with theoretical science in ways that may be open to experimental investigation .	1>2	unknown	concession	concession
the case here is an example of one of the ways in which philosophy of science can become inextricably intertwined with theoretical science in ways that may be open to experimental investigation .	Discussions about the right way to characterise realism seem pertinent in this branch of science .	1>2	unknown	evidence	explanation
but it seems premature to dismiss the pursuit of truth as being one of them .	Discussions about the right way to characterise realism seem pertinent in this branch of science .	1<2	unknown	elaboration	elaboration
Slavery ?	Never .	1>2	unknown	solutionhood	query
None of this involves SCIENCE ENVY or indeed a slavish worship of science	Never .	1<2	unknown	summary	organization
Hero worship ?	Never .	1>2	unknown	solutionhood	query
Never .	Never .	1<2	unknown	sequence	temporal
Never .	But critical thinking ...	1<2	unknown	sequence	temporal
Donal Phillipson , in answer to Steve Fuller , who , in turn was responding to Richardson and Shanks ( whew ! ) , claims :	> First , there appears to be ample evidence that scientists do not need philosophers ' help to do good science ; and usually derive any related philosophy directly from the science rather than through the discipline of philosophy . <	1>2	unknown	preparation	organization
> First , there appears to be ample evidence that scientists do not need philosophers ' help to do good science ; and usually derive any related philosophy directly from the science rather than through the discipline of philosophy . <	Of course .	1>2	unknown	background	frame
Of course .	And , on the other hand , there is ample evidence that scientists have frequently used philosopher 's help in doing good science ;	1>2	unknown	concession	concession
And , on the other hand , there is ample evidence that scientists have frequently used philosopher 's help in doing good science ;	My main point in turning Philipson 's assertion on its head , however , is to point out the futility of general claims on these issues .	1>2	unknown	background	frame
And , on the other hand , there is ample evidence that scientists have frequently used philosopher 's help in doing good science ;	and have derived some related science directly from the philosophy rather than through the discipline of their science .	1<2	unknown	elaboration	elaboration
And , on the other hand , there is ample evidence that scientists have frequently used philosopher 's help in doing good science ;	[ I 'm thinking of the case of the origins of modern cosmology , 1932 - 1940 , with special focus upon the work of E.A. Milne .	1<2	unknown	background	frame
If you 're interested in the evidence I present ,	check out " Philosophical Midwifery and the Birth Pangs of Modern Cosmology " , _AMERICAN JL. OF PHYSICS_ , Jan. 93 ]	1>2	unknown	condition	condition
[ I 'm thinking of the case of the origins of modern cosmology , 1932 - 1940 , with special focus upon the work of E.A. Milne .	check out " Philosophical Midwifery and the Birth Pangs of Modern Cosmology " , _AMERICAN JL. OF PHYSICS_ , Jan. 93 ]	1<2	unknown	elaboration	elaboration
If we want to talk usefully about the relations between philosophy , science and the various social perspectives on either or both ,	then we have come to the end of the purely generalities .	1>2	unknown	condition	condition
My main point in turning Philipson 's assertion on its head , however , is to point out the futility of general claims on these issues .	then we have come to the end of the purely generalities .	1<2	unknown	elaboration	elaboration
then we have come to the end of the purely generalities .	Gentlefolks , it 's time to get down to cases ;	1<2	unknown	elaboration	elaboration
Gentlefolks , it 's time to get down to cases ;	empirical claims only , from this point on ?	1<2	unknown	elaboration	elaboration
REPLY TO SHANKS , PHILIPPSON , GALE	but in fact several have openly embraced this Lockean image .	1>2	unknown	preparation	organization
First off , SHANKS claims that philosophers of scinece do n't see themselves as underlaborers to scientists ,	but in fact several have openly embraced this Lockean image .	1>2	unknown	antithesis	contrast
but in fact several have openly embraced this Lockean image .	In his book of interviews with philosophers of science , Werner Callebaut observed this pattern very strongly .	1<2	unknown	evidence	explanation
but in fact several have openly embraced this Lockean image .	Some guys , like Robert Brandon , made it very clear that the scientists set the agenda for philosophers of science	1<2	unknown	evidence	explanation
Some guys , like Robert Brandon , made it very clear that the scientists set the agenda for philosophers of science	( at least teh ones he associates with ) .	1<2	unknown	concession	concession
( at least teh ones he associates with ) .	I made a big deal about this in the review I did of Callebaut 's book in _Science_ ( May 94 ) .	1<2	unknown	justify	explanation
but in fact several have openly embraced this Lockean image .	Philosophers involved in cognitive science also talk this way .	1<2	unknown	elaboration	elaboration
Philosophers involved in cognitive science also talk this way .	( I recall Jerry Fodor invoking the underlaborer image a couple of times in his books . )	1<2	unknown	evidence	explanation
Moreover , if you see the work of philosophy of science as primarily one of clarifying concepts and arguments -- as SHANKS seems to --	then you 've embraced the underlaborer role .	1>2	unknown	condition	condition
then you 've embraced the underlaborer role .	The only sort of criticism being provided is internal to the scientific enterprise .	1>2	unknown	antithesis	contrast
but in fact several have openly embraced this Lockean image .	The only sort of criticism being provided is internal to the scientific enterprise .	1<2	unknown	elaboration	elaboration
In fact , when you survey the assortment of philosophers of science who line up between this or that side in current theoretical controversies in science ,	it 's easy to get the impression that the philosophers are functioning much like defense attorneys providing their clients with a clearer voice than the clients themselves could .	1>2	unknown	circumstance	temporal
The only sort of criticism being provided is internal to the scientific enterprise .	it 's easy to get the impression that the philosophers are functioning much like defense attorneys providing their clients with a clearer voice than the clients themselves could .	1<2	unknown	elaboration	elaboration
it 's easy to get the impression that the philosophers are functioning much like defense attorneys providing their clients with a clearer voice than the clients themselves could .	( Of course , minus the connotation that the attorneys might bend a premise here or there to help the client win .	1<2	unknown	concession	concession
( Of course , minus the connotation that the attorneys might bend a premise here or there to help the client win .	Needless to say , philosophical reconstructions of the history of science that vindicate realism or instrumentalism would NEVER count as examples of such behavior . )	1<2	unknown	evaluation	comment
I know that some of you out there will think I am being incredibly unfair to philosophers of science by saying these things .	Nevertheless , I would ask you to think about the suspicion with which people trained in the more traditional branches of philosophy ( epistemology , metaphysics , ethics -- but not the applied stuff ) often regard philosophers of science .	1>2	unknown	concession	concession
The only sort of criticism being provided is internal to the scientific enterprise .	Nevertheless , I would ask you to think about the suspicion with which people trained in the more traditional branches of philosophy ( epistemology , metaphysics , ethics -- but not the applied stuff ) often regard philosophers of science .	1<2	unknown	evidence	explanation
Nevertheless , I would ask you to think about the suspicion with which people trained in the more traditional branches of philosophy ( epistemology , metaphysics , ethics -- but not the applied stuff ) often regard philosophers of science .	Many in these fields feel that philosophers of science have simply surrendered the domain of philosophical inquiry to the scientists .	1<2	unknown	elaboration	elaboration
Many in these fields feel that philosophers of science have simply surrendered the domain of philosophical inquiry to the scientists .	In fact , " naturalism " is often presented as a reasoned defense of such a move .	1<2	unknown	elaboration	elaboration
In fact , " naturalism " is often presented as a reasoned defense of such a move .	Admittedly , this tension between philosophers of science and other philosophers often surfaces very abstractly .	1<2	unknown	concession	concession
For example , when guys like Barry Stroud chastise naturalists for not taking the problem of skepticism sufficiently seriously ,	a big part of what he 's doing is to question whether naturalists are capable of having the critical independence necessary for doing philosophy .	1>2	unknown	circumstance	temporal
Admittedly , this tension between philosophers of science and other philosophers often surfaces very abstractly .	a big part of what he 's doing is to question whether naturalists are capable of having the critical independence necessary for doing philosophy .	1<2	unknown	elaboration	elaboration
but in fact several have openly embraced this Lockean image .	In any case , it does seem to me that philosophers of science -- of the underlaboring variety -- have a vested interest in science in a way that other philosophers do not have in other institutions .	1<2	unknown	summary	organization
In any case , it does seem to me that philosophers of science -- of the underlaboring variety -- have a vested interest in science in a way that other philosophers do not have in other institutions .	The only possible exception is the vested interest that many philosophers of religion have in the promotion of religion ( by showing that those proofs of God 's existence really follow ) .	1<2	unknown	concession	concession
The only possible exception is the vested interest that many philosophers of religion have in the promotion of religion ( by showing that those proofs of God 's existence really follow ) .	But even then , the philosophers of religion tend to be committed to broader conceptions of religion ( i.e. not so tied to a particular sect ) than philosophers of science vis - a - vis science .	1<2	unknown	concession	concession
Steve , You say :	> In any case , it does seem to me that philosophers of science -- of the underlaboring variety -- have a vested interest in science in a way that other philosophers do not have in other institutions . <	1>2	unknown	attribution	attribution
> In any case , it does seem to me that philosophers of science -- of the underlaboring variety -- have a vested interest in science in a way that other philosophers do not have in other institutions . <	so , on that basis I take it that you are indicting the entire genus " philosopher of science . "	1>2	unknown	background	frame
First , you do n't seem to have admitted the existence of any other sort of philosopher of science THAN the underlaboring variety ,	so , on that basis I take it that you are indicting the entire genus " philosopher of science . "	1>2	unknown	evidence	explanation
so , on that basis I take it that you are indicting the entire genus " philosopher of science . "	I 'm willing to be disabused of your intention on this .	1<2	unknown	concession	concession
Secondly , it seems to me that philosophers of science do , in fact , have a vested interest in science ,	But if we were to replace the closest occurrence of " philosophers " with " sociologists " or " historians " or " psychologists " ,	1>2	unknown	evidence	explanation
Secondly , it seems to me that philosophers of science do , in fact , have a vested interest in science ,	to with : Philosophers of science have a discipline only if science exists .	1<2	unknown	elaboration	elaboration
Secondly , it seems to me that philosophers of science do , in fact , have a vested interest in science ,	That 's plain enough .	1<2	unknown	evaluation	comment
But if we were to replace the closest occurrence of " philosophers " with " sociologists " or " historians " or " psychologists " ,	the claim would still remain the same .	1>2	unknown	condition	condition
so , on that basis I take it that you are indicting the entire genus " philosopher of science . "	the claim would still remain the same .	1<2	unknown	list	conjunction
so , on that basis I take it that you are indicting the entire genus " philosopher of science . "	Is this your point ?	1<2	unknown	evaluation	comment
B. Lieberman to STSers	Patrick Hamlett 's post and the responses are most welcome .	1>2	unknown	preparation	organization
Patrick Hamlett 's post and the responses are most welcome .	But it is more than that .	1>2	unknown	background	frame
Yes , the attack is in part on the leftist scholars among the STSers .	But it is more than that .	1>2	unknown	concession	concession
But it is more than that .	Of course the scientists are going to attack us .	1>2	unknown	background	frame
But it is more than that .	I believe the people who lead science are quite frightened and rightly so .	1<2	unknown	evidence	explanation
I believe the people who lead science are quite frightened and rightly so .	" Scientists " have been making false claims for large amounts of money for decades	1<2	unknown	volitional-cause	causal
" Scientists " have been making false claims for large amounts of money for decades	and legislators and others are beginning to ask question .	1<2	unknown	volitional-result	causal
Steve Fuller 's insightful comments about the intellectual issues are fascinating and appear to be right on the mark .	Of course the scientists are going to attack us .	1>2	unknown	preparation	organization
It is interesting but not surprising that the conflict between scientists and STSers is further advanced in Britain than here in the US .	But at the root of the intense conflicts lies money .	1>2	unknown	concession	concession
It is interesting but not surprising that the conflict between scientists and STSers is further advanced in Britain than here in the US .	We have few popular journals that have the journalists who can understand notions of constructionism .	1<2	unknown	nonvolitional-cause	causal
It is interesting but not surprising that the conflict between scientists and STSers is further advanced in Britain than here in the US .	And we should n't be surprised that the debate gets stuck on the existence of an external reality .	1<2	unknown	conjunction	conjunction
And we should n't be surprised that the debate gets stuck on the existence of an external reality .	The notion that there is no such thing is counter to all the layman learns for his or her whole life .	1<2	unknown	nonvolitional-cause	causal
But at the root of the intense conflicts lies money .	Of course the scientists are going to attack us .	1>2	unknown	volitional-cause	causal
But at the root of the intense conflicts lies money .	The physicists in the US are still stung by the loss of the supercollider .	1<2	unknown	evidence	explanation
The physicists in the US are still stung by the loss of the supercollider .	The ( hot ) fusion energy gang has been under attack for some years now .	1<2	unknown	list	conjunction
The ( hot ) fusion energy gang has been under attack for some years now .	There are legislators who want to end the funding .	1<2	unknown	volitional-result	causal
The ( hot ) fusion energy gang has been under attack for some years now .	The Bernard Fisher fiasco revealed the mythology of the clinical trial gangs .	1<2	unknown	list	conjunction
The Bernard Fisher fiasco revealed the mythology of the clinical trial gangs .	The genome packs are walking on thin ice .	1<2	unknown	list	conjunction
The genome packs are walking on thin ice .	They too make false claims .	1<2	unknown	evidence	explanation
They too make false claims .	The find a gene one day , only to lose it the next .	1<2	unknown	elaboration	elaboration
And the cancer command has Chutzpah beyond measure .	they said . Give us more money .	1>2	unknown	preparation	organization
The NY TIMES had a story that presented the response of those who are fighting the " war on cancer . "	they said . Give us more money .	1>2	unknown	preparation	organization
When they were asked , " Why are n't you winning the war	they said . Give us more money .	1>2	unknown	volitional-cause	causal
The genome packs are walking on thin ice .	they said . Give us more money .	1<2	unknown	list	conjunction
they said . Give us more money .	The 23 billion has n't been enough .	1<2	unknown	nonvolitional-cause	causal
they said . Give us more money .	And we also need a cabinet level post .	1<2	unknown	conjunction	conjunction
And congressmen , congresswomen , and senators if you do n't give us what we ask for	you are responsible for the people who die of cancer .	1>2	unknown	condition	condition
And we also need a cabinet level post .	you are responsible for the people who die of cancer .	1<2	unknown	conjunction	conjunction
they said . Give us more money .	Honest , that 's how the TIMES story read .	1<2	unknown	interpretation	comment
you are responsible for the people who die of cancer .	The journal SCIENCE in its recent issue on careers said that the chemistry and physics disciplines are turning out twice the number of PH . Ds as there are traditional positions .	1<2	unknown	list	conjunction
The physicists in the US are still stung by the loss of the supercollider .	And so ---- all these abuses are present for all to see .	1<2	unknown	summary	organization
It is we STSers who describe them in language that is more than commonsense discourse .	Of course the scientists are going to attack us .	1>2	unknown	nonvolitional-cause	causal
It is we STSers who describe them in language that is more than commonsense discourse .	We are the ones who describe the mythology of science for the understanding of those who allocate society 's resources .	1<2	unknown	elaboration	elaboration
Of course the scientists are going to attack us .	Would n't you attack the people who took the milk and bread from the lips of your children .	1<2	unknown	evidence	explanation
Of course the scientists are going to attack us .	I am well aware that some scientific investigation is quite valuable .	1<2	unknown	concession	concession
I am well aware that some scientific investigation is quite valuable .	The most recent triumph of science is the announcement of the eradication of polio from the Western Hemisphere .	1<2	unknown	elaboration	elaboration
In my recent reply to FULLER , where it says : DIFFERENT IN KIND	it should read : NOT DIFFERENT IN KIND	1>2	unknown	antithesis	contrast
Let me see now ... first the quote :	> Here are some questions . Are all external criticisms of science > equally valid ? Or are some more valid than others ? What is the > standard for making a judgement here ? Are evidential considerations > relevent ? If so , we run the danger of sneaking across the >( internal / external ) border into the province of science -- where the > grading of evidence for quality is one of the hallmarks of the >activity properly done .	1>2	unknown	preparation	organization
> Here are some questions . Are all external criticisms of science > equally valid ? Or are some more valid than others ? What is the > standard for making a judgement here ? Are evidential considerations > relevent ? If so , we run the danger of sneaking across the >( internal / external ) border into the province of science -- where the > grading of evidence for quality is one of the hallmarks of the >activity properly done .	In order : no , yes , scholarship , yes .	1>2	unknown	solutionhood	query
In order : no , yes , scholarship , yes .	But there is no danger here	1>2	unknown	concession	concession
But there is no danger here	- science is not the only thing that takes evidence into consideration :	1<2	unknown	evidence	explanation
- science is not the only thing that takes evidence into consideration :	think of the law , of literary criticism , of history .	1<2	unknown	elaboration	elaboration
Try a thought - experiment :	come up with any old rubbish about Keats and imagine trying to get it published in an academic journal :	1>2	unknown	preparation	organization
come up with any old rubbish about Keats and imagine trying to get it published in an academic journal :	But , of course , you do n't think you are doing science in the process ...	1>2	unknown	nonvolitional-cause	causal
come up with any old rubbish about Keats and imagine trying to get it published in an academic journal :	it will be debated , judged and thrown out ( as it should ) .	1<2	unknown	sequence	temporal
think of the law , of literary criticism , of history .	But , of course , you do n't think you are doing science in the process ...	1<2	unknown	elaboration	elaboration
You may indeed be , as you say , a ' young fogey ' ,	but the older ones will not like your strange use of the term ' evidence ' .	1>2	unknown	concession	concession
But there is no danger here	but the older ones will not like your strange use of the term ' evidence ' .	1<2	unknown	nonvolitional-result	causal
Being neither an enemy of the philosophy of science , nor one who places uncommon store by the scientific method , which I understand is frequently more observed in the breach than in the normal course of day - to - day science ,	I would suggest a " common ground " where philosophers of science and practicing scientists may meet -- in the tradition of the gedanken experiment .	1>2	unknown	volitional-cause	causal
I would suggest a " common ground " where philosophers of science and practicing scientists may meet -- in the tradition of the gedanken experiment .	This noble device provides a medium for the deployment of philosophy of science qua science , as well as the opportunity for critical discourse between scientist and philospher .	1<2	unknown	elaboration	elaboration
I would suggest a " common ground " where philosophers of science and practicing scientists may meet -- in the tradition of the gedanken experiment .	There have been numerous and productive gedanken experiments in physics , biology and chemistry , as well as the more applied sciences .	1<2	unknown	elaboration	elaboration
There have been numerous and productive gedanken experiments in physics , biology and chemistry , as well as the more applied sciences .	Quantum mechanics owes much to the gedanken experiment as a means of active dialogue in understanding the phenomenon .	1<2	unknown	elaboration	elaboration
There have been numerous and productive gedanken experiments in physics , biology and chemistry , as well as the more applied sciences .	Indeed , one might consider Einstein 's imaginative image of himself as a beam of light approaching the speed of light and the consequences of this on mass as one example of the successful fruits of a gendanken experiment .	1<2	unknown	elaboration	elaboration
If it is empirical claims for the role of the philosophy of science that we seek ,	then where better to look than in the gedanken experiment ?	1>2	unknown	condition	condition
I would suggest a " common ground " where philosophers of science and practicing scientists may meet -- in the tradition of the gedanken experiment .	then where better to look than in the gedanken experiment ?	1<2	unknown	summary	organization
I would suggest that if philosophers have a role in science ,	it lies in the imaginative use of the thought experiment as a way of suggesting new and fertile avenues of research .	1>2	unknown	condition	condition
then where better to look than in the gedanken experiment ?	it lies in the imaginative use of the thought experiment as a way of suggesting new and fertile avenues of research .	1<2	unknown	motivation	explanation
it lies in the imaginative use of the thought experiment as a way of suggesting new and fertile avenues of research .	I await your comments with interest .	1<2	unknown	elaboration	elaboration
Richardson 's recent comment , namely	> I , for one , am still puzzled by methodological relativism . The point > seems to be : If writing a history of an episode in science , do not > presume the outcome in the history . Or , more narrowly , evaluate each > phase of the episode only on the information available to the > participants at that phase . > Sounds utterly uncontroversial -- it is not so much anti-Whig as I > commitment to viewing scientists as not blessed with precognition . > > The question is , again , the very one raised by Schmaus -- who does n't do > history this way ?	1>2	unknown	attribution	attribution
> I , for one , am still puzzled by methodological relativism . The point > seems to be : If writing a history of an episode in science , do not > presume the outcome in the history . Or , more narrowly , evaluate each > phase of the episode only on the information available to the > participants at that phase . > Sounds utterly uncontroversial -- it is not so much anti-Whig as I > commitment to viewing scientists as not blessed with precognition . > > The question is , again , the very one raised by Schmaus -- who does n't do > history this way ?	reminded me of one case , at least ,	1>2	unknown	background	frame
reminded me of one case , at least ,	where the explanation of a scientist 's behavior was made to rely upon information that was not had by that scientist ,	1<2	unknown	concession	concession
where the explanation of a scientist 's behavior was made to rely upon information that was not had by that scientist ,	nor could have been had by him unless things were drastically different .	1<2	unknown	elaboration	elaboration
where the explanation of a scientist 's behavior was made to rely upon information that was not had by that scientist ,	Mary Hesse ( 1973 ) , for example , explains Maxwell 's belief in the displacement current by reference to the fact that it rendered his equations Lorentz - invariant , pace Maxwell 's own " relatively unconvincing reasons " which involved , on Hesse 's account , a " superficial analogy with magnetism " and a " dubious mechanical model of the ether " ( 138 ) .	1<2	unknown	elaboration	elaboration
Mary Hesse ( 1973 ) , for example , explains Maxwell 's belief in the displacement current by reference to the fact that it rendered his equations Lorentz - invariant , pace Maxwell 's own " relatively unconvincing reasons " which involved , on Hesse 's account , a " superficial analogy with magnetism " and a " dubious mechanical model of the ether " ( 138 ) .	Hesse is aware of what she 's doin , g and comments that	1<2	unknown	elaboration	elaboration
Hesse is aware of what she 's doin , g and comments that	It may not always be improper to ' explain ' a scientist 's apparently baseless intuition by such mathematical truths ... , particularly if our later knowledge of them enables us to interpret hints in Maxwell that could not have been intelligible to his contemporaries . ( 138 )	1<2	unknown	elaboration	elaboration
This is one example ,	Still , I 'm curious if historians who know Maxwell and the displacement current better than I are n't attracted by Hesse 's strategy , if only slightly .	1>2	unknown	concession	concession
This is one example ,	and Hesse may count as a philosopher , not an historian , in many books ,	1<2	unknown	conjunction	conjunction
and Hesse may count as a philosopher , not an historian , in many books ,	so perhaps it is just barely an answer to Richardson 's challenge .	1<2	unknown	nonvolitional-result	causal
where the explanation of a scientist 's behavior was made to rely upon information that was not had by that scientist ,	Still , I 'm curious if historians who know Maxwell and the displacement current better than I are n't attracted by Hesse 's strategy , if only slightly .	1<2	unknown	elaboration	elaboration
Still , I 'm curious if historians who know Maxwell and the displacement current better than I are n't attracted by Hesse 's strategy , if only slightly .	Is this just poor history ,	1<2	unknown	elaboration	elaboration
Is this just poor history ,	or is there more to it than that ?	1<2	unknown	disjunction	alternation
where the explanation of a scientist 's behavior was made to rely upon information that was not had by that scientist ,	The full reference , by the way , is	1<2	unknown	background	frame
The full reference , by the way , is	Hesse , M. ( 1973 ) " Reasons and Evaluation in the History of Science , " in Teich and Young ( eds. ) , * Changing Perspectives in the History of Science : Essay in Honor of Joseph Needham * ( London : Heineman , 1973 ) , pp. 127 -147 .	1<2	unknown	elaboration	elaboration
Note : I was attempting to send out a more felicitous version of this message when our local system crashed yesterday morning .	> > What we need now is more thoughtful discussion ( and even > agreement ? ) among ourselves about what we are really trying to > accomplish -- something that goes beyond the mere > understanding of science / scientists and considers the uses of > such understanding -- and then about how we can and should try > to attain whatever goals we have set for ourselves . I do not > believe that we really prefer the somewhat mean - spirited fun > of being a bunch of fractious kibitzers , full of gossipy > conversation in the form of professional communication but > having little impact . (" WOW ! Look what I 've discovered about > that area of science that was hot a decade ago ! " ) >	1>2	unknown	background	frame
Note : I was attempting to send out a more felicitous version of this message when our local system crashed yesterday morning .	I 'm suspect my message did not survive the crash ,	1<2	unknown	elaboration	elaboration
Note : I was attempting to send out a more felicitous version of this message when our local system crashed yesterday morning .	but if this is redundant , my apologies .	1<2	unknown	elaboration	elaboration
On Tue , 11 Oct 1994 , John Bailar wrote :	> > What we need now is more thoughtful discussion ( and even > agreement ? ) among ourselves about what we are really trying to > accomplish -- something that goes beyond the mere > understanding of science / scientists and considers the uses of > such understanding -- and then about how we can and should try > to attain whatever goals we have set for ourselves . I do not > believe that we really prefer the somewhat mean - spirited fun > of being a bunch of fractious kibitzers , full of gossipy > conversation in the form of professional communication but > having little impact . (" WOW ! Look what I 've discovered about > that area of science that was hot a decade ago ! " ) >	1>2	unknown	preparation	organization
> > What we need now is more thoughtful discussion ( and even > agreement ? ) among ourselves about what we are really trying to > accomplish -- something that goes beyond the mere > understanding of science / scientists and considers the uses of > such understanding -- and then about how we can and should try > to attain whatever goals we have set for ourselves . I do not > believe that we really prefer the somewhat mean - spirited fun > of being a bunch of fractious kibitzers , full of gossipy > conversation in the form of professional communication but > having little impact . (" WOW ! Look what I 've discovered about > that area of science that was hot a decade ago ! " ) >	John Bailar raises an important issue , albeit in a grating way .	1>2	unknown	background	frame
John Bailar raises an important issue , albeit in a grating way .	STS practitioners for the last twenty years have been developing various versions of a single message :	1>2	unknown	background	frame
STS practitioners for the last twenty years have been developing various versions of a single message :	Yet the overall impression one would have is that STS inquiry is a form of " critique , "	1>2	unknown	concession	concession
STS practitioners for the last twenty years have been developing various versions of a single message :	science is / does not operate the way science interpreters [ traditional sociology of science / pre Kuhnian philosophy of science ] says it does , or for that matter the way scientists might think it does	1<2	unknown	elaboration	elaboration
science is / does not operate the way science interpreters [ traditional sociology of science / pre Kuhnian philosophy of science ] says it does , or for that matter the way scientists might think it does	[ though the latter point might have to be qualified , depending on which scientists and which STS practitioners one was talking about . ]	1<2	unknown	concession	concession
Yet the overall impression one would have is that STS inquiry is a form of " critique , "	that is , for the most part , there is very little in the way of a positive program to account for the place of science in relation to other institutions / practices or to change science / practice of science / etc. to be something different .	1<2	unknown	elaboration	elaboration
Yet the overall impression one would have is that STS inquiry is a form of " critique , "	In a world dominated by a rather simple - minded and falsifying view of science , there was a good deal of virtue in such critique .	1<2	unknown	evaluation	comment
But at this point , one begins to ask :	1 ) what is the positive analytical program ?	1>2	unknown	preparation	organization
In a world dominated by a rather simple - minded and falsifying view of science , there was a good deal of virtue in such critique .	1 ) what is the positive analytical program ?	1<2	unknown	elaboration	elaboration
1 ) what is the positive analytical program ?	2 ) what kinds of changes do STS practitioners envision ,	1<2	unknown	list	conjunction
2 ) what kinds of changes do STS practitioners envision ,	and are they in the self - understanding of scientists ?	1<2	unknown	elaboration	elaboration
and are they in the self - understanding of scientists ?	the public understanding of science ?	1<2	unknown	list	conjunction
the public understanding of science ?	the control of scientific institutions ?	1<2	unknown	list	conjunction
2 ) what kinds of changes do STS practitioners envision ,	3 ) where do STS practitioners see change taking place :	1<2	unknown	list	conjunction
3 ) where do STS practitioners see change taking place :	in the classroom ?	1<2	unknown	elaboration	elaboration
in the classroom ?	in the press ?	1<2	unknown	list	conjunction
in the press ?	in the Congress ?	1<2	unknown	list	conjunction
in the Congress ?	on the streets ?	1<2	unknown	list	conjunction
1 ) what is the positive analytical program ?	One looks rather hard in Social Studies of Science for the positive analysis of science , especially science beyond the laboratory .	1<2	unknown	elaboration	elaboration
One looks rather hard in Social Studies of Science for the positive analysis of science , especially science beyond the laboratory .	That is , there are many more examples of critique ( passing as ethnography or political analysis ) than of positive historical / social analysis of science .	1<2	unknown	elaboration	elaboration
Latour argues , on the whole convincingly , that a science of science , like a science of society , is a bankrupt program ,	but I do not immediately see where Latour 's notions of power as exchange / alliances lead , other than to a series of well , laboratory demonstrations , as it were , of the method .	1>2	unknown	concession	concession
That is , there are many more examples of critique ( passing as ethnography or political analysis ) than of positive historical / social analysis of science .	but I do not immediately see where Latour 's notions of power as exchange / alliances lead , other than to a series of well , laboratory demonstrations , as it were , of the method .	1<2	unknown	elaboration	elaboration
I do n't with to open a discussion of the Latour / Callon critique of the micro - macro divide in classical sociology ,	but rather to ask to whom and to what ends STS practitioners speak .	1>2	unknown	antithesis	contrast
One looks rather hard in Social Studies of Science for the positive analysis of science , especially science beyond the laboratory .	but rather to ask to whom and to what ends STS practitioners speak .	1<2	unknown	summary	organization
It may well be that many of you reading this do not see what you are doing as " critique , "	Perhaps some of the rest of you might wish to indicate what a positive program for STS would look like , and where it might be located institutionally	1>2	unknown	concession	concession
It may well be that many of you reading this do not see what you are doing as " critique , "	and / or do not see what you are / should be doing as reconstructing science	1<2	unknown	elaboration	elaboration
It may well be that many of you reading this do not see what you are doing as " critique , "	and / or the place of science / scientists in the making of society .	1<2	unknown	elaboration	elaboration
It may well be that many of you reading this do not see what you are doing as " critique , "	So be it :	1<2	unknown	nonvolitional-result	causal
So be it :	neither Bailar 's jeremiad or my invitation [ my jeremiad and Bailar 's invitation ? ] should take up a minute of your time .	1<2	unknown	elaboration	elaboration
Yet the overall impression one would have is that STS inquiry is a form of " critique , "	Perhaps some of the rest of you might wish to indicate what a positive program for STS would look like , and where it might be located institutionally	1<2	unknown	summary	organization
Perhaps some of the rest of you might wish to indicate what a positive program for STS would look like , and where it might be located institutionally	[ see questions posed above ] .	1<2	unknown	background	frame
Harry Marks , in response to Bailar , raises useful questions about the import of " STS " projects .	Except to note that STS is very far from monolothic , I shall conclude this preface and get to discussion .	1>2	unknown	background	frame
Except to note that STS is very far from monolothic , I shall conclude this preface and get to discussion .	and therefore can not be used as an independent means of adjudicating social / civil / political questions -- contrary to opposing claims , made from a range of interests , some of them successful .	1>2	unknown	background	frame
1 . It seems to me that the core project in STS , in all its variants , has been to demonstrate that components of the social order are embedded in the conclusions of science .	This has a variety of consequences ,	1>2	unknown	nonvolitional-cause	causal
This has a variety of consequences ,	but the central consequence is that the conclusions of science are not independent of the social / civil / politiccal order ,	1>2	unknown	background	frame
but the central consequence is that the conclusions of science are not independent of the social / civil / politiccal order ,	and therefore can not be used as an independent means of adjudicating social / civil / political questions -- contrary to opposing claims , made from a range of interests , some of them successful .	1>2	unknown	evidence	explanation
Some upshots :	the message has been mixed and therefore is too easily dismissed through obfuscation ( in some pernicious cases ) and through direct quotation ( some STS analysts are self - obfuscating ) .	1>2	unknown	preparation	organization
a . Because the program is not monolithic ,	the message has been mixed and therefore is too easily dismissed through obfuscation ( in some pernicious cases ) and through direct quotation ( some STS analysts are self - obfuscating ) .	1>2	unknown	nonvolitional-cause	causal
and therefore can not be used as an independent means of adjudicating social / civil / political questions -- contrary to opposing claims , made from a range of interests , some of them successful .	the message has been mixed and therefore is too easily dismissed through obfuscation ( in some pernicious cases ) and through direct quotation ( some STS analysts are self - obfuscating ) .	1<2	unknown	elaboration	elaboration
the message has been mixed and therefore is too easily dismissed through obfuscation ( in some pernicious cases ) and through direct quotation ( some STS analysts are self - obfuscating ) .	b. Whether true or not , the message has been deemed a message from the left .	1<2	unknown	list	conjunction
It might as easily be embraced by the ( American ) right ,	but apart from Creationist appropriations , it has not .	1>2	unknown	concession	concession
b. Whether true or not , the message has been deemed a message from the left .	but apart from Creationist appropriations , it has not .	1<2	unknown	background	frame
and therefore can not be used as an independent means of adjudicating social / civil / political questions -- contrary to opposing claims , made from a range of interests , some of them successful .	2 . There are alternative programs , the possibilities of which have not , I think , been explored .	1<2	unknown	list	conjunction
2 . There are alternative programs , the possibilities of which have not , I think , been explored .	I 'll confine my comment to one such alternative : developing an aesthetics of science .	1<2	unknown	elaboration	elaboration
I 'll confine my comment to one such alternative : developing an aesthetics of science .	It appears to me that a significant number of philosophers of science have mixed their ( unremarked ) aesthetics with their epistemologies .	1<2	unknown	elaboration	elaboration
It appears to me that a significant number of philosophers of science have mixed their ( unremarked ) aesthetics with their epistemologies .	This is both implicitly the case ( which calls for some tricky analysis to tease the aesthetic judgments from justification ) and explicitly , as in attempts to identify " simplicity " ( a 20th century aesthetic virtue ) in the conditions for theory choice .	1<2	unknown	elaboration	elaboration
2 . There are alternative programs , the possibilities of which have not , I think , been explored .	Restated , some science may be pretty but not true ;	1<2	unknown	summary	organization
Restated , some science may be pretty but not true ;	some science may be unpretty but true .	1<2	unknown	contrast	contrast
Restated , some science may be pretty but not true ;	One might devise a means for making this distinction .	1<2	unknown	elaboration	elaboration
I have followed the discussion on Sts and its critics with a half an eye	but now Harry Marks has posed some more interesting questions I like to join .	1>2	unknown	concession	concession
I have followed the discussion on Sts and its critics with a half an eye	( as we can say in Dutch ) ,	1<2	unknown	background	frame
but now Harry Marks has posed some more interesting questions I like to join .	I can feel sympathetic to scientists complaining that STS'ers deconstruct their traditional legitimation ,	1>2	unknown	background	frame
I can feel sympathetic to scientists complaining that STS'ers deconstruct their traditional legitimation ,	Mark Hinelines aesthetics of science will hardly help those scientists .	1>2	unknown	concession	concession
I can feel sympathetic to scientists complaining that STS'ers deconstruct their traditional legitimation ,	especially if they call themselves constructivists , but do not feel the responsibility to add something constructive to the science - society relation .	1<2	unknown	elaboration	elaboration
Mark Hinelines aesthetics of science will hardly help those scientists .	But generally our relations with scientists , firms , governments and all those guys and institutions that make this world running so badly are quite positive .	1>2	unknown	background	frame
Well let me explain my own background .	I am one of those working in the group that came up already in the discussion :	1>2	unknown	preparation	organization
I am one of those working in the group that came up already in the discussion :	We indeed have some people working within an engineering science program on micro-optics .	1>2	unknown	background	frame
I am one of those working in the group that came up already in the discussion :	the University of Twente group .	1<2	unknown	elaboration	elaboration
We indeed have some people working within an engineering science program on micro-optics .	But generally our relations with scientists , firms , governments and all those guys and institutions that make this world running so badly are quite positive .	1>2	unknown	concession	concession
That is , we do not adopt one dimensional legitimations or policy stories .	But instead of just criticizing them , as part of some alternative program , we feel also responsible for the creation of new legitimations .	1>2	unknown	antithesis	contrast
But generally our relations with scientists , firms , governments and all those guys and institutions that make this world running so badly are quite positive .	But instead of just criticizing them , as part of some alternative program , we feel also responsible for the creation of new legitimations .	1<2	unknown	elaboration	elaboration
But instead of just criticizing them , as part of some alternative program , we feel also responsible for the creation of new legitimations .	So , some of us work with biotechnological firms on issues like technology assessment and public acceptance .	1<2	unknown	elaboration	elaboration
So , some of us work with biotechnological firms on issues like technology assessment and public acceptance .	And others can get the participation of genetic engineering scientists to study it .	1<2	unknown	conjunction	conjunction
But instead of just criticizing them , as part of some alternative program , we feel also responsible for the creation of new legitimations .	I myself try to be constructive in science policy and presently working part time for the Dutch Foresight Program -- again with real scientist .	1<2	unknown	elaboration	elaboration
Althought my PhD thesis has recently been criticed in the EASST Newsletter of not being relevant for science policy ,	it turns out that the research I did on science policy can be put positively into use to design foresight processes , to write draft opinion papers for the foresight committee on issues like fundamental science , priority setting and the like .	1>2	unknown	concession	concession
I myself try to be constructive in science policy and presently working part time for the Dutch Foresight Program -- again with real scientist .	it turns out that the research I did on science policy can be put positively into use to design foresight processes , to write draft opinion papers for the foresight committee on issues like fundamental science , priority setting and the like .	1<2	unknown	elaboration	elaboration
All right , I have to compromise sometimes ,	but the insights STS studies give on have science works and how it is embedded in society is a good source to improve tradional legitimations .	1>2	unknown	concession	concession
it turns out that the research I did on science policy can be put positively into use to design foresight processes , to write draft opinion papers for the foresight committee on issues like fundamental science , priority setting and the like .	but the insights STS studies give on have science works and how it is embedded in society is a good source to improve tradional legitimations .	1<2	unknown	elaboration	elaboration
but the insights STS studies give on have science works and how it is embedded in society is a good source to improve tradional legitimations .	One of the main lessons I repeatedly bring in is that general statements about science society relations are only usefull as a starting point .	1<2	unknown	elaboration	elaboration
If you want to do something really effective ,	you have to adjust the policy instruments , or more specific the foresight process to the specific context .	1>2	unknown	condition	condition
One of the main lessons I repeatedly bring in is that general statements about science society relations are only usefull as a starting point .	you have to adjust the policy instruments , or more specific the foresight process to the specific context .	1<2	unknown	elaboration	elaboration
but the insights STS studies give on have science works and how it is embedded in society is a good source to improve tradional legitimations .	STS and constructivist science policy studies provide part of the tool box that enables you to analyse the specific context .	1<2	unknown	summary	organization
Well , I can not give a full overview of my experiences ,	but I really think that STS is better served by seeking and articulating constructive roles ( in both senses ! ) in all kind of science - society relations , than complaining about criticism .	1>2	unknown	antithesis	contrast
I myself try to be constructive in science policy and presently working part time for the Dutch Foresight Program -- again with real scientist .	but I really think that STS is better served by seeking and articulating constructive roles ( in both senses ! ) in all kind of science - society relations , than complaining about criticism .	1<2	unknown	summary	organization
I believe that Harry Marks ' challenge is an interesting starting point for a wider discussion on the ' understanding ' of public understanding of science ( PuS ) in STS field .	The big challenge in STS was until now to understand how previously believed irrelevant elements do shape the direction and the very content of scientific inquiry .	1>2	unknown	background	frame
Harry Marks says :	> Yet the overall impression one would have is that > STS inquiry is a form of " critique , " that is , for the most part , there is > very little in the way of a positive program to account for the place of > science in relation to other institutions / practices or > to change science / practice of science / etc. to be something different . > In a world dominated by a rather simple - minded and falsifying view of > science , there was a good deal of virtue in such critique . But at this > point , one begins to ask : 1 ) what is the positive analytical program ? 2 ) > what kinds of changes do STS practitioners envision , and are > they in the self - understanding of scientists ? the public understanding of > science ? the control of scientific institutions ? 3 ) where do STS practitioners see change taking place : in the classroom ? in > the press ? in the Congress ? on the streets ?	1>2	unknown	attribution	attribution
> Yet the overall impression one would have is that > STS inquiry is a form of " critique , " that is , for the most part , there is > very little in the way of a positive program to account for the place of > science in relation to other institutions / practices or > to change science / practice of science / etc. to be something different . > In a world dominated by a rather simple - minded and falsifying view of > science , there was a good deal of virtue in such critique . But at this > point , one begins to ask : 1 ) what is the positive analytical program ? 2 ) > what kinds of changes do STS practitioners envision , and are > they in the self - understanding of scientists ? the public understanding of > science ? the control of scientific institutions ? 3 ) where do STS practitioners see change taking place : in the classroom ? in > the press ? in the Congress ? on the streets ?	STS inquiry , I believe , tought us that it is not possible to separate the contextual aspects of science from its content .	1>2	unknown	background	frame
STS inquiry , I believe , tought us that it is not possible to separate the contextual aspects of science from its content .	The big challenge in STS was until now to understand how previously believed irrelevant elements do shape the direction and the very content of scientific inquiry .	1>2	unknown	background	frame
The big challenge in STS was until now to understand how previously believed irrelevant elements do shape the direction and the very content of scientific inquiry .	Likewise , I wonder if we should start seriously to consider the epistemological consequences of the discourse of public understanding of science .	1<2	unknown	elaboration	elaboration
Likewise , I wonder if we should start seriously to consider the epistemological consequences of the discourse of public understanding of science .	Is it so sure that PuS is more made for the public than for science itself ?	1<2	unknown	elaboration	elaboration
Is it so sure that PuS is more made for the public than for science itself ?	What if one claims that PuS helps science to be ' scientific ' ?	1<2	unknown	list	conjunction
What if one claims that PuS helps science to be ' scientific ' ?	What would be the implications of such a claim ?	1<2	unknown	list	conjunction
What would be the implications of such a claim ?	Would 'nt that open for a reconsideration of PuS 's implications for society and science alike ?	1<2	unknown	list	conjunction
Would 'nt that open for a reconsideration of PuS 's implications for society and science alike ?	Would 'nt that open for a reconsideration of the ideological aspects of scientific discourse .	1<2	unknown	list	conjunction
Would 'nt that open for a reconsideration of the ideological aspects of scientific discourse .	Would 'nt that force us to rethink how the ' reality ' of science is stabilised and secured ?	1<2	unknown	list	conjunction
Would 'nt that force us to rethink how the ' reality ' of science is stabilised and secured ?	And at last but not least , would 'nt that compell us to rethink the nature of the discourse in social sciences and the political structures based on this discourse ?	1<2	unknown	list	conjunction
Not many of these questions are new and unknown to STS field ( or to social sciences for that matter ) .	The question is , however , whether we should seriously start to think about PuS as a component of science equally important as science 's financial sources or its laboratories and study the implications of this fact to our understanding of science and society alike .	1>2	unknown	antithesis	contrast
Is it so sure that PuS is more made for the public than for science itself ?	The question is , however , whether we should seriously start to think about PuS as a component of science equally important as science 's financial sources or its laboratories and study the implications of this fact to our understanding of science and society alike .	1<2	unknown	elaboration	elaboration
To John Bailar , bravo .	Far from being offended by his observations about how scientists see STSers ,	1>2	unknown	preparation	organization
Far from being offended by his observations about how scientists see STSers ,	I think he has characterized a thorny problem very nicely .	1>2	unknown	antithesis	contrast
I think he has characterized a thorny problem very nicely .	In echoing his thoughts , I will simply reiterate a theme I 've expressed before in this forum .	1>2	unknown	background	frame
In echoing his thoughts , I will simply reiterate a theme I 've expressed before in this forum .	Too much of current STS , especially but not exclusively of the SSK variety , occupies an epistemological space which exactly mirrors its scientific counterpart .	1>2	unknown	background	frame
Too much of current STS , especially but not exclusively of the SSK variety , occupies an epistemological space which exactly mirrors its scientific counterpart .	That is , we ( sociologists , historians , whatever ) try to look at scientists as people behaving in unusual ways and saying / writing special things .	1<2	unknown	elaboration	elaboration
That is , we ( sociologists , historians , whatever ) try to look at scientists as people behaving in unusual ways and saying / writing special things .	We try to explain those behaviors , including symbolic expression , without resorting to the categories used by the scientists themselves .	1<2	unknown	elaboration	elaboration
We try to explain those behaviors , including symbolic expression , without resorting to the categories used by the scientists themselves .	Put bluntly , they are bugs in boxes to us	1<2	unknown	elaboration	elaboration
- and if this is the sole perspective we adopt ,	I for one am not surprised they view us as arrogant and rather foolish .	1>2	unknown	condition	condition
Put bluntly , they are bugs in boxes to us	I for one am not surprised they view us as arrogant and rather foolish .	1<2	unknown	volitional-result	causal
Of course , if we really were behaving like good scientists ,	then our subjects should have no cause for complaint .	1>2	unknown	condition	condition
I for one am not surprised they view us as arrogant and rather foolish .	then our subjects should have no cause for complaint .	1<2	unknown	elaboration	elaboration
then our subjects should have no cause for complaint .	But we 're not .	1<2	unknown	antithesis	contrast
Scientists who study mind , brain , and behavior long ago abandoned the externalist ( i.e. behaviorist ) approach of studying people without benefit of their subjective reports of what is going on in their heads .	But STSer s often act , and sometimes say , that their methodology must follow this outdated and deeply disrespectful principle .	1>2	unknown	concession	concession
But STSer s often act , and sometimes say , that their methodology must follow this outdated and deeply disrespectful principle .	but it plays an absolutely integral role ,	1>2	unknown	antithesis	contrast
Scientists ' self - understanding is not the whole story of science ,	but it plays an absolutely integral role ,	1>2	unknown	concession	concession
Too much of current STS , especially but not exclusively of the SSK variety , occupies an epistemological space which exactly mirrors its scientific counterpart .	but it plays an absolutely integral role ,	1<2	unknown	list	conjunction
but it plays an absolutely integral role ,	and abandoning " actor categories " altogether probably can not produce a complete or coherent account of a cognitive activity .	1<2	unknown	elaboration	elaboration
and abandoning " actor categories " altogether probably can not produce a complete or coherent account of a cognitive activity .	( See my article in the May issue of Social Studies of Science for more on this . )	1<2	unknown	background	frame
but it plays an absolutely integral role ,	As for what STS is trying to do and whether it can / could make a difference in the world comparable to that made by some ( probably not most ) scientists , I have a few thoughts .	1<2	unknown	list	conjunction
As for what STS is trying to do and whether it can / could make a difference in the world comparable to that made by some ( probably not most ) scientists , I have a few thoughts .	One thing STS does very well , which scientists usually do not do for themselves ( or not very thoroughly ) , is to analyze the flows and transformations of power and information among science at the lab level , science at the institutional level , politics in various forms , and culture .	1<2	unknown	elaboration	elaboration
One thing STS does very well , which scientists usually do not do for themselves ( or not very thoroughly ) , is to analyze the flows and transformations of power and information among science at the lab level , science at the institutional level , politics in various forms , and culture .	As an adjunct to a scientific education , provocative but responsible STS courses could help scientists become more sophisticated about what becomes of their work .	1<2	unknown	list	conjunction
As an adjunct to a scientific education , provocative but responsible STS courses could help scientists become more sophisticated about what becomes of their work .	STS seminars / conversations / publications could have the same utility for practicing scientists .	1<2	unknown	list	conjunction
As for what STS is trying to do and whether it can / could make a difference in the world comparable to that made by some ( probably not most ) scientists , I have a few thoughts .	A second , related interest of STS is to help make the ideological boundaries between science , politics , and culture more permeable .	1<2	unknown	list	conjunction
Unless they are at the absolute pinnacle of their profession ,	scientists who are active politically ( Steve Schneider , Paul Ehrlich , Terry Winograd ) or culturally ( Carl Sagan , Carl Djerassi ) must sacrifice a great deal of respect from their fellows .	1>2	unknown	unless	contrast
A second , related interest of STS is to help make the ideological boundaries between science , politics , and culture more permeable .	scientists who are active politically ( Steve Schneider , Paul Ehrlich , Terry Winograd ) or culturally ( Carl Sagan , Carl Djerassi ) must sacrifice a great deal of respect from their fellows .	1<2	unknown	elaboration	elaboration
A second , related interest of STS is to help make the ideological boundaries between science , politics , and culture more permeable .	Politicians ( Al Gore ) and cultural outlets ( newspaper science sections , science museums ) often view science as a pre-packaged commodity , something to be consumed rather than something they can participate in , practice , criticize , and change .	1<2	unknown	elaboration	elaboration
Politicians ( Al Gore ) and cultural outlets ( newspaper science sections , science museums ) often view science as a pre-packaged commodity , something to be consumed rather than something they can participate in , practice , criticize , and change .	My hope is that STS could help generate more fluidity here , potentially affecting for the better the apolitical , amoral , and ahistorical stance of so much scientific education and practice .	1<2	unknown	elaboration	elaboration
The discussion of how broad scientific research priorities are set has largely left the public sphere ,	We might help to bring it back in .	1>2	unknown	solutionhood	query
The discussion of how broad scientific research priorities are set has largely left the public sphere ,	as Fuller and others repeatedly point out .	1<2	unknown	justify	explanation
A second , related interest of STS is to help make the ideological boundaries between science , politics , and culture more permeable .	We might help to bring it back in .	1<2	unknown	elaboration	elaboration
At a conference earlier this year I chided some of my colleagues for the tone of their discussion , which ( as I experienced it ) expressed deep disrespect for the work and thoughts of the scientists they study .	The response was exactly what Bailar notes :	1>2	unknown	background	frame
The response was exactly what Bailar notes :	so why should I respect them ?	1>2	unknown	background	frame
" they do n't respect me ,	so why should I respect them ?	1>2	unknown	condition	condition
so why should I respect them ?	I found it quite embarassing to have this kind of discussion happen in their presence .	1>2	unknown	background	frame
they get millions for equipment	while I ca n't even find a job , "	1>2	unknown	antithesis	contrast
so why should I respect them ?	while I ca n't even find a job , "	1<2	unknown	nonvolitional-cause	causal
while I ca n't even find a job , "	etc.	1<2	unknown	elaboration	elaboration
while I ca n't even find a job , "	etc .	1<2	unknown	elaboration	elaboration
Some practicing scientists attended this conference .	I found it quite embarassing to have this kind of discussion happen in their presence .	1>2	unknown	circumstance	temporal
A second , related interest of STS is to help make the ideological boundaries between science , politics , and culture more permeable .	I found it quite embarassing to have this kind of discussion happen in their presence .	1<2	unknown	list	conjunction
I found it quite embarassing to have this kind of discussion happen in their presence .	We will get the respect of others	1<2	unknown	list	conjunction
We will get the respect of others	when we deserve it ,	1<2	unknown	circumstance	temporal
We will get the respect of others	and that will come	1<2	unknown	sequence	temporal
and that will come	when we have things to say that make sense , are widely understandable , and serve significant practical purposes .	1<2	unknown	circumstance	temporal
I do n't think my generation of STSers has reached that standard yet ,	but I think we can and will .	1>2	unknown	antithesis	contrast
and that will come	but I think we can and will .	1<2	unknown	sequence	temporal
We will get the respect of others	Let 's keep this thread going !	1<2	unknown	background	frame
Steve Fuller writes :	" STSers are inclined to send out two different messages : ( 1 ) STSer s just want to be left alone to study science - in - action ... ( 2 ) STSer s want to open up ' public understanding of science ' to include ... discussions about the kinds of scientific research that should be supported . "	1>2	unknown	attribution	attribution
" STSers are inclined to send out two different messages : ( 1 ) STSer s just want to be left alone to study science - in - action ... ( 2 ) STSer s want to open up ' public understanding of science ' to include ... discussions about the kinds of scientific research that should be supported . "	I 'm not sure this dichotomy covers all cases .	1>2	unknown	antithesis	contrast
I 'm not sure this dichotomy covers all cases .	What about a program for democratizing science by having well - funded research facilities controlled / staffed by " subaltern " communities ( e.g. lower economic class , people of color ) , BUT maintaining the traditional conception of scientists - choose - their - own - research ?	1<2	unknown	evidence	explanation
What about a program for democratizing science by having well - funded research facilities controlled / staffed by " subaltern " communities ( e.g. lower economic class , people of color ) , BUT maintaining the traditional conception of scientists - choose - their - own - research ?	That is , not so much anti-expertism as changing the constitution of the expert community .	1<2	unknown	elaboration	elaboration
What about a program for democratizing science by having well - funded research facilities controlled / staffed by " subaltern " communities ( e.g. lower economic class , people of color ) , BUT maintaining the traditional conception of scientists - choose - their - own - research ?	Should # 2 above be expanded ,	1<2	unknown	nonvolitional-result	causal
Should # 2 above be expanded ,	or should we have more than two categories ?	1<2	unknown	disjunction	alternation
Many thanks to Bailar AND Edwards !	Ex : EDWARDS :	1>2	unknown	preparation	organization
Ex : EDWARDS :	********** " ... Scientists ' self - understanding is not the whole story of science , but it plays an absolutely integral role , and abandoning " actor categories " altogether probably can not produce a complete or coherent account of a cognitive activity .	1>2	unknown	preparation	organization
********** " ... Scientists ' self - understanding is not the whole story of science , but it plays an absolutely integral role , and abandoning " actor categories " altogether probably can not produce a complete or coherent account of a cognitive activity .	Indeed ! Provocative but RESPONSIBLE STS courses -- and books , and lectures -- are badly needed in science ( and all other ) education ,	1>2	unknown	background	frame
********** " ... Scientists ' self - understanding is not the whole story of science , but it plays an absolutely integral role , and abandoning " actor categories " altogether probably can not produce a complete or coherent account of a cognitive activity .	" ... One thing STS does very well , which scientists usually do not do for themselves ( or not very thoroughly ) , is to analyze the flows and transformations of power and information among science at the lab level , science at the institutional level , politics in various forms , and culture . As an adjunct to a scientific education , provocative but responsible STS courses could help scientists become more sophisticated about what becomes of their work . STS seminars / conversations / publications could have the same utility for practicing scientists .	1<2	unknown	list	conjunction
" ... One thing STS does very well , which scientists usually do not do for themselves ( or not very thoroughly ) , is to analyze the flows and transformations of power and information among science at the lab level , science at the institutional level , politics in various forms , and culture . As an adjunct to a scientific education , provocative but responsible STS courses could help scientists become more sophisticated about what becomes of their work . STS seminars / conversations / publications could have the same utility for practicing scientists .	" ... A second , related interest of STS is to help make the ideological boundaries between science , politics , and culture more permeable .	1<2	unknown	list	conjunction
" ... A second , related interest of STS is to help make the ideological boundaries between science , politics , and culture more permeable .	" ... At a conference earlier this year I chided some of my colleagues for the tone of their discussion , which ( as I experienced it ) expressed deep disrespect for the work and thoughts of the scientists they study . The response was exactly what Bailar notes : " they do n't respect me , so why should I respect them ? they get millions for equipment while I ca n't even find a job , " etc. etc . Some practicing scientists attended this conference . I found it quite embarassing to have this kind of discussion happen in their presence .	1<2	unknown	list	conjunction
" ... At a conference earlier this year I chided some of my colleagues for the tone of their discussion , which ( as I experienced it ) expressed deep disrespect for the work and thoughts of the scientists they study . The response was exactly what Bailar notes : " they do n't respect me , so why should I respect them ? they get millions for equipment while I ca n't even find a job , " etc. etc . Some practicing scientists attended this conference . I found it quite embarassing to have this kind of discussion happen in their presence .	" ... We will get the respect of others when we deserve it , and that will come when we have things to say that make sense , are widely understandable , and serve significant practical purposes . I do n't think my generation of STSers has reached that standard yet ... **********	1<2	unknown	list	conjunction
Indeed ! Provocative but RESPONSIBLE STS courses -- and books , and lectures -- are badly needed in science ( and all other ) education ,	because most scientists wo n't and ca n't study these issues for themselves .	1<2	unknown	nonvolitional-cause	causal
Indeed ! Provocative but RESPONSIBLE STS courses -- and books , and lectures -- are badly needed in science ( and all other ) education ,	So are provocative and interesting science courses -- and books , and lectures -- needed for the social sciences and humanities , because most social scientists and humanists ( and ordinary , decent citizens ) either ca n't or wo n't engage the inner logic and the content of the science whose social correlates ( quite properly ) excite them .	1<2	unknown	elaboration	elaboration
The tone Edwards refers to IS pervasive ;	most scientists , coming into contact with it for the first time react to its hostility first with amusement , next with amazement , and finally with anger .	1>2	unknown	nonvolitional-cause	causal
Indeed ! Provocative but RESPONSIBLE STS courses -- and books , and lectures -- are badly needed in science ( and all other ) education ,	most scientists , coming into contact with it for the first time react to its hostility first with amusement , next with amazement , and finally with anger .	1<2	unknown	elaboration	elaboration
most scientists , coming into contact with it for the first time react to its hostility first with amusement , next with amazement , and finally with anger .	In an earlier exchange on this list , some of our esteemed colleagues said , in effect ,	1<2	unknown	evidence	explanation
In an earlier exchange on this list , some of our esteemed colleagues said , in effect ,	" To hell with those guys [ scientists ] !	1<2	unknown	elaboration	elaboration
They do n't read our stuff ,	so why whould we pay attention to them ? "	1>2	unknown	nonvolitional-cause	causal
" To hell with those guys [ scientists ] !	so why whould we pay attention to them ? "	1<2	unknown	nonvolitional-cause	causal
In an earlier exchange on this list , some of our esteemed colleagues said , in effect ,	and then , inevitably ,	1<2	unknown	sequence	temporal
and then , inevitably ,	" Besides -- they get all that money ;	1<2	unknown	elaboration	elaboration
" Besides -- they get all that money ;	they want all of it going	1<2	unknown	elaboration	elaboration
they want all of it going	[ compare : Microcosmo- graphia ] --	1<2	unknown	background	frame
and then , inevitably ,	and they tell nothing but lies .	1<2	unknown	sequence	temporal
and they tell nothing but lies .	Lies about cold fusion , Velikovsky , AIDS , cancer , the need for obstetricians , solar neutrino fluxes - - even about Newton , faker that he was , the utter collapse of whose ` laws ' is shown by the missing cosmological mass they talk about ! "	1<2	unknown	evidence	explanation
So long as a large part of the social and historical criticism of science is unambiguously hostile , ignorant or oblivious of understandings available to the most benighted , scientists or not ( e.g. , that we know much more about the natural world today than we did in 1580 ) , wrong about all sorts of elementary facts and issues of scientific content ,	working scientists are not going to attend to the details of what is said , except to become angrier .	1>2	unknown	circumstance	temporal
most scientists , coming into contact with it for the first time react to its hostility first with amusement , next with amazement , and finally with anger .	working scientists are not going to attend to the details of what is said , except to become angrier .	1<2	unknown	elaboration	elaboration
working scientists are not going to attend to the details of what is said , except to become angrier .	For they , too , are threatened .	1<2	unknown	nonvolitional-cause	causal
For they , too , are threatened .	We all are :	1<2	unknown	elaboration	elaboration
We all are :	it is a bad time for scholarship	1<2	unknown	nonvolitional-cause	causal
it is a bad time for scholarship	and it 's going to get worse .	1<2	unknown	sequence	temporal
Indeed ! Provocative but RESPONSIBLE STS courses -- and books , and lectures -- are badly needed in science ( and all other ) education ,	The improvements that science desperately needs , such as in teaching , in social awareness , and in regard for its own foundational issues , are not going to be made	1<2	unknown	summary	organization
The improvements that science desperately needs , such as in teaching , in social awareness , and in regard for its own foundational issues , are not going to be made	until the hostile / aggressive / defensive / political tone is at least diluted .	1<2	unknown	circumstance	temporal
One does not require attention on the part of science - critics to those old chestnuts , Objectivity and Knowledge of the Subject ( science ! ) ;	but STS people ought to know that	1>2	unknown	antithesis	contrast
The improvements that science desperately needs , such as in teaching , in social awareness , and in regard for its own foundational issues , are not going to be made	but STS people ought to know that	1<2	unknown	elaboration	elaboration
but STS people ought to know that	( 1 ) most scientists still adhere to them , and	1<2	unknown	elaboration	elaboration
( 1 ) most scientists still adhere to them , and	( 2 ) no argument , from Popper through Kuhn and Lakatos to Feyerabend , let alone from any active contemporary , has as yet provided a single good reason to abandon them .	1<2	unknown	list	conjunction
I liked Paul Edwards ' comments	, but I would like to point out that the problem might be a good deal deeper than the " attitudes " of STS researchers .	1>2	unknown	concession	concession
, but I would like to point out that the problem might be a good deal deeper than the " attitudes " of STS researchers .	The problem seems to emerge from the process of redescription .	1>2	unknown	background	frame
, but I would like to point out that the problem might be a good deal deeper than the " attitudes " of STS researchers .	( Also , that line feeds in an unfortunate way to Gross , who seems to think that STSers will know enough science and have the right attitude when they say about Science what scientists themselves would say . )	1<2	unknown	elaboration	elaboration
Using an alternative vocabulary to redescribe a practice seems to automatically destablize it	So , if we use social , economic or rhetorical vocabularies to redescribe science , no matter how great our respect and good intentions ,	1>2	unknown	nonvolitional-cause	causal
Using an alternative vocabulary to redescribe a practice seems to automatically destablize it	-- even if that was not part of the intention behind the redescription !	1<2	unknown	circumstance	temporal
So , if we use social , economic or rhetorical vocabularies to redescribe science , no matter how great our respect and good intentions ,	the effect , for participants and observers , is that an effective redescription destablizes science as a genuine practice .	1>2	unknown	nonvolitional-cause	causal
The problem seems to emerge from the process of redescription .	the effect , for participants and observers , is that an effective redescription destablizes science as a genuine practice .	1<2	unknown	elaboration	elaboration
the effect , for participants and observers , is that an effective redescription destablizes science as a genuine practice .	( Latour , e.g. , seems to express endless puzzlement that anybody reacts negatively to his very thick redescriptions	1<2	unknown	elaboration	elaboration
( Latour , e.g. , seems to express endless puzzlement that anybody reacts negatively to his very thick redescriptions	-- as if their accuracy precluded that ! )	1<2	unknown	antithesis	contrast
Two things should be noted immediately :	-- the problem also runs the other way as way ;	1>2	unknown	preparation	organization
the effect , for participants and observers , is that an effective redescription destablizes science as a genuine practice .	-- the problem also runs the other way as way ;	1<2	unknown	elaboration	elaboration
-- the problem also runs the other way as way ;	witness the dicomfiture of the religious and social thinkers as their values and preferred modes of life are redescribed by sociobiologists in terms of gene preservation and such ,	1<2	unknown	evidence	explanation
-- the problem also runs the other way as way ;	or how offensive many people find computational descriptions of intelligence .	1<2	unknown	evidence	explanation
-- the problem also runs the other way as way ;	-- redescriptions of Science by philosophers , for the most part , do n't seem to destablize it , which makes one wonder if an alternative vocablary is actually in play .	1<2	unknown	list	conjunction
-- redescriptions of Science by philosophers , for the most part , do n't seem to destablize it , which makes one wonder if an alternative vocablary is actually in play .	:)	1<2	unknown	evaluation	comment
-- redescriptions of Science by philosophers , for the most part , do n't seem to destablize it , which makes one wonder if an alternative vocablary is actually in play .	What I do n't know , at this point , is if there as any way to avoid this destablization problem , or even its exact etiology .	1<2	unknown	elaboration	elaboration
What I do n't know , at this point , is if there as any way to avoid this destablization problem , or even its exact etiology .	In general nobody , I think , likes to be redescribed , either as a product of Freudian forces , or a carrier for genes , or as a wetware computational device	1<2	unknown	elaboration	elaboration
What I do n't know , at this point , is if there as any way to avoid this destablization problem , or even its exact etiology .	-- what 's at issue here ?	1<2	unknown	elaboration	elaboration
-- what 's at issue here ?	Thoughts ?	1<2	unknown	elaboration	elaboration
Edwards wants science to be permeable and accountable	but do accomplish this , he 's going to have to invoke a redescription of science and scientific practice which will make Gross uncomfortable ,	1>2	unknown	concession	concession
Edwards wants science to be permeable and accountable	( and so do I )	1<2	unknown	background	frame
What I do n't know , at this point , is if there as any way to avoid this destablization problem , or even its exact etiology .	but do accomplish this , he 's going to have to invoke a redescription of science and scientific practice which will make Gross uncomfortable ,	1<2	unknown	elaboration	elaboration
but do accomplish this , he 's going to have to invoke a redescription of science and scientific practice which will make Gross uncomfortable ,	no matter how much he appreciates Edwards ' respect and goodwill .	1<2	unknown	circumstance	temporal
but do accomplish this , he 's going to have to invoke a redescription of science and scientific practice which will make Gross uncomfortable ,	In addition , Gross seems to take any redescription as a sort of " net translation loss , "	1<2	unknown	elaboration	elaboration
In addition , Gross seems to take any redescription as a sort of " net translation loss , "	where the acheivements of Science since 1580 disappear in a haze of STS talk .	1<2	unknown	concession	concession
Edwards ' comment make clear that he ( and , likely , many others ) do n't see this implication .	Why does Gross ?	1>2	unknown	condition	condition
In addition , Gross seems to take any redescription as a sort of " net translation loss , "	Why does Gross ?	1<2	unknown	elaboration	elaboration
KEITH asks why GROSS , unlike EDWARDS and others , sees the achievements of science since 1580 disappearing in a haze of STS talk .	It would be a violation of netiquette to answer THAT question , an even GROSSER one to say that he DOES N'T ,	1>2	unknown	solutionhood	query
It would be a violation of netiquette to answer THAT question , an even GROSSER one to say that he DOES N'T ,	BUT : . An answer of sorts can be found , however , INTER ALIA , in David Stove 's POPPER AND AFTER : FOUR MODERN IRRATIONALISTS .	1>2	unknown	concession	concession
BUT : . An answer of sorts can be found , however , INTER ALIA , in David Stove 's POPPER AND AFTER : FOUR MODERN IRRATIONALISTS .	Pergamon , I think , around 1982 .	1<2	unknown	background	frame
BUT : . An answer of sorts can be found , however , INTER ALIA , in David Stove 's POPPER AND AFTER : FOUR MODERN IRRATIONALISTS .	Apologies to whose who have read it already .	1<2	unknown	background	frame
BUT : . An answer of sorts can be found , however , INTER ALIA , in David Stove 's POPPER AND AFTER : FOUR MODERN IRRATIONALISTS .	Alternatively , for those put off by Stove 's nasty insistence on logic alone , a look at Susan Haack 's more recent , and crystal - clear EVIDENCE AND INQUIRY ( Blackwell , ' 92 of ' 93 ) might serve .	1<2	unknown	elaboration	elaboration
I strongly support the views brought forward in earlier messages of Paul Edwards and Barend van der Meulen about respectfully working with natural scientists and engineers on establishing new relations between science , technology and society .	There is a whole generation of scientists and engineers who are keenly aware about the social relations of the sciences , and who wish to develop new programs which include social and scientific qualifications , including a STS perspective .	1>2	unknown	background	frame
There is a whole generation of scientists and engineers who are keenly aware about the social relations of the sciences , and who wish to develop new programs which include social and scientific qualifications , including a STS perspective .	Personally , I have recently worked more than half a year as the secretary of an interfaculty advisory committee of the Board of the University of Amsterdam .	1>2	unknown	background	frame
There is a whole generation of scientists and engineers who are keenly aware about the social relations of the sciences , and who wish to develop new programs which include social and scientific qualifications , including a STS perspective .	The latter , of course , as long as it is a contribution to their program , i.e. , the programme of the enlightenment .	1<2	unknown	concession	concession
Personally , I have recently worked more than half a year as the secretary of an interfaculty advisory committee of the Board of the University of Amsterdam .	In the committee we try to draft new programmes for freshmanyears , including both social science and natural science subjects .	1>2	unknown	background	frame
In the committee we try to draft new programmes for freshmanyears , including both social science and natural science subjects .	In my opinion , the hostility in the debate is an artifact of the extreme positions by some of our colleagues .	1>2	unknown	background	frame
In the committee we try to draft new programmes for freshmanyears , including both social science and natural science subjects .	It is always a pleasure :	1<2	unknown	evaluation	comment
It is always a pleasure :	most people are really interested in philosophy , history and sociology of science .	1<2	unknown	nonvolitional-cause	causal
In my opinion , the hostility in the debate is an artifact of the extreme positions by some of our colleagues .	Thus , I think that we should more clearly distinguish between our sometimes esoteric research interests and the discourse which we maintain with our colleagues in other disciplines .	1>2	unknown	evidence	explanation
In my opinion , the hostility in the debate is an artifact of the extreme positions by some of our colleagues .	These extreme positions are sometimes perceived as anti-scientific .	1<2	unknown	elaboration	elaboration
( Of course , there are also hard core conservatives ,	but among scientists they are usually a minority . )	1>2	unknown	concession	concession
These extreme positions are sometimes perceived as anti-scientific .	but among scientists they are usually a minority . )	1<2	unknown	background	frame
Bill Keith 's comments are exceptionally perceptive .	> Using an > alternative vocabulary to redescribe a practice seems to automatically > destablize it -- even if that was not part of the intention behind the > redescription ! So , if we use social , economic or rhetorical vocabularies > to redescribe science , no matter how great our respect and good > intentions , the effect , for participants and observers , is that an > effective redescription destablizes science as a genuine practice .	1>2	unknown	preparation	organization
> Using an > alternative vocabulary to redescribe a practice seems to automatically > destablize it -- even if that was not part of the intention behind the > redescription ! So , if we use social , economic or rhetorical vocabularies > to redescribe science , no matter how great our respect and good > intentions , the effect , for participants and observers , is that an > effective redescription destablizes science as a genuine practice .	I think the issue is in fact even more complicated than this .	1>2	unknown	concession	concession
Some people - primarily scientists and ex-scientists who 've gone into the recent - history biz - seem able to redescribe events in terms of lab and institutional politics without offending most of their colleagues .	So not only the redescription , but the relative authorization of its source as an insider / outsider , enters into whether or not a redescription destabilizes .	1>2	unknown	nonvolitional-cause	causal
Some people - primarily scientists and ex-scientists who 've gone into the recent - history biz - seem able to redescribe events in terms of lab and institutional politics without offending most of their colleagues .	( I 'm thinking of e.g._ The Double Helix_ , Herbert York 's _ Making Weapons , Talking Peace_ , or Steve Schneider 's _ Global Warming_ . )	1<2	unknown	evidence	explanation
I think the issue is in fact even more complicated than this .	So not only the redescription , but the relative authorization of its source as an insider / outsider , enters into whether or not a redescription destabilizes .	1<2	unknown	elaboration	elaboration
It 's outsider redescriptions that are _viewed as_ destabilizing .	The odd thing is that neither scientists nor their funding agencies usually pay much attention to these .	1>2	unknown	background	frame
The odd thing is that neither scientists nor their funding agencies usually pay much attention to these .	So are they really destabilizing ( of actual practice ) ?	1>2	unknown	nonvolitional-cause	causal
So are they really destabilizing ( of actual practice ) ?	Or is this an idealization ?	1>2	unknown	antithesis	contrast
So not only the redescription , but the relative authorization of its source as an insider / outsider , enters into whether or not a redescription destabilizes .	Or is this an idealization ?	1<2	unknown	elaboration	elaboration
Or is this an idealization ?	I tend to think it 's the latter	1<2	unknown	evaluation	comment
I tend to think it 's the latter	- STS , as Weiss and others correctly point out , is hardly the huge , well - funded , well - organized attack on science that Gross et al. seem to see .	1<2	unknown	evidence	explanation
If Gross is right ( as per his recent reply to my comments ) that no anti-realist conjecture has ever had any impact on standard views of objectivity and knowledge in scientific practice ,	then I do n't see why the redescriptions of a few more sociologists and historians will matter much .	1>2	unknown	condition	condition
- STS , as Weiss and others correctly point out , is hardly the huge , well - funded , well - organized attack on science that Gross et al. seem to see .	then I do n't see why the redescriptions of a few more sociologists and historians will matter much .	1<2	unknown	elaboration	elaboration
I tend to think it 's the latter	I would guess that _sufficiently critical_ insider redescriptions , e.g. Joseph Weizenbaum 's _Computer Power and Human Reason_ or Winograd 's _Understanding Computers and Cognition_ , have more of an effect on scientific practice than any number of Thomas Kuhns or Harry Collins .	1<2	unknown	evidence	explanation
I would guess that _sufficiently critical_ insider redescriptions , e.g. Joseph Weizenbaum 's _Computer Power and Human Reason_ or Winograd 's _Understanding Computers and Cognition_ , have more of an effect on scientific practice than any number of Thomas Kuhns or Harry Collins .	Even here , immediate ostracism is the more common effect of serious challenges to dominant views , especially from a humanities / historical / linguistic perspective .	1<2	unknown	elaboration	elaboration
> In general nobody , I > think , likes to be redescribed , either as a product of Freudian forces , or > a carrier for genes , or as a wetware computational device -- what 's at > issue here ? Thoughts ?	I wrote in previous comments that scientists ' self - understanding is integral to , but not exhaustive of , a comprehensive analysis of science .	1>2	unknown	background	frame
I think the issue is in fact even more complicated than this .	I wrote in previous comments that scientists ' self - understanding is integral to , but not exhaustive of , a comprehensive analysis of science .	1<2	unknown	joint	conjunction
I wrote in previous comments that scientists ' self - understanding is integral to , but not exhaustive of , a comprehensive analysis of science .	As in politics , in science inherent tensions between people 's " objective " and " subjective " positions ( both terms used under erasure ) helps drive the machine .	1<2	unknown	elaboration	elaboration
As in politics , in science inherent tensions between people 's " objective " and " subjective " positions ( both terms used under erasure ) helps drive the machine .	Gilbert and Mulkay 's _Opening Pandora 's Box_ is brilliant on this point :	1<2	unknown	evidence	explanation
Gilbert and Mulkay 's _Opening Pandora 's Box_ is brilliant on this point :	scientists themselves have alternate descriptions of their work as an intellectual and as a socio- political project , whose production depends upon the context and purposes of description .	1<2	unknown	elaboration	elaboration
The climate scientists I study are alternately	These various descriptions ( of which many are well aware ) do n't mesh all that well ,	1>2	unknown	background	frame
The climate scientists I study are alternately	intellectuals working on issues about radiative transfer , etc. ;	1<2	unknown	elaboration	elaboration
intellectuals working on issues about radiative transfer , etc. ;	participants in the major political project of creating social responses to climate change ;	1<2	unknown	list	conjunction
participants in the major political project of creating social responses to climate change ;	and institution - builders competing for resources and support .	1<2	unknown	list	conjunction
These various descriptions ( of which many are well aware ) do n't mesh all that well ,	but human affairs are like that .	1>2	unknown	concession	concession
but human affairs are like that .	I think what needs explaining is more the expectation that descriptions at different levels will be compatible ( an effect of scientific worldviews ? )	1>2	unknown	nonvolitional-cause	causal
I wrote in previous comments that scientists ' self - understanding is integral to , but not exhaustive of , a comprehensive analysis of science .	I think what needs explaining is more the expectation that descriptions at different levels will be compatible ( an effect of scientific worldviews ? )	1<2	unknown	elaboration	elaboration
I think what needs explaining is more the expectation that descriptions at different levels will be compatible ( an effect of scientific worldviews ? )	than the fact that they are n't .	1<2	unknown	antithesis	contrast
> Edwards wants science to be permeable and accountable ( and so do I ) but do > accomplish this , he 's going to have to invoke a redescription of science > and scientific practice which will make Gross uncomfortable , no matter how > much he appreciates Edwards ' respect and goodwill . In addition , Gross > seems to take any redescription as a sort of " net translation loss , " where > the acheivements of Science since 1580 disappear in a haze of STS talk .	What I 'm looking for are thick descriptions that do n't depend on debunking strategies ,	1>2	unknown	background	frame
> Edwards wants science to be permeable and accountable ( and so do I ) but do > accomplish this , he 's going to have to invoke a redescription of science > and scientific practice which will make Gross uncomfortable , no matter how > much he appreciates Edwards ' respect and goodwill . In addition , Gross > seems to take any redescription as a sort of " net translation loss , " where > the acheivements of Science since 1580 disappear in a haze of STS talk .	Right on .	1<2	unknown	evaluation	comment
I wrote in previous comments that scientists ' self - understanding is integral to , but not exhaustive of , a comprehensive analysis of science .	What I 'm looking for are thick descriptions that do n't depend on debunking strategies ,	1<2	unknown	joint	conjunction
What I 'm looking for are thick descriptions that do n't depend on debunking strategies ,	but really face the complexities of what Peter Taylor is calling " heterogeneous construction . "	1<2	unknown	elaboration	elaboration
What I 'm looking for are thick descriptions that do n't depend on debunking strategies ,	I think it 's possible , and necessary , to do this without casting science or scientists as idiots , cultural dopes , or villains .	1<2	unknown	elaboration	elaboration
Response to EDWARDS , KEITH , et al. :	Do science studies redescriptions destabilize science ?	1>2	unknown	attribution	attribution
Do science studies redescriptions destabilize science ?	I think the UK experience of the past few weeks supports KEITH 's view that they do indeed destabilize , usually quite unwittingly and perhaps not productively .	1>2	unknown	solutionhood	query
I think the UK experience of the past few weeks supports KEITH 's view that they do indeed destabilize , usually quite unwittingly and perhaps not productively .	The tough question -- which EDWARDS has n't really addressed -- is how much authority you grant those opinions in directing the course of your own narrative .	1>2	unknown	concession	concession
In the THES , Harry Collins talks about science as working like a craft guild and thinks he 's paying a compliment to the skilled practices of scientists ,	but he is then read by scientists as trivializing the entire enterprise .	1>2	unknown	concession	concession
I think the UK experience of the past few weeks supports KEITH 's view that they do indeed destabilize , usually quite unwittingly and perhaps not productively .	but he is then read by scientists as trivializing the entire enterprise .	1<2	unknown	evidence	explanation
but he is then read by scientists as trivializing the entire enterprise .	This is quite striking ,	1<2	unknown	evaluation	comment
This is quite striking ,	especially considering that Collins has made a studious effort to avoid sounding like he 's debunking scientists .	1<2	unknown	elaboration	elaboration
This is quite striking ,	I doubt that a much better reception would be forthcoming to people who produce " thick " descriptions , such as Karin Knorr - Cetina .	1<2	unknown	elaboration	elaboration
I doubt that a much better reception would be forthcoming to people who produce " thick " descriptions , such as Karin Knorr - Cetina .	You ca n't quite repair the damage done to the " specialness " of science by saying that aspects of science resemble a myriad of non-scientific practices .	1<2	unknown	elaboration	elaboration
You ca n't quite repair the damage done to the " specialness " of science by saying that aspects of science resemble a myriad of non-scientific practices .	By comparison , even the most carefully wrought anthropology of religion is bound to provide some offense to the True Believer ,	1<2	unknown	elaboration	elaboration
By comparison , even the most carefully wrought anthropology of religion is bound to provide some offense to the True Believer ,	since the anthropologist has made a methodological decision not to take professions of faith as self - explanatory .	1<2	unknown	nonvolitional-cause	causal
It 's not that hard to open up space for scientists to voice their opinions in science studies narratives .	The tough question -- which EDWARDS has n't really addressed -- is how much authority you grant those opinions in directing the course of your own narrative .	1>2	unknown	antithesis	contrast
It 's not that hard to open up space for scientists to voice their opinions in science studies narratives .	In fact , this is routinely done .	1<2	unknown	elaboration	elaboration
The tough question -- which EDWARDS has n't really addressed -- is how much authority you grant those opinions in directing the course of your own narrative .	But it 's got to be made more explicit .	1>2	unknown	solutionhood	query
Usually , this question is answered by simply not addressing your narrative to scientists ( or hoping they do n't read you ! ) .	and so this particular form of evasion is not going to work much longer .	1>2	unknown	antithesis	contrast
Usually , this question is answered by simply not addressing your narrative to scientists ( or hoping they do n't read you ! ) .	In that case , scientists ' words are quickly converted to symptoms	1<2	unknown	elaboration	elaboration
In that case , scientists ' words are quickly converted to symptoms	( or ' signs ' , if one is a bit more neutral ) .	1<2	unknown	background	frame
But scientists are now beginning to take our stuff seriously ,	and so this particular form of evasion is not going to work much longer .	1>2	unknown	nonvolitional-cause	causal
The tough question -- which EDWARDS has n't really addressed -- is how much authority you grant those opinions in directing the course of your own narrative .	and so this particular form of evasion is not going to work much longer .	1<2	unknown	elaboration	elaboration
and so this particular form of evasion is not going to work much longer .	Also , it 's much too facile to say that scientists and science studies practitioners are doing ' different but complementary ' things .	1<2	unknown	elaboration	elaboration
( Nobody has actually said this yet ,	but I bet many of you out there believe this . )	1>2	unknown	antithesis	contrast
Also , it 's much too facile to say that scientists and science studies practitioners are doing ' different but complementary ' things .	but I bet many of you out there believe this . )	1<2	unknown	evidence	explanation
but I bet many of you out there believe this . )	Gross & Levitt -- and other scientists who 've written about science studies recently -- clearly think we 've moved into their epistemic turf .	1<2	unknown	evidence	explanation
Have we all collectively misspoken ,	I doubt it .	1>2	unknown	antithesis	contrast
Have we all collectively misspoken ,	or the scientists collectively misheard ?	1<2	unknown	disjunction	alternation
but I bet many of you out there believe this . )	I doubt it .	1<2	unknown	elaboration	elaboration
While it is definitely wrong to say that science studies as a whole should be lumped with ' anti - science ' movements ( pace Gerald Holton ) ,	science studies IS anti-something - about - science .	1>2	unknown	antithesis	contrast
science studies IS anti-something - about - science .	What that something is , however , is rarely made clear in our work	1>2	unknown	background	frame
What that something is , however , is rarely made clear in our work	But it 's got to be made more explicit .	1>2	unknown	antithesis	contrast
What that something is , however , is rarely made clear in our work	-- in part because it 's probably different things for different people .	1<2	unknown	nonvolitional-cause	causal
But it 's got to be made more explicit .	Simply saying that we have methodologically rigorous ways of going about our business ( a common defense currently used ) does n't address the question of WHY we 're interested in generating the particular redescriptions of science that science studies tends to produce , especially given the way they jar with popular , philosophical , and scientists ' own descriptions of what science is like .	1<2	unknown	evidence	explanation
But it 's got to be made more explicit .	By the way , it 's also worth noting that there are lots of ways in which science studies can ' destabilize ' science .	1<2	unknown	background	frame
Of course , discouraging young people from entering science at all -- a particular concern of Gross & Levitt -- is one way .	But another way is to discourage young people , already set on scientific careers , from pursuing basic research or , more modestly , from pursuing certain sciences ( e.g. high energy physics ) that seem especially oblivious to its social dimensions .	1>2	unknown	concession	concession
By the way , it 's also worth noting that there are lots of ways in which science studies can ' destabilize ' science .	But another way is to discourage young people , already set on scientific careers , from pursuing basic research or , more modestly , from pursuing certain sciences ( e.g. high energy physics ) that seem especially oblivious to its social dimensions .	1<2	unknown	elaboration	elaboration
By the way , it 's also worth noting that there are lots of ways in which science studies can ' destabilize ' science .	My guess is that even Paul Gross would n't mind some ' destabilization ' of science ,	1<2	unknown	elaboration	elaboration
My guess is that even Paul Gross would n't mind some ' destabilization ' of science ,	if done in the ' right ' way .	1<2	unknown	condition	condition
The recent discussion of " backlash " has provoked a discussion of sts goals ,	one which leads , I think inevitably , to recognition that sts must involve a reconstruction of " science , " or a practice something like it .	1>2	unknown	background	frame
one which leads , I think inevitably , to recognition that sts must involve a reconstruction of " science , " or a practice something like it .	We must move beyond the critical .	1>2	unknown	motivation	explanation
For example , on Wed , 19 Oct 1994 , Steve Fuller wrote :	> I doubt that a much better reception would be forthcoming to > people who produce " thick " descriptions , such as Karin Knorr - > Cetina . You ca n't quite repair the damage done to the > " specialness " of science by saying that aspects of science > resemble a myriad of non-scientific practices . By comparison , > even the most carefully wrought anthropology of religion is bound > to provide some offense to the True Believer , since the > anthropologist has made a methodological decision not to take > professions of faith as self - explanatory .	1>2	unknown	preparation	organization
We must move beyond the critical .	> I doubt that a much better reception would be forthcoming to > people who produce " thick " descriptions , such as Karin Knorr - > Cetina . You ca n't quite repair the damage done to the > " specialness " of science by saying that aspects of science > resemble a myriad of non-scientific practices . By comparison , > even the most carefully wrought anthropology of religion is bound > to provide some offense to the True Believer , since the > anthropologist has made a methodological decision not to take > professions of faith as self - explanatory .	1<2	unknown	elaboration	elaboration
As an anthropologist of technology ,	this fits with my experience .	1>2	unknown	justify	explanation
> I doubt that a much better reception would be forthcoming to > people who produce " thick " descriptions , such as Karin Knorr - > Cetina . You ca n't quite repair the damage done to the > " specialness " of science by saying that aspects of science > resemble a myriad of non-scientific practices . By comparison , > even the most carefully wrought anthropology of religion is bound > to provide some offense to the True Believer , since the > anthropologist has made a methodological decision not to take > professions of faith as self - explanatory .	this fits with my experience .	1<2	unknown	evidence	explanation
Further , > The tough question -- which EDWARDS has n't really > addressed -- is how much authority you grant those opinions in > directing the course of your own narrative .	The only way to address this question is through some sort of dialogue with technoscientists .	1>2	unknown	solutionhood	query
We must move beyond the critical .	The only way to address this question is through some sort of dialogue with technoscientists .	1<2	unknown	joint	conjunction
> But scientists are now beginning > to take our stuff seriously , and so this particular form of > evasion is not going to work much longer . >	Thus , the backlash leaves us little room to avoid incorporating another phase of activity , a moment after criticism .	1>2	unknown	evidence	explanation
The only way to address this question is through some sort of dialogue with technoscientists .	Thus , the backlash leaves us little room to avoid incorporating another phase of activity , a moment after criticism .	1<2	unknown	joint	conjunction
> science studies IS anti-something - about - science . What > that something is , however , is rarely made clear in our work -- > in part because it 's probably different things for different > people . But it 's got to be made more explicit .	We ca n't have a constructive dialogue without being clear on the basis of our criticism .	1>2	unknown	solutionhood	query
Thus , the backlash leaves us little room to avoid incorporating another phase of activity , a moment after criticism .	We ca n't have a constructive dialogue without being clear on the basis of our criticism .	1<2	unknown	joint	conjunction
We ca n't have a constructive dialogue without being clear on the basis of our criticism .	For me , that basis is the extent to which science is a practice distorted by the Modernist project .	1<2	unknown	elaboration	elaboration
For me , that basis is the extent to which science is a practice distorted by the Modernist project .	Further , our ability to engage in dialogue with scientist and technologists depends upon our showing how a reconstruction on non-modernist lines is possible .	1<2	unknown	elaboration	elaboration
Further , our ability to engage in dialogue with scientist and technologists depends upon our showing how a reconstruction on non-modernist lines is possible .	We are best able to do this in our own " fields " -- in my case , anthropology .	1<2	unknown	elaboration	elaboration
We are best able to do this in our own " fields " -- in my case , anthropology .	I think this active involvement in the ( re ) construction of science was Don na Haraway 's basic plenary point in New Orleans .	1<2	unknown	justify	explanation
We are best able to do this in our own " fields " -- in my case , anthropology .	I also find it in Hillary Rose 's new book .	1<2	unknown	justify	explanation
Two final points .	I believe we need other philosophical resources on which to base a reconstruction	1>2	unknown	preparation	organization
We ca n't have a constructive dialogue without being clear on the basis of our criticism .	I believe we need other philosophical resources on which to base a reconstruction	1<2	unknown	joint	conjunction
I believe we need other philosophical resources on which to base a reconstruction	-- I find them in emerging non-modernist forms of realism ( inspired by , e.g. , Roy Bhaskar ) .	1<2	unknown	evidence	explanation
I believe we need other philosophical resources on which to base a reconstruction	And we need to talk concretely about the practices we project	1<2	unknown	list	conjunction
-- e.g. , not just identify more democratic decisions about what technoscience to pursue ,	but discuss specific mechanisms for how to accomplish this . I know there are some scientist and technologists who are willing to join such a discourse .	1>2	unknown	antithesis	contrast
And we need to talk concretely about the practices we project	but discuss specific mechanisms for how to accomplish this . I know there are some scientist and technologists who are willing to join such a discourse .	1<2	unknown	elaboration	elaboration
but discuss specific mechanisms for how to accomplish this . I know there are some scientist and technologists who are willing to join such a discourse .	How to we reach others and how do we create the forms in which to pursue it ?	1<2	unknown	elaboration	elaboration
The recent volley back - and - forth on re-describing science from other language frames not only seemed to me right ,	it awoke a nagging half - memory in me , of having seen something relevant to the same topic .	1>2	unknown	concession	concession
it awoke a nagging half - memory in me , of having seen something relevant to the same topic .	A bit of searching ( of memory , and of texts ) revealed the following from the Jan ' 93 issue of the _American Jl. of Physics_ .	1>2	unknown	background	frame
A bit of searching ( of memory , and of texts ) revealed the following from the Jan ' 93 issue of the _American Jl. of Physics_ .	" What follows is a tale of physicists entangled among philosophical snares , scientists attempting to discover that well - disguised trail they thought most likely to lead to the goal sought by all , namely , good , solid science . We relate this tale in philosophical terms , from the point of view of the philosopher , since that , after all , is indeed our perspective . Yet , even though the terms and identifications might seem alien to today 's students of the physicist 's art , there most probably exists none the less some rude edification for them to encounter along the way . For , no matter the philosopher 's penchant to deploy and exploit ancient taxonomies and arcane systems of categories , in the end it is physics and physicists which recognizably serve as targets of the philosophical exercise , and its is the activities of these targets which contain the message modulating the medium . In any case , in the end it is perhaps useful and exhilarating to see one 's life pinned - down , laid out , exposed in someone else 's dissecting pan . "	1<2	unknown	elaboration	elaboration
The bald truth of the fact that memory is the second thing to go is most unfortunately revealed by the further fact that I wrote the damn passage , and had forgotten specifically that I had done so ,	but generally remembered that I agreed with what was going on between KEITH and EDWARDS .	1>2	unknown	antithesis	contrast
A bit of searching ( of memory , and of texts ) revealed the following from the Jan ' 93 issue of the _American Jl. of Physics_ .	but generally remembered that I agreed with what was going on between KEITH and EDWARDS .	1<2	unknown	background	frame
but generally remembered that I agreed with what was going on between KEITH and EDWARDS .	Uhhh , ( or rather " duh " ) I still agree with what I wrote three long years ago ,	1<2	unknown	background	frame
Uhhh , ( or rather " duh " ) I still agree with what I wrote three long years ago ,	and quote above :	1<2	unknown	nonvolitional-result	causal
Uhhh , ( or rather " duh " ) I still agree with what I wrote three long years ago ,	it the end it is perhaps useful and exhilarating to see one 's life pinned - down ...etc .	1<2	unknown	elaboration	elaboration
Michael Ruse , Profesor of philosophy and zoology at U. Guelph in Ontario , has contributed a review of our friends Gross and Levitt 's volume in " The Sciences , " Nov / Dec. 1994 34(6 ) : 39 - 44 .	Struggle for the Soul of Science : Do Attacks from the Academic Left Pose the Threat of Cultural War	1>2	unknown	background	frame
Michael Ruse , Profesor of philosophy and zoology at U. Guelph in Ontario , has contributed a review of our friends Gross and Levitt 's volume in " The Sciences , " Nov / Dec. 1994 34(6 ) : 39 - 44 .	This is produced by The New York Academy of Sciences .	1<2	unknown	background	frame
Struggle for the Soul of Science : Do Attacks from the Academic Left Pose the Threat of Cultural War	( from the cover )	1<2	unknown	justify	explanation
A gallimaufry of critics have been taunting science to defend its objectivity .	Now their quarry has begun to strike back ...	1>2	unknown	nonvolitional-cause	causal
Struggle for the Soul of Science : Do Attacks from the Academic Left Pose the Threat of Cultural War	Now their quarry has begun to strike back ...	1<2	unknown	list	conjunction
Now their quarry has begun to strike back ...	( subtitle from table of contents )	1<2	unknown	justify	explanation
Now their quarry has begun to strike back ...	Articulate , well - placed scholars argue that science is biased to its deepest roots .	1<2	unknown	list	conjunction
Articulate , well - placed scholars argue that science is biased to its deepest roots .	The hatred of science is real and deep ...	1<2	unknown	elaboration	elaboration
Articulate , well - placed scholars argue that science is biased to its deepest roots .	( captioned text )	1<2	unknown	justify	explanation
The review places most of the science - bashing blame on ( we ) pesky feminists .	Ruse does take issue with a number of points	1>2	unknown	concession	concession
Ruse does take issue with a number of points	but does n't pay attention to the problem of whether critical science studies is uniformally " lefty , " and other similar generalizations convenient to Gross and Levitt .	1>2	unknown	antithesis	contrast
( e.g. Gross and Levitt reject metaphor ,	Ruse discusses how human thought is " deeply , universally , and necessarily metaphorical )	1>2	unknown	antithesis	contrast
Ruse does take issue with a number of points	Ruse discusses how human thought is " deeply , universally , and necessarily metaphorical )	1<2	unknown	elaboration	elaboration
Struggle for the Soul of Science : Do Attacks from the Academic Left Pose the Threat of Cultural War	but does n't pay attention to the problem of whether critical science studies is uniformally " lefty , " and other similar generalizations convenient to Gross and Levitt .	1<2	unknown	elaboration	elaboration
but does n't pay attention to the problem of whether critical science studies is uniformally " lefty , " and other similar generalizations convenient to Gross and Levitt .	That is , not all sci / tech studies is critical ,	1<2	unknown	summary	organization
That is , not all sci / tech studies is critical ,	and what does " left " mean anymore anyway ?	1<2	unknown	elaboration	elaboration
Struggle for the Soul of Science : Do Attacks from the Academic Left Pose the Threat of Cultural War	For your amusement .	1<2	unknown	background	frame
Hakken wrote , in part ,	" Two final points . I believe we need other philosophical resources on which to base a reconstruction -- I find them in emerging non-modernist forms of realism ( inspired by , e.g. , Roy Bhaskar ) . And we need to talk concretely about the practices we project -- e.g. , not just identify more democratic decisions about what technoscience to pursue , but discuss specific mechanisms for how to accomplish this . " I know there are some scientist and technologists who are willing to join such a discourse . How to we reach others and how do we create the forms in which to pursue it ? "	1>2	unknown	attribution	attribution
" Two final points . I believe we need other philosophical resources on which to base a reconstruction -- I find them in emerging non-modernist forms of realism ( inspired by , e.g. , Roy Bhaskar ) . And we need to talk concretely about the practices we project -- e.g. , not just identify more democratic decisions about what technoscience to pursue , but discuss specific mechanisms for how to accomplish this . " I know there are some scientist and technologists who are willing to join such a discourse . How to we reach others and how do we create the forms in which to pursue it ? "	There is much food for thought here ,	1>2	unknown	background	frame
There is much food for thought here ,	One point for early attention is the extent to which the issues pursued by science are and should be based on democratic decisions .	1>2	unknown	background	frame
There is much food for thought here ,	and I would be very glad to join the discussion he proposes .	1<2	unknown	elaboration	elaboration
One point for early attention is the extent to which the issues pursued by science are and should be based on democratic decisions .	Would any of these function better at the level of the big strategic decisions ( equivalent to the choice of questions to be studied in science )	1>2	unknown	background	frame
One point for early attention is the extent to which the issues pursued by science are and should be based on democratic decisions .	We have a lot of institutions that function ( sometimes more , sometimes less well ) in other ways .	1<2	unknown	elaboration	elaboration
We have a lot of institutions that function ( sometimes more , sometimes less well ) in other ways .	Think of the nuclear family ,	1<2	unknown	elaboration	elaboration
Think of the nuclear family ,	where votes are rare .	1<2	unknown	circumstance	temporal
We have a lot of institutions that function ( sometimes more , sometimes less well ) in other ways .	Or most churches , or the military , or how your doctor should treqt your very own next serious illness .	1<2	unknown	elaboration	elaboration
Would any of these function better at the level of the big strategic decisions ( equivalent to the choice of questions to be studied in science )	I 'd like to see the arguments .	1>2	unknown	solutionhood	query
Would any of these function better at the level of the big strategic decisions ( equivalent to the choice of questions to be studied in science )	if we made them democratic ?	1<2	unknown	condition	condition
Here , here to MORMAN .	As a scientist and an STS scholar , I do not find an inherent conflict in the two positions ,	1>2	unknown	background	frame
As a scientist and an STS scholar , I do not find an inherent conflict in the two positions ,	but I do find the arguments being made by some of my colleagues ( on both sides of the aisle ) extremely damaging .	1>2	unknown	concession	concession
but I do find the arguments being made by some of my colleagues ( on both sides of the aisle ) extremely damaging .	It seems to me that the way to proceed is to challenge science instead of provoking it .	1>2	unknown	solutionhood	query
Our central thesis is NOT that the real world does not exist .	Responses of SCAREDY CAT , SCAREDY CAT ... , however , are hardly likely to win moderate and liberal scientists to STS .	1>2	unknown	antithesis	contrast
but I do find the arguments being made by some of my colleagues ( on both sides of the aisle ) extremely damaging .	Responses of SCAREDY CAT , SCAREDY CAT ... , however , are hardly likely to win moderate and liberal scientists to STS .	1<2	unknown	evidence	explanation
Fuller says , in part :	" It 's not that hard to open up space for scientists to voice their opinions in science studies narratives . In fact , this is routinely done . The tough question -- which EDWARDS has n't really addressed -- is how much authority you grant those opinions in directing the course of your own narrative . Usually , this question is answered by simply not addressing your narrative to scientists ( or hoping they do n't read you ! ) . In that case , scientists ' words are quickly converted to symptoms ( or ' signs ' , if one is a bit more neutral ) . But scientists are now beginning to take our stuff seriously , and so this particular form of evasion is not going to work much longer . "	1>2	unknown	attribution	attribution
" It 's not that hard to open up space for scientists to voice their opinions in science studies narratives . In fact , this is routinely done . The tough question -- which EDWARDS has n't really addressed -- is how much authority you grant those opinions in directing the course of your own narrative . Usually , this question is answered by simply not addressing your narrative to scientists ( or hoping they do n't read you ! ) . In that case , scientists ' words are quickly converted to symptoms ( or ' signs ' , if one is a bit more neutral ) . But scientists are now beginning to take our stuff seriously , and so this particular form of evasion is not going to work much longer . "	But I 'm not sure that opening up space for scientists will be enough .	1>2	unknown	antithesis	contrast
But I 'm not sure that opening up space for scientists will be enough .	They will need to see some reason to become engaged .	1<2	unknown	evidence	explanation
And this brings me back to my original question , restated a few weeks ago here , about the ultimate purposes of our work ( as well as theirs ) .	One approach that will get their attention is , of course , the threat that science will be marginalized ,	1>2	unknown	solutionhood	query
And this brings me back to my original question , restated a few weeks ago here , about the ultimate purposes of our work ( as well as theirs ) .	Can we help them produce a strain of rice with a higher yield , or come up with the Grand Unified Theory of physics , or reduce human suffering from cancer , or anything else they may care about ?	1<2	unknown	elaboration	elaboration
And this brings me back to my original question , restated a few weeks ago here , about the ultimate purposes of our work ( as well as theirs ) .	Conversely , can we show that their talents would be better invested in some other approach to the elucidation of natural phenomena , or that their meritocratic approach to the big decisions of science is sub- optimal in some way not yet defined , or that society would be better served if science were harnessed more directly to political objectives ?	1<2	unknown	elaboration	elaboration
And this brings me back to my original question , restated a few weeks ago here , about the ultimate purposes of our work ( as well as theirs ) .	Plug in your own favored questions here	1<2	unknown	elaboration	elaboration
Plug in your own favored questions here	-- the point is that the working scientist is unlikely to become engaged unless you show him / her , in clear terms , that such engagement may matter .	1<2	unknown	elaboration	elaboration
One approach that will get their attention is , of course , the threat that science will be marginalized ,	but is that what we want ?	1>2	unknown	concession	concession
but is that what we want ?	If not ,	1>2	unknown	solutionhood	query
If not ,	what DO we want , and why , and how can we get there ?	1>2	unknown	condition	condition
They will need to see some reason to become engaged .	what DO we want , and why , and how can we get there ?	1<2	unknown	motivation	explanation
what DO we want , and why , and how can we get there ?	Am I too ill - informed , or too slow to pick up on things , or otherwise behind the rest of you ?	1<2	unknown	elaboration	elaboration
Am I too ill - informed , or too slow to pick up on things , or otherwise behind the rest of you ?	Or would I be correct in concluding that we have little to offer , whether to the scientist or the public ?	1<2	unknown	elaboration	elaboration
Is there reason to think that we will have more to offer in the future ?	but maybe some of you have other answers . )	1>2	unknown	solutionhood	query
( My own answers would be No , Yes , nsd Yes ,	but maybe some of you have other answers . )	1>2	unknown	concession	concession
what DO we want , and why , and how can we get there ?	but maybe some of you have other answers . )	1<2	unknown	elaboration	elaboration
On Mon , 24 Oct 1994 , John Bailar wrote :	> > But I 'm not sure that opening up space for scientists will be > enough . They will need to see some reason to become engaged . > And this brings me back to my original question , restated a few > weeks ago here , about the ultimate purposes of our work ( as > well as theirs ) . Can we help them produce a strain of rice > with a higher yield , or come up with the Grand Unified Theory > of physics , or reduce human suffering from cancer , or anything > else they may care about ? Conversely , can we show that their > talents would be better invested in some other approach to the > elucidation of natural phenomena , or that their meritocratic > approach to the big decisions of science is sub- optimal in > some way not yet defined , or that society would be better > served if science were harnessed more directly to political > objectives ? Plug in your own favored questions here -- the > point is that the working scientist is unlikely to become > engaged unless you show him / her , in clear terms , that such > engagement may matter . One approach that will get their > attention is , of course , the threat that science will be > marginalized , but is that what we want ? If not , what DO we > want , and why , and how can we get there ? > > Am I too ill - informed , or too slow to pick up on things , or > otherwise behind the rest of you ? Or would I be correct in > concluding that we have little to offer , whether to the > scientist or the public ? Is there reason to think that we will > have more to offer in the future ? ( My own answers would be No , > Yes , nsd Yes , but maybe some of you have other answers . ) >	1>2	unknown	attribution	attribution
> > But I 'm not sure that opening up space for scientists will be > enough . They will need to see some reason to become engaged . > And this brings me back to my original question , restated a few > weeks ago here , about the ultimate purposes of our work ( as > well as theirs ) . Can we help them produce a strain of rice > with a higher yield , or come up with the Grand Unified Theory > of physics , or reduce human suffering from cancer , or anything > else they may care about ? Conversely , can we show that their > talents would be better invested in some other approach to the > elucidation of natural phenomena , or that their meritocratic > approach to the big decisions of science is sub- optimal in > some way not yet defined , or that society would be better > served if science were harnessed more directly to political > objectives ? Plug in your own favored questions here -- the > point is that the working scientist is unlikely to become > engaged unless you show him / her , in clear terms , that such > engagement may matter . One approach that will get their > attention is , of course , the threat that science will be > marginalized , but is that what we want ? If not , what DO we > want , and why , and how can we get there ? > > Am I too ill - informed , or too slow to pick up on things , or > otherwise behind the rest of you ? Or would I be correct in > concluding that we have little to offer , whether to the > scientist or the public ? Is there reason to think that we will > have more to offer in the future ? ( My own answers would be No , > Yes , nsd Yes , but maybe some of you have other answers . ) >	Thus , in the short term at least , one relevant research area we could work on is to serve as a kind of translator between science and government , and between science and public .	1>2	unknown	background	frame
I think , at least in some few cases , the scientists are in a position in which they can not continue their business as usual ,	Thus , in the short term at least , one relevant research area we could work on is to serve as a kind of translator between science and government , and between science and public .	1>2	unknown	nonvolitional-cause	causal
I think , at least in some few cases , the scientists are in a position in which they can not continue their business as usual ,	as for example the scientists who have been working on nuclear weapons development suddenly find themselves with no choice but to recognize the political nature of science , and to explore other potentially important research areas .	1<2	unknown	elaboration	elaboration
Maybe some see this too much as simple public relations for science .	But it seems to represent an excellent opportunity to open up communication on multiple levels , and to gain trust from all parties involved , which is a useful first step at any rate .	1>2	unknown	concession	concession
Maybe others will argue that this is really the job of the scientists themselves .	But it seems to represent an excellent opportunity to open up communication on multiple levels , and to gain trust from all parties involved , which is a useful first step at any rate .	1>2	unknown	concession	concession
Thus , in the short term at least , one relevant research area we could work on is to serve as a kind of translator between science and government , and between science and public .	But it seems to represent an excellent opportunity to open up communication on multiple levels , and to gain trust from all parties involved , which is a useful first step at any rate .	1<2	unknown	elaboration	elaboration
Response to BAILAR	On Mon , 24 Oct 1994 , John Bailar wrote :	1>2	unknown	preparation	organization
On Mon , 24 Oct 1994 , John Bailar wrote :	[ Scientists ] will need to see some reason to become engaged . > And this brings me back to my original question , restated a few > weeks ago here , about the ultimate purposes of our work ( as > well as theirs ) . Can we help them produce a strain of rice > with a higher yield , or come up with the Grand Unified Theory > of physics , or reduce human suffering from cancer , or anything > else they may care about ? Conversely , can we show that their > talents would be better invested in some other approach to the > elucidation of natural phenomena , or that their meritocratic > approach to the big decisions of science is sub- optimal in > some way not yet defined , or that society would be better > served if science were harnessed more directly to political > objectives ?	1>2	unknown	attribution	attribution
[ Scientists ] will need to see some reason to become engaged . > And this brings me back to my original question , restated a few > weeks ago here , about the ultimate purposes of our work ( as > well as theirs ) . Can we help them produce a strain of rice > with a higher yield , or come up with the Grand Unified Theory > of physics , or reduce human suffering from cancer , or anything > else they may care about ? Conversely , can we show that their > talents would be better invested in some other approach to the > elucidation of natural phenomena , or that their meritocratic > approach to the big decisions of science is sub- optimal in > some way not yet defined , or that society would be better > served if science were harnessed more directly to political > objectives ?	I 'll just deal with the examples mentioned .	1>2	unknown	background	frame
I 'll just deal with the examples mentioned .	but the distribution channels that make it impossible for people to get the food that is already available .	1>2	unknown	background	frame
In the case of new strain of rice , the STSer would want to back up and ask what is the problem for which the new strain is proposed as a solution .	However , in the case of famine relief , the real problem often is n't a lack of food or green thumbs ,	1>2	unknown	antithesis	contrast
In the case of new strain of rice , the STSer would want to back up and ask what is the problem for which the new strain is proposed as a solution .	Scientists very often treat problems as targets to be shot at with custom - made ' magic bullets ' .	1<2	unknown	elaboration	elaboration
However , in the case of famine relief , the real problem often is n't a lack of food or green thumbs ,	but the distribution channels that make it impossible for people to get the food that is already available .	1>2	unknown	antithesis	contrast
but the distribution channels that make it impossible for people to get the food that is already available .	Continued investment in scientific research in this context might divert resources that might be better spent addressing problems of the local political economy .	1<2	unknown	antithesis	contrast
but the distribution channels that make it impossible for people to get the food that is already available .	In the case of the Grand Unified Theory , the STSer might be able to help the more hubris - ridden proponents of such a thing -- e.g. Steven Weinberg -- to get a better grip on the exact significance of such a project ,	1<2	unknown	list	conjunction
In the case of the Grand Unified Theory , the STSer might be able to help the more hubris - ridden proponents of such a thing -- e.g. Steven Weinberg -- to get a better grip on the exact significance of such a project ,	specifically what difference would it make to scientists in other fields if physicists came up with GUT .	1<2	unknown	elaboration	elaboration
Weinberg et al. make it sound as though all of science hangs with bated breath for the arrival of GUT ,	when in fact this is sheer nonsense based on a vulgarized form of physical reductionism .	1>2	unknown	antithesis	contrast
In the case of the Grand Unified Theory , the STSer might be able to help the more hubris - ridden proponents of such a thing -- e.g. Steven Weinberg -- to get a better grip on the exact significance of such a project ,	when in fact this is sheer nonsense based on a vulgarized form of physical reductionism .	1<2	unknown	evidence	explanation
Of course , if ONLY STSers saw that it was nonsense ,	then we would be accused of calling the GUT - mongers names .	1>2	unknown	condition	condition
when in fact this is sheer nonsense based on a vulgarized form of physical reductionism .	then we would be accused of calling the GUT - mongers names .	1<2	unknown	background	frame
then we would be accused of calling the GUT - mongers names .	However , scientists in other fields , and within physics itself , have already objected to the self - serving rhetoric of GUT .	1<2	unknown	elaboration	elaboration
Although he fails any relevant STS literture ,	David Lindley 's _ The End of Physics_ is actually a good step in the right direction here .	1>2	unknown	concession	concession
However , scientists in other fields , and within physics itself , have already objected to the self - serving rhetoric of GUT .	David Lindley 's _ The End of Physics_ is actually a good step in the right direction here .	1<2	unknown	evidence	explanation
In the case of the Grand Unified Theory , the STSer might be able to help the more hubris - ridden proponents of such a thing -- e.g. Steven Weinberg -- to get a better grip on the exact significance of such a project ,	In the case of reducing human suffering from cancer , some of the above remarks about ' magic bullets ' apply here as well .	1<2	unknown	list	conjunction
In the case of reducing human suffering from cancer , some of the above remarks about ' magic bullets ' apply here as well .	Also , much of the grandiose rhetoric about fighting a ' war on cancer ' has backfired on the scientific community ,	1<2	unknown	elaboration	elaboration
Also , much of the grandiose rhetoric about fighting a ' war on cancer ' has backfired on the scientific community ,	even though it licensed vast amounts of government money in the early days .	1<2	unknown	antithesis	contrast
In the case of reducing human suffering from cancer , some of the above remarks about ' magic bullets ' apply here as well .	Once again , STSers could point out the value of a tempered rhetoric to prevent manic - depressive public responses .	1<2	unknown	evidence	explanation
Once again , STSers could point out the value of a tempered rhetoric to prevent manic - depressive public responses .	In addition , there may be something to be said for STSers destabilizing the idea that life is worth preserving at any cost , including endless suffering from treatments that merely retard the advance of cancer .	1<2	unknown	elaboration	elaboration
In addition , there may be something to be said for STSers destabilizing the idea that life is worth preserving at any cost , including endless suffering from treatments that merely retard the advance of cancer .	Here some anthropology of medicine -- and indeed some history of our own culture from before the hegemony of scientific medicine -- would offer alternative models for dealing with matters of life - and - death .	1<2	unknown	elaboration	elaboration
but the distribution channels that make it impossible for people to get the food that is already available .	As my last remarks suggest , one thing STSers can do generally is to juxtapose examples from practices in our own cultural past or from that of other cultures to show that things have been -- and can be -- done differently .	1<2	unknown	summary	organization
As my last remarks suggest , one thing STSers can do generally is to juxtapose examples from practices in our own cultural past or from that of other cultures to show that things have been -- and can be -- done differently .	This applies no less to the science policy apparatus itself , which -- as was pointed out by several of us a few weeks ago -- is a relatively recent invention .	1<2	unknown	elaboration	elaboration
This applies no less to the science policy apparatus itself , which -- as was pointed out by several of us a few weeks ago -- is a relatively recent invention .	Showing how the ' peer review vs. pork ' distinction got constructed in the first place can be very illuminating in helping us now construct alternative courses of action .	1<2	unknown	elaboration	elaboration
Scientists are professionally trained to have historical amnesia with regard to such sacred matters as the social construction of merit ,	and here STSers can refresh their memories .	1>2	unknown	antithesis	contrast
Showing how the ' peer review vs. pork ' distinction got constructed in the first place can be very illuminating in helping us now construct alternative courses of action .	and here STSers can refresh their memories .	1<2	unknown	elaboration	elaboration
Steve Fuller does a good job arguing for keeping a critical edge in technoscience studies .	an educational strategy which is too isolated is both doomed to fail and fits into an all too typical American pattern	1>2	unknown	antithesis	contrast
Steve Fuller does a good job arguing for keeping a critical edge in technoscience studies .	He also points out some of the difficulties in participating in a national dialogue over science in the US	1<2	unknown	elaboration	elaboration
He also points out some of the difficulties in participating in a national dialogue over science in the US	-- e.g. , there is n't anything like a central place in which this takes place .	1<2	unknown	elaboration	elaboration
-- e.g. , there is n't anything like a central place in which this takes place .	( Of course , the fact that there are more central places in The Netherlands and in Denmark is a consequence of deliberate agitation for such places , as well , of course as scale . )	1<2	unknown	concession	concession
While I agree on the importance of science education as a locus for the reconstruction of technoscience ,	an educational strategy which is too isolated is both doomed to fail and fits into an all too typical American pattern	1>2	unknown	concession	concession
an educational strategy which is too isolated is both doomed to fail and fits into an all too typical American pattern	( e.g. , substituting equal educational opportunity for equal opportunity ) .	1<2	unknown	elaboration	elaboration
an educational strategy which is too isolated is both doomed to fail and fits into an all too typical American pattern	Fuller 's comments about the write - in candidates for the Physical Society opens up an avenue that I think we need to explore more fully ,	1<2	unknown	joint	conjunction
Fuller 's comments about the write - in candidates for the Physical Society opens up an avenue that I think we need to explore more fully ,	the notion of constructing a dialogue with technoscience practitioners who share important elements of the STS perspective and are active in their own fields .	1<2	unknown	evidence	explanation
How can we help these individuals move beyond being what Hilary Rose has called " shit shovelers " ( exposing " bad practice " in their fields ) toward a more general discussion of the way forward ?	In my work in computing , the process of " finding allies from the side of the practitioners " is slow but progressing .	1>2	unknown	solutionhood	query
How can we help these individuals move beyond being what Hilary Rose has called " shit shovelers " ( exposing " bad practice " in their fields ) toward a more general discussion of the way forward ?	Where can we meet them ?	1<2	unknown	list	conjunction
Where can we meet them ?	How can we get more of them to participate in our meetings , and us in theirs ?	1<2	unknown	list	conjunction
In my work in computing , the process of " finding allies from the side of the practitioners " is slow but progressing .	Can we move this outside of particular fields into a more general discourse ?	1>2	unknown	solutionhood	query
the notion of constructing a dialogue with technoscience practitioners who share important elements of the STS perspective and are active in their own fields .	Can we move this outside of particular fields into a more general discourse ?	1<2	unknown	means	mode
the notion of constructing a dialogue with technoscience practitioners who share important elements of the STS perspective and are active in their own fields .	The history of radical science movements , both that of the thirties ( Bernal et. al. ) and that of the sixties ( e.g. science for people and science for the people ) may have much to tell us on these questions .	1<2	unknown	means	mode
There seems to be a few odd things about the general line in this debate :	1 . The general consensus that dialogue between STSers & scientists is a good idea .	1>2	unknown	background	frame
1 . The general consensus that dialogue between STSers & scientists is a good idea .	The first of these is rather strange :	1>2	unknown	antithesis	contrast
1 . The general consensus that dialogue between STSers & scientists is a good idea .	2 . The so far implicit idea that STS actually needs to be recognised and engaged with by scientists in order that STSers feel that their practice is legitimate .	1<2	unknown	list	conjunction
2 . The so far implicit idea that STS actually needs to be recognised and engaged with by scientists in order that STSers feel that their practice is legitimate .	3 . The general assumption that academic work on a topic ( studies of science ) should / will / ought to have an impact on later work in the sciences .	1<2	unknown	list	conjunction
3 . The general assumption that academic work on a topic ( studies of science ) should / will / ought to have an impact on later work in the sciences .	4 . That dialogue will somehow ' move things forward ' .	1<2	unknown	list	conjunction
The first of these is rather strange :	change the context and see how it might work :	1<2	unknown	elaboration	elaboration
The first of these is rather strange :	why should , say , novelists & artists have a need to talk to literary critics ? ;	1<2	unknown	evidence	explanation
The first of these is rather strange :	why should politicians be assumed to have an interest in the work of historians ? ;	1<2	unknown	evidence	explanation
The first of these is rather strange :	and , more specific to STS , why should someone trying to build a laser first go and read Harry Collins ?	1<2	unknown	evidence	explanation
The second in my list might help to pose some awkward questions for our own practice here :	but does academic enquiry really need this sort of post - hoc legitimation ?	1>2	unknown	background	frame
sure , it might be nice for some of us to have work read by scientists ,	but does academic enquiry really need this sort of post - hoc legitimation ?	1>2	unknown	concession	concession
The first of these is rather strange :	but does academic enquiry really need this sort of post - hoc legitimation ?	1<2	unknown	list	conjunction
but does academic enquiry really need this sort of post - hoc legitimation ?	Reversing the order of point 2 , is this merely a way of increasing the importance of STS work by building a quasi-requirement that scientists do engage with it in order that their own practice is cosher ?	1<2	unknown	list	conjunction
Reversing the order of point 2 , is this merely a way of increasing the importance of STS work by building a quasi-requirement that scientists do engage with it in order that their own practice is cosher ?	On the third point : this seems to be a misguided - if not downright silly - thing to hold .	1<2	unknown	list	conjunction
On the third point : this seems to be a misguided - if not downright silly - thing to hold .	On the fourth point : forward towards what exactly ?	1<2	unknown	list	conjunction
On the fourth point : forward towards what exactly ?	Does n't this sound like very basic progressionist talk ?	1<2	unknown	elaboration	elaboration
Does n't this sound like very basic progressionist talk ?	There seems to be the strange assumption here that , after dialogue is achieved , drains will be unblocked and the passage will be clear towards a bright new future - and that some of us can even see what gifts will arrive if such a dialogue is undertaken .	1<2	unknown	elaboration	elaboration
There seems to be the strange assumption here that , after dialogue is achieved , drains will be unblocked and the passage will be clear towards a bright new future - and that some of us can even see what gifts will arrive if such a dialogue is undertaken .	Somehow , I just do n't buy this .	1<2	unknown	evaluation	comment
Participants on this list have raised a classic chicken - and - egg question :	My associates and I addressed these issues in our gently satirical " Hard Program " manifesto in _Social Epistemology_ 1992 , # 3 .	1>2	unknown	solutionhood	query
Participants on this list have raised a classic chicken - and - egg question :	which comes first ?	1<2	unknown	elaboration	elaboration
Participants on this list have raised a classic chicken - and - egg question :	How do we get scientists involved in what we 're doing ?	1<2	unknown	elaboration	elaboration
Participants on this list have raised a classic chicken - and - egg question :	Do we have anything useful to contribute to what they 're doing anyway ?	1<2	unknown	elaboration	elaboration
My associates and I addressed these issues in our gently satirical " Hard Program " manifesto in _Social Epistemology_ 1992 , # 3 .	Which raises the question :	1>2	unknown	background	frame
My associates and I addressed these issues in our gently satirical " Hard Program " manifesto in _Social Epistemology_ 1992 , # 3 .	We argue for using what scientists say about themselves as " prima facie " evidence for judging the adequacy of our interpretations -- with the prima facie strongly emphasized .	1<2	unknown	elaboration	elaboration
The existence of disagreement should not lead to automatic rejection of our interpretation ,	so much as point to a problem that needs to be addressed .	1>2	unknown	antithesis	contrast
We argue for using what scientists say about themselves as " prima facie " evidence for judging the adequacy of our interpretations -- with the prima facie strongly emphasized .	so much as point to a problem that needs to be addressed .	1<2	unknown	elaboration	elaboration
If science studies " brings the scientist back in " in the way that we describe ,	then the field may very well have important contributions to make in the form of how research is carried out , organized , and disseminated .	1>2	unknown	condition	condition
My associates and I addressed these issues in our gently satirical " Hard Program " manifesto in _Social Epistemology_ 1992 , # 3 .	then the field may very well have important contributions to make in the form of how research is carried out , organized , and disseminated .	1<2	unknown	elaboration	elaboration
Which raises the question :	HOw to get the ball rolling ?	1>2	unknown	background	frame
HOw to get the ball rolling ?	Here , I do n't think that we lack models .	1>2	unknown	solutionhood	query
Here , I do n't think that we lack models .	The professional ethics community has been very successful at getting practitioners involved in what they 're doing .	1<2	unknown	elaboration	elaboration
The professional ethics community has been very successful at getting practitioners involved in what they 're doing .	One reason has been the pressure of scandals , lawsuits , etc .	1<2	unknown	nonvolitional-cause	causal
The professional ethics community has been very successful at getting practitioners involved in what they 're doing .	Physicians and surgeons turned to ethicists in the heat of the abortion debates , scandals over research on human subjects , and so on .	1<2	unknown	elaboration	elaboration
The professional ethics community has been very successful at getting practitioners involved in what they 're doing .	We should look upon the SSC fiasco as an opportunity	1<2	unknown	elaboration	elaboration
We should look upon the SSC fiasco as an opportunity	-- scientists will turn to us when they feel like they 're in trouble .	1<2	unknown	nonvolitional-cause	causal
Here , I do n't think that we lack models .	The other important consideration of course is money .	1<2	unknown	elaboration	elaboration
The other important consideration of course is money .	There 's money in ethics today .	1<2	unknown	circumstance	temporal
There 's money in ethics today .	One can get grants to hold workshops and attract practioners with stipends and honoraria .	1<2	unknown	evidence	explanation
Although scientists may not be as bad as lawyers	nevertheless they know they can be earning consulting fees while they are talking to us .	1>2	unknown	concession	concession
Although scientists may not be as bad as lawyers	when it comes to the ticking meter ,	1<2	unknown	circumstance	temporal
There 's money in ethics today .	nevertheless they know they can be earning consulting fees while they are talking to us .	1<2	unknown	evidence	explanation
Here , I do n't think that we lack models .	On a different matter , I 'm not sanguine about a central science clearing - house for the US govt .	1<2	unknown	joint	conjunction
Maybe because we 're much bigger than Holland ,	it strikes me as an unworkable idea .	1>2	unknown	nonvolitional-cause	causal
Maybe because we 're much bigger than Holland ,	or maybe because I do n't know where science ends and other things begin ,	1<2	unknown	disjunction	alternation
On a different matter , I 'm not sanguine about a central science clearing - house for the US govt .	it strikes me as an unworkable idea .	1<2	unknown	elaboration	elaboration
it strikes me as an unworkable idea .	Do we really want one office to review everything from proposals to study ways of increasing chicken production , to increasing student performance in public schools , to searching for the top quark ?	1<2	unknown	evidence	explanation
Do the comments of Warren Schmauss remind anyone else of the following from Kuhn ?	It is , I think , particularly in periods of acknowledged crisis that scientists have turned to philosophical analysis as a device for unlocking the riddles of their fields . ( STR , 2nd ed. , p.88 )	1>2	unknown	solutionhood	query
It is , I think , particularly in periods of acknowledged crisis that scientists have turned to philosophical analysis as a device for unlocking the riddles of their fields . ( STR , 2nd ed. , p.88 )	Applicable , I think , to various sorts of crises .	1<2	unknown	elaboration	elaboration
Dear STSers ,	Although I have n't been following these ' anti - anti - science ' diatribes very closely ,	1>2	unknown	preparation	organization
Although I have n't been following these ' anti - anti - science ' diatribes very closely ,	I did develop an early distaste for Lewis Wolpert 's brand of science hagiography	1>2	unknown	concession	concession
I did develop an early distaste for Lewis Wolpert 's brand of science hagiography	I had become aware that an increasing number of scientists and others had become engaged in formulating similar anti-sts discourses .	1>2	unknown	background	frame
I did develop an early distaste for Lewis Wolpert 's brand of science hagiography	when I saw him on television last year in discussion with Mary Midgeley and others .	1<2	unknown	circumstance	temporal
And from reading some of the postings on this list ,	I had become aware that an increasing number of scientists and others had become engaged in formulating similar anti-sts discourses .	1>2	unknown	volitional-cause	causal
I had become aware that an increasing number of scientists and others had become engaged in formulating similar anti-sts discourses .	but what struck me was the way that something which ( I would guess ) would be quite unimaginable in the British context was happening there in a fairly unproblematic way .	1>2	unknown	antithesis	contrast
So , I was pleasantly suprised	I met a couple of people who were involved in an interdisciplinary project called ' towards non-linear optics ' .	1>2	unknown	evaluation	comment
when , during an STS summer school in the Netherlands a few weeks ago ,	I met a couple of people who were involved in an interdisciplinary project called ' towards non-linear optics ' .	1>2	unknown	circumstance	temporal
I met a couple of people who were involved in an interdisciplinary project called ' towards non-linear optics ' .	but what struck me was the way that something which ( I would guess ) would be quite unimaginable in the British context was happening there in a fairly unproblematic way .	1>2	unknown	concession	concession
I met a couple of people who were involved in an interdisciplinary project called ' towards non-linear optics ' .	As well as the usual scientific disciplines ( chemical physics , micro electronics , solid state physics etc. ) , the list of cooperating departments included a group from _Sociology of Science_ .	1<2	unknown	elaboration	elaboration
As well as the usual scientific disciplines ( chemical physics , micro electronics , solid state physics etc. ) , the list of cooperating departments included a group from _Sociology of Science_ .	The official rationale for including this group was apparently of the ' greasing the wheels of scientific communication ' variety ,	1<2	unknown	volitional-cause	causal
The official rationale for including this group was apparently of the ' greasing the wheels of scientific communication ' variety ,	which sometimes put them in a slightly difficult position ,	1<2	unknown	nonvolitional-result	causal
but what struck me was the way that something which ( I would guess ) would be quite unimaginable in the British context was happening there in a fairly unproblematic way .	Does anyone know how common this kind of thing actually is , and whether it does happen ' over here ' ?	1>2	unknown	background	frame
Some questions :	Does anyone know how common this kind of thing actually is , and whether it does happen ' over here ' ?	1>2	unknown	preparation	organization
Does anyone know how common this kind of thing actually is , and whether it does happen ' over here ' ?	What do people think about the virtues and vices of involvement in this sort of project ?	1<2	unknown	list	conjunction
What do people think about the virtues and vices of involvement in this sort of project ?	( To what extent should we allow the criterion for good work in STS to become that members of the scientific comm- unity consider us to have helped them ? )	1<2	unknown	elaboration	elaboration
If some kind of cultural difference can be articulated ,	does anyone want to speculate on its causes and significance ?	1>2	unknown	condition	condition
What do people think about the virtues and vices of involvement in this sort of project ?	does anyone want to speculate on its causes and significance ?	1<2	unknown	list	conjunction
I 've been chatting with several people [ a dozen or two ] who do research on the diurnal practices of producing sci / tech / med knowledge	and we all find the recent discussions on this list about how to talk with scientists tragic and comic .	1>2	unknown	justify	explanation
and we all find the recent discussions on this list about how to talk with scientists tragic and comic .	During our own careers as researchers in sci / tech / med studies most of us have spent about a quarter to a third of our time in laboratories / clinics .	1>2	unknown	background	frame
During our own careers as researchers in sci / tech / med studies most of us have spent about a quarter to a third of our time in laboratories / clinics .	We could not do our work without talking , all the time , with scientists / engineers / clinicians , and they with us .	1<2	unknown	volitional-cause	causal
During our own careers as researchers in sci / tech / med studies most of us have spent about a quarter to a third of our time in laboratories / clinics .	We always read their work and vice versa ;	1<2	unknown	elaboration	elaboration
During our own careers as researchers in sci / tech / med studies most of us have spent about a quarter to a third of our time in laboratories / clinics .	we discuss our projects at length .	1<2	unknown	elaboration	elaboration
During our own careers as researchers in sci / tech / med studies most of us have spent about a quarter to a third of our time in laboratories / clinics .	Among such researchers I am NOT atypical at all in giving about a quarter of my invited talks to scientists , in being invited regularly to participate in conferences organized by scientists , and in that some scientists use my work in their courses .	1<2	unknown	elaboration	elaboration
I am NOT suggesting that all these people like or agree with our work ,	but we are most certainly engaged in rich , complex conversations with them .	1>2	unknown	concession	concession
Among such researchers I am NOT atypical at all in giving about a quarter of my invited talks to scientists , in being invited regularly to participate in conferences organized by scientists , and in that some scientists use my work in their courses .	but we are most certainly engaged in rich , complex conversations with them .	1<2	unknown	elaboration	elaboration
but we are most certainly engaged in rich , complex conversations with them .	I would say the same about people engaged in policy making and people engaged in education issues ;	1<2	unknown	elaboration	elaboration
I would say the same about people engaged in policy making and people engaged in education issues ;	that is , that they read our research , approach us to talk ,	1<2	unknown	elaboration	elaboration
that is , that they read our research , approach us to talk ,	and we have rich , complex conversations with them , not necessarily leading to agreement .	1<2	unknown	elaboration	elaboration
These relationships are not built in a day or in one meeting ,	but the process of building them is also not the least bit mysterious .	1>2	unknown	antithesis	contrast
During our own careers as researchers in sci / tech / med studies most of us have spent about a quarter to a third of our time in laboratories / clinics .	but the process of building them is also not the least bit mysterious .	1<2	unknown	interpretation	comment
but the process of building them is also not the least bit mysterious .	I would say that ' effort ' is the keyword and , of course , a complete absence of any dominance / submission moves .	1<2	unknown	elaboration	elaboration
On Oct. 24 FULLER wrote :	< In the case of reducing human suffering from cancer , some of the above < remarks about ' magic bullets ' apply here as well . Also , much of the < grandiose rhetoric about fighting a ' war on cancer ' has backfired on the < scientific community , even though it licensed vast amounts of government < money in the early days . Once again , STSers could point out the value of a < tempered rhetoric to prevent manic - depressive public responses . In < addition , there may be something to be said for STSers destabilizing the < idea that life is worth preserving at any cost , including endless < suffering from treatments that merely retard the advance of cancer . Here < some anthropology of medicine -- and indeed some history of our own < culture from before the hegemony of scientific medicine -- would offer < alternative models for dealing with matters of life - and - death . < < As my last remarks suggest , one thing STSers can do generally is to < juxtapose examples from practices in our own cultural past or from that of < other cultures to show that things have been -- and can be -- done < differently . This applies no less to the science policy apparatus itself , < which -- as was pointed out by several of us a few weeks ago -- is a < relatively recent invention . Showing how the ' peer review vs. pork ' < distinction got constructed in the first place can be very illuminating in < helping us now construct alternative courses of action . Scientists are < professionally trained to have historical amnesia with regard to such < sacred matters as the social construction of merit , and here STSers can < refresh their memories .	1>2	unknown	attribution	attribution
< In the case of reducing human suffering from cancer , some of the above < remarks about ' magic bullets ' apply here as well . Also , much of the < grandiose rhetoric about fighting a ' war on cancer ' has backfired on the < scientific community , even though it licensed vast amounts of government < money in the early days . Once again , STSers could point out the value of a < tempered rhetoric to prevent manic - depressive public responses . In < addition , there may be something to be said for STSers destabilizing the < idea that life is worth preserving at any cost , including endless < suffering from treatments that merely retard the advance of cancer . Here < some anthropology of medicine -- and indeed some history of our own < culture from before the hegemony of scientific medicine -- would offer < alternative models for dealing with matters of life - and - death . < < As my last remarks suggest , one thing STSers can do generally is to < juxtapose examples from practices in our own cultural past or from that of < other cultures to show that things have been -- and can be -- done < differently . This applies no less to the science policy apparatus itself , < which -- as was pointed out by several of us a few weeks ago -- is a < relatively recent invention . Showing how the ' peer review vs. pork ' < distinction got constructed in the first place can be very illuminating in < helping us now construct alternative courses of action . Scientists are < professionally trained to have historical amnesia with regard to such < sacred matters as the social construction of merit , and here STSers can < refresh their memories .	In general , what FULLER says here reads very reasonable .	1>2	unknown	background	frame
In general , what FULLER says here reads very reasonable .	But let me point out another aspect of this intractable problem .	1>2	unknown	concession	concession
But let me point out another aspect of this intractable problem .	First of all , in the whole enterprise of STS it is not clear who is to be rectified : scientists or science ?	1>2	unknown	background	frame
And second of all , if it is scientists	who has assigned the task of rectifiers to the STSents ?	1>2	unknown	condition	condition
And second of all , if it is scientists	( as seems to be the implication of FULLER 's and VAN DEN MEULEN 's examples ) ,	1<2	unknown	background	frame
who has assigned the task of rectifiers to the STSents ?	but demonstrate how disgustingly scientists behave .	1>2	unknown	antithesis	contrast
who has assigned the task of rectifiers to the STSents ?	[ STSents themselves are scientists as well , at least in terms of being dependable on funding , public recognition and some social status . ]	1<2	unknown	nonvolitional-cause	causal
Ideally , and also in the context of FULLER 's and VAN DEN MEULEN 's example STS should be regarded as a form of narcissism :	In the real world out there just the opposite happens :	1>2	unknown	antithesis	contrast
Ideally , and also in the context of FULLER 's and VAN DEN MEULEN 's example STS should be regarded as a form of narcissism :	scientists look upon scientists in the endeavour to prove how good and beautiful scientists ' products may be .	1<2	unknown	elaboration	elaboration
Ideally , and also in the context of FULLER 's and VAN DEN MEULEN 's example STS should be regarded as a form of narcissism :	They should be advertisers of scientists .	1<2	unknown	elaboration	elaboration
who has assigned the task of rectifiers to the STSents ?	In the real world out there just the opposite happens :	1<2	unknown	elaboration	elaboration
In the real world out there just the opposite happens :	STS have been bitterly critical to scientists and in the same time have sought for recognition by those people they so relentlessly criticize .	1<2	unknown	elaboration	elaboration
It turns out , in the real world , that the self - hired STSents do not prove how admirable scientists are ,	but demonstrate how disgustingly scientists behave .	1>2	unknown	antithesis	contrast
but demonstrate how disgustingly scientists behave .	What I 'm heading to is the contention that STS might be a refined instrument to study the anatomy and physiology of the sciences and the technologies ,	1>2	unknown	evidence	explanation
but demonstrate how disgustingly scientists behave .	Th trigger of STS was the doubt that science - in a philosophical sense - was n't constructed on first principles ;	1<2	unknown	elaboration	elaboration
but demonstrate how disgustingly scientists behave .	the result of STS has been so far that scientists - in practical sense - are arrogant , useless , truthless , helpless , yo have it .	1<2	unknown	elaboration	elaboration
I 'll take AIDS as an example and will stick to the provision of VAN DEN MEULEN that " Scientists [ ... ] face problems in how science goes and how it is embedded in society " .	From the very onset of the pandemic , and especially during the hot 1988 - 1991 , AIDS activists and HIV - people pushed US government for more money and US science for more involvement presuming that the delay of the solution ( some panaceic medicine ) is due to negligence and carelessness , to filthy political calculations , etc .	1>2	unknown	background	frame
but demonstrate how disgustingly scientists behave .	From the very onset of the pandemic , and especially during the hot 1988 - 1991 , AIDS activists and HIV - people pushed US government for more money and US science for more involvement presuming that the delay of the solution ( some panaceic medicine ) is due to negligence and carelessness , to filthy political calculations , etc .	1<2	unknown	elaboration	elaboration
If you discard the rhetoric ,	the message was crystal clear :	1>2	unknown	condition	condition
the message was crystal clear :	but scientists are corrupt bastards and play on the tune of politicians .	1>2	unknown	background	frame
we believe that science is able to do everything ,	but scientists are corrupt bastards and play on the tune of politicians .	1>2	unknown	concession	concession
From the very onset of the pandemic , and especially during the hot 1988 - 1991 , AIDS activists and HIV - people pushed US government for more money and US science for more involvement presuming that the delay of the solution ( some panaceic medicine ) is due to negligence and carelessness , to filthy political calculations , etc .	but scientists are corrupt bastards and play on the tune of politicians .	1<2	unknown	elaboration	elaboration
From the very onset of the pandemic , and especially during the hot 1988 - 1991 , AIDS activists and HIV - people pushed US government for more money and US science for more involvement presuming that the delay of the solution ( some panaceic medicine ) is due to negligence and carelessness , to filthy political calculations , etc .	It is hard to find better example of a socially constructed , viable idea of the scientific enterprise by lay people .	1<2	unknown	evaluation	comment
It is hard to find better example of a socially constructed , viable idea of the scientific enterprise by lay people .	Is n't this very idea implied in the STS strain to attack scientists , to be against , to be nasty ?	1<2	unknown	evidence	explanation
Is n't this very idea implied in the STS strain to attack scientists , to be against , to be nasty ?	Scientists , on their part , knew that at that time the desperately needed solution was nowhere - and knew this without recourse to STSents - and that the believed omnipotence of science is only a myth .	1<2	unknown	evidence	explanation
True , they benefited from the conjuncture to raise more money toward AIDS - research ,	but did not abandon the systemic approach , which is the only possible and reasonable approach .	1>2	unknown	concession	concession
Scientists , on their part , knew that at that time the desperately needed solution was nowhere - and knew this without recourse to STSents - and that the believed omnipotence of science is only a myth .	but did not abandon the systemic approach , which is the only possible and reasonable approach .	1<2	unknown	elaboration	elaboration
Where wer STS in this case ?	and another thing to try to help science policies that promote the social usefulness of science .	1>2	unknown	solutionhood	query
And if they were out there ,	how could STS advise AIDS - research to do better ?	1>2	unknown	condition	condition
Where wer STS in this case ?	how could STS advise AIDS - research to do better ?	1<2	unknown	elaboration	elaboration
It is one thing to shake the fundamental authority of the natural sciences in order to acquire authority for the social ones ,	and another thing to try to help science policies that promote the social usefulness of science .	1>2	unknown	antithesis	contrast
It is hard to find better example of a socially constructed , viable idea of the scientific enterprise by lay people .	and another thing to try to help science policies that promote the social usefulness of science .	1<2	unknown	evidence	explanation
To take a good contrast in the near neighbourhood , linguists of the Chomskian type study assiduously the structure of language ,	but they do n't teach people how to speak their native language .	1>2	unknown	concession	concession
and another thing to try to help science policies that promote the social usefulness of science .	but they do n't teach people how to speak their native language .	1<2	unknown	evidence	explanation
What I 'm heading to is the contention that STS might be a refined instrument to study the anatomy and physiology of the sciences and the technologies ,	The point is HOW to do this .	1>2	unknown	background	frame
What I 'm heading to is the contention that STS might be a refined instrument to study the anatomy and physiology of the sciences and the technologies ,	if it shrugs off the political momentum and the complex of the non recognized .	1<2	unknown	condition	condition
What I 'm heading to is the contention that STS might be a refined instrument to study the anatomy and physiology of the sciences and the technologies ,	It is sufficiently anti-narcistic , I believe , to embark on systemic studies of the sciences and the technologies as systems acquiring and applying knowledge in a social and cultural context .	1<2	unknown	elaboration	elaboration
It is sufficiently anti-narcistic , I believe , to embark on systemic studies of the sciences and the technologies as systems acquiring and applying knowledge in a social and cultural context .	In this regard , I fully concur with JOHN ( apologies , but my machine saved his Oct 25th 's post without the address part ) that the 4 general implications of this current debate are " odd things " .	1<2	unknown	elaboration	elaboration
In this regard , I fully concur with JOHN ( apologies , but my machine saved his Oct 25th 's post without the address part ) that the 4 general implications of this current debate are " odd things " .	We do n't necessarily need a dialogue between STSents and scientists to achieve meaning , recognition and " bright future " for STS .	1<2	unknown	elaboration	elaboration
In this regard , I fully concur with JOHN ( apologies , but my machine saved his Oct 25th 's post without the address part ) that the 4 general implications of this current debate are " odd things " .	I find it naive , too , to gathe crumble by crumble " positive " projects to counter the sense of inferiority or , at least , to jump out of the critical niche .	1<2	unknown	elaboration	elaboration
I find it naive , too , to gathe crumble by crumble " positive " projects to counter the sense of inferiority or , at least , to jump out of the critical niche .	As a matter of fact , it is in FULLER ( " Philosophy , Rhetoric and the End o Knowledge : ... UW Press , Madison , 1993 )	1<2	unknown	enablement	purpose
As a matter of fact , it is in FULLER ( " Philosophy , Rhetoric and the End o Knowledge : ... UW Press , Madison , 1993 )	where STS is rightly defined as " capable [ ... ] of making the academy more permeable to the rest of society " .	1<2	unknown	elaboration	elaboration
First of all , in the whole enterprise of STS it is not clear who is to be rectified : scientists or science ?	The point is HOW to do this .	1<2	unknown	list	conjunction
By begrudging academy 's power , by belittling academy 's authority by dismissing academy 's epistemology ?	Or by acknowledging it as a system for acquiring knowledge among many , and analytically representing its features ?	1>2	unknown	antithesis	contrast
The point is HOW to do this .	Or by acknowledging it as a system for acquiring knowledge among many , and analytically representing its features ?	1<2	unknown	elaboration	elaboration
Or by acknowledging it as a system for acquiring knowledge among many , and analytically representing its features ?	I assume that STS may well become the so needed anthropology of scientists providing the lacking cultural dimension of academic science as just one sociall constructed complex of cognition and adaptation .	1<2	unknown	elaboration	elaboration
Many thanks to Sharon Traweek for succintly expressing the particular contribution that ethnographic work can make in reframing certain notions of science criticism .	Given long - term , on - site commitments to explore the situated knowledge of lab or clinic , the scientists , technicians , clinicians , et al. with whom we work are interlocutors , not epistemological quarry ;	1>2	unknown	background	frame
Given long - term , on - site commitments to explore the situated knowledge of lab or clinic , the scientists , technicians , clinicians , et al. with whom we work are interlocutors , not epistemological quarry ;	often enough , as David Hakken suggests , they are sources , not merely objects of critique , of our work as well as their own .	1<2	unknown	elaboration	elaboration
often enough , as David Hakken suggests , they are sources , not merely objects of critique , of our work as well as their own .	We find ourselves joined through epistemic alignments [ Rouse ] or partial connections [ Haraway ] that link local and translocal knowledges ;	1<2	unknown	elaboration	elaboration
We find ourselves joined through epistemic alignments [ Rouse ] or partial connections [ Haraway ] that link local and translocal knowledges ;	surely this is more productive terrain for projects of global citizenship at the end of the century than the pugilistic rhetoric of the ' culture wars . '	1<2	unknown	evaluation	comment
Promoters of STS as either the conscience or the efficiency expert of the research community might prudently keep in mind the observation of E.W.R. Steacie ( czar of Canadian official science 1952 - 62 ) when asked why his organization did not offer advice to government more often :	" Why pitch when there 's no catcher ? "	1>2	unknown	background	frame
I d like to add my voice to those of Sharon Traweek , Deborah Heath and others who have been disturbed by the recent discussion on this list about the relation between science studies and science .	The potential contribution of science studies lies in disrupting the simple categories and crude narratives we typically use to discuss science .	1>2	unknown	background	frame
The potential contribution of science studies lies in disrupting the simple categories and crude narratives we typically use to discuss science .	Our goal should be to restore a sense of this richness and diversity to our conversations and our conversations with others by involving ourselves in the web of relationships and practices that scientists are engaged in .	1>2	unknown	background	frame
The potential contribution of science studies lies in disrupting the simple categories and crude narratives we typically use to discuss science .	Science consists of a rich tapestry of localized practices and discourses that is difficult or impossible to reduce .	1<2	unknown	elaboration	elaboration
Our goal should be to restore a sense of this richness and diversity to our conversations and our conversations with others by involving ourselves in the web of relationships and practices that scientists are engaged in .	The current polarized debate appears to be a retreat from this position .	1>2	unknown	concession	concession
The current polarized debate appears to be a retreat from this position .	It has shifted back into an abstract discussion that is made possible by disengaging from the practice of science ,	1<2	unknown	elaboration	elaboration
It has shifted back into an abstract discussion that is made possible by disengaging from the practice of science ,	although , ironically , the debate in part claims to be about having a practical effect .	1<2	unknown	concession	concession
Let me just quote Mike Lynch s therapy :	" Stop talking about science ! Go to a laboratory - any laboratory will do - hang around for a while , listen to conversations , watch the technicians work , ask them to explain what they do , read their notes , observe what they say when they examine data , and watch how they move equipment around ! " ( from Scientific Practice and Ordinary Action ) .	1>2	unknown	attribution	attribution
The current polarized debate appears to be a retreat from this position .	" Stop talking about science ! Go to a laboratory - any laboratory will do - hang around for a while , listen to conversations , watch the technicians work , ask them to explain what they do , read their notes , observe what they say when they examine data , and watch how they move equipment around ! " ( from Scientific Practice and Ordinary Action ) .	1<2	unknown	summary	organization
For what its worth , here 's yet another example of scientist - meets - STS :	but was a catastrophe for my physicist ,	1>2	unknown	background	frame
I was working with a physicist who finally asked me what STS was all about ,	so I took him to two lectures :	1>2	unknown	volitional-cause	causal
so I took him to two lectures :	but was a catastrophe for my physicist ,	1>2	unknown	background	frame
so I took him to two lectures :	one by Don na Haraway and the other by Sharon Traweek .	1<2	unknown	elaboration	elaboration
Donna 's lecture was pitched to getting the Santa Cruz feminist / lit crit crowd more interested in science ,	it was a great success with her audience	1>2	unknown	background	frame
it was a great success with her audience	but was a catastrophe for my physicist ,	1>2	unknown	concession	concession
( afterwards African - American lit maven bell hooks said in an astonished voice	" hey , this is the same thing we 're trying to do in Black women 's literature ! " )	1>2	unknown	circumstance	temporal
it was a great success with her audience	" hey , this is the same thing we 're trying to do in Black women 's literature ! " )	1<2	unknown	evidence	explanation
but was a catastrophe for my physicist ,	( 1 ) We need to speak in different registers to different audiences .	1>2	unknown	evidence	explanation
but was a catastrophe for my physicist ,	who said " typical view of science - is - male - domination . "	1<2	unknown	elaboration	elaboration
Sharon 's lecture was given to the anthro dept ,	so it focused on the way physicists create their own subculture .	1>2	unknown	volitional-cause	causal
so it focused on the way physicists create their own subculture .	but also fascinated .	1>2	unknown	nonvolitional-cause	causal
My physicist was a bit shook up by it	but also fascinated .	1>2	unknown	concession	concession
My physicist was a bit shook up by it	( " it makes me feel like a primate " )	1<2	unknown	elaboration	elaboration
but was a catastrophe for my physicist ,	but also fascinated .	1<2	unknown	list	conjunction
Moral of the testimony :	( 1 ) We need to speak in different registers to different audiences .	1>2	unknown	preparation	organization
(2) We often have mixed audiences ,	so someone is bound to get the wrong register .	1>2	unknown	nonvolitional-cause	causal
( 1 ) We need to speak in different registers to different audiences .	so someone is bound to get the wrong register .	1<2	unknown	list	conjunction
For those of you who hate long email messages	just delete this .	1>2	unknown	motivation	explanation
For those of you who hate long email messages	[ as I usually do ] ,	1<2	unknown	background	frame
just delete this .	I am exceedingly reluctant to ' reply ' to Fuller 's remarks ,	1>2	unknown	preparation	organization
I am exceedingly reluctant to ' reply ' to Fuller 's remarks ,	There are many , many other ways to think clearly and models , in my - and many other peoples ' - opinion is most certainly not the way to begin an inquiry .	1>2	unknown	background	frame
not only because that would require a long posting ,	that merely puts him in the position of defining the terms of discussion , which , of course , is the problem .	1>2	unknown	antithesis	contrast
but also because , unless I 'm careful ,	that merely puts him in the position of defining the terms of discussion , which , of course , is the problem .	1>2	unknown	unless	contrast
I am exceedingly reluctant to ' reply ' to Fuller 's remarks ,	that merely puts him in the position of defining the terms of discussion , which , of course , is the problem .	1<2	unknown	volitional-cause	causal
that merely puts him in the position of defining the terms of discussion , which , of course , is the problem .	That is , the very way of imagining the interaction of scientists , engineers , clinicians , policy makers , curricula devisers , researchers about sci / tech / med practices , ET AL , that occupied so much screen time assumes an US / THEM split , assumes different discourses , assumes different epistemic concerns , assumes ...	1<2	unknown	elaboration	elaboration
That is , the very way of imagining the interaction of scientists , engineers , clinicians , policy makers , curricula devisers , researchers about sci / tech / med practices , ET AL , that occupied so much screen time assumes an US / THEM split , assumes different discourses , assumes different epistemic concerns , assumes ...	the list could easily fill the rest of this screen and the next .	1<2	unknown	elaboration	elaboration
That is , the very way of imagining the interaction of scientists , engineers , clinicians , policy makers , curricula devisers , researchers about sci / tech / med practices , ET AL , that occupied so much screen time assumes an US / THEM split , assumes different discourses , assumes different epistemic concerns , assumes ...	In order to make that point I 'll just add my remarks interstitially in what Fuller said about my last posting .	1<2	unknown	means	mode
In a very message , of course , On Wed , 26 Oct 1994 , Steve Fuller wrote :	> As for TRAWEEK , I am not clear what model of STS - scientist interaction > she 's working with .	1>2	unknown	preparation	organization
> As for TRAWEEK , I am not clear what model of STS - scientist interaction > she 's working with .	Actually , I never use models .	1>2	unknown	antithesis	contrast
> As for TRAWEEK , I am not clear what model of STS - scientist interaction > she 's working with .	Ah yes , what MODEL does she use .	1<2	unknown	interpretation	comment
Actually , I never use models .	There are many , many other ways to think clearly and models , in my - and many other peoples ' - opinion is most certainly not the way to begin an inquiry .	1>2	unknown	volitional-cause	causal
Actually , I never use models .	Not my style .	1<2	unknown	elaboration	elaboration
There are many , many other ways to think clearly and models , in my - and many other peoples ' - opinion is most certainly not the way to begin an inquiry .	And I would argue that we are most decidedly at the beginning of our collective inquiries about the relation / co - production of sci / tech / med practices to other cultural practices .	1<2	unknown	evidence	explanation
As any philosopher , historian of ideas in science , sociologist of knowledge , or anyone in artificial intelligence knows ,	' models ' provide a very specific set of constraints on how one might build interesting interpretations .	1>2	unknown	circumstance	temporal
And I would argue that we are most decidedly at the beginning of our collective inquiries about the relation / co - production of sci / tech / med practices to other cultural practices .	' models ' provide a very specific set of constraints on how one might build interesting interpretations .	1<2	unknown	evidence	explanation
Not being dull witted ,	I know that and hence am not the least interested in trying to fit my ideas into models meaningful to Fuller .	1>2	unknown	antithesis	contrast
There are many , many other ways to think clearly and models , in my - and many other peoples ' - opinion is most certainly not the way to begin an inquiry .	I know that and hence am not the least interested in trying to fit my ideas into models meaningful to Fuller .	1<2	unknown	evaluation	comment
I fully expect he is aware that I do not use models ,	so the question he is apparently posing to me , we now know is not posed to me at all .	1>2	unknown	volitional-cause	causal
I know that and hence am not the least interested in trying to fit my ideas into models meaningful to Fuller .	so the question he is apparently posing to me , we now know is not posed to me at all .	1<2	unknown	motivation	explanation
Rhetorically , he continues :	One way to relieve ( at least my ) unclarity would be to > hear why scientists would want to use your work in their courses , and why > they 're interested in hearing you talk in the first place --	1>2	unknown	preparation	organization
One way to relieve ( at least my ) unclarity would be to > hear why scientists would want to use your work in their courses , and why > they 're interested in hearing you talk in the first place --	Given a little space , I think they can speak for themselves .	1>2	unknown	antithesis	contrast
There are many , many other ways to think clearly and models , in my - and many other peoples ' - opinion is most certainly not the way to begin an inquiry .	Given a little space , I think they can speak for themselves .	1<2	unknown	list	conjunction
Given a little space , I think they can speak for themselves .	Two more I did not know about and who are readers [ hitherto quiet ones ] of this list have written me since my posting last night .	1<2	unknown	evidence	explanation
Given a little space , I think they can speak for themselves .	Overall , I think my work gives physicists an opportunity in their classes to bring up the ' common sense ' knowledge of their field , their ' corridor talk ' , and to discuss why this is important and how newcomers might be learning , or not learning , the practices and techniques of the craft of ' doing physics . '	1<2	unknown	list	conjunction
Overall , I think my work gives physicists an opportunity in their classes to bring up the ' common sense ' knowledge of their field , their ' corridor talk ' , and to discuss why this is important and how newcomers might be learning , or not learning , the practices and techniques of the craft of ' doing physics . '	Rhetorically , Fuller 's " ( at least my ) unclarity " is a rather clear display recognizable to anyone familiar with certain rather common agonistic academic displays .	1<2	unknown	list	conjunction
Rhetorically , Fuller 's " ( at least my ) unclarity " is a rather clear display recognizable to anyone familiar with certain rather common agonistic academic displays .	For the uninitiated I will explicate : the implication is that ' TRAWEEK ' is unclear .	1<2	unknown	elaboration	elaboration
Rhetorically , Fuller 's " ( at least my ) unclarity " is a rather clear display recognizable to anyone familiar with certain rather common agonistic academic displays .	The ' in the first place ' pointedly says that I did not manage , in my posting , to make even the first point about why ' TRAWEEK 's utterances , orally or in print , would be of interest to scientists .	1<2	unknown	elaboration	elaboration
Rhetorically , Fuller 's " ( at least my ) unclarity " is a rather clear display recognizable to anyone familiar with certain rather common agonistic academic displays .	We 're at the red pencil in the margins stage ;	1<2	unknown	summary	organization
We 're at the red pencil in the margins stage ;	that is , I have been classed as the bad student .	1<2	unknown	elaboration	elaboration
that is , I have been classed as the bad student .	In ethology that sort of gesture is called a dominance move .	1<2	unknown	background	frame
In ethology that sort of gesture is called a dominance move .	I pass .	1<2	unknown	evaluation	comment
Ah , but he goes on :	and whether > those reasons relate to why you 'd want them to use your work and to invite > you to speak .	1>2	unknown	preparation	organization
and whether > those reasons relate to why you 'd want them to use your work and to invite > you to speak .	Why , indeed , would I ?	1>2	unknown	antithesis	contrast
Why , indeed , would I ?	This might be the place to begin a good discussion .	1>2	unknown	background	frame
This might be the place to begin a good discussion .	As you can tell from the above , by now I 'm not feeling too interested in responding to SF 's meticulously clarified queries .	1>2	unknown	concession	concession
As you can tell from the above , by now I 'm not feeling too interested in responding to SF 's meticulously clarified queries .	To the rest of us I 'll just say for now that learning why scientists use my work and why they invite me to speak is why I show up .	1>2	unknown	concession	concession
To the rest of us I 'll just say for now that learning why scientists use my work and why they invite me to speak is why I show up .	Briefly put :	1>2	unknown	background	frame
Briefly put :	I want to learn more about how they interpret themselves , their work , and mine .	1>2	unknown	background	frame
Rhetorically , Fuller 's " ( at least my ) unclarity " is a rather clear display recognizable to anyone familiar with certain rather common agonistic academic displays .	I want to learn more about how they interpret themselves , their work , and mine .	1<2	unknown	list	conjunction
I want to learn more about how they interpret themselves , their work , and mine .	My work is a lens some of them find interesting to use for that purpose , sometimes .	1<2	unknown	elaboration	elaboration
I want to learn more about how they interpret themselves , their work , and mine .	There are certainly enough scientists , engineers , and clinicians reading this list and reading the work of many other readers of this list that they could tell us themselves why they bother to read our representations of their practicies .	1<2	unknown	elaboration	elaboration
There are certainly enough scientists , engineers , and clinicians reading this list and reading the work of many other readers of this list that they could tell us themselves why they bother to read our representations of their practicies .	It a very bad ethnographic and archival research strategy , by the way , to speak FOR the subjects of one 's research , dead or alive .	1<2	unknown	evidence	explanation
Back to Fuller 's [ oops , that should be FULLER 's ] s l o w l y delineated queries to " TRAWEEK "	In other words , do you detect a mutual interest or common > understanding in your interactions with the scientists ?	1>2	unknown	background	frame
Back to Fuller 's [ oops , that should be FULLER 's ] s l o w l y delineated queries to " TRAWEEK "	as if I were still the dull witted student being red lined	1<2	unknown	elaboration	elaboration
as if I were still the dull witted student being red lined	[ why in the world have other readers of this list put up with this	1<2	unknown	background	frame
[ why in the world have other readers of this list put up with this	when their messages are being dissected in this desicated way ? ] :	1<2	unknown	circumstance	temporal
In other words , do you detect a mutual interest or common > understanding in your interactions with the scientists ?	Ah , he 's on to me , using that word ' detect . '	1>2	unknown	antithesis	contrast
Ah , he 's on to me , using that word ' detect . '	What a deceptively simple question ,	1>2	unknown	background	frame
Ah , he 's on to me , using that word ' detect . '	He probably knows that I 've written a lot about physicists ' detectors and written about my own inquiries among them as ' detecting . '	1<2	unknown	evidence	explanation
What a deceptively simple question ,	asking if I 've noticed a ' mutual interest or common understanding . '	1>2	unknown	background	frame
asking if I 've noticed a ' mutual interest or common understanding . '	Yes .	1>2	unknown	solutionhood	query
I 'll answer in the same deceptively simple style :	Yes .	1>2	unknown	preparation	organization
I want to learn more about how they interpret themselves , their work , and mine .	Yes .	1<2	unknown	list	conjunction
Oh , phooey , I 'll add just a bit more :	we have a mutual interest and common understanding about the nuts and bolts of doing research .	1>2	unknown	preparation	organization
Yes .	we have a mutual interest and common understanding about the nuts and bolts of doing research .	1<2	unknown	elaboration	elaboration
Back to FULL :	Of course , it is > possible for STSers and scientists to dwell in the same space , so to > speak , but each get something quite different out of the exchange . But I > would consider that a fairly minimal model of interaction .	1>2	unknown	preparation	organization
Of course , it is > possible for STSers and scientists to dwell in the same space , so to > speak , but each get something quite different out of the exchange . But I > would consider that a fairly minimal model of interaction .	AH , the punch line :	1>2	unknown	antithesis	contrast
Yes .	AH , the punch line :	1<2	unknown	list	conjunction
AH , the punch line :	she 's only talking about contiguity , about geography .	1<2	unknown	elaboration	elaboration
she 's only talking about contiguity , about geography .	How can you be in the same place when you are not anywhere at all .	1<2	unknown	elaboration	elaboration
AH , the punch line :	And what textual symmetry .	1<2	unknown	list	conjunction
And what textual symmetry .	We started with queries about me [ sic ] model	1<2	unknown	elaboration	elaboration
and finally get to Steve 's assessment of the model he wanted everyone to realize that ' TRAWEEK ' uses :	a fairly minimal one .	1>2	unknown	background	frame
We started with queries about me [ sic ] model	a fairly minimal one .	1<2	unknown	sequence	temporal
YIKES !	I do n't have one at all .	1>2	unknown	background	frame
YIKES !	I have a minimal WHAT ?	1<2	unknown	elaboration	elaboration
Well , as I said at the beginning ,	I do n't have one at all .	1>2	unknown	circumstance	temporal
a fairly minimal one .	I do n't have one at all .	1<2	unknown	antithesis	contrast
Ah , yes , FULLER 's concluding logo :	> > Yours in discourse , > > Steve Fuller	1>2	unknown	attribution	attribution
And what textual symmetry .	> > Yours in discourse , > > Steve Fuller	1<2	unknown	list	conjunction
> > Yours in discourse , > > Steve Fuller	I 've always wondered :	1<2	unknown	evaluation	comment
I 've always wondered :	discourse with whom ?	1<2	unknown	elaboration	elaboration
discourse with whom ?	What kind of discourse is that ?	1<2	unknown	list	conjunction
So what have I managed to do with my posting tonight ?	Now that brings us back to the beginning .	1>2	unknown	solutionhood	query
So what have I managed to do with my posting tonight ?	Does this palimpsest add up to a commentary ?	1<2	unknown	elaboration	elaboration
So what have I managed to do with my posting tonight ?	Do FULLER 's comments and my sequential intercalations make a duet ?	1<2	unknown	elaboration	elaboration
So what have I managed to do with my posting tonight ?	What kind of interaction is this ?	1<2	unknown	elaboration	elaboration
There are many , many other ways to think clearly and models , in my - and many other peoples ' - opinion is most certainly not the way to begin an inquiry .	Now that brings us back to the beginning .	1<2	unknown	summary	organization
It is seeming rather odd that John Bailar 's two week old query about what STSers might wish to do in the way of changing the world has turned into a kind of soul - searching exercise about the identity of the social " scientists " engaged in observing , writing about science / scientists .	What is remarkable to me about all this is how little is being said about other audiences :	1>2	unknown	antithesis	contrast
With due respect for thoughtfulness of some of the things that have been said on this topic ,	it does seem as if the dominant tone is a kind of status anxiety on the part of STSers :	1>2	unknown	circumstance	temporal
It is seeming rather odd that John Bailar 's two week old query about what STSers might wish to do in the way of changing the world has turned into a kind of soul - searching exercise about the identity of the social " scientists " engaged in observing , writing about science / scientists .	it does seem as if the dominant tone is a kind of status anxiety on the part of STSers :	1<2	unknown	elaboration	elaboration
it does seem as if the dominant tone is a kind of status anxiety on the part of STSers :	do they ( scientists ) like us ?	1<2	unknown	elaboration	elaboration
do they ( scientists ) like us ?	do they pay attention to us ?	1<2	unknown	list	conjunction
do they pay attention to us ?	can we possibly be doing our job right if they do like us ( Fuller ) ?	1<2	unknown	list	conjunction
it does seem as if the dominant tone is a kind of status anxiety on the part of STSers :	I feel like I 'm back in the high school gym with the kids over on the wall , trying to scope out the kids over on the other wall .	1<2	unknown	interpretation	comment
What is remarkable to me about all this is how little is being said about other audiences :	public interest / activist groups ,	1<2	unknown	elaboration	elaboration
public interest / activist groups ,	legislatures ,	1<2	unknown	list	conjunction
legislatures ,	educators ,	1<2	unknown	list	conjunction
educators ,	etc .	1<2	unknown	list	conjunction
What is remarkable to me about all this is how little is being said about other audiences :	Is the social studies of science movement truly this insular in its concept of society as to focus so intensively on the attentions and affections / fear and loathing of scientists ?	1<2	unknown	evaluation	comment
Harry Marks has said it well .	What is the ultimate purpose of doing STS and related things ?	1>2	unknown	preparation	organization
I have been veryglad indeed to learn from all the mail about Respect ,	but much of it has not addressed my continuing concern .	1>2	unknown	concession	concession
but much of it has not addressed my continuing concern .	What is the ultimate purpose of doing STS and related things ?	1>2	unknown	antithesis	contrast
What is the ultimate purpose of doing STS and related things ?	but I do n't feel much closer to a well formulated and broadly accepted answer .	1>2	unknown	background	frame
Unless we have some notion about this ,	we can hardly tell whether we are doing our work well ,	1>2	unknown	unless	contrast
What is the ultimate purpose of doing STS and related things ?	we can hardly tell whether we are doing our work well ,	1<2	unknown	elaboration	elaboration
we can hardly tell whether we are doing our work well ,	nor can we tell whether there are ways to do it better .	1<2	unknown	elaboration	elaboration
I am sorry now about the title I put on my first message about this ,	because it seems to have diverted attention to whether and how we should seek the approval and cooperation of working scientists .	1>2	unknown	nonvolitional-cause	causal
What is the ultimate purpose of doing STS and related things ?	because it seems to have diverted attention to whether and how we should seek the approval and cooperation of working scientists .	1<2	unknown	background	frame
because it seems to have diverted attention to whether and how we should seek the approval and cooperation of working scientists .	( In passing , I did not mean to suggest that " respect " would have to be built on friendly collaboration and mutual support ;	1<2	unknown	antithesis	contrast
( In passing , I did not mean to suggest that " respect " would have to be built on friendly collaboration and mutual support ;	the hardest taskmaster might elicit respect without approval or friendly feelings . )	1<2	unknown	elaboration	elaboration
I do n't want to get us into an infinite regress ,	but a step or two in that direction might help .	1>2	unknown	concession	concession
but a step or two in that direction might help .	What are we really trying to accomplish in the long run ?	1>2	unknown	background	frame
What are we really trying to accomplish in the long run ?	Steve Fuller has written a bit on this , which I found quite informative ,	1>2	unknown	solutionhood	query
What are we really trying to accomplish in the long run ?	What lies behink our concern with individual disciplines , or programs , or research projects , or scientists , or whatever ?	1<2	unknown	list	conjunction
What lies behink our concern with individual disciplines , or programs , or research projects , or scientists , or whatever ?	Do we want to make a difference in anything that matters ?	1<2	unknown	list	conjunction
Do we want to make a difference in anything that matters ?	If so , what and how ?	1<2	unknown	list	conjunction
Steve Fuller has written a bit on this , which I found quite informative ,	but I do n't feel much closer to a well formulated and broadly accepted answer .	1>2	unknown	concession	concession
Steve Fuller has written a bit on this , which I found quite informative ,	and so have Bernie Lieberman and one or two others ,	1<2	unknown	elaboration	elaboration
but I do n't feel much closer to a well formulated and broadly accepted answer .	Am I asking for too much ?	1<2	unknown	elaboration	elaboration
